Source_row,Chinese_name_raw,Scientific_name_raw,Province_raw,Verdict,Reason,Source_citation
2,多疣棘蛙,Paa verrucospinosa,云南,事件表,省级新纪录事件（1省）,"胡健生,陈明勇,董永华.中国两栖动物新纪录——多疣棘蛙的再证实[J].四川动物,2005,(3):340-341+441."
3,崇安湍蛙,Amolops chunganensis,四川,排除,区系/多样性调查类文献的物种清单行，非新纪录事件,"Yun-He Wu and Fang Yan and Bryan L. Stuart and Elizabeth Prendini and Chatmongkon Suwannapoom and Hollis A. Dahn and Bao-Lin Zhang and Hong-Xia Cai and Yong-Biao Xu and Ke Jiang and Hong-Man Chen and Alan R. Lemmon and Emily Moriarty Lemmon and Christopher J. Raxworthy and Nikolai L. Orlov and Robert W. Murphy and Jing Che (2023). A combined approach of mitochondrial DNA and anchored nuclear phylogenomics sheds light on unrecognized diversity, phylogeny, and historical biogeography of the torrent frogs, genus Amolops (Anura: Ranidae) Molecular Phylogenetics and Evolution https://doi.org/10.1016/j.ympev.2020.106789"
4,梅花山角蟾,Boulenophrys meihuamontis,福建,新种表,新种描述，转入 CHNR_new_species,"罗萧,黄俊恺,周承源,等.中国福建发现布角蟾属一新种(两栖纲:角蟾科)[J].野生动物学报,2026,47(2):295-308."
5,大蟾蜍,Bufo bufo,新疆,事件表,省级新纪录事件（1省）,"时磊,周永恒,原洪.中国蟾蜍一新纪录——大蟾蜍[J].动物分类学报,2005,(2):444-445."
6,金江湍蛙,Amolops jinjiangensis,云南,排除,区系/多样性调查类文献的物种清单行，非新纪录事件,"Yun-He Wu and Fang Yan and Bryan L. Stuart and Elizabeth Prendini and Chatmongkon Suwannapoom and Hollis A. Dahn and Bao-Lin Zhang and Hong-Xia Cai and Yong-Biao Xu and Ke Jiang and Hong-Man Chen and Alan R. Lemmon and Emily Moriarty Lemmon and Christopher J. Raxworthy and Nikolai L. Orlov and Robert W. Murphy and Jing Che (2023). A combined approach of mitochondrial DNA and anchored nuclear phylogenomics sheds light on unrecognized diversity, phylogeny, and historical biogeography of the torrent frogs, genus Amolops (Anura: Ranidae) Molecular Phylogenetics and Evolution https://doi.org/10.1016/j.ympev.2020.106789"
7,河口湍蛙,Amolops shihaitaoi,云南,新种表,新种描述，转入 CHNR_new_species,"Jian Wang and Jing Li and Lingyun Du and Mian Hou and Guohua Yu (2022). A cryptic species of the Amolops ricketti species group (Anura, Ranidae) from China–Vietnam border regions ZooKeys, 1112, 139–159 https://doi.org/10.3897/zookeys.1112.82551"
8,河口湍蛙,Amolops shihaitaoi,广西,事件表,省级新纪录事件（1省）,"Jian Wang and Jing Li and Lingyun Du and Mian Hou and Guohua Yu (2022). A cryptic species of the Amolops ricketti species group (Anura, Ranidae) from China–Vietnam border regions ZooKeys, 1112, 139–159 https://doi.org/10.3897/zookeys.1112.82551"
9,合江棘蛙,Paarobertingeri,云南,事件表,省级新纪录事件（1省）,"李操,张中东,温涛,等.云南省两栖动物一新纪录——合江棘蛙[J].四川动物,2009,28(6):923-924."
10,阔褶蛙,Ranalatouchii,云南,事件表,省级新纪录事件（1省）,"Xue, H. F., Jiang, K., & Rao, D. Q. (2009). A new record of amphibian in Yunnan Province: Rana latouchii. Sichuan Journal of Zoology, 28(6), 924–924."
11,棕点湍蛙,Amolops loloensis,云南,事件表,省级新纪录事件（1省）,"胡健生,陈明勇,吴竹刚.云南省两栖动物新纪录——棕点湍蛙[J].四川动物,2003,(3):148."
12,奥氏越南姬蛙,Vietnamophryne orlovi,云南,事件表,省级新纪录事件（1省）,"吴东益、刘小龙、刘春雨、史兴惠、杨泽鹏、施德山、袁智勇 (2022). 云南省两栖类新属纪录—越南姬蛙属 西南林业大学学报(自然科学), 42(4), 155–160 https://doi.org/10.11929/j.swfu.202108048"
13,菱斑小头蛇,Oligodon catenata,云南,事件表,省级新纪录事件（1省）,"何疆海、饶定齐 (2009). 云南省蛇类新记录———菱斑小头蛇 林业调查规划, 34(5), 67-68 https://doi.org/10.3969/j.issn.1671-3168.2009.05.016"
14,白刺湍蛙,Amolops albispinus,,终审:A3 排除-无省份且无坐标,记录类型无法判定（原表未标注且引用无线索）,"Jian Wang and Jing Li and Lingyun Du and Mian Hou and Guohua Yu (2022). A cryptic species of the Amolops ricketti species group (Anura, Ranidae) from China–Vietnam border regions ZooKeys, 1112, 139–159 https://doi.org/10.3897/zookeys.1112.82551"
15,中华湍蛙,Amolops sinensis,,终审:A3 排除-无省份且无坐标,记录类型无法判定（原表未标注且引用无线索）,"Jian Wang and Jing Li and Lingyun Du and Mian Hou and Guohua Yu (2022). A cryptic species of the Amolops ricketti species group (Anura, Ranidae) from China–Vietnam border regions ZooKeys, 1112, 139–159 https://doi.org/10.3897/zookeys.1112.82551"
16,,Amolops tonkinensis,谅山,终审:C 排除-记录地为国外省区,记录类型无法判定（原表未标注且引用无线索）,"Jian Wang and Jing Li and Lingyun Du and Mian Hou and Guohua Yu (2022). A cryptic species of the Amolops ricketti species group (Anura, Ranidae) from China–Vietnam border regions ZooKeys, 1112, 139–159 https://doi.org/10.3897/zookeys.1112.82551"
17,河口湍蛙,Amolops shihaitaoi,云南,新种表,新种描述，转入 CHNR_new_species,"Jian Wang and Jing Li and Lingyun Du and Mian Hou and Guohua Yu (2022). A cryptic species of the Amolops ricketti species group (Anura, Ranidae) from China–Vietnam border regions ZooKeys, 1112, 139–159 https://doi.org/10.3897/zookeys.1112.82551"
18,逸仙湍蛙,Amolops yatseni,,终审:A3 排除-无省份且无坐标,记录类型无法判定（原表未标注且引用无线索）,"Jian Wang and Jing Li and Lingyun Du and Mian Hou and Guohua Yu (2022). A cryptic species of the Amolops ricketti species group (Anura, Ranidae) from China–Vietnam border regions ZooKeys, 1112, 139–159 https://doi.org/10.3897/zookeys.1112.82551"
19,东北林蛙,Rana dybowskii,内蒙古,事件表,省级新纪录事件（1省）,"张晓丽、毕俊怀、张晓东、马颖伟 (2017). 内蒙古东北林蛙Rana dybowskii一新分布 内蒙古师范大学学报(自然科学汉文版), 46(5), 715-717 https://doi.org/10.3969/j.issn.1001-8735.2017.05.025"
20,黑背白环蛇,Lycodon ruhstrati,北京,事件表,省级新纪录事件（1省）,"王宁、郑光美 (2005). 北京市爬行动物新纪录———黑背白环蛇 四川动物, 24(4), 489-489"
21,黑耳水蛙,Hylarana nigrotympanica,广东,事件表,省级新纪录事件（1省）,"徐剑,邹佩贞,温彩燕,等.南岭地区两栖动物区系的研究[J].中山大学学报(自然科学版),2000,(S3):78-81."
22,莽山角瘰,Xenophrys mangshanensis,广东,事件表,省级新纪录事件（1省）,"徐剑,邹佩贞,温彩燕,等.南岭地区两栖动物区系的研究[J].中山大学学报(自然科学版),2000,(S3):78-82."
23,小棘蛙,Quasipaa exilispinosa,广东,事件表,省级新纪录事件（1省）,"徐剑,邹佩贞,温彩燕,等.南岭地区两栖动物区系的研究[J].中山大学学报(自然科学版),2000,(S3):78-83."
24,顾莵角蟾,Boulenophrys gutu,湖南,新种表,新种描述，转入 CHNR_new_species,"匡代勇、石胜超 (2025). 南岳衡山发现两栖动物新物种——顾莵角蟾 林业与生态, 18 https://doi.org/10.13552/j.cnki.lyyst.2025.11.002"
25,衡山角蟾,Boulenophrys hengshanensis,湖南,终审:A4 排除(建议)-伴随物种记录,新种描述文献中的伴随物种记录，非明确新纪录事件,"匡代勇、石胜超 (2025). 南岳衡山发现两栖动物新物种——顾莵角蟾 林业与生态, 18 https://doi.org/10.13552/j.cnki.lyyst.2025.11.002"
26,南岭睑虎,Goniurosaurus varius,广东,新种表,新种描述，转入 CHNR_new_species,"Shuo Qi and L. Lee Grismer and Zhi-Tong Lyu and Liang Zhang and Pi-Peng Li and Ying-Yong Wang (2020). A definition of the Goniurosaurus yingdeensis group (Squamata, Eublepharidae) with the description of a new species ZooKeys, 986, 127–155 https://doi.org/10.3897/zookeys.986.47989"
27,崇安斜鳞蛇,Pseudoxenodon karlschmidti,四川,事件表,省级新纪录事件（1省）,"马凯、王力军、杨波、李仁贵、刘定震 (2014). 卧龙自然保护区首次发现崇安斜鳞蛇 北京师范大学学报(自然科学版), 50(6), 620-621"
28,新种多色斑蟾,,,排除,"非两爬/问题条目：非两爬/问题条目:无学名的国外新种条目(斑蟾,中南美)",
29,新种玻璃蛙,,,排除,"非两爬/问题条目：非两爬/问题条目:无学名的国外新种条目(玻璃蛙,南美)",
30,身上有斑点的新种玻璃蛙,,,排除,"非两爬/问题条目：非两爬/问题条目:无学名的国外新种条目(玻璃蛙,南美)",
31,新种雨蛙,,,排除,非两爬/问题条目：非两爬/问题条目:无学名的国外新种条目(雨蛙),
32,新种毒蛙,,,排除,"非两爬/问题条目：非两爬/问题条目:无学名的国外新种条目(毒蛙,南美)",
33,新种鲤,,,排除,"非两爬/问题条目：非两爬/问题条目:鱼类(鲤),非两栖爬行动物",
34,桓仁林蛙,Rana huanrenensis,吉林,事件表,省级新纪录事件（1省）,"陆宇燕、王晶琦、董丙君、李丕鹏 (2005). 吉林省两栖动物一种新纪录---桓仁林蛙 四川动物, 24(3), 259"
35,英德睑虎,Goniurosaurus yingdeensis,广东,新种表,新种描述，转入 CHNR_new_species,"Shuo Qi and L. Lee Grismer and Zhi-Tong Lyu and Liang Zhang and Pi-Peng Li and Ying-Yong Wang (2020). A definition of the Goniurosaurus yingdeensis group (Squamata, Eublepharidae) with the description of a new species ZooKeys, 986, 127–155 https://doi.org/10.3897/zookeys.986.47989"
36,蒲氏睑虎,Goniurosaurus zhelongi,广东,终审:A4 排除(建议)-伴随物种记录,新种描述文献中的伴随物种记录，非明确新纪录事件,"Shuo Qi and L. Lee Grismer and Zhi-Tong Lyu and Liang Zhang and Pi-Peng Li and Ying-Yong Wang (2020). A definition of the Goniurosaurus yingdeensis group (Squamata, Eublepharidae) with the description of a new species ZooKeys, 986, 127–155 https://doi.org/10.3897/zookeys.986.47989"
37,英德睑虎,Goniurosaurus yingdeensis,广东,新种表,新种描述，转入 CHNR_new_species,"Shuo Qi and L. Lee Grismer and Zhi-Tong Lyu and Liang Zhang and Pi-Peng Li and Ying-Yong Wang (2020). A definition of the Goniurosaurus yingdeensis group (Squamata, Eublepharidae) with the description of a new species ZooKeys, 986, 127–155 https://doi.org/10.3897/zookeys.986.47989"
38,紫灰锦蛇,Elaphe porphyracea,四川,事件表,省级新纪录事件（1省）,"郭鹏 (2005). 四川泸州地区蛇类一新记录 宜宾学院学报, 63-63"
39,宁陕齿突蟾,Scutiger ningshanensis,陕西,排除,记录类型为'其他新纪录/再发现'等，未纳入省级新纪录事件表,"李先敏、郭明、李园园 (2021). 太白山自然保护区两栖类新纪录———宁陕齿突蟾 陕西林业科技, 49(1), 79-80"
40,南岭睑虎,Goniurosaurus varius,广东,新种表,新种描述，转入 CHNR_new_species,"Shuo Qi and L. Lee Grismer and Zhi-Tong Lyu and Liang Zhang and Pi-Peng Li and Ying-Yong Wang (2020). A definition of the Goniurosaurus yingdeensis group (Squamata, Eublepharidae) with the description of a new species ZooKeys, 986, 127–155 https://doi.org/10.3897/zookeys.986.47989"
41,德宏角蟾,Xenophrys dehongensis,云南,排除,记录类型为'其他新纪录/再发现'等，未纳入省级新纪录事件表,"Yun-He Wu and Zhong-Bin Yu and Jin-Min Chen and Felista Kasyoka Kilunda and Ding-Can Zhang and Chang-Sheng Zuo and An-Ru Zuo and Zheng-Pan Duan and Jing Che (2024). A field survey on the genus Xenophrys (Amphibia, Megophryidae) confirms underestimated diversity in the Gaoligong Mountains, with the description of a new species Life Science, 100(3) https://doi.org/10.3897/zse.100.127635"
42,腺角蟾,Xenophrys glandulosa,云南,排除,记录类型为'其他新纪录/再发现'等，未纳入省级新纪录事件表,"Yun-He Wu and Zhong-Bin Yu and Jin-Min Chen and Felista Kasyoka Kilunda and Ding-Can Zhang and Chang-Sheng Zuo and An-Ru Zuo and Zheng-Pan Duan and Jing Che (2024). A field survey on the genus Xenophrys (Amphibia, Megophryidae) confirms underestimated diversity in the Gaoligong Mountains, with the description of a new species Life Science, 100(3) https://doi.org/10.3897/zse.100.127635"
43,藏南角蟾,Xenophrys periosa,云南,排除,记录类型为'其他新纪录/再发现'等，未纳入省级新纪录事件表,"Yun-He Wu and Zhong-Bin Yu and Jin-Min Chen and Felista Kasyoka Kilunda and Ding-Can Zhang and Chang-Sheng Zuo and An-Ru Zuo and Zheng-Pan Duan and Jing Che (2024). A field survey on the genus Xenophrys (Amphibia, Megophryidae) confirms underestimated diversity in the Gaoligong Mountains, with the description of a new species Life Science, 100(3) https://doi.org/10.3897/zse.100.127635"
44,黄脊游蛇,Coluber spinalis,安徽,事件表,省级新纪录事件（1省）,"许雪峰、黄健、张珑、张猛 (2000). 安徽省蛇类一新记录———黄脊游蛇 四川动物, 19(3), 158"
45,,Xenophrys sp.,云南,排除,属级记录，非种级事件,"Yun-He Wu and Zhong-Bin Yu and Jin-Min Chen and Felista Kasyoka Kilunda and Ding-Can Zhang and Chang-Sheng Zuo and An-Ru Zuo and Zheng-Pan Duan and Jing Che (2024). A field survey on the genus Xenophrys (Amphibia, Megophryidae) confirms underestimated diversity in the Gaoligong Mountains, with the description of a new species Life Science, 100(3) https://doi.org/10.3897/zse.100.127635"
46,棕黑锦蛇非模亚种,Elaphe schrenckii anomala,山东,排除,记录类型为'其他新纪录/再发现'等，未纳入省级新纪录事件表,"陆宇燕,黄清荣,常林瑞,等.山东省昆嵛山的棕黑锦蛇非模亚种[J].四川动物,2002,(3):188."
47,中国石龙子,Plestiodon chinensis,山东,事件表,省级新纪录事件（1省）,"陆宇燕,贾雅丽,刘金香,等.山东省爬行动物新记录──中国石龙子[J].四川动物,2002,(1):35-36."
48,刘氏链蛇,Lycodon liuchengchaoi,山西,事件表,省级新纪录事件（1省）,"张建军 (2019). 山西阳城发现刘氏链蛇 动物学杂志, 54, 164-188 https://doi.org/10.13859/j.cjz.201902018"
49,峨眉髭蟾,Vibrissaphora boringii,重庆,事件表,省级新纪录事件（1省）,"李晶尧,李丕鹏,侯勉,等.峨眉髭蟾在重庆的分布——蝌蚪在无尾类分类和多样性调查中的应用一例[J].四川动物,2010,29(1):63-65+162."
50,小湍蛙,Amolops torrentis,广东,事件表,省级新纪录事件（1省）,"韦启浪,何兵,胡慧建.广东省两栖动物一新纪录——小湍蛙[J].四川动物,2010,29(3):345."
51,立春角蟾,Boulenophrys lichun,福建,新种表,新种描述，转入 CHNR_new_species,"Shi-Shi Lin and Hong-Hui Chen and Yuan-Hang Li and Zhao-Ning Peng and Zhao-Chi Zeng and Jian Wang (2024). A new Boulenophrys species (Anura, Megophryidae) from the coastal hills of eastern Fujian Province, China https://doi.org/10.3897/zookeys.1216.130017"
52,费氏短腿蟾,Brachytarsophrys feae,广西,事件表,省级新纪录事件（1省）,"莫运明,邹异.广西三种两栖动物的新记录[C]//中国动物学会两栖爬行学分会.中国动物学会两栖爬行动物学分会2005年学术研讨会暨会员代表大会论文集.吉林人民出版社,2005:97-100."
53,海南拟髭蟾,Leptobrachium hainanensis,广西,事件表,省级新纪录事件（1省）,"莫运明,邹异.广西三种两栖动物的新记录[C]//中国动物学会两栖爬行学分会.中国动物学会两栖爬行动物学分会2005年学术研讨会暨会员代表大会论文集.吉林人民出版社,2005:97-101."
54,黑眼睑小树蛙,Gracixalus gracilipes,广西,事件表,省级新纪录事件（1省）,"莫运明,邹异.广西三种两栖动物的新记录[C]//中国动物学会两栖爬行学分会.中国动物学会两栖爬行动物学分会2005年学术研讨会暨会员代表大会论文集.吉林人民出版社,2005:97-102."
55,昭觉林蛙,Rana chaochiaoensis,广西,事件表,省级新纪录事件（1省）,"陆宇燕、李丕鹏、蒋得斌、张建华、罗远周、王绍能 (2006). 广西两栖动物一新纪录—昭觉林蛙 四川动物, 25(2), 267"
56,锯尾蜥虎,Hemidactylus garnotii,广西,事件表,省级新纪录事件（1省）,"蒋爱伍、周放、陆舟、韩小静、李相林 (2006). 广西壁虎科分布新记录———锯尾蜥虎 四川动物, 25(2), 268"
57,疣尾蜥虎,Hemidactylus f renatus,广西,事件表,省级新纪录事件（1省）,"周放,余丽江,徐蕴丽.广西壁虎科分布新记录——疣尾蜥虎[J].四川动物,2003,(4):234-235."
58,长吻湍蛙,Amolops nasica,广西,排除,记录类型为'其他新纪录/再发现'等，未纳入省级新纪录事件表,"邓学建,卢立.广西大明山自然保护区两栖动物资源调查报告[J].湖南环境生物职业技术学院学报,2003,(1):21-25."
59,斑腿树蛙,Polypedates leucomystax,广西,排除,记录类型为'其他新纪录/再发现'等，未纳入省级新纪录事件表,"邓学建,卢立.广西大明山自然保护区两栖动物资源调查报告[J].湖南环境生物职业技术学院学报,2003,(1):21-26."
60,淡肩角蟾,Boulenophrys boettgeri,福建,终审:排除-伴随物种（省内已知）,记录类型无法判定（原表未标注且引用无线索）,"Shi-Shi Lin and Hong-Hui Chen and Yuan-Hang Li and Zhao-Ning Peng and Zhao-Chi Zeng and Jian Wang (2024). A new Boulenophrys species (Anura, Megophryidae) from the coastal hills of eastern Fujian Province, China https://doi.org/10.3897/zookeys.1216.130017"
61,方花小头蛇,Oligodon bellus,广西,事件表,省级新纪录事件（1省）,"蒋爱伍、周放、刘宏、王绍能 (2006). 广西蛇类一新记录———方花小头蛇 四川动物, 25(2), 271"
62,四川华蝮,Sinovipera sichuanensis,广西,事件表,省级新纪录事件（1省）,"黄俊杰、吴帝豪、任金龙、李家堂、蒋珂 (2023). 广西蛇类新记录——四川华蝮及半阴茎形态描述 四川动物, 42(3), 292-293"
63,双团棘胸蛙,Paa yunnanensis,广西,事件表,省级新纪录事件（1省）,"周放、余丽江、覃建欢、韦智毅、田发聪、韩小静 (2006). 广西龙滩自然保护区的两栖爬行动物 四川动物, 25(2), 298-300"
64,棕背树蜥,Calotes emma,广西,事件表,省级新纪录事件（1省）,"周放、余丽江、覃建欢、韦智毅、田发聪、韩小静 (2006). 广西龙滩自然保护区的两栖爬行动物 四川动物, 25(2), 298-300"
65,脆蛇蜥,Ophisaurus harti,四川,事件表,省级新纪录事件（1省）,"吴光举、朱洁、肖立、王本菊 (2001). 攀枝花市蜥蜴类一新记录---脆蛇蜥 四川动物, 20(3), 147-147"
66,湖蛙,,新疆,事件表,省级新纪录事件（1省）,
67,黑龙江林蛙,Rana amurensis,新疆,终审:排除(建议)-无引用且该省为已知分布,记录类型无法判定（原表未标注且引用无线索）,
68,戴云角蟾,Boulenophrys daiyunensis,福建,终审:转入新种表(建议·待复核),记录类型无法判定（原表未标注且引用无线索）,"Shi-Shi Lin and Hong-Hui Chen and Yuan-Hang Li and Zhao-Ning Peng and Zhao-Chi Zeng and Jian Wang (2024). A new Boulenophrys species (Anura, Megophryidae) from the coastal hills of eastern Fujian Province, China https://doi.org/10.3897/zookeys.1216.130017"
69,雨神角蟾,Boulenophrys ombrophila,福建,新种表,新种描述，转入 CHNR_new_species,
70,雨神角蟾,Boulenophrys ombrophila,福建,终审:排除-伴随物种（省内已知）,记录类型无法判定（原表未标注且引用无线索）,"Shi-Shi Lin and Hong-Hui Chen and Yuan-Hang Li and Zhao-Ning Peng and Zhao-Chi Zeng and Jian Wang (2024). A new Boulenophrys species (Anura, Megophryidae) from the coastal hills of eastern Fujian Province, China https://doi.org/10.3897/zookeys.1216.130017"
71,中国雨蛙,Hyla chinensis,福建,终审:排除(建议)-无引用且该省为已知分布,记录类型无法判定（原表未标注且引用无线索）,
72,崇安地蜥,Platyplacopus sylvaticus,江西,事件表,省级新纪录事件（1省）,"乐新贵、洪宏志、王英永 (2009). 江西省爬行纲动物新纪录———崇安地蜥Platyplacopussylvaticus 四川动物, 28(4), 600-601"
73,平鳞钝头蛇,Pareas boulengeri,河南,事件表,省级新纪录事件（1省）,"陈晓虹、朱命炜、侯名根、瞿文元 (2006). 河南游蛇科一新记录———平鳞钝头蛇 四川动物, 25(2), 269"
74,丽纹蛇,Calliophis macclellandi,河南,事件表,省级新纪录事件（1省）,"陈晓虹、王新卫 (2010). 河南省眼镜蛇科新记录-丽纹蛇 河南师范大学学报(自然科学版), 38(4), 158-159 https://doi.org/10.16366/j.cnki.1000-2367.2010.04.018"
75,黄纹石龙子,Eumeces capito,河南,事件表,省级新纪录事件（1省）,"张珑、何淑艳、何少峰 (2012). 河南省石龙子一新记录种——黄纹石龙子 河南科学, 30(1), 63-64 https://doi.org/10.13537/j.issn.1004-3918.2012.01.036"
76,三明角蟾,Boulenophrys sanmingensis,福建,终审:转入新种表(建议·待复核),记录类型无法判定（原表未标注且引用无线索）,"Shi-Shi Lin and Hong-Hui Chen and Yuan-Hang Li and Zhao-Ning Peng and Zhao-Chi Zeng and Jian Wang (2024). A new Boulenophrys species (Anura, Megophryidae) from the coastal hills of eastern Fujian Province, China https://doi.org/10.3897/zookeys.1216.130017"
77,秦巴拟小鲵,Pseudohynobius tsinpaensis,河南,事件表,省级新纪录事件（1省）,
78,宁陕齿突蟾,Scutiger ningshanensis,河南,事件表,省级新纪录事件（1省）,
79,中华蟾蜍指名亚种,Bufo gargarizans gargarizans,河南,排除,区系/多样性调查类文献的物种清单行，非新纪录事件,"李磊、张建设、陈晓虹、王丽、陶娟 (2010). 河南省老君山自然保护区两栖动物多样性与保护 四川动物, 29(1), 134-136"
80,短肢角蟾,Boulenophrys brachykolos,福建,终审:排除-伴随物种（省内已知）,记录类型无法判定（原表未标注且引用无线索）,"Shi-Shi Lin and Hong-Hui Chen and Yuan-Hang Li and Zhao-Ning Peng and Zhao-Chi Zeng and Jian Wang (2024). A new Boulenophrys species (Anura, Megophryidae) from the coastal hills of eastern Fujian Province, China https://doi.org/10.3897/zookeys.1216.130017"
81,立春角蟾,Boulenophrys lichun,福建,新种表,新种描述，转入 CHNR_new_species,"Shi-Shi Lin and Hong-Hui Chen and Yuan-Hang Li and Zhao-Ning Peng and Zhao-Chi Zeng and Jian Wang (2024). A new Boulenophrys species (Anura, Megophryidae) from the coastal hills of eastern Fujian Province, China https://doi.org/10.3897/zookeys.1216.130017"
82,太行隆肛蛙,Feirana taihangnicus,河南,终审:排除(建议)-无引用且该省为已知分布,记录类型无法判定（原表未标注且引用无线索）,
83,立春角蟾,Boulenophrys lichun,福建,新种表,新种描述，转入 CHNR_new_species,"Shi-Shi Lin and Hong-Hui Chen and Yuan-Hang Li and Zhao-Ning Peng and Zhao-Chi Zeng and Jian Wang (2024). A new Boulenophrys species (Anura, Megophryidae) from the coastal hills of eastern Fujian Province, China https://doi.org/10.3897/zookeys.1216.130017"
84,颈槽蛇,Rhabdophis nuchalis,河南,事件表,省级新纪录事件（1省）,"雷隽、丁利 (2013). 河南省蛇类新纪录———颈槽蛇 四川动物, 32(3), 404-407"
85,黑背白环蛇,Lycodon ruhstrati,河南,事件表,省级新纪录事件（1省）,"陈晓虹、朱命炜、陶立奎 (2006). 河南蛇类新记录---黑背白环蛇 河南师范大学学报(自然科学版), 34(1), 153-154 https://doi.org/10.16366/j.cnki.1000-2367.2006.01.041"
86,丽水异角蟾,Xenophrys lishuiensis,浙江,新种表,新种描述，转入 CHNR_new_species,"Wang、Liu、Jiang (2017). 丽水异角蟾(Xenophrys lishuiensis Wang, Liu & Jiang, 2017) 动物学杂志, 52(1)"
87,丽水异角蟾,Xenophrys lishuiensis,浙江,新种表,新种描述，转入 CHNR_new_species,
88,,Boulenophrys,,排除,属级记录，非种级事件,"Shi-Shi Lin and Hong-Hui Chen and Yuan-Hang Li and Zhao-Ning Peng and Zhao-Chi Zeng and Jian Wang (2024). A new Boulenophrys species (Anura, Megophryidae) from the coastal hills of eastern Fujian Province, China https://doi.org/10.3897/zookeys.1216.130017"
89,短肢角蟾,Boulenophrys brachykolos,福建,终审:排除-伴随物种（省内已知）,记录类型无法判定（原表未标注且引用无线索）,"Shi-Shi Lin and Hong-Hui Chen and Yuan-Hang Li and Zhao-Ning Peng and Zhao-Chi Zeng and Jian Wang (2024). A new Boulenophrys species (Anura, Megophryidae) from the coastal hills of eastern Fujian Province, China https://doi.org/10.3897/zookeys.1216.130017"
90,雨神角蟾,Boulenophrys ombrophila,,终审:A3 排除-无省份且无坐标,新种描述文献中的伴随物种记录，非明确新纪录事件,"Shi-Shi Lin and Hong-Hui Chen and Yuan-Hang Li and Zhao-Ning Peng and Zhao-Chi Zeng and Jian Wang (2024). A new Boulenophrys species (Anura, Megophryidae) from the coastal hills of eastern Fujian Province, China https://doi.org/10.3897/zookeys.1216.130017"
91,合征姬蛙,Microhyla mixtura,浙江,事件表,省级新纪录事件（1省）,
92,光蜥,Ateuchosaurus chinensis,浙江,事件表,省级新纪录事件（1省）,黄珺、秦铖、张永普、李一凡、李树然 (2025). 浙江省爬行动物新纪录——光蜥 野生动物学报 https://doi.org/https://link.cnki.net/urlid/23.1587.S.20250506.1148.004
93,崇安斜鳞蛇,Pseudoxenodon karlschmidti,浙江,事件表,省级新纪录事件（1省）,王聿凡、朱志成、刘凯怊、许济南、黄镇杨、何珂、刘宝权 (2025). 浙江省爬行类新纪录—崇安斜鳞蛇 野生动物学报 https://doi.org/https://link.cnki.net/urlid/23.1587.S.20251117.1652.002
94,布氏泛树蛙,Polypedates mutus,湖北,事件表,省级新纪录事件（1省）,
95,淡肩角蟾,Boulenophrys boettgeri,福建,终审:排除-伴随物种（省内已知）,记录类型无法判定（原表未标注且引用无线索）,"Shi-Shi Lin and Hong-Hui Chen and Yuan-Hang Li and Zhao-Ning Peng and Zhao-Chi Zeng and Jian Wang (2024). A new Boulenophrys species (Anura, Megophryidae) from the coastal hills of eastern Fujian Province, China https://doi.org/10.3897/zookeys.1216.130017"
96,封开角蟾,Boulenophrys acuta,,终审:A3 排除-无省份且无坐标,记录类型无法判定（原表未标注且引用无线索）,"Shi-Shi Lin and Hong-Hui Chen and Yuan-Hang Li and Zhao-Ning Peng and Zhao-Chi Zeng and Jian Wang (2024). A new Boulenophrys species (Anura, Megophryidae) from the coastal hills of eastern Fujian Province, China https://doi.org/10.3897/zookeys.1216.130017"
97,虎纹蛙,Hoplobatrachus rugulosus,湖北,排除,区系/多样性调查类文献的物种清单行，非新纪录事件,"戴宗兴、张洪茂、周权、刘绪生 (2011). 湖北省两栖动物资源概况 四川动物, 30(1), 144-147 https://doi.org/10.3969/j.issn.1000-7083.2011.01.036"
98,揭阳角蟾,Boulenophrys hungtai,,终审:A3 排除-无省份且无坐标,记录类型无法判定（原表未标注且引用无线索）,"Shi-Shi Lin and Hong-Hui Chen and Yuan-Hang Li and Zhao-Ning Peng and Zhao-Chi Zeng and Jian Wang (2024). A new Boulenophrys species (Anura, Megophryidae) from the coastal hills of eastern Fujian Province, China https://doi.org/10.3897/zookeys.1216.130017"
99,,Xenophrys,,排除,属级记录，非种级事件,"Shi-Shi Lin and Hong-Hui Chen and Yuan-Hang Li and Zhao-Ning Peng and Zhao-Chi Zeng and Jian Wang (2024). A new Boulenophrys species (Anura, Megophryidae) from the coastal hills of eastern Fujian Province, China https://doi.org/10.3897/zookeys.1216.130017"
100,仙琴水蛙,Nidirana daunchina,湖北,事件表,省级新纪录事件（1省）,"戴宗兴、张洪茂、周权、刘绪生 (2011). 湖北省两栖动物资源概况 四川动物, 30(1), 144-147 https://doi.org/10.3969/j.issn.1000-7083.2011.01.036"
101,陈氏蛙,Rana chensinensis,陕西,终审:转入新种表(建议·待复核),记录类型无法判定（原表未标注且引用无线索）,"Shuxuan GAO and Huijun SHEN and Xinyue YANG and Zhuo CHEN and Yinmeng HOU and Xiaohong CHEN (2024). A New Brown Frog of Rana (Amphibia, Anura, Ranidae) from Central China, Henan Province Asian Herpetological Research, 15(4), 265–278 https://doi.org/10.3724/ahr.2095-0357.2024.0030"
102,昆嵛山蛙,Rana kukunoris,,终审:A3 排除-无省份且无坐标,记录类型无法判定（原表未标注且引用无线索）,"Shuxuan GAO and Huijun SHEN and Xinyue YANG and Zhuo CHEN and Yinmeng HOU and Xiaohong CHEN (2024). A New Brown Frog of Rana (Amphibia, Anura, Ranidae) from Central China, Henan Province Asian Herpetological Research, 15(4), 265–278 https://doi.org/10.3724/ahr.2095-0357.2024.0030"
103,淮源林蛙,Rana qui,河南,新种表,新种描述，转入 CHNR_new_species,"Shuxuan GAO and Huijun SHEN and Xinyue YANG and Zhuo CHEN and Yinmeng HOU and Xiaohong CHEN (2024). A New Brown Frog of Rana (Amphibia, Anura, Ranidae) from Central China, Henan Province Asian Herpetological Research, 15(4), 265–278 https://doi.org/10.3724/ahr.2095-0357.2024.0030"
104,陈氏蛙,Rana chensinensis,陕西,终审:排除-重复（与行101同条目）,记录类型无法判定（原表未标注且引用无线索）,"Shuxuan GAO and Huijun SHEN and Xinyue YANG and Zhuo CHEN and Yinmeng HOU and Xiaohong CHEN (2024). A New Brown Frog of Rana (Amphibia, Anura, Ranidae) from Central China, Henan Province Asian Herpetological Research, 15(4), 265–278 https://doi.org/10.3724/ahr.2095-0357.2024.0030"
105,昆嵛山蛙,Rana kukunoris,,终审:A3 排除-无省份且无坐标,记录类型无法判定（原表未标注且引用无线索）,"Shuxuan GAO and Huijun SHEN and Xinyue YANG and Zhuo CHEN and Yinmeng HOU and Xiaohong CHEN (2024). A New Brown Frog of Rana (Amphibia, Anura, Ranidae) from Central China, Henan Province Asian Herpetological Research, 15(4), 265–278 https://doi.org/10.3724/ahr.2095-0357.2024.0030"
106,淮源林蛙,Rana qui,河南,新种表,新种描述，转入 CHNR_new_species,"Shuxuan GAO and Huijun SHEN and Xinyue YANG and Zhuo CHEN and Yinmeng HOU and Xiaohong CHEN (2024). A New Brown Frog of Rana (Amphibia, Anura, Ranidae) from Central China, Henan Province Asian Herpetological Research, 15(4), 265–278 https://doi.org/10.3724/ahr.2095-0357.2024.0030"
107,棕黑腹链蛇,Amphiesma sauteri,湖北,事件表,省级新纪录事件（1省）,
108,龙胜小头蛇,Oligodon lungshenensis,湖北,事件表,省级新纪录事件（1省）,"董俊材、邓正双、杨晨希、王建礼 (2023). 湖北省蛇类新记录种——龙胜小头蛇 四川动物, 42(2), 197-198"
109,淮源林蛙,Rana qui,河南,新种表,新种描述，转入 CHNR_new_species,"Shuxuan GAO and Huijun SHEN and Xinyue YANG and Zhuo CHEN and Yinmeng HOU and Xiaohong CHEN (2024). A New Brown Frog of Rana (Amphibia, Anura, Ranidae) from Central China, Henan Province Asian Herpetological Research, 15(4), 265–278 https://doi.org/10.3724/ahr.2095-0357.2024.0030"
110,中国林蛙,Rana chensinensis,陕西,终审:排除-伴随物种（省内已知）,记录类型无法判定（原表未标注且引用无线索）,"Shuxuan GAO and Huijun SHEN and Xinyue YANG and Zhuo CHEN and Yinmeng HOU and Xiaohong CHEN (2024). A New Brown Frog of Rana (Amphibia, Anura, Ranidae) from Central China, Henan Province Asian Herpetological Research, 15(4), 265–278 https://doi.org/10.3724/ahr.2095-0357.2024.0030"
111,高原林蛙,Rana kukunoris,,终审:A3 排除-无省份且无坐标,记录类型无法判定（原表未标注且引用无线索）,"Shuxuan GAO and Huijun SHEN and Xinyue YANG and Zhuo CHEN and Yinmeng HOU and Xiaohong CHEN (2024). A New Brown Frog of Rana (Amphibia, Anura, Ranidae) from Central China, Henan Province Asian Herpetological Research, 15(4), 265–278 https://doi.org/10.3724/ahr.2095-0357.2024.0030"
112,桂北琴蛙,Nidirana guibeiensis,湖南,事件表,省级新纪录事件（1省）,"马艺涵、李辉、朱乐强、刘佳昱、刘五洲、张荣华、聂美红、张志强、莫小阳 (2024). 湖南省两栖类新记录——桂北琴蛙及其系统发育分析 生命科学研究, 28(2), 159-164 https://doi.org/10.16605/j.cnki.1007-7847.2023.05.0158"
113,太行林蛙,Rana taihangensis,河南,新种表,新种描述，转入 CHNR_new_species,"Huijun SHEN and Mengyu XU and Xinyue YANG and Zhuo CHEN and Nengwen XIAO and Xiaohong CHEN (2022). A New Brown Frog of the Genus Rana (Anura, Ranidae) from North China, with a Taxonomic Revision of the R. chensinensis Species Group Asian Herpetological Research, 13(3), 145–158 https://doi.org/10.16373/j.cnki.ahr.210062"
114,花尾斜鳞蛇,Pseudoxenodon stejnegeri striaticaudatus,湖南,事件表,省级新纪录事件（1省）,
115,中国林蛙,Rana chensinensis,陕西,终审:排除-伴随物种（省内已知）,记录类型无法判定（原表未标注且引用无线索）,"Huijun SHEN and Mengyu XU and Xinyue YANG and Zhuo CHEN and Nengwen XIAO and Xiaohong CHEN (2022). A New Brown Frog of the Genus Rana (Anura, Ranidae) from North China, with a Taxonomic Revision of the R. chensinensis Species Group Asian Herpetological Research, 13(3), 145–158 https://doi.org/10.16373/j.cnki.ahr.210062"
116,岜沙掌突蟾,Leptobrachella bashaensis,湖南,事件表,省级新纪录事件（1省）,马艺涵、程雨薇、李辉、吴少武、杨利勋、张志强、莫小阳 (2026). 湖南通道发现岜沙掌突蟾 野生动物学报
117,缅甸拟刺溪蟹,Paratelphusula burmensis,云南,排除,"非两爬/问题条目：非两爬/问题条目:淡水蟹(甲壳动物),非两栖爬行动物;species_en 疑为拉丁名而非英文名","李洋洋、史博洋、徐一扬、潘达 (2023). 溪蟹亚科中国淡水蟹一新记录种——缅甸拟刺溪蟹(十足目: 溪蟹科) 四川动物, 42(5), 552-559 https://doi.org/10.11984/j.issn.1000-7083.20220019"
118,高原林蛙,Rana kukunoris,,终审:A3 排除-无省份且无坐标,记录类型无法判定（原表未标注且引用无线索）,"Huijun SHEN and Mengyu XU and Xinyue YANG and Zhuo CHEN and Nengwen XIAO and Xiaohong CHEN (2022). A New Brown Frog of the Genus Rana (Anura, Ranidae) from North China, with a Taxonomic Revision of the R. chensinensis Species Group Asian Herpetological Research, 13(3), 145–158 https://doi.org/10.16373/j.cnki.ahr.210062"
119,东北林蛙,Rana dybowskii,,终审:A3 排除-无省份且无坐标,记录类型无法判定（原表未标注且引用无线索）,"Huijun SHEN and Mengyu XU and Xinyue YANG and Zhuo CHEN and Nengwen XIAO and Xiaohong CHEN (2022). A New Brown Frog of the Genus Rana (Anura, Ranidae) from North China, with a Taxonomic Revision of the R. chensinensis Species Group Asian Herpetological Research, 13(3), 145–158 https://doi.org/10.16373/j.cnki.ahr.210062"
120,银环蛇,Bungarus candidus,,排除,国外记录（坐标在中国境外）,"SANG NGOC NGUYEN and VU DANG HOANG NGUYEN and THANG QUOC NGUYEN and NGAN THANH THI LE and LUAN THANH NGUYEN and BA DINH VO and JENS V. VINDUM and ROBERT W. MURPHY and JING CHE and YA-PING ZHANG (2017). A new color pattern of the Bungarus candidus complex (Squamata: Elapidae) from Vietnam based on morphological and molecular data Zootaxa, 4268(4), 563–572 https://doi.org/10.11646/zootaxa.4268.4.7"
121,,Bungarus magnimaculatus,,终审:A3 排除-无省份且无坐标,记录类型无法判定（原表未标注且引用无线索）,"SANG NGOC NGUYEN and VU DANG HOANG NGUYEN and THANG QUOC NGUYEN and NGAN THANH THI LE and LUAN THANH NGUYEN and BA DINH VO and JENS V. VINDUM and ROBERT W. MURPHY and JING CHE and YA-PING ZHANG (2017). A new color pattern of the Bungarus candidus complex (Squamata: Elapidae) from Vietnam based on morphological and molecular data Zootaxa, 4268(4), 563–572 https://doi.org/10.11646/zootaxa.4268.4.7"
122,昆嵛林蛙,Rana kunyuensis,山东,新种表,新种描述，转入 CHNR_new_species,"陆宇燕,李丕鹏.山东昆嵛山蛙属林蛙群一新种(两栖纲:无尾目:蛙科)[J].动物分类学报,2002,(1):162-166."
123,中国石龙子,Plestiodon chinensis,山东,事件表,省级新纪录事件（1省）,
124,庙岛蝮,Gloydius lijianlii,山东,新种表,新种描述，转入 CHNR_new_species,
125,北草蜥,Takydromus septentrionalis,山东,事件表,省级新纪录事件（1省）,
126,大绿臭蛙,Odorrana graminea,甘肃,事件表,省级新纪录事件（1省）,"张勇、龚大洁 (2021). 甘肃两栖类新记录———大绿臭蛙 四川动物, 40(1)"
127,秦岭雨蛙,Hyla tsinlingensis,甘肃,事件表,省级新纪录事件（1省）,冯孝义、当苗 (1980). 甘肃两栖类的新纪录一秦岭雨蛙 兰州大学学报 https://doi.org/10.13885/j.issn.0455-2059.1980.01.012
128,红吸盘棱皮树蛙,Theloderma rhododiscus,广西,事件表,省级新纪录事件（1省）,"Lingyun Du and Jian Wang and Shuo Liu and Guohua Yu (2022). A new cryptic species in the Theloderma rhododiscus complex (Anura, Rhacophoridae) from China–Vietnam border regions ZooKeys, 1099, 123–138 https://doi.org/10.3897/zookeys.1099.80390"
129,红吸盘棱皮树蛙,Theloderma rhododiscus,广西,事件表,省级新纪录事件（1省）,"Lingyun Du and Jian Wang and Shuo Liu and Guohua Yu (2022). A new cryptic species in the Theloderma rhododiscus complex (Anura, Rhacophoridae) from China–Vietnam border regions ZooKeys, 1099, 123–138 https://doi.org/10.3897/zookeys.1099.80390"
130,红吸盘棱皮树蛙,Theloderma rhododiscus,广西,事件表,省级新纪录事件（1省）,"Lingyun Du and Jian Wang and Shuo Liu and Guohua Yu (2022). A new cryptic species in the Theloderma rhododiscus complex (Anura, Rhacophoridae) from China–Vietnam border regions ZooKeys, 1099, 123–138 https://doi.org/10.3897/zookeys.1099.80390"
131,墨脱棱鼻树蛙,Nasutixalus medogensis,西藏,新种表,新种描述，转入 CHNR_new_species,"Ke JIANG and Fang YAN and Kai WANG and Da-Hu ZOU and Cheng LI and Jing CHE (2016). A new genus and species of treefrog from Medog, southeastern Tibet, China (Anura, Rhacophoridae) Zoological Research, 37(1), 15-20 https://doi.org/10.13918/j.issn.2095-8137.2016.1.15"
132,棘疣树蛙,Theloderma moloch,西藏,终审:待人工-倾向核对（西藏记录）,记录类型无法判定（原表未标注且引用无线索）,"Ke JIANG and Fang YAN and Kai WANG and Da-Hu ZOU and Cheng LI and Jing CHE (2016). A new genus and species of treefrog from Medog, southeastern Tibet, China (Anura, Rhacophoridae) Zoological Research, 37(1), 15-20 https://doi.org/10.13918/j.issn.2095-8137.2016.1.15"
133,墨脱棱鼻树蛙,Nasutixalus medogensis,西藏,新种表,新种描述，转入 CHNR_new_species,"Ke JIANG and Fang YAN and Kai WANG and Da-Hu ZOU and Cheng LI and Jing CHE (2016). A new genus and species of treefrog from Medog, southeastern Tibet, China (Anura, Rhacophoridae) Zoological Research, 37(1), 15-20 https://doi.org/10.13918/j.issn.2095-8137.2016.1.15"
134,叶氏掌突蟾,Leptobrachella yeae,四川,新种表,新种描述，转入 CHNR_new_species,"Shengchao SHI and Yinmeng HOU and Zhaobin SONG and Jianping JIANG and Bin WANG (2021). A New Leaf Litter Toad of Leptobrachella Smith, 1925 (Anura, Megophryidae) from Sichuan Province, China with Supplementary Description of L. oshanensis Asian Herpetological Research, 12(2), 143–166 https://doi.org/10.16373/j.cnki.ahr.200118"
135,缙云掌突蟾,Paramegophrys jinyunensis,重庆,新种表,新种描述，转入 CHNR_new_species,
136,罗斯坦棘蛙,Nanorana rostandi,西藏,事件表,省级新纪录事件（1省）,"蒋珂、王剀、杨军校、金洁琼、邹大虎、颜芳、潘虎君、车静 (2016). 西藏两栖纲新纪录2 种及缅甸树蛙描述 四川动物, 35(2), 210-216 https://doi.org/10.11984/j.issn.1000-7083.20150324"
137,倭蛙,Nanorana pleskei,西藏,事件表,省级新纪录事件（1省）,"蒋珂、王剀、杨军校、金洁琼、邹大虎、颜芳、潘虎君、车静 (2016). 西藏两栖纲新纪录2 种及缅甸树蛙描述 四川动物, 35(2), 210-216 https://doi.org/10.11984/j.issn.1000-7083.20150324"
138,缅甸树蛙,Rhacophorus burmanus,西藏,事件表,省级新纪录事件（1省）,"蒋珂、王剀、杨军校、金洁琼、邹大虎、颜芳、潘虎君、车静 (2016). 西藏两栖纲新纪录2 种及缅甸树蛙描述 四川动物, 35(2), 210-216 https://doi.org/10.11984/j.issn.1000-7083.20150324"
139,峨山掌突蟾,Leptobrachella oshanensis,四川,终审:排除-伴随物种（省内已知）,记录类型无法判定（原表未标注且引用无线索）,"Shengchao SHI and Yinmeng HOU and Zhaobin SONG and Jianping JIANG and Bin WANG (2021). A New Leaf Litter Toad of Leptobrachella Smith, 1925 (Anura, Megophryidae) from Sichuan Province, China with Supplementary Description of L. oshanensis Asian Herpetological Research, 12(2), 143–166 https://doi.org/10.16373/j.cnki.ahr.200118"
140,叶氏掌突蟾,Leptobrachella yeae,四川,新种表,新种描述，转入 CHNR_new_species,"Shengchao SHI and Yinmeng HOU and Zhaobin SONG and Jianping JIANG and Bin WANG (2021). A New Leaf Litter Toad of Leptobrachella Smith, 1925 (Anura, Megophryidae) from Sichuan Province, China with Supplementary Description of L. oshanensis Asian Herpetological Research, 12(2), 143–166 https://doi.org/10.16373/j.cnki.ahr.200118"
141,峨山掌突蟾,Leptobrachella oshanensis,四川,终审:排除-伴随物种（省内已知）,记录类型无法判定（原表未标注且引用无线索）,"Shengchao SHI and Yinmeng HOU and Zhaobin SONG and Jianping JIANG and Bin WANG (2021). A New Leaf Litter Toad of Leptobrachella Smith, 1925 (Anura, Megophryidae) from Sichuan Province, China with Supplementary Description of L. oshanensis Asian Herpetological Research, 12(2), 143–166 https://doi.org/10.16373/j.cnki.ahr.200118"
142,尖鳞原矛头蝮,Protobothrops mucrosquamatus,江苏,事件表,省级新纪录事件（1省）,"Shengchao SHI and Yinmeng HOU and Zhaobin SONG and Jianping JIANG and Bin WANG (2021). A New Leaf Litter Toad of Leptobrachella Smith, 1925 (Anura, Megophryidae) from Sichuan Province, China with Supplementary Description of L. oshanensis Asian Herpetological Research, 12(2), 143–166 https://doi.org/10.16373/j.cnki.ahr.200118"
143,,Leptobrachella chishuiensis,,新种表,新种描述，转入 CHNR_new_species,"Jian Wang and Shuo Qi and Ke-Yuan Dai and Zhi-Tong Lyu and Zhao-Chi Zeng and Hong-Hui Chen and Yuan-Qiu Li and Yong-You Zhao and Yun-Ze Wang and Ying-Yong Wang (2022). A new Leptobrachella species (Anura, Megophryidae) from South China, with comments on the taxonomic status of L. chishuiensis and L. purpurus Life Science, 98(1) https://doi.org/10.3897/zse.98.73162"
144,西藏齿突蟾,Scutiger boulengeri,西藏,排除,区系/多样性调查类文献的物种清单行，非新纪录事件,"石胜超、石秀东、姚忠祎、齐银、江建平 (2022). 西藏八宿、左贡和芒康两栖爬行动物多样性调查报告 动物学杂志, 57(2), 236-246 https://doi.org/10.13859/j.cjz.202202009"
145,刺胸齿突蟾,Scutiger mammatus,西藏,排除,区系/多样性调查类文献的物种清单行，非新纪录事件,"石胜超、石秀东、姚忠祎、齐银、江建平 (2022). 西藏八宿、左贡和芒康两栖爬行动物多样性调查报告 动物学杂志, 57(2), 236-246 https://doi.org/10.13859/j.cjz.202202009"
146,西藏蟾蜍,Bufo tibetanus,西藏,排除,区系/多样性调查类文献的物种清单行，非新纪录事件,"石胜超、石秀东、姚忠祎、齐银、江建平 (2022). 西藏八宿、左贡和芒康两栖爬行动物多样性调查报告 动物学杂志, 57(2), 236-246 https://doi.org/10.13859/j.cjz.202202009"
147,华西蟾蜍,Bufo andrewsi,西藏,排除,区系/多样性调查类文献的物种清单行，非新纪录事件,"石胜超、石秀东、姚忠祎、齐银、江建平 (2022). 西藏八宿、左贡和芒康两栖爬行动物多样性调查报告 动物学杂志, 57(2), 236-246 https://doi.org/10.13859/j.cjz.202202009"
148,,Leptobrachella purpurus,,终审:排除-无省级信息（系统学/命名学文献）,记录类型无法判定（原表未标注且引用无线索）,"Jian Wang and Shuo Qi and Ke-Yuan Dai and Zhi-Tong Lyu and Zhao-Chi Zeng and Hong-Hui Chen and Yuan-Qiu Li and Yong-You Zhao and Yun-Ze Wang and Ying-Yong Wang (2022). A new Leptobrachella species (Anura, Megophryidae) from South China, with comments on the taxonomic status of L. chishuiensis and L. purpurus Life Science, 98(1) https://doi.org/10.3897/zse.98.73162"
149,盈江烙铁头蛇,Ovophis jenkinsi,云南,新种表,新种描述，转入 CHNR_new_species,"Xian-Chun Qiu and Jin-Ze Wang and Zu-Yao Xia and Zhong-Wen Jiang and Yan Zeng and Nan Wang and Pi-Peng Li and Jing-Song Shi (2024). A new mountain pitviper of the genus Ovophis Burger in Hoge & Romano-Hoge, 1981 (Serpentes, Viperidae) from Yunnan, China https://doi.org/10.3897/zookeys.1203.119218"
150,盈江烙铁头蛇,Ovophis jenkinsi,云南,新种表,新种描述，转入 CHNR_new_species,"Xian-Chun Qiu and Jin-Ze Wang and Zu-Yao Xia and Zhong-Wen Jiang and Yan Zeng and Nan Wang and Pi-Peng Li and Jing-Song Shi (2024). A new mountain pitviper of the genus Ovophis Burger in Hoge & Romano-Hoge, 1981 (Serpentes, Viperidae) from Yunnan, China https://doi.org/10.3897/zookeys.1203.119218"
151,福鼎瘰螈,Cynops fudingensis,福建,新种表,新种描述，转入 CHNR_new_species,"YUNKE WU and YUEZHAO WANG and KE JIANG and JAMES HANKEN (2010). A new newt of the genus Cynops (Caudata: Salamandridae) from Fujian Province, southeastern China Zootaxa, 2346, 42–52"
152,东方蝾螈,Cynops orientalis,浙江,终审:排除-伴随物种（分类学文献检视标本）,记录类型无法判定（原表未标注且引用无线索）,"YUNKE WU and YUEZHAO WANG and KE JIANG and JAMES HANKEN (2010). A new newt of the genus Cynops (Caudata: Salamandridae) from Fujian Province, southeastern China Zootaxa, 2346, 42–52"
153,广东瘰螈,Cynops orphicus,广东、福建,终审:排除-伴随物种（分类学文献检视标本）,记录类型无法判定（原表未标注且引用无线索）,"YUNKE WU and YUEZHAO WANG and KE JIANG and JAMES HANKEN (2010). A new newt of the genus Cynops (Caudata: Salamandridae) from Fujian Province, southeastern China Zootaxa, 2346, 42–52"
154,大绿臭蛙,Odorrana graminea,贵州,排除,记录类型为'其他新纪录/再发现'等，未纳入省级新纪录事件表,"程彦林、陈龙、张霞、雷诗融、邹家伟 (2020). 贵州山区大绿臭蛙分布新记录研究 南方农业, 14(26), 172-173 https://doi.org/10.19415/j.cnki.1673-890x.2020.26.078"
155,岜沙掌突蟾,Leptobrachella bashaensis,贵州,事件表,省级新纪录事件（1省）,"彭彩淳、张夏军、陈继军、叶荣欢、唐秀俊 (2024). 贵州山区岜沙掌突蟾分布新纪录研究 特种经济动植物, 49-51"
156,滇螈,Cynops wolterstorffi,,终审:A3 排除-无省份且无坐标,记录类型无法判定（原表未标注且引用无线索）,"YUNKE WU and YUEZHAO WANG and KE JIANG and JAMES HANKEN (2010). A new newt of the genus Cynops (Caudata: Salamandridae) from Fujian Province, southeastern China Zootaxa, 2346, 42–52"
157,福鼎瘰螈,Cynops fudingensis,福建,新种表,新种描述，转入 CHNR_new_species,"YUNKE WU and YUEZHAO WANG and KE JIANG and JAMES HANKEN (2010). A new newt of the genus Cynops (Caudata: Salamandridae) from Fujian Province, southeastern China Zootaxa, 2346, 42–52"
158,东方蝾螈,Cynops orientalis,浙江,终审:排除-伴随物种（分类学文献检视标本）,记录类型无法判定（原表未标注且引用无线索）,"YUNKE WU and YUEZHAO WANG and KE JIANG and JAMES HANKEN (2010). A new newt of the genus Cynops (Caudata: Salamandridae) from Fujian Province, southeastern China Zootaxa, 2346, 42–52"
159,广东瘰螈,Cynops orphicus,广东、福建,终审:排除-伴随物种（分类学文献检视标本）,记录类型无法判定（原表未标注且引用无线索）,"YUNKE WU and YUEZHAO WANG and KE JIANG and JAMES HANKEN (2010). A new newt of the genus Cynops (Caudata: Salamandridae) from Fujian Province, southeastern China Zootaxa, 2346, 42–52"
160,滇螈,Cynops wolterstorffi,,终审:A3 排除-无省份且无坐标,记录类型无法判定（原表未标注且引用无线索）,"YUNKE WU and YUEZHAO WANG and KE JIANG and JAMES HANKEN (2010). A new newt of the genus Cynops (Caudata: Salamandridae) from Fujian Province, southeastern China Zootaxa, 2346, 42–52"
161,潮汕蝾螈,Cynops orphicus,广东,终审:排除-系统学文献伴随,记录类型无法判定（原表未标注且引用无线索）,"Zhiyong YUAN and Ke JIANG and Limin DING and Liang ZHANG and Jing CHE (2013). A New Newt of the Genus Cynops (Caudata: Salamandridae) from Guangdong, China Asian Herpetological Research, 4(2), 116–123 https://doi.org/10.3724/SP.J.1245.2013.00116"
162,桑植臭蛙,Odorrana sangzhiensis,贵州,事件表,省级新纪录事件（1省）,"穆浪、沈拓、刘京、李仕泽、粟海军 (2022). 贵州省桑植臭蛙及其系统发育分析 野生动物学报, 43(3), 760-765 https://doi.org/10.12375/ysdwx b.20220320"
163,锦白环蛇,Lycodon pictus,贵州,事件表,省级新纪录事件（1省）,"吴帝豪、黄俊杰、蒋珂、李家堂、任金龙 (2023). 贵州省蛇类新记录——锦白环蛇及半阴茎补充描述 四川动物, 42(2), 141-142"
164,茅索角蟾,Xenophrys maosonensis,贵州,事件表,省级新纪录事件（1省）,
165,白线树蛙,Rhacophorus leucofasciatus,贵州,排除,记录类型为'其他新纪录/再发现'等，未纳入省级新纪录事件表,"王再艳、陈继军、姚伦贵、李萍、张世玲 (2020). 贵州雷公山国家级自然保护区发现白线树蛙 湖北林业科技, 49(1), 37-38"
166,侗掌突蟾,Leptobrachella dong,贵州,事件表,省级新纪录事件（1省）,"彭彩淳、伍名渊、张夏军、叶荣欢、田洪金、陈继军、唐秀俊 (2025). 贵州雷公山国家级自然保护区新纪录种———侗掌突蟾 安徽农业科学, 53(4), 67-70 https://doi.org/10.3969/j.issn.0517-6611.2025.04.014"
167,孟氏大连蟾,Dalianbatrachus mengi,辽宁,新种表,新种描述，转入 CHNR_new_species,
168,乌梢蛇,Ptyas dhumnades,辽宁,事件表,省级新纪录事件（1省）,"邱显淳、周圣博、齐硕、王小平、王昊天、王锦泽、史静耸、李丕鹏 (2023). 辽宁省爬行动物名录及地理区划更新 动物学杂志, 58(4), 523-539 https://doi.org/10.13859/j.cjz.202304006"
169,蓝尾蝾螈,Cynops cyanurus,云南,终审:排除-系统学文献伴随,记录类型无法判定（原表未标注且引用无线索）,"Zhiyong YUAN and Ke JIANG and Limin DING and Liang ZHANG and Jing CHE (2013). A New Newt of the Genus Cynops (Caudata: Salamandridae) from Guangdong, China Asian Herpetological Research, 4(2), 116–123 https://doi.org/10.3724/SP.J.1245.2013.00116"
170,越南瘰螈,Paramesotriton deloustali,三岛,终审:C 排除-记录地为国外省区,记录类型无法判定（原表未标注且引用无线索）,"Zhiyong YUAN and Ke JIANG and Limin DING and Liang ZHANG and Jing CHE (2013). A New Newt of the Genus Cynops (Caudata: Salamandridae) from Guangdong, China Asian Herpetological Research, 4(2), 116–123 https://doi.org/10.3724/SP.J.1245.2013.00116"
171,,Triturus cristatus,图拉州,终审:C 排除-记录地为国外省区,记录类型无法判定（原表未标注且引用无线索）,"Zhiyong YUAN and Ke JIANG and Limin DING and Liang ZHANG and Jing CHE (2013). A New Newt of the Genus Cynops (Caudata: Salamandridae) from Guangdong, China Asian Herpetological Research, 4(2), 116–123 https://doi.org/10.3724/SP.J.1245.2013.00116"
172,海龟,Chelonia mydas,辽宁,事件表,省级新纪录事件（1省）,
173,石龙子,Plestiodon elegans,辽宁,事件表,省级新纪录事件（1省）,
174,克钦湍蛙,Amolops afghanus,,终审:C 排除-坐标在境外,新种描述文献中的伴随物种记录，非明确新纪录事件,"ZHI-TONG LYU, ZHAO-CHI ZENG, HAN WAN, JIAN-HUAN YANG, YU-LONG LI, HONG PANG & YING-YONG WANG (2019). A new species of Amolops (Anura: Ranidae) from China, with taxonomic comments on A. liangshanensis and Chinese populations of A. marmoratus Zootaxa, 4609(2), 247–268 https://doi.org/10.11646/zootaxa.4609.2.3"
175,,Amolops liangshanensis,四川,新种表,新种描述，转入 CHNR_new_species,"ZHI-TONG LYU, ZHAO-CHI ZENG, HAN WAN, JIAN-HUAN YANG, YU-LONG LI, HONG PANG & YING-YONG WANG (2019). A new species of Amolops (Anura: Ranidae) from China, with taxonomic comments on A. liangshanensis and Chinese populations of A. marmoratus Zootaxa, 4609(2), 247–268 https://doi.org/10.11646/zootaxa.4609.2.3"
176,棕点湍蛙,Amolops loloensis,四川,终审:A4 排除(建议)-伴随物种记录,新种描述文献中的伴随物种记录，非明确新纪录事件,"ZHI-TONG LYU, ZHAO-CHI ZENG, HAN WAN, JIAN-HUAN YANG, YU-LONG LI, HONG PANG & YING-YONG WANG (2019). A new species of Amolops (Anura: Ranidae) from China, with taxonomic comments on A. liangshanensis and Chinese populations of A. marmoratus Zootaxa, 4609(2), 247–268 https://doi.org/10.11646/zootaxa.4609.2.3"
177,四川湍蛙,Amolops mantzorum,四川,终审:A4 排除(建议)-伴随物种记录,新种描述文献中的伴随物种记录，非明确新纪录事件,"ZHI-TONG LYU, ZHAO-CHI ZENG, HAN WAN, JIAN-HUAN YANG, YU-LONG LI, HONG PANG & YING-YONG WANG (2019). A new species of Amolops (Anura: Ranidae) from China, with taxonomic comments on A. liangshanensis and Chinese populations of A. marmoratus Zootaxa, 4609(2), 247–268 https://doi.org/10.11646/zootaxa.4609.2.3"
178,阿尼桥湍蛙,Amolops aniqiaoensis,西藏,终审:A4 排除(建议)-伴随物种记录,新种描述文献中的伴随物种记录，非明确新纪录事件,"ZHI-TONG LYU, ZHAO-CHI ZENG, HAN WAN, JIAN-HUAN YANG, YU-LONG LI, HONG PANG & YING-YONG WANG (2019). A new species of Amolops (Anura: Ranidae) from China, with taxonomic comments on A. liangshanensis and Chinese populations of A. marmoratus Zootaxa, 4609(2), 247–268 https://doi.org/10.11646/zootaxa.4609.2.3"
179,棘皮湍蛙,Amolops granulosus,四川,终审:A4 排除(建议)-伴随物种记录,新种描述文献中的伴随物种记录，非明确新纪录事件,"ZHI-TONG LYU, ZHAO-CHI ZENG, HAN WAN, JIAN-HUAN YANG, YU-LONG LI, HONG PANG & YING-YONG WANG (2019). A new species of Amolops (Anura: Ranidae) from China, with taxonomic comments on A. liangshanensis and Chinese populations of A. marmoratus Zootaxa, 4609(2), 247–268 https://doi.org/10.11646/zootaxa.4609.2.3"
180,金线侧褶蛙,Pelophylax plancyi,陕西,事件表,省级新纪录事件（1省）,
181,黄岩疣螈,Tylototriton huangyanensis,湖南,新种表,新种描述，转入 CHNR_new_species,
182,疣粒角蟾,Megophrys tuberogrannulus,湖南,事件表,省级新纪录事件（1省）,
183,台湾骨碎补,Davallia mariesii,福建,排除,非两爬/问题条目：非两爬/问题条目:蕨类植物(骨碎补科);species_en 疑为拉丁名而非英文名,
184,粟苔,Lagarosiphon ilicifolius,福建,排除,非两爬/问题条目：非两爬/问题条目:水生植物;species_en 疑为拉丁名而非英文名,
185,腾冲拟髭蟾,Leptobrachium tengchongense,云南,新种表,新种描述，转入 CHNR_new_species,
186,水晶兰,Monotropa uniflora,云南,排除,非两爬/问题条目：非两爬/问题条目:植物(水晶兰);species_en 疑为拉丁名而非英文名,"保山市林业局办公室、高黎贡山腾冲保护分局、云龙县林业局 (2016). 高黎贡山发现两栖动物新种腾冲拟髭蟾 云南林业, 69"
187,白线树蛙,Rhacophorus leucofasciatus,贵州,事件表,省级新纪录事件（1省）,"张雷、周胜伦、张娅芬、罗露玲、杨桂英、冉辉 (2017). 黔东北武陵山区白线树蛙特异性兼佛顶山国家级自然保护区新纪录 林业与环境科学, 33(3), 66-69"
188,武夷湍蛙,Amolops wuyiensis,福建,终审:A4 排除(建议)-伴随物种记录,新种描述文献中的伴随物种记录，非明确新纪录事件,"YIK-HEI SUNG, PING HU, JIAN WANG, HAI-JUN LIU & YING-YONG WANG (2016). A new species of Amolops (Anura: Ranidae) from southern China Zootaxa, 4170(3), 525–538 https://doi.org/10.11646/zootaxa.4170.3.6"
189,花臭蛙,Odorrana schmackeri,安徽,终审:A4 排除(建议)-伴随物种记录,新种描述文献中的伴随物种记录，非明确新纪录事件,"YIK-HEI SUNG, PING HU, JIAN WANG, HAI-JUN LIU & YING-YONG WANG (2016). A new species of Amolops (Anura: Ranidae) from southern China Zootaxa, 4170(3), 525–538 https://doi.org/10.11646/zootaxa.4170.3.6"
190,,Amolops margaretae,,终审:A3 排除-无省份且无坐标,新种描述文献中的伴随物种记录，非明确新纪录事件,"YIK-HEI SUNG, PING HU, JIAN WANG, HAI-JUN LIU & YING-YONG WANG (2016). A new species of Amolops (Anura: Ranidae) from southern China Zootaxa, 4170(3), 525–538 https://doi.org/10.11646/zootaxa.4170.3.6"
191,白刺湍蛙,Amolops albispinus,湖南,终审:A4 排除(建议)-伴随物种记录,新种描述文献中的伴随物种记录，非明确新纪录事件,"ZHI-TONG LYU and JUN WU and JIAN WANG and YIK-HEI SUNG and ZU-YAO LIU and ZHAO-CHI ZENG and XIN WANG and YOU-YU LI and YING-YONG WANG (2018). A new species of Amolops (Anura: Ranidae) from southwestern Guangdong, China Zootaxa, 4418(6), 562–576 https://doi.org/10.11646/zootaxa.4418.6.4"
192,昆明龙蜥,Diploderma varcoae,云南,终审:排除-修订文伴随（产地订正）,记录类型无法判定（原表未标注且引用无线索）,"王剀、任金龙、蒋珂、巫嘉伟、杨春华、徐会明、Kevin Messanger、雷开明、余辉亮、杨敬元、Cameron D. Siler、李家堂、车静 (2019). 龙蜥属Diploderma( 爬行纲Reptilia: 鬣蜥科Agamidae)部分物种的分类及分布记录修订 四川动物, 38(5), 481-495 https://doi.org/10.11984/j.issn.1000-7083.20180405"
194,海南原指树蛙,Kurixalus hainanus,云南,事件表,省级新纪录事件（1省）,"张栋儒、唐尚婧、沈文菁、李琪、韦新葵 (2024). 云南发现海南原指树蛙 四川动物, 43(2), 195-201 https://doi.org/10.11984/j.issn.1000-7083.20240008"
195,黑背白环蛇,Lycodon ruhstrati,云南,事件表,省级新纪录事件（1省）,
196,细白环蛇,Lycodon subcinctus,云南,事件表,省级新纪录事件（1省）,
197,云开脊蛇,Achalinus yunkaiensis,四川,事件表,省级新纪录事件（1省）,"张佳琦、李科、王朝英、吴亚勇、舒国成、时磊 (2023). 四川发现云开脊蛇 四川动物, 42(5), 560-567 https://doi.org/10.11984/j.issn.1000-7083.20230037"
198,崇安湍蛙,Amolops chunganensis,福建,终审:A4 排除(建议)-伴随物种记录,新种描述文献中的伴随物种记录，非明确新纪录事件,"ZHI-TONG LYU and JUN WU and JIAN WANG and YIK-HEI SUNG and ZU-YAO LIU and ZHAO-CHI ZENG and XIN WANG and YOU-YU LI and YING-YONG WANG (2018). A new species of Amolops (Anura: Ranidae) from southwestern Guangdong, China Zootaxa, 4418(6), 562–576 https://doi.org/10.11646/zootaxa.4418.6.4"
199,戴云湍蛙,Amolops daiyunensis,福建,终审:A4 排除(建议)-伴随物种记录,新种描述文献中的伴随物种记录，非明确新纪录事件,"ZHI-TONG LYU and JUN WU and JIAN WANG and YIK-HEI SUNG and ZU-YAO LIU and ZHAO-CHI ZENG and XIN WANG and YOU-YU LI and YING-YONG WANG (2018). A new species of Amolops (Anura: Ranidae) from southwestern Guangdong, China Zootaxa, 4418(6), 562–576 https://doi.org/10.11646/zootaxa.4418.6.4"
200,海南湍蛙,Amolops hainanensis,海南,终审:A4 排除(建议)-伴随物种记录,新种描述文献中的伴随物种记录，非明确新纪录事件,"ZHI-TONG LYU and JUN WU and JIAN WANG and YIK-HEI SUNG and ZU-YAO LIU and ZHAO-CHI ZENG and XIN WANG and YOU-YU LI and YING-YONG WANG (2018). A new species of Amolops (Anura: Ranidae) from southwestern Guangdong, China Zootaxa, 4418(6), 562–576 https://doi.org/10.11646/zootaxa.4418.6.4"
201,香港湍蛙,Amolops hongkongensis,香港,终审:A4 排除(建议)-伴随物种记录,新种描述文献中的伴随物种记录，非明确新纪录事件,"ZHI-TONG LYU and JUN WU and JIAN WANG and YIK-HEI SUNG and ZU-YAO LIU and ZHAO-CHI ZENG and XIN WANG and YOU-YU LI and YING-YONG WANG (2018). A new species of Amolops (Anura: Ranidae) from southwestern Guangdong, China Zootaxa, 4418(6), 562–576 https://doi.org/10.11646/zootaxa.4418.6.4"
202,秉志肥螈,Pachytriton granulosus,安徽,事件表,省级新纪录事件（1省）,"黄平倩、汪帆、鲁航、荣鹏、肖祥寅、张方、黄松、吴孝兵、李冰欣、陈进民 (2023). 安徽省两栖动物新记录种——秉志肥螈 四川动物, 42(4), 420-427 https://doi.org/10.11984/j.issn.1000-7083.20220364"
203,云开脊蛇,Achalinus yunkaiensis,湖南,事件表,省级新纪录事件（1省）,
204,四川湍蛙,Amolops mantzorum,四川,终审:A4 排除(建议)-伴随物种记录,新种描述文献中的伴随物种记录，非明确新纪录事件,"ZHI-TONG LYU and JUN WU and JIAN WANG and YIK-HEI SUNG and ZU-YAO LIU and ZHAO-CHI ZENG and XIN WANG and YOU-YU LI and YING-YONG WANG (2018). A new species of Amolops (Anura: Ranidae) from southwestern Guangdong, China Zootaxa, 4418(6), 562–576 https://doi.org/10.11646/zootaxa.4418.6.4"
205,小湍蛙,Amolops torrentis,海南,终审:A4 排除(建议)-伴随物种记录,新种描述文献中的伴随物种记录，非明确新纪录事件,"ZHI-TONG LYU and JUN WU and JIAN WANG and YIK-HEI SUNG and ZU-YAO LIU and ZHAO-CHI ZENG and XIN WANG and YOU-YU LI and YING-YONG WANG (2018). A new species of Amolops (Anura: Ranidae) from southwestern Guangdong, China Zootaxa, 4418(6), 562–576 https://doi.org/10.11646/zootaxa.4418.6.4"
206,幕阜山角蟾,Boulenophrys mufumontana,,终审:A3 排除-无省份且无坐标,新种描述文献中的伴随物种记录，非明确新纪录事件,"Deming Shen and Haiying Zhou and Chaoyang Wang and Jun Xu and Shi Xu and Yifeng Zhong and Zhenyu Wang and Hao Cai and Yahui Wu and Meicai Wei and Yankuo Li (2025). A new species of Boulenophrys (Anura, Megophryidae) from northern Jiangxi, China Life Science, 101(4) https://doi.org/10.3897/zse.101.166556"
207,短肢角蟾,Boulenophrys brachykolos,,终审:A3 排除-无省份且无坐标,新种描述文献中的伴随物种记录，非明确新纪录事件,"Deming Shen and Haiying Zhou and Chaoyang Wang and Jun Xu and Shi Xu and Yifeng Zhong and Zhenyu Wang and Hao Cai and Yahui Wu and Meicai Wei and Yankuo Li (2025). A new species of Boulenophrys (Anura, Megophryidae) from northern Jiangxi, China Life Science, 101(4) https://doi.org/10.3897/zse.101.166556"
208,瑶山角蟾,Boulenophrys yaoshanensis,广西,终审:A4 排除(建议)-伴随物种记录,新种描述文献中的伴随物种记录，非明确新纪录事件,"Deming Shen and Haiying Zhou and Chaoyang Wang and Jun Xu and Shi Xu and Yifeng Zhong and Zhenyu Wang and Hao Cai and Yahui Wu and Meicai Wei and Yankuo Li (2025). A new species of Boulenophrys (Anura, Megophryidae) from northern Jiangxi, China Life Science, 101(4) https://doi.org/10.3897/zse.101.166556"
209,衡山角蟾,Boulenophrys hengshanensis,湖南,终审:A4 排除(建议)-伴随物种记录,新种描述文献中的伴随物种记录，非明确新纪录事件,"Deming Shen and Haiying Zhou and Chaoyang Wang and Jun Xu and Shi Xu and Yifeng Zhong and Zhenyu Wang and Hao Cai and Yahui Wu and Meicai Wei and Yankuo Li (2025). A new species of Boulenophrys (Anura, Megophryidae) from northern Jiangxi, China Life Science, 101(4) https://doi.org/10.3897/zse.101.166556"
210,徂徕林蛙,Rana culaiensis,江苏,事件表,省级新纪录事件（1省）,"马文萱、叶琳、高国富、包浩然 (2024). 江苏新记录——徂徕林蛙及其谱系地理学研究 四川动物, 43(5), 524-535 https://doi.org/10.11984/j.issn.1000-7083.20240113"
211,No,"K3,$)65*)-",c54ACb5,排除,"非两爬/问题条目：非两爬/问题条目:文本编码损坏(乱码行),建议溯源后重录或删除",
212,麻栗坡小树蛙,Raorchestes malipoensis,云南,新种表,新种描述，转入 CHNR_new_species,"Junkai Huang and Xiao Long Liu and Lingyun Du and Justin M. Bernstein and Shuo Liu and Yun Yang and Guohua Yu and Zhengjun Wu (2023). A new species of Bush frog (Anura, Rhacophoridae, Raorchestes) from southeastern Yunnan, China ZooKeys, 1151, 47–65 https://doi.org/10.3897/zookeys.1151.95616"
213,麻栗坡小树蛙,Raorchestes malipoensis,云南,新种表,新种描述，转入 CHNR_new_species,"Junkai Huang and Xiao Long Liu and Lingyun Du and Justin M. Bernstein and Shuo Liu and Yun Yang and Guohua Yu and Zhengjun Wu (2023). A new species of Bush frog (Anura, Rhacophoridae, Raorchestes) from southeastern Yunnan, China ZooKeys, 1151, 47–65 https://doi.org/10.3897/zookeys.1151.95616"
214,,Kurixalus gryllus,,终审:B7 坐标在境内可反推省份,新种描述文献中的伴随物种记录，非明确新纪录事件,"Junkai Huang and Xiao Long Liu and Lingyun Du and Justin M. Bernstein and Shuo Liu and Yun Yang and Guohua Yu and Zhengjun Wu (2023). A new species of Bush frog (Anura, Rhacophoridae, Raorchestes) from southeastern Yunnan, China ZooKeys, 1151, 47–65 https://doi.org/10.3897/zookeys.1151.95616"
215,,Raorchestes ghatei,,终审:A3 排除-无省份且无坐标,新种描述文献中的伴随物种记录，非明确新纪录事件,"Junkai Huang and Xiao Long Liu and Lingyun Du and Justin M. Bernstein and Shuo Liu and Yun Yang and Guohua Yu and Zhengjun Wu (2023). A new species of Bush frog (Anura, Rhacophoridae, Raorchestes) from southeastern Yunnan, China ZooKeys, 1151, 47–65 https://doi.org/10.3897/zookeys.1151.95616"
216,哀牢湍蛙,Amolops ailao,云南,新种表,新种描述，转入 CHNR_new_species,"Shangjing Tang and Tao Sun and Shuo Liu and Sangdi Luo and Guohua Yu and Lina Du (2023). A new species of cascade frog (Anura: Ranidae: Amolops) from central Yunnan, China Zoological Letters, 9, 15 https://doi.org/10.1186/s40851-023-00214-9"
217,哀牢湍蛙,Amolops ailao,云南,新种表,新种描述，转入 CHNR_new_species,"Shangjing Tang and Tao Sun and Shuo Liu and Sangdi Luo and Guohua Yu and Lina Du (2023). A new species of cascade frog (Anura: Ranidae: Amolops) from central Yunnan, China Zoological Letters, 9, 15 https://doi.org/10.1186/s40851-023-00214-9"
218,孟连裸趾虎,Cyrtodactylus menglianensis,云南,新种表,新种描述，转入 CHNR_new_species,"Shuo Liu and Dingqi Rao (2022). A new species of Cyrtodactylus Gray, 1827 (Squamata, Gekkonidae) from southwestern Yunnan, China ZooKeys, 1084, 83–100 https://doi.org/10.3897/zookeys.1084.72868"
219,孟连裸趾虎,Cyrtodactylus menglianensis,云南,新种表,新种描述，转入 CHNR_new_species,"Shuo Liu and Dingqi Rao (2022). A new species of Cyrtodactylus Gray, 1827 (Squamata, Gekkonidae) from southwestern Yunnan, China ZooKeys, 1084, 83–100 https://doi.org/10.3897/zookeys.1084.72868"
220,中国水蛇,Ptyas korros,云南,终审:A4 排除(建议)-伴随物种记录,新种描述文献中的伴随物种记录，非明确新纪录事件,"Shuo Liu and Zhimin Li and Wenguang Duan and Mian Hou and Dingqi Rao (2024). A new species of Cyrtodactylus Gray, 1827 (Squamata, Gekkonidae) from Yunnan Nangunhe National Nature Reserve, China Yunnan Nangunhe National Nature https://doi.org/10.3897/zookeys.1223.137184"
221,光滑弯趾虎,Cyrtodactylus laevis,西藏,新种表,新种描述，转入 CHNR_new_species,"Shun Ma and Sheng‐Chao Shi and Tian‐Yu Qian and Lu‐Lu Sui and Bin Wang and Jian‐Ping Jiang (2024). A New Species of Cyrtodactylus tibetanus Group (Reptilia: Squamata: Gekkonidae) from Xizang Autonomous Region, China Animals, 14, 2384 https://doi.org/10.3390/ani14162384"
222,华西腹链蛇,Hebius maximus,湖北,事件表,省级新纪录事件（1省）,"李茂良、董俊材、任金龙、李家堂 (2023). 湖北省蛇类新记录种——华西腹链蛇 四川动物, 42(6), 668-675 https://doi.org/10.11984/j.issn.1000-7083.20230081"
223,西藏弯趾虎,Cyrtodactylus tibetanus,,新种表,新种描述，转入 CHNR_new_species,"Shun Ma and Sheng‐Chao Shi and Tian‐Yu Qian and Lu‐Lu Sui and Bin Wang and Jian‐Ping Jiang (2024). A New Species of Cyrtodactylus tibetanus Group (Reptilia: Squamata: Gekkonidae) from Xizang Autonomous Region, China Animals, 14, 2384 https://doi.org/10.3390/ani14162384"
224,赵氏弯趾虎,Cyrtodactylus zhaoermii,,终审:B7 坐标在境内可反推省份,新种描述文献中的伴随物种记录，非明确新纪录事件,"Shun Ma and Sheng‐Chao Shi and Tian‐Yu Qian and Lu‐Lu Sui and Bin Wang and Jian‐Ping Jiang (2024). A New Species of Cyrtodactylus tibetanus Group (Reptilia: Squamata: Gekkonidae) from Xizang Autonomous Region, China Animals, 14, 2384 https://doi.org/10.3390/ani14162384"
225,光滑弯趾虎,Cyrtodactylus laevis,西藏,新种表,新种描述，转入 CHNR_new_species,"Shun Ma and Sheng‐Chao Shi and Tian‐Yu Qian and Lu‐Lu Sui and Bin Wang and Jian‐Ping Jiang (2024). A New Species of Cyrtodactylus tibetanus Group (Reptilia: Squamata: Gekkonidae) from Xizang Autonomous Region, China Animals, 14, 2384 https://doi.org/10.3390/ani14162384"
226,西藏弯趾虎,Cyrtodactylus tibetanus,,新种表,新种描述，转入 CHNR_new_species,"Shun Ma and Sheng‐Chao Shi and Tian‐Yu Qian and Lu‐Lu Sui and Bin Wang and Jian‐Ping Jiang (2024). A New Species of Cyrtodactylus tibetanus Group (Reptilia: Squamata: Gekkonidae) from Xizang Autonomous Region, China Animals, 14, 2384 https://doi.org/10.3390/ani14162384"
227,赵氏弯趾虎,Cyrtodactylus zhaoermii,,终审:A3 排除-无省份且无坐标,新种描述文献中的伴随物种记录，非明确新纪录事件,"Shun Ma and Sheng‐Chao Shi and Tian‐Yu Qian and Lu‐Lu Sui and Bin Wang and Jian‐Ping Jiang (2024). A New Species of Cyrtodactylus tibetanus Group (Reptilia: Squamata: Gekkonidae) from Xizang Autonomous Region, China Animals, 14, 2384 https://doi.org/10.3390/ani14162384"
228,河江棱皮树蛙,Theloderma khoii,云南,事件表,省级新纪录事件（1省）,"蓝俊麟、艾仁达、刘小龙、黄俊恺、杨云、陈明、魏平凡、袁智勇 (2023). 中国棱皮树蛙属新纪录种——河江棱皮树蛙 Chinese Journal of Wildlife, 44(2), 470-476 https://doi.org/10.12375/ysdwxb.20230229"
229,北部湾蜓蜥,Sphenomorphus tonkinensis,海南,排除,记录类型为'其他新纪录/再发现'等，未纳入省级新纪录事件表,"钱天宇、齐硕、李丕鹏、莫燕妮、王世力、周婷、梁安权、黄明宏、黄祉元 (2019). 北部湾蜓蜥在海南岛的再次发现 野生动物学报, 40(2), 521-524 https://doi.org/10.19711/j.cnki.issn2310-1490.2019.02.041"
230,红沙蚺,Eryx miliaris,新疆,事件表,省级新纪录事件（1省）,"夏可心、史楠楠、王智超、程勇 (2024). 塔克拉玛干沙漠北缘发现红沙蚺兼记繁殖数量新纪录 Chinese Journal of Wildlife, 45(1), 222-225 https://doi.org/10.12375/ysdwxb.20240130"
231,墨脱高山蜥,Altiphylax medogense,,终审:A3 排除-无省份且无坐标,新种描述文献中的伴随物种记录，非明确新纪录事件,"Shun Ma and Sheng‐Chao Shi and Tian‐Yu Qian and Lu‐Lu Sui and Bin Wang and Jian‐Ping Jiang (2024). A New Species of Cyrtodactylus tibetanus Group (Reptilia: Squamata: Gekkonidae) from Xizang Autonomous Region, China Animals, 14, 2384 https://doi.org/10.3390/ani14162384"
232,台湾小头蛇,Oligodon formosanus,安徽,事件表,省级新纪录事件（1省）,"陈圣、梁涛、钟晶晶、杨华琴、杨雪姣、徐文彬、宋昀微、张永 (2024). 安徽省蛇类新纪录——台湾小头蛇 Chinese Journal of Wildlife, 45(1), 226-227 https://doi.org/10.12375/ysdwxb.20240131"
233,古氏草蜥,Takydromus kuehnei,安徽,事件表,省级新纪录事件（1省）,"洪飞、胡降临、潘少杰、虞磊、韩杰、方杰 (2023). 安徽黄山发现蜥蜴类新纪录——古氏草蜥 Chinese Journal of Wildlife, 44(3), 705-707 https://doi.org/10.12375/ysdwxb.20230327"
234,光滑弯趾虎,Cyrtodactylus laevis,西藏,新种表,新种描述，转入 CHNR_new_species,"Shun Ma and Sheng‐Chao Shi and Tian‐Yu Qian and Lu‐Lu Sui and Bin Wang and Jian‐Ping Jiang (2024). A New Species of Cyrtodactylus tibetanus Group (Reptilia: Squamata: Gekkonidae) from Xizang Autonomous Region, China Animals, 14, 2384 https://doi.org/10.3390/ani14162384"
235,西藏裸趾虎,Cyrtodactylus tibetanus,,新种表,新种描述，转入 CHNR_new_species,"Shun Ma and Sheng‐Chao Shi and Tian‐Yu Qian and Lu‐Lu Sui and Bin Wang and Jian‐Ping Jiang (2024). A New Species of Cyrtodactylus tibetanus Group (Reptilia: Squamata: Gekkonidae) from Xizang Autonomous Region, China Animals, 14, 2384 https://doi.org/10.3390/ani14162384"
236,赵氏裸趾虎,Cyrtodactylus zhaoermii,,终审:B7 坐标在境内可反推省份,新种描述文献中的伴随物种记录，非明确新纪录事件,"Shun Ma and Sheng‐Chao Shi and Tian‐Yu Qian and Lu‐Lu Sui and Bin Wang and Jian‐Ping Jiang (2024). A New Species of Cyrtodactylus tibetanus Group (Reptilia: Squamata: Gekkonidae) from Xizang Autonomous Region, China Animals, 14, 2384 https://doi.org/10.3390/ani14162384"
237,墨脱高山蜥,Altiphylax medogense,,终审:A3 排除-无省份且无坐标,新种描述文献中的伴随物种记录，非明确新纪录事件,"Shun Ma and Sheng‐Chao Shi and Tian‐Yu Qian and Lu‐Lu Sui and Bin Wang and Jian‐Ping Jiang (2024). A New Species of Cyrtodactylus tibetanus Group (Reptilia: Squamata: Gekkonidae) from Xizang Autonomous Region, China Animals, 14, 2384 https://doi.org/10.3390/ani14162384"
238,大渡攀蜥,Diploderma daduense,四川,新种表,新种描述，转入 CHNR_new_species,"Bo Cai and Fengjing Liu and Dong Liang and Mian Hou and Huaming Zhou and Jiayun Zhong and Jing Li and Jiang Chang (2024). A New Species of Diploderma (Squamata, Agamidae) from the Valley of Dadu River in Sichuan Province, with a Redescription of Topotypes of D. splendidum from Hubei Province, China Animals, 14, 1344 https://doi.org/10.3390/ani14091344"
239,丽纹攀蜥,Diploderma splendidum,湖北,新种表,新种描述，转入 CHNR_new_species,"Bo Cai and Fengjing Liu and Dong Liang and Mian Hou and Huaming Zhou and Jiayun Zhong and Jing Li and Jiang Chang (2024). A New Species of Diploderma (Squamata, Agamidae) from the Valley of Dadu River in Sichuan Province, with a Redescription of Topotypes of D. splendidum from Hubei Province, China Animals, 14, 1344 https://doi.org/10.3390/ani14091344"
240,大渡攀蜥,Diploderma daduense,四川,新种表,新种描述，转入 CHNR_new_species,"Bo Cai and Fengjing Liu and Dong Liang and Mian Hou and Huaming Zhou and Jiayun Zhong and Jing Li and Jiang Chang (2024). A New Species of Diploderma (Squamata, Agamidae) from the Valley of Dadu River in Sichuan Province, with a Redescription of Topotypes of D. splendidum from Hubei Province, China Animals, 14, 1344 https://doi.org/10.3390/ani14091344"
241,饰纹姬蛙,Microhyla fissipes,河南,事件表,省级新纪录事件（1省）,"耿传宁、黄华、刘志文、赵海鹏 (2019). 河南省淮河以北地区(古北界)发现饰纹姬蛙 野生动物学报, 40(3), 814-816 https://doi.org/10.19711/j.cnki.issn2310-1490.2019.03.034"
242,丽纹攀蜥,Diploderma splendidum,湖北,新种表,新种描述，转入 CHNR_new_species,"Bo Cai and Fengjing Liu and Dong Liang and Mian Hou and Huaming Zhou and Jiayun Zhong and Jing Li and Jiang Chang (2024). A New Species of Diploderma (Squamata, Agamidae) from the Valley of Dadu River in Sichuan Province, with a Redescription of Topotypes of D. splendidum from Hubei Province, China Animals, 14, 1344 https://doi.org/10.3390/ani14091344"
243,赤链蛇,Lycodon rufozonatum,浙江,事件表,省级新纪录事件（1省）,"陈传武、张财文、丁国骅、张保卫、王彦平 (2022). 浙江蛇类新纪录———黄家岭脊蛇 野生动物学报, 43(4), 1149-1150 https://doi.org/10.12375/ysdwx b.20220435"
244,翡翠攀蜥,Japalura iadina,,排除,记录类型为'其他新纪录/再发现'等，未纳入省级新纪录事件表,"KAI WANG, KE JIANG, JINLONG REN, DAHU ZOU, JIAWEI WU, JING CHE & CAMERON D. SILER (2019). A new species of Dwarf Japalura sensu lato (Reptilia: Squamata: Agamidae) from the upper Mekong River in Eastern Tibet, China, with notes on morphological variation, distribution, and conservation of two congeners along the same river Zootaxa, 4544(4), 505–522 https://doi.org/10.11646/zootaxa.4544.4.3"
245,帆背攀蜥,Japalura vela,云南,排除,记录类型为'其他新纪录/再发现'等，未纳入省级新纪录事件表,"KAI WANG, KE JIANG, JINLONG REN, DAHU ZOU, JIAWEI WU, JING CHE & CAMERON D. SILER (2019). A new species of Dwarf Japalura sensu lato (Reptilia: Squamata: Agamidae) from the upper Mekong River in Eastern Tibet, China, with notes on morphological variation, distribution, and conservation of two congeners along the same river Zootaxa, 4544(4), 505–522 https://doi.org/10.11646/zootaxa.4544.4.3"
246,翡翠攀蜥,Japalura iadina,,事件表,省级新纪录事件（1省）,"KAI WANG and KE JIANG and JINLONG REN and DAHU ZOU and JIAWEI WU and JING CHE and CAMERON D. SILER (2019). A new species of Dwarf Japalura sensu lato (Reptilia: Squamata: Agamidae) from the upper Mekong River in Eastern Tibet, China, with notes on morphological variation, distribution, and conservation of two congeners along the same river Zootaxa, 4544(4), 505–522 https://doi.org/10.11646/zootaxa.4544.4.3"
247,帆背攀蜥,Japalura vela,云南,事件表,省级新纪录事件（1省）,"KAI WANG and KE JIANG and JINLONG REN and DAHU ZOU and JIAWEI WU and JING CHE and CAMERON D. SILER (2019). A new species of Dwarf Japalura sensu lato (Reptilia: Squamata: Agamidae) from the upper Mekong River in Eastern Tibet, China, with notes on morphological variation, distribution, and conservation of two congeners along the same river Zootaxa, 4544(4), 505–522 https://doi.org/10.11646/zootaxa.4544.4.3"
248,花坪白环蛇,Lycodon cathaya,湖南,事件表,省级新纪录事件（1省）,"刘佳昱、李辉、朱乐强、张先泰、彭德永、莫小阳、张志强 (2024). 湖南省蛇类新纪录——花坪白环蛇 Chinese Journal of Wildlife, 45(2), 434-440 https://doi.org/10.12375/ysdwxb.20240225"
249,猫儿山小鲵,Hynobius maoershanensis,广西,事件表,省级新纪录事件（1省）,"崔甄甄、武正军、杨选云、曾志锋、黄华苑 (2024). 猫儿山小鲵分布新纪录 Chinese Journal of Wildlife, 45(2), 441-447 https://doi.org/10.12375/ysdwxb.20240226"
250,黄家岭脊蛇,Achalinus huangjietangi,福建,事件表,省级新纪录事件（1省）,"章铁睿、黄松 (2024). 福建蛇类新纪录——黄家岭脊蛇 Chinese Journal of Wildlife, 45(1), 228-230 https://doi.org/10.12375/ysdwxb.20240132"
251,茅索角蟾,Xenophrys maosonensis,贵州,事件表,省级新纪录事件（1省）,"沈拓、李仕泽、刘京、穆浪、粟海军 (2022). 贵州贞丰发现茅索角蟾 野生动物学报, 43(3), 863-868 https://doi.org/10.12375/ysdwx b.20220338"
252,大雪山角蟾,Boulenophrys daxuemontis,云南,事件表,省级新纪录事件（1省）,"徐赛颖、高朔、王瑞琪、陈璐、吴云鹤 (2026). 云南省两栖类新记录——大雪山角蟾 四川动物, 1-11 https://doi.org/10.11984/j.issn.1000-7083.20250316"
253,饰纹姬蛙,Microhyla mixtura,四川,终审:A4 排除(建议)-伴随物种记录,新种描述文献中的伴随物种记录，非明确新纪录事件,"Meihua ZHANG and Liang FEI and Changyuan YE and Yufan WANG and Bin Wang and Jianping JIANG (2018). A New Species of Genus Microhyla (Amphibia: Anura: Microhylidae) from Zhejiang Province, China Asian Herpetological Research, 9(3), 135–148 https://doi.org/10.16373/j.cnki.ahr.180032"
254,粗皮姬蛙,Microhyla butleri,吉隆坡、永富,终审:C 排除-记录地为国外省区,新种描述文献中的伴随物种记录，非明确新纪录事件,"Meihua ZHANG and Liang FEI and Changyuan YE and Yufan WANG and Bin Wang and Jianping JIANG (2018). A New Species of Genus Microhyla (Amphibia: Anura: Microhylidae) from Zhejiang Province, China Asian Herpetological Research, 9(3), 135–148 https://doi.org/10.16373/j.cnki.ahr.180032"
255,龙里瘰螈,Paramesotriton longliensis,云南,事件表,省级新纪录事件（1省）,"李松等 (2021). 云南省发现龙里瘰螈 四川动物, 40(3), 310-313"
256,老挝拟须唇蛇,Parafimbrios lao,云南,事件表,省级新纪录事件（1省）,"王剀、吕植桐、王健、齐硕、车静 (2022). 云南省爬行动物名录和地理区划更新 生物多样性, 30(4), 1-31 https://doi.org/10.17520/biods.2021326"
257,福建华珊瑚蛇,Sinomicrurus kelloggi,云南,事件表,省级新纪录事件（1省）,"王剀、吕植桐、王健、齐硕、车静 (2022). 云南省爬行动物名录和地理区划更新 生物多样性, 30(4), 1-31 https://doi.org/10.17520/biods.2021326"
258,尖喙蛇,Gonyosoma boulengeri,云南,事件表,省级新纪录事件（1省）,"王剀、吕植桐、王健、齐硕、车静 (2022). 云南省爬行动物名录和地理区划更新 生物多样性, 30(4), 1-31 https://doi.org/10.17520/biods.2021326"
259,纹尾斜鳞蛇,Pseudoxenodon stejnegeri,云南,事件表,省级新纪录事件（1省）,"王剀、吕植桐、王健、齐硕、车静 (2022). 云南省爬行动物名录和地理区划更新 生物多样性, 30(4), 1-31 https://doi.org/10.17520/biods.2021326"
260,灰腹绿锦蛇,Gonyosoma frenatus,云南,事件表,省级新纪录事件（1省）,"杨泽鹏、魏平凡 (2022). 云南省爬行类首次记录灰腹绿锦蛇 四川动物, 41(1), 7-9"
261,广西华珊瑚蛇,Sinomicrurus peinani,云南,事件表,省级新纪录事件（1省）,"洪艳华、刘小龙、艾仁达、侯绍兵、杨云、蓝俊麟、袁智勇、段玉宝 (2022). 云南省蛇类新记录——广西华珊瑚蛇 四川动物, 41(2), 184-188"
262,小弧斑姬蛙,Microhyla heymonsi,,终审:A3 排除-无省份且无坐标,新种描述文献中的伴随物种记录，非明确新纪录事件,"Meihua ZHANG and Liang FEI and Changyuan YE and Yufan WANG and Bin Wang and Jianping JIANG (2018). A New Species of Genus Microhyla (Amphibia: Anura: Microhylidae) from Zhejiang Province, China Asian Herpetological Research, 9(3), 135–148 https://doi.org/10.16373/j.cnki.ahr.180032"
263,赤峰锦蛇,Elaphe anomala,内蒙古,排除,记录类型为'其他新纪录/再发现'等，未纳入省级新纪录事件表,"杨婧、李春华、姜秀丽、穆丽光、乌力吉、向昌林、张书理、鲍伟东 (2019). 陆生野生动物长期监测简报 野生动物学报, 40(1), 173-176 https://doi.org/10.19711/j.cnki.issn2310-1490.2019.01.028"
264,,Microhyla okinavensis,冲绳县,终审:C 排除-记录地为国外省区,新种描述文献中的伴随物种记录，非明确新纪录事件,"Meihua ZHANG and Liang FEI and Changyuan YE and Yufan WANG and Bin Wang and Jianping JIANG (2018). A New Species of Genus Microhyla (Amphibia: Anura: Microhylidae) from Zhejiang Province, China Asian Herpetological Research, 9(3), 135–148 https://doi.org/10.16373/j.cnki.ahr.180032"
265,双全白环蛇,Lycodon fasciatus,安徽,事件表,省级新纪录事件（1省）,
266,,Microhyla ornata,,终审:A3 排除-无省份且无坐标,新种描述文献中的伴随物种记录，非明确新纪录事件,"Meihua ZHANG and Liang FEI and Changyuan YE and Yufan WANG and Bin Wang and Jianping JIANG (2018). A New Species of Genus Microhyla (Amphibia: Anura: Microhylidae) from Zhejiang Province, China Asian Herpetological Research, 9(3), 135–148 https://doi.org/10.16373/j.cnki.ahr.180032"
267,王锦蛇,Elaphe carinata,山东,事件表,省级新纪录事件（1省）,"张守富、张守贵 (2002). 山东日照发现王锦蛇 动物学杂志, 72-73"
268,崇安地蜥,Platyplacopus sylvaticus,安徽,事件表,省级新纪录事件（1省）,
269,耿马半叶趾虎,Hemiphyllodactylus gengmaensis,云南,新种表,新种描述，转入 CHNR_new_species,"Hongxin Zhou and Shimin Li and Ziqi Shen and Shuo Liu and Dingqi Rao (2024). A new species of Hemiphyllodactylus (Squamata, Gekkonidae) from southwest Yunnan, China https://doi.org/10.3897/zookeys.1197.117359"
270,耿马半叶趾虎,Hemiphyllodactylus gengmaensis,云南,新种表,新种描述，转入 CHNR_new_species,"Hongxin Zhou and Shimin Li and Ziqi Shen and Shuo Liu and Dingqi Rao (2024). A new species of Hemiphyllodactylus (Squamata, Gekkonidae) from southwest Yunnan, China https://doi.org/10.3897/zookeys.1197.117359"
271,大角蟾,Megophrys major,广西,事件表,省级新纪录事件（1省）,"莫运明、周天福、谢志明 (2004). 我国三种两栖动物在广西的新分布 动物学杂志, 39(4), 92-94"
272,,Homonota williamsii,布宜诺斯艾利斯,排除,国外新种描述（省份为外国地名）,"LUCIANO JAVIER AVILA, CRISTIAN HERNAN FULVIO PEREZ, IGNACIO MINOLI & MARIANA MORANDO (2012). A new species of Homonota (Reptilia: Squamata: Gekkota: Phyllodactylidae) from the Ventania mountain range, Southeastern Pampas, Buenos Aires Province, Argentina Zootaxa, 3431, 19–36"
273,合征姬蛙,Microhyla mixtura,河南,事件表,省级新纪录事件（1省）,"陈晓虹、陶立奎、石灵、孟宪萍 (2003). 河南省发现合征姬蛙 动物学杂志, 38(3), 89-90"
274,豫南小鲵,Hynobius yunanicus,河南,新种表,新种描述，转入 CHNR_new_species,"石灵、侯名根、王新卫、陶立奎、陈晓虹 (2011). 河南省金岗台自然保护区两栖动物资源及保护 四川动物, 30(5), 828-830 https://doi.org/10.3969/j.issn.1000-7083.2011.05.042"
275,叶氏肛刺蛙,Yeirana yei,河南,新种表,新种描述，转入 CHNR_new_species,"石灵、侯名根、王新卫、陶立奎、陈晓虹 (2011). 河南省金岗台自然保护区两栖动物资源及保护 四川动物, 30(5), 828-830 https://doi.org/10.3969/j.issn.1000-7083.2011.05.042"
276,湖北侧褶蛙,Pelophylax hubeiensis,河南,事件表,省级新纪录事件（1省）,"石灵、侯名根、王新卫、陶立奎、陈晓虹 (2011). 河南省金岗台自然保护区两栖动物资源及保护 四川动物, 30(5), 828-830 https://doi.org/10.3969/j.issn.1000-7083.2011.05.042"
277,阔褶水蛙,Hylarana latouchii,河南,事件表,省级新纪录事件（1省）,"石灵、侯名根、王新卫、陶立奎、陈晓虹 (2011). 河南省金岗台自然保护区两栖动物资源及保护 四川动物, 30(5), 828-830 https://doi.org/10.3969/j.issn.1000-7083.2011.05.042"
278,大树蛙,Rhacophorus dennysi,河南,事件表,省级新纪录事件（1省）,"石灵、侯名根、王新卫、陶立奎、陈晓虹 (2011). 河南省金岗台自然保护区两栖动物资源及保护 四川动物, 30(5), 828-830 https://doi.org/10.3969/j.issn.1000-7083.2011.05.042"
279,斑腿泛树蛙,Polypedates megacephalus,河南,事件表,省级新纪录事件（1省）,"石灵、侯名根、王新卫、陶立奎、陈晓虹 (2011). 河南省金岗台自然保护区两栖动物资源及保护 四川动物, 30(5), 828-830 https://doi.org/10.3969/j.issn.1000-7083.2011.05.042"
280,,Homonota darwinii,,终审:A3 排除-无省份且无坐标,新种描述文献中的伴随物种记录，非明确新纪录事件,"LUCIANO JAVIER AVILA, CRISTIAN HERNAN FULVIO PEREZ, IGNACIO MINOLI & MARIANA MORANDO (2012). A new species of Homonota (Reptilia: Squamata: Gekkota: Phyllodactylidae) from the Ventania mountain range, Southeastern Pampas, Buenos Aires Province, Argentina Zootaxa, 3431, 19–36"
281,合征姬蛙,Microhyla mixtura,河南,事件表,省级新纪录事件（1省）,"石灵、侯名根、王新卫、陶立奎、陈晓虹 (2011). 河南省金岗台自然保护区两栖动物资源及保护 四川动物, 30(5), 828-830 https://doi.org/10.3969/j.issn.1000-7083.2011.05.042"
282,,Homonota fasciata,,终审:A3 排除-无省份且无坐标,新种描述文献中的伴随物种记录，非明确新纪录事件,"LUCIANO JAVIER AVILA, CRISTIAN HERNAN FULVIO PEREZ, IGNACIO MINOLI & MARIANA MORANDO (2012). A new species of Homonota (Reptilia: Squamata: Gekkota: Phyllodactylidae) from the Ventania mountain range, Southeastern Pampas, Buenos Aires Province, Argentina Zootaxa, 3431, 19–36"
283,,Homonota uruguayensis,,终审:A3 排除-无省份且无坐标,新种描述文献中的伴随物种记录，非明确新纪录事件,"LUCIANO JAVIER AVILA, CRISTIAN HERNAN FULVIO PEREZ, IGNACIO MINOLI & MARIANA MORANDO (2012). A new species of Homonota (Reptilia: Squamata: Gekkota: Phyllodactylidae) from the Ventania mountain range, Southeastern Pampas, Buenos Aires Province, Argentina Zootaxa, 3431, 19–36"
284,,Homonota rupicola,,终审:A3 排除-无省份且无坐标,新种描述文献中的伴随物种记录，非明确新纪录事件,"LUCIANO JAVIER AVILA, CRISTIAN HERNAN FULVIO PEREZ, IGNACIO MINOLI & MARIANA MORANDO (2012). A new species of Homonota (Reptilia: Squamata: Gekkota: Phyllodactylidae) from the Ventania mountain range, Southeastern Pampas, Buenos Aires Province, Argentina Zootaxa, 3431, 19–36"
285,金佛山拟小鲵,Pseudohynobius jinfo,重庆,新种表,新种描述，转入 CHNR_new_species,"GANG WEI and JIAN-LI XIONG and MIAN HOU and XIAO-MAO ZENG (2009). A new species of hynobiid salamander (Urodela: Hynobiidae: Pseudohynobius) from Southwestern China Zootaxa, 2149, 62–68"
286,金佛山拟小鲵,Pseudohynobius jinfo,重庆,新种表,新种描述，转入 CHNR_new_species,"GANG WEI and JIAN-LI XIONG and MIAN HOU and XIAO-MAO ZENG (2009). A new species of hynobiid salamander (Urodela: Hynobiidae: Pseudohynobius) from Southwestern China Zootaxa, 2149, 62–68"
287,金佛山拟小鲵,Pseudohynobius jinfo,重庆,新种表,新种描述，转入 CHNR_new_species,"GANG WEI and JIAN-LI XIONG and MIAN HOU and XIAO-MAO ZENG (2009). A new species of hynobiid salamander (Urodela: Hynobiidae: Pseudohynobius) from Southwestern China ZOOTAXA, 2149, 62–68"
288,金佛山拟小鲵,Pseudohynobius jinfo,重庆,新种表,新种描述，转入 CHNR_new_species,"GANG WEI and JIAN-LI XIONG and MIAN HOU and XIAO-MAO ZENG (2009). A new species of hynobiid salamander (Urodela: Hynobiidae: Pseudohynobius) from Southwestern China ZOOTAXA, 2149, 62–68"
289,金佛山拟小鲵,Pseudohynobius jinfo,重庆,新种表,新种描述，转入 CHNR_new_species,"GANG WEI and JIAN-LI XIONG and MIAN HOU and XIAO-MAO ZENG (2009). A new species of hynobiid salamander (Urodela: Hynobiidae: Pseudohynobius) from Southwestern China Zootaxa, 2149, 62–68"
290,蓝尾石龙子,Plestiodon elegans,,终审:A3 排除-无省份且无坐标,记录类型无法判定（原表未标注且引用无线索）,
291,印度蜓蜥,Sphenomorphus indicus,,终审:A3 排除-无省份且无坐标,记录类型无法判定（原表未标注且引用无线索）,
292,金佛山拟小鲵,Pseudohynobius jinfo,重庆,新种表,新种描述，转入 CHNR_new_species,"GANG WEI and JIAN-LI XIONG and MIAN HOU and XIAO-MAO ZENG (2009). A new species of hynobiid salamander (Urodela: Hynobiidae: Pseudohynobius) from Southwestern China Zootaxa, 2149, 62–68"
293,帆蜥,Japalura vela,西藏,新种表,新种描述，转入 CHNR_new_species,"Kai WANG and Ke JIANG and Gang PAN and Mian HOU and Cameron D. SILER and Jing CHE (2015). A New Species of Japalura (Squamata: Sauria: Agamidae) from Upper Lancang (Mekong) Valley of Eastern Tibet, China Asian Herpetological Research, 6(3), 159–168 https://doi.org/10.16373/j.cnki.ahr.140042"
294,中国壁虎,Gekko chinensis,海南、广东、广西,终审:排除(建议)-无引用且该省为已知分布,记录类型无法判定（原表未标注且引用无线索）,
295,草绿攀蜥,Japalura flaviceps,西藏,终审:A4 排除(建议)-伴随物种记录,新种描述文献中的伴随物种记录，非明确新纪录事件,"Kai WANG and Ke JIANG and Gang PAN and Mian HOU and Cameron D. SILER and Jing CHE (2015). A New Species of Japalura (Squamata: Sauria: Agamidae) from Upper Lancang (Mekong) Valley of Eastern Tibet, China Asian Herpetological Research, 6(3), 159–168 https://doi.org/10.16373/j.cnki.ahr.140042"
296,巴塘攀蜥,Japalura batangensis,,终审:A3 排除-无省份且无坐标,新种描述文献中的伴随物种记录，非明确新纪录事件,"Kai WANG and Ke JIANG and Gang PAN and Mian HOU and Cameron D. SILER and Jing CHE (2015). A New Species of Japalura (Squamata: Sauria: Agamidae) from Upper Lancang (Mekong) Valley of Eastern Tibet, China Asian Herpetological Research, 6(3), 159–168 https://doi.org/10.16373/j.cnki.ahr.140042"
297,米仓山攀蜥,Japalura micangshanensis,,终审:A3 排除-无省份且无坐标,新种描述文献中的伴随物种记录，非明确新纪录事件,"Kai WANG and Ke JIANG and Gang PAN and Mian HOU and Cameron D. SILER and Jing CHE (2015). A New Species of Japalura (Squamata: Sauria: Agamidae) from Upper Lancang (Mekong) Valley of Eastern Tibet, China Asian Herpetological Research, 6(3), 159–168 https://doi.org/10.16373/j.cnki.ahr.140042"
298,,Japalura variegata,,终审:A3 排除-无省份且无坐标,新种描述文献中的伴随物种记录，非明确新纪录事件,"Kai WANG and Ke JIANG and Gang PAN and Mian HOU and Cameron D. SILER and Jing CHE (2015). A New Species of Japalura (Squamata: Sauria: Agamidae) from Upper Lancang (Mekong) Valley of Eastern Tibet, China Asian Herpetological Research, 6(3), 159–168 https://doi.org/10.16373/j.cnki.ahr.140042"
299,哀鳞趾虎,Lepidodactylus lugubris,海南,事件表,省级新纪录事件（1省）,"王昊天 (2023). 海南岛壁虎科多样性研究 兼记二新记录属(有鳞目,蜥蜴亚目)"
300,半叶趾虎,Hemiphyllodactylus typus,海南,事件表,省级新纪录事件（1省）,"王昊天 (2023). 海南岛壁虎科多样性研究 兼记二新记录属(有鳞目,蜥蜴亚目)"
301,半叶趾虎未定种,Hemiphyllodactylus sp,海南,排除,属级记录，非种级事件,
302,白头蛙,Azemiops feae,湖北,事件表,省级新纪录事件（1省）,
303,,Japalura zhaoermii,,终审:A3 排除-无省份且无坐标,新种描述文献中的伴随物种记录，非明确新纪录事件,"Kai WANG and Ke JIANG and Gang PAN and Mian HOU and Cameron D. SILER and Jing CHE (2015). A New Species of Japalura (Squamata: Sauria: Agamidae) from Upper Lancang (Mekong) Valley of Eastern Tibet, China Asian Herpetological Research, 6(3), 159–168 https://doi.org/10.16373/j.cnki.ahr.140042"
304,裸耳攀蜥,Japalura dymondi,,终审:A3 排除-无省份且无坐标,新种描述文献中的伴随物种记录，非明确新纪录事件,"Kai WANG and Ke JIANG and Gang PAN and Mian HOU and Cameron D. SILER and Jing CHE (2015). A New Species of Japalura (Squamata: Sauria: Agamidae) from Upper Lancang (Mekong) Valley of Eastern Tibet, China Asian Herpetological Research, 6(3), 159–168 https://doi.org/10.16373/j.cnki.ahr.140042"
305,,Japalura sp. A,,排除,属级记录，非种级事件,"Kai WANG and Ke JIANG and Gang PAN and Mian HOU and Cameron D. SILER and Jing CHE (2015). A New Species of Japalura (Squamata: Sauria: Agamidae) from Upper Lancang (Mekong) Valley of Eastern Tibet, China Asian Herpetological Research, 6(3), 159–168 https://doi.org/10.16373/j.cnki.ahr.140042"
306,中国石龙子,Eumeces chinensis,河北,事件表,省级新纪录事件（1省）,
307,帆蜥,Japalura vela,西藏,新种表,新种描述，转入 CHNR_new_species,"Kai WANG and Ke JIANG and Gang PAN and Mian HOU and Cameron D. SILER and Jing CHE (2015). A New Species of Japalura (Squamata: Sauria: Agamidae) from Upper Lancang (Mekong) Valley of Eastern Tibet, China Asian Herpetological Research, 6(3), 159–168 https://doi.org/10.16373/j.cnki.ahr.140042"
308,粗皮姬蛙,Microhyla butleri,福建,排除,记录类型为'其他新纪录/再发现'等，未纳入省级新纪录事件表,
309,花姬蛙,Microhyla pulchra,福建,排除,记录类型为'其他新纪录/再发现'等，未纳入省级新纪录事件表,
310,草绿攀蜥,Japalura flaviceps,西藏,终审:A4 排除(建议)-伴随物种记录,新种描述文献中的伴随物种记录，非明确新纪录事件,"Kai WANG and Ke JIANG and Gang PAN and Mian HOU and Cameron D. SILER and Jing CHE (2015). A New Species of Japalura (Squamata: Sauria: Agamidae) from Upper Lancang (Mekong) Valley of Eastern Tibet, China Asian Herpetological Research, 6(3), 159–168 https://doi.org/10.16373/j.cnki.ahr.140042"
311,巴塘攀蜥,Japalura batangensis,,终审:A3 排除-无省份且无坐标,新种描述文献中的伴随物种记录，非明确新纪录事件,"Kai WANG and Ke JIANG and Gang PAN and Mian HOU and Cameron D. SILER and Jing CHE (2015). A New Species of Japalura (Squamata: Sauria: Agamidae) from Upper Lancang (Mekong) Valley of Eastern Tibet, China Asian Herpetological Research, 6(3), 159–168 https://doi.org/10.16373/j.cnki.ahr.140042"
312,米仓山攀蜥,Japalura micangshanensis,,终审:A3 排除-无省份且无坐标,新种描述文献中的伴随物种记录，非明确新纪录事件,"Kai WANG and Ke JIANG and Gang PAN and Mian HOU and Cameron D. SILER and Jing CHE (2015). A New Species of Japalura (Squamata: Sauria: Agamidae) from Upper Lancang (Mekong) Valley of Eastern Tibet, China Asian Herpetological Research, 6(3), 159–168 https://doi.org/10.16373/j.cnki.ahr.140042"
313,,Japalura variegata,,终审:A3 排除-无省份且无坐标,新种描述文献中的伴随物种记录，非明确新纪录事件,"Kai WANG and Ke JIANG and Gang PAN and Mian HOU and Cameron D. SILER and Jing CHE (2015). A New Species of Japalura (Squamata: Sauria: Agamidae) from Upper Lancang (Mekong) Valley of Eastern Tibet, China Asian Herpetological Research, 6(3), 159–168 https://doi.org/10.16373/j.cnki.ahr.140042"
314,,Japalura zhaoermii,,终审:A3 排除-无省份且无坐标,新种描述文献中的伴随物种记录，非明确新纪录事件,"Kai WANG and Ke JIANG and Gang PAN and Mian HOU and Cameron D. SILER and Jing CHE (2015). A New Species of Japalura (Squamata: Sauria: Agamidae) from Upper Lancang (Mekong) Valley of Eastern Tibet, China Asian Herpetological Research, 6(3), 159–168 https://doi.org/10.16373/j.cnki.ahr.140042"
315,裸耳攀蜥,Japalura dymondi,,终审:A3 排除-无省份且无坐标,新种描述文献中的伴随物种记录，非明确新纪录事件,"Kai WANG and Ke JIANG and Gang PAN and Mian HOU and Cameron D. SILER and Jing CHE (2015). A New Species of Japalura (Squamata: Sauria: Agamidae) from Upper Lancang (Mekong) Valley of Eastern Tibet, China Asian Herpetological Research, 6(3), 159–168 https://doi.org/10.16373/j.cnki.ahr.140042"
316,广东纤树蛙,Gracixalus guangdongensis,福建,事件表,省级新纪录事件（1省）,"王鹤霖、王臻祺、林清贤、周晓平 (2025). 福建省两栖动物新记录种———广东纤树蛙 厦门大学学报(自然科学版), 64(5), 910-916 https://doi.org/10.6043/j.issn.0438-0479.202407017"
317,,Japalura sp. A,,排除,属级记录，非种级事件,"Kai WANG and Ke JIANG and Gang PAN and Mian HOU and Cameron D. SILER and Jing CHE (2015). A New Species of Japalura (Squamata: Sauria: Agamidae) from Upper Lancang (Mekong) Valley of Eastern Tibet, China Asian Herpetological Research, 6(3), 159–168 https://doi.org/10.16373/j.cnki.ahr.140042"
318,杨氏树蛙,Kurixalus yangi,云南,新种表,新种描述，转入 CHNR_new_species,"Guohua Yu and Hong Hui and Dingqi Rao and Junxing Yang (2018). A new species of Kurixalus from western Yunnan, China (Anura, Rhacophoridae) ZooKeys, 770, 211–226 https://doi.org/10.3897/zookeys.770.23526"
319,天目臭蛙,Odorrana tianmuii,福建,事件表,省级新纪录事件（1省）,"王秋亚、朱艳军、陈卓、申惠君、陈晓虹 (2019). 福建省花臭蛙复合体组成及天目臭蛙分布新记录记述 动物学杂志, 54(4), 501-508 https://doi.org/10.13859/j.cjz.201904007"
320,黄岗臭蛙,Odorrana huanggangensis,福建,事件表,省级新纪录事件（1省）,"王秋亚、朱艳军、陈卓、申惠君、陈晓虹 (2019). 福建省花臭蛙复合体组成及天目臭蛙分布新记录记述 动物学杂志, 54(4), 501-508 https://doi.org/10.13859/j.cjz.201904007"
321,巫山布氏角蟾,Boulenophrys wushanensis,陕西,事件表,省级新纪录事件（1省）,"赵虎、孔飞、张红星 (2022). 秦岭北坡发现巫山布氏角蟾 野生动物学报, 43(2), 579-580 https://doi.org/10.12375/ysdwsb.20220244"
322,隆肛蛙,Feirana quadranus,陕西,排除,记录类型为'其他新纪录/再发现'等，未纳入省级新纪录事件表,"赵虎、孔飞、张红星 (2022). 秦岭北坡发现巫山布氏角蟾 野生动物学报, 43(2), 579-580 https://doi.org/10.12375/ysdwsb.20220244"
323,中国林蛙,Rana chensinensis,陕西,排除,记录类型为'其他新纪录/再发现'等，未纳入省级新纪录事件表,"赵虎、孔飞、张红星 (2022). 秦岭北坡发现巫山布氏角蟾 野生动物学报, 43(2), 579-580 https://doi.org/10.12375/ysdwsb.20220244"
324,眼斑水龟,Clemmys bealei,贵州,事件表,省级新纪录事件（1省）,"伍律、李德俊、须润华、黄谋、刘积深 (1978). 贵州爬行动物新纪录及一新种 贵州爬行动物新纪录及一新种, 105"
325,台湾地蜥,Platyplacopus kuehnei,贵州,事件表,省级新纪录事件（1省）,"伍律、李德俊、须润华、黄谋、刘积深 (1978). 贵州爬行动物新纪录及一新种 贵州爬行动物新纪录及一新种, 105"
326,蟒蛇,Python molurus bivittatus,贵州,事件表,省级新纪录事件（1省）,"伍律、李德俊、须润华、黄谋、刘积深 (1978). 贵州爬行动物新纪录及一新种 贵州爬行动物新纪录及一新种, 105"
327,杨氏树蛙,Kurixalus yangi,云南,新种表,新种描述，转入 CHNR_new_species,"Guohua Yu and Hong Hui and Dingqi Rao and Junxing Yang (2018). A new species of Kurixalus from western Yunnan, China (Anura, Rhacophoridae) ZooKeys, 770, 211–226 https://doi.org/10.3897/zookeys.770.23526"
328,绥阳掌突蟾,Leptobrachella suiyangensis,贵州,新种表,新种描述，转入 CHNR_new_species,"Tao Luo and Ning Xiao and Kai Gao and Jiang Zhou (2020). A new species of Leptobrachella (Anura, Megophryidae) from Guizhou Province, China ZooKeys, 923, 115–140 https://doi.org/10.3897/zookeys.923.47172"
329,绿锦蛇,Elaphe prasina,贵州,事件表,省级新纪录事件（1省）,"伍律、李德俊、须润华、黄谋、刘积深 (1978). 贵州爬行动物新纪录及一新种 贵州爬行动物新纪录及一新种, 105"
330,绥阳掌突蟾,Leptobrachella suiyangensis,贵州,新种表,新种描述，转入 CHNR_new_species,"Tao Luo and Ning Xiao and Kai Gao and Jiang Zhou (2020). A new species of Leptobrachella (Anura, Megophryidae) from Guizhou Province, China ZooKeys, 923, 115–140 https://doi.org/10.3897/zookeys.923.47172"
331,横纹斜鳞蛇,Pseudoxenodon bambusicola,贵州,事件表,省级新纪录事件（1省）,"伍律、李德俊、须润华、黄谋、刘积深 (1978). 贵州爬行动物新纪录及一新种 贵州爬行动物新纪录及一新种, 105"
332,台湾小头蛇,Oligodon formosanus,贵州,事件表,省级新纪录事件（1省）,"伍律、李德俊、须润华、黄谋、刘积深 (1978). 贵州爬行动物新纪录及一新种 贵州爬行动物新纪录及一新种, 105"
333,绥阳掌突蟾,Leptobrachella suiyangensis,贵州,新种表,新种描述，转入 CHNR_new_species,"Tao Luo and Ning Xiao and Kai Gao and Jiang Zhou (2020). A new species of Leptobrachella (Anura, Megophryidae) from Guizhou Province, China ZooKeys, 923, 115–140 https://doi.org/10.3897/zookeys.923.47172"
334,绥阳掌突蟾,Leptobrachella suiyangensis,贵州,新种表,新种描述，转入 CHNR_new_species,"Tao Luo and Ning Xiao and Kai Gao and Jiang Zhou (2020). A new species of Leptobrachella (Anura, Megophryidae) from Guizhou Province, China ZooKeys, 923, 115–140 https://doi.org/10.3897/zookeys.923.47172"
335,贵州小头蛇,Oligodon guizhouensis,贵州,新种表,新种描述，转入 CHNR_new_species,"伍律、李德俊、须润华、黄谋、刘积深 (1978). 贵州爬行动物新纪录及一新种 贵州爬行动物新纪录及一新种, 105"
336,刘氏掌突蟾,Leptolalax liui,福建,终审:A4 排除(建议)-伴随物种记录,新种描述文献中的伴随物种记录，非明确新纪录事件,"Yikhei SUNG and Jianhuan YANG and Yingyong WANG (2014). A New Species of Leptolalax (Anura: Megophryidae) from Southern China Asian Herpetological Research, 5(2), 80–90 https://doi.org/10.3724/SP.J.1245.2014.00080"
337,中华湍蛙,Amolops sinensis,贵州,事件表,省级新纪录事件（1省）,"李仕泽、刘京、徐宁、魏刚、王斌 (2020). 贵州省两栖类新记录种——中华湍蛙及其蝌蚪描述 四川动物, 39(1), 75-80 https://doi.org/10.11984/j.issn.1000-7083.20190122"
338,峨眉掌突蟾,Leptolalax oshanensis,四川,终审:A4 排除(建议)-伴随物种记录,新种描述文献中的伴随物种记录，非明确新纪录事件,"Yikhei SUNG and Jianhuan YANG and Yingyong WANG (2014). A New Species of Leptolalax (Anura: Megophryidae) from Southern China Asian Herpetological Research, 5(2), 80–90 https://doi.org/10.3724/SP.J.1245.2014.00080"
339,高山掌突蟾,Leptolalax alpinus,云南、广西,终审:A4 排除(建议)-伴随物种记录,新种描述文献中的伴随物种记录，非明确新纪录事件,"Yikhei SUNG and Jianhuan YANG and Yingyong WANG (2014). A New Species of Leptolalax (Anura: Megophryidae) from Southern China Asian Herpetological Research, 5(2), 80–90 https://doi.org/10.3724/SP.J.1245.2014.00080"
340,丽水吉松叶蜂,Gilpinia lishui,浙江,排除,非两爬/问题条目：非两爬/问题条目:昆虫(松叶蜂),
341,日本鹡鸰,Motacilla grandis,浙江,排除,名录归鸟纲，非两栖爬行动物,
342,腹斑掌突蟾,Leptolalax ventripunctatus,云南,终审:A4 排除(建议)-伴随物种记录,新种描述文献中的伴随物种记录，非明确新纪录事件,"Yikhei SUNG and Jianhuan YANG and Yingyong WANG (2014). A New Species of Leptolalax (Anura: Megophryidae) from Southern China Asian Herpetological Research, 5(2), 80–90 https://doi.org/10.3724/SP.J.1245.2014.00080"
343,刘氏掌突蟾,Leptolalax liui,福建,终审:A4 排除(建议)-伴随物种记录,新种描述文献中的伴随物种记录，非明确新纪录事件,"Yikhei SUNG and Jianhuan YANG and Yingyong WANG (2014). A New Species of Leptolalax (Anura: Megophryidae) from Southern China Asian Herpetological Research, 5(2), 80–90 https://doi.org/10.3724/SP.J.1245.2014.00080"
344,黄脊游蛇,Coluber spinalis,辽宁,终审:排除(建议)-无引用且该省为已知分布,记录类型无法判定（原表未标注且引用无线索）,
345,峨眉掌突蟾,Leptolalax oshanensis,四川,终审:A4 排除(建议)-伴随物种记录,新种描述文献中的伴随物种记录，非明确新纪录事件,"Yikhei SUNG and Jianhuan YANG and Yingyong WANG (2014). A New Species of Leptolalax (Anura: Megophryidae) from Southern China Asian Herpetological Research, 5(2), 80–90 https://doi.org/10.3724/SP.J.1245.2014.00080"
346,高山掌突蟾,Leptolalax alpinus,云南、广西,终审:A4 排除(建议)-伴随物种记录,新种描述文献中的伴随物种记录，非明确新纪录事件,"Yikhei SUNG and Jianhuan YANG and Yingyong WANG (2014). A New Species of Leptolalax (Anura: Megophryidae) from Southern China Asian Herpetological Research, 5(2), 80–90 https://doi.org/10.3724/SP.J.1245.2014.00080"
347,腹斑掌突蟾,Leptolalax ventripunctatus,云南,终审:A4 排除(建议)-伴随物种记录,新种描述文献中的伴随物种记录，非明确新纪录事件,"Yikhei SUNG and Jianhuan YANG and Yingyong WANG (2014). A New Species of Leptolalax (Anura: Megophryidae) from Southern China Asian Herpetological Research, 5(2), 80–90 https://doi.org/10.3724/SP.J.1245.2014.00080"
348,滑腹攀蜥,Diploderma laeviventre,,终审:A3 排除-无省份且无坐标,新种描述文献中的伴随物种记录，非明确新纪录事件,"Unknown Author (2019). A new species of Mountain Dragon (Reptilia: Agamidae: Diploderma) from the D. dymondi complex in southern Sichuan Province, China Zoological Research, 40(5), 456-465 https://doi.org/10.24272/j.issn.2095-8137.2019.034"
349,白尾双足蜥,Dibamus bourreti,广东,事件表,省级新纪录事件（1省）,杨剑焕、李云、张天度、张冰、王英永 (2011) 动物学杂志
350,黄山角蟾,Xenophrys huangshanensis,江西,事件表,省级新纪录事件（1省）,杨剑焕、洪元华、赵健、张昌友、王英永 (2013) 动物学杂志
351,米仓山攀蜥,Diploderma micangshanense,,终审:A3 排除-无省份且无坐标,新种描述文献中的伴随物种记录，非明确新纪录事件,"Unknown Author (2019). A new species of Mountain Dragon (Reptilia: Agamidae: Diploderma) from the D. dymondi complex in southern Sichuan Province, China Zoological Research, 40(5), 456-465 https://doi.org/10.24272/j.issn.2095-8137.2019.034"
352,,Pseudocalotes,,排除,属级记录，非种级事件,"Unknown Author (2019). A new species of Mountain Dragon (Reptilia: Agamidae: Diploderma) from the D. dymondi complex in southern Sichuan Province, China Zoological Research, 40(5), 456-465 https://doi.org/10.24272/j.issn.2095-8137.2019.034"
353,,Acanthosaura,,排除,属级记录，非种级事件,"Unknown Author (2019). A new species of Mountain Dragon (Reptilia: Agamidae: Diploderma) from the D. dymondi complex in southern Sichuan Province, China Zoological Research, 40(5), 456-465 https://doi.org/10.24272/j.issn.2095-8137.2019.034"
354,广西琴蛙,Nidirana guangxiensis,广西,新种表,新种描述，转入 CHNR_new_species,"Zhi-Tong Lyu and Zhong Huang and Xiao-Wen Liao and Li Lin and Yong Huang and Ying-Yong Wang and Yun-Ming Mo (2021). A new species of Music frog (Anura, Ranidae, Nidirana) from Mt Daming, Guangxi, China ZooKeys, 1059, 35–56 https://doi.org/10.3897/zookeys.1059.68140"
355,华夏齿突蟾,Scutiger feiliangi,河南,新种表,新种描述，转入 CHNR_new_species,周圣博、关萍、史静耸 (2023) 动物学杂志 10.13859/j.cjz.202305001
356,侧条跳树蛙,Chirixalus vittatus,广东,事件表,省级新纪录事件（1省）,杨剑焕、马新霞、王和聪、王英永 (2009) 动物学杂志
357,雷山琴蛙,Nidirana leishanensis,广西,排除,记录类型为'其他新纪录/再发现'等，未纳入省级新纪录事件表,"Zhi-Tong Lyu and Zhong Huang and Xiao-Wen Liao and Li Lin and Yong Huang and Ying-Yong Wang and Yun-Ming Mo (2021). A new species of Music frog (Anura, Ranidae, Nidirana) from Mt Daming, Guangxi, China ZooKeys, 1059, 35–56 https://doi.org/10.3897/zookeys.1059.68140"
358,,Myotis kalkoae,,排除,名录归哺乳纲，非两栖爬行动物,"Mikhail Petrovich Tiunov and Sen Liu and Jiang Feng and Pipat Soisook and Tinglei Jiang (2025). A new species of Myotis from China with notes on the siligorensis species group (Chiroptera, Vespertilionidae) Federal Science https://doi.org/10.3897/zookeys.1258.145290"
359,,Myotis phanluongi,,排除,名录归哺乳纲，非两栖爬行动物,"Mikhail Petrovich Tiunov and Sen Liu and Jiang Feng and Pipat Soisook and Tinglei Jiang (2025). A new species of Myotis from China with notes on the siligorensis species group (Chiroptera, Vespertilionidae) Federal Science https://doi.org/10.3897/zookeys.1258.145290"
360,安吉小鲵,Hynobius amjiensis,安徽,事件表,省级新纪录事件（1省）,
361,东亚腹链蛇,Hebius vibakari,安徽,事件表,省级新纪录事件（1省）,张财文、马号号、吴阿芳、虞磊、张保卫 (2023) 动物学杂志 Chinese Journal of Zoology 10.13859/j.cjz.202303014
362,棕脊蛇,Achalinus rufescens,安徽,事件表,省级新纪录事件（1省）,彭丽芳、黄松 (2015) 动物学杂志 10.13859/j.cjz.201501024
363,福建华珊瑚蛇,Sinomicrurus kelloggi,安徽,事件表,省级新纪录事件（1省）,陈进民、唐鑫生、黄松 (2013) 动物学杂志
364,股鳞蜓蜥,Sphenomorphus incertus,安徽,事件表,省级新纪录事件（1省）,唐鑫生、黄松 (2021) 动物学杂志
365,孟闻琴蛙,Nidirana mangveni,安徽,事件表,省级新纪录事件（1省）,刘奔、马秋帆、方沿涛、黄平倩、李伦香、靳志杰、周翔、陈晓春、吴孝兵、陈进民、李冰欣 (2023) 动物学杂志 10.13859/j.cjz.202323091
366,栗鼠耳蝠,Myotis badius,,排除,名录归哺乳纲，非两栖爬行动物,"Mikhail Petrovich Tiunov and Sen Liu and Jiang Feng and Pipat Soisook and Tinglei Jiang (2025). A new species of Myotis from China with notes on the siligorensis species group (Chiroptera, Vespertilionidae) Federal Science https://doi.org/10.3897/zookeys.1258.145290"
367,高颅鼠耳蝠,Myotis siligorensis,,排除,名录归哺乳纲，非两栖爬行动物,"Mikhail Petrovich Tiunov and Sen Liu and Jiang Feng and Pipat Soisook and Tinglei Jiang (2025). A new species of Myotis from China with notes on the siligorensis species group (Chiroptera, Vespertilionidae) Federal Science https://doi.org/10.3897/zookeys.1258.145290"
368,吴氏肥螈,Pachytriton wuguanfui,广东,事件表,省级新纪录事件（1省）,宋晗铭、王昊天、林泽花、郑寿松、周志恩、龚粤宁、刘志发、李友余、齐硕、王英永 (2024) 动物学杂志 10.13859/j.cjz.202424014
369,强婚刺铃蟾,Bombina fortinuptialis,广东,事件表,省级新纪录事件（1省）,宋晗铭、王昊天、林泽花、郑寿松、周志恩、龚粤宁、刘志发、李友余、齐硕、王英永 (2024) 动物学杂志 10.13859/j.cjz.202424014
370,大卫鼠耳蝠,Myotis davidii,,排除,名录归哺乳纲，非两栖爬行动物,"Mikhail Petrovich Tiunov and Sen Liu and Jiang Feng and Pipat Soisook and Tinglei Jiang (2025). A new species of Myotis from China with notes on the siligorensis species group (Chiroptera, Vespertilionidae) Federal Science https://doi.org/10.3897/zookeys.1258.145290"
371,,Myotis mystacinus,,排除,名录归哺乳纲，非两栖爬行动物,"Mikhail Petrovich Tiunov and Sen Liu and Jiang Feng and Pipat Soisook and Tinglei Jiang (2025). A new species of Myotis from China with notes on the siligorensis species group (Chiroptera, Vespertilionidae) Federal Science https://doi.org/10.3897/zookeys.1258.145290"
372,湘琴蛙,Nidirana xiangica,广东,事件表,省级新纪录事件（1省）,宋晗铭、王昊天、林泽花、郑寿松、周志恩、龚粤宁、刘志发、李友余、齐硕、王英永 (2024) 动物学杂志 10.13859/j.cjz.202424014
373,北部湾棱皮树蛙,Theloderma corticale,广东,事件表,省级新纪录事件（1省）,宋晗铭、王昊天、林泽花、郑寿松、周志恩、龚粤宁、刘志发、李友余、齐硕、王英永 (2024) 动物学杂志 10.13859/j.cjz.202424014
374,尼泊尔鼠耳蝠,Myotis nipalensis,,排除,名录归哺乳纲，非两栖爬行动物,"Mikhail Petrovich Tiunov and Sen Liu and Jiang Feng and Pipat Soisook and Tinglei Jiang (2025). A new species of Myotis from China with notes on the siligorensis species group (Chiroptera, Vespertilionidae) Federal Science https://doi.org/10.3897/zookeys.1258.145290"
375,,Myotis sowerbyi,,排除,名录归哺乳纲，非两栖爬行动物,"Mikhail Petrovich Tiunov and Sen Liu and Jiang Feng and Pipat Soisook and Tinglei Jiang (2025). A new species of Myotis from China with notes on the siligorensis species group (Chiroptera, Vespertilionidae) Federal Science https://doi.org/10.3897/zookeys.1258.145290"
376,横纹翠青蛇,Cyclophiops multicinctus,广东,事件表,省级新纪录事件（1省）,肖智、黎振昌、庆宁 (2010) 动物学杂志
377,白线树蛙,Rhacophorus leucofasciatus,广东,事件表,省级新纪录事件（1省）,丁向运、张冰、侯德佳、邓国杏、陈军、郑明、杨道德 (2019) 动物学杂志 10.13859/j.cjz.201903020
378,腹斑倭蛙,Nanorana ventripunctata,云南,终审:A4 排除(建议)-伴随物种记录,新种描述文献中的伴随物种记录，非明确新纪录事件,"Shangjing Tang and Shuo Liu and Guohua Yu (2023). A New Species of Nanorana (Anura: Dicroglossidae) from Northwestern Yunnan, China, with Comments on the Taxonomy of Nanorana arunachalensis and Allopaa Animals, 13, 3427 https://doi.org/10.3390/ani13213427"
379,倭蛙,Nanorana pleskei,,终审:A3 排除-无省份且无坐标,新种描述文献中的伴随物种记录，非明确新纪录事件,"Shangjing Tang and Shuo Liu and Guohua Yu (2023). A New Species of Nanorana (Anura: Dicroglossidae) from Northwestern Yunnan, China, with Comments on the Taxonomy of Nanorana arunachalensis and Allopaa Animals, 13, 3427 https://doi.org/10.3390/ani13213427"
380,方花丽斑蛇,Archelaphe bella,湖南,排除,记录类型为'其他新纪录/再发现'等，未纳入省级新纪录事件表,
381,台北纤蛙,Hylarana taipehensis,澳门,事件表,省级新纪录事件（1省）,黄继展、葛研、龚世平、简汉彪、李志锐、吴作谦 (2015) 动物学杂志 10.13859/j.cjz.201502016
382,邦达倭蛙,Nanorana bangdaensis,,终审:A3 排除-无省份且无坐标,新种描述文献中的伴随物种记录，非明确新纪录事件,"Shangjing Tang and Shuo Liu and Guohua Yu (2023). A New Species of Nanorana (Anura: Dicroglossidae) from Northwestern Yunnan, China, with Comments on the Taxonomy of Nanorana arunachalensis and Allopaa Animals, 13, 3427 https://doi.org/10.3390/ani13213427"
383,,Nanorana arunachalensis,,新种表,新种描述，转入 CHNR_new_species,"Shangjing Tang and Shuo Liu and Guohua Yu (2023). A New Species of Nanorana (Anura: Dicroglossidae) from Northwestern Yunnan, China, with Comments on the Taxonomy of Nanorana arunachalensis and Allopaa Animals, 13, 3427 https://doi.org/10.3390/ani13213427"
384,沼蛙,Boulengerana guentheri,澳门,终审:排除-伴随物种（调查背景种）,记录类型无法判定（原表未标注且引用无线索）,黄继展、葛研、龚世平、简汉彪、李志锐、吴作谦 (2015) 动物学杂志 10.13859/j.cjz.201502016
385,,Allopaa hazarensis,,终审:A3 排除-无省份且无坐标,新种描述文献中的伴随物种记录，非明确新纪录事件,"Shangjing Tang and Shuo Liu and Guohua Yu (2023). A New Species of Nanorana (Anura: Dicroglossidae) from Northwestern Yunnan, China, with Comments on the Taxonomy of Nanorana arunachalensis and Allopaa Animals, 13, 3427 https://doi.org/10.3390/ani13213427"
386,雪林棘蛙,Nanorana xuelinensis,云南,新种表,新种描述，转入 CHNR_new_species,"Shuo Liu and Peisong Zhang and Dingqi Rao (2021). A new species of Nanorana Günther, 1896 (Anura, Dicroglossidae) from Yunnan, China ZooKeys, 1048, 49–67 https://doi.org/10.3897/zookeys.1048.65620"
387,雪林棘蛙,Nanorana xuelinensis,云南,新种表,新种描述，转入 CHNR_new_species,"Shuo Liu and Peisong Zhang and Dingqi Rao (2021). A new species of Nanorana Günther, 1896 (Anura, Dicroglossidae) from Yunnan, China ZooKeys, 1048, 49–67 https://doi.org/10.3897/zookeys.1048.65620"
388,渔游蛇,Xenochrophis piscator,澳门,终审:排除-伴随物种（调查背景种）,记录类型无法判定（原表未标注且引用无线索）,黄继展、葛研、龚世平、简汉彪、李志锐、吴作谦 (2015) 动物学杂志 10.13859/j.cjz.201502016
389,六盘齿突蟾,Scutiger liupanensis,甘肃,事件表,省级新纪录事件（1省）,孙呈祥、龚大洁、孙立新、陈暅、任雅楠 (2013) 动物学杂志
390,若尔盖锦蛇,Elaphe zoigeensis,甘肃,事件表,省级新纪录事件（1省）,史静耸、姜中文、赵伟、石岳 (2019) 动物学杂志 Chinese Journal of Zoology 10.13859/j.cjz.201905020
391,桂北琴蛙,Nidirana guibeiensis,广西,新种表,新种描述，转入 CHNR_new_species,"Wei-Cai Chen and Jian-Ping Ye and Wan-Xiao Peng and Peng Li and Tong-Ping Su and Gui-Dong Yu and Zhi-Ying Cheng (2022). A new species of Nidirana (Anura, Ranidae) from northern Guangxi, China ZooKeys, 1135, 119–137 https://doi.org/10.3897/zookeys.1135.94371"
392,桂北琴蛙,Nidirana guibeiensis,广西,新种表,新种描述，转入 CHNR_new_species,"Wei-Cai Chen and Jian-Ping Ye and Wan-Xiao Peng and Peng Li and Tong-Ping Su and Gui-Dong Yu and Zhi-Ying Cheng (2022). A new species of Nidirana (Anura, Ranidae) from northern Guangxi, China ZooKeys, 1135, 119–137 https://doi.org/10.3897/zookeys.1135.94371"
393,桑植臭蛙,Odorrana sangzhiensis,湖南,新种表,新种描述，转入 CHNR_new_species,"Bing Zhang and Yuan Li and Ke Hu and Pipeng Li and Zhirong Gu and Nengwen Xiao and Daode Yang (2021). A new species of Odorrana (Anura, Ranidae) from Hunan Province, China ZooKeys, 1024, 91–115 https://doi.org/10.3897/zookeys.1024.56399"
394,桑植臭蛙,Odorrana sangzhiensis,湖南,新种表,新种描述，转入 CHNR_new_species,"Bing Zhang and Yuan Li and Ke Hu and Pipeng Li and Zhirong Gu and Nengwen Xiao and Daode Yang (2021). A new species of Odorrana (Anura, Ranidae) from Hunan Province, China ZooKeys, 1024, 91–115 https://doi.org/10.3897/zookeys.1024.56399"
395,鼻臭蛙,Odorrana nasica,,终审:A3 排除-无省份且无坐标,新种描述文献中的伴随物种记录，非明确新纪录事件,"Wei-Cai Chen and Yun-Ming Mo and Li Lin and Kun Qin (2024). A new species of Odorrana Fei, Ye & Huang, 1990 (Amphibia, Anura, Ranidae) from central Guangxi, China with a discussion of the taxonomy of Odorrana (Bamburana) ZooKeys https://doi.org/10.3897/zookeys.1190.109886"
396,封开臭蛙,Odorrana fengkaiensis,广东,终审:A4 排除(建议)-伴随物种记录,新种描述文献中的伴随物种记录，非明确新纪录事件,"Wei-Cai Chen and Yun-Ming Mo and Li Lin and Kun Qin (2024). A new species of Odorrana Fei, Ye & Huang, 1990 (Amphibia, Anura, Ranidae) from central Guangxi, China with a discussion of the taxonomy of Odorrana (Bamburana) ZooKeys https://doi.org/10.3897/zookeys.1190.109886"
397,合江臭蛙,Odorrana hejiangensis,四川,终审:A4 排除(建议)-伴随物种记录,新种描述文献中的伴随物种记录，非明确新纪录事件,"Wei-Cai Chen and Yun-Ming Mo and Li Lin and Kun Qin (2024). A new species of Odorrana Fei, Ye & Huang, 1990 (Amphibia, Anura, Ranidae) from central Guangxi, China with a discussion of the taxonomy of Odorrana (Bamburana) ZooKeys https://doi.org/10.3897/zookeys.1190.109886"
398,虚竹小鲵,Hynobius bambusicolus,,新种表,新种描述，转入 CHNR_new_species,冯金英、王鹤霖、王臻祺、钟鸿辉、林清贤、周晓平 (2025) 动物学杂志 10.13859/j.cjz.202525007
399,陈氏肥螈,Pachytriton cheni,安徽,新种表,新种描述，转入 CHNR_new_species,"Zhirong He and Siyu Wu and Shanqing Wang and Li Ma and Na Zhao and Xiaobing Wu and Supen Wang (2025). A New Species of Pachytriton (Amphibia: Caudata: Salamandridae) from Anhui, China Animals, 15, 3018 https://doi.org/10.3390/ani15203018"
400,秉志肥螈,Pachytriton granulosus,浙江,终审:A4 排除(建议)-伴随物种记录,新种描述文献中的伴随物种记录，非明确新纪录事件,"Zhirong He and Siyu Wu and Shanqing Wang and Li Ma and Na Zhao and Xiaobing Wu and Supen Wang (2025). A New Species of Pachytriton (Amphibia: Caudata: Salamandridae) from Anhui, China Animals, 15, 3018 https://doi.org/10.3390/ani15203018"
401,费氏肥螈,Pachytriton feii,,终审:A3 排除-无省份且无坐标,新种描述文献中的伴随物种记录，非明确新纪录事件,"Zhirong He and Siyu Wu and Shanqing Wang and Li Ma and Na Zhao and Xiaobing Wu and Supen Wang (2025). A New Species of Pachytriton (Amphibia: Caudata: Salamandridae) from Anhui, China Animals, 15, 3018 https://doi.org/10.3390/ani15203018"
402,黑斑肥螈,Pachytriton brevipes,,终审:A3 排除-无省份且无坐标,新种描述文献中的伴随物种记录，非明确新纪录事件,"Zhirong He and Siyu Wu and Shanqing Wang and Li Ma and Na Zhao and Xiaobing Wu and Supen Wang (2025). A New Species of Pachytriton (Amphibia: Caudata: Salamandridae) from Anhui, China Animals, 15, 3018 https://doi.org/10.3390/ani15203018"
403,乐东蟾蜍,Bufo ledongensis,广东,事件表,省级新纪录事件（1省）,龚世平、王力军、廖广桥、杨昌腾 (2011) 动物学杂志
404,长肢林蛙,Rana longicrus,广东,事件表,省级新纪录事件（1省）,胡诗佳、翁锦泅、李东洋、周鹏、龚世平 (2012) 动物学杂志
405,刘氏链蛇,Lycodon liuchengchaoi,广东,事件表,省级新纪录事件（1省）,彭丽芳、拉琼、张新旺、张亮、黄松 (2018) 动物学杂志 10.13859/j.cjz.201805018
406,尖喙蛇,Rhynchophis boulengeri,广东,事件表,省级新纪录事件（1省）,彭丽芳、张勇、池鸿健、金爱军、张亮、黄松 (2017) 动物学杂志 Chinese Journal of Zoology 10.13859/j.cjz.201706015
407,背条跳树蛙,Chirixalus doriae,广东,事件表,省级新纪录事件（1省）,邓可、陈清华、朱弼成、杨悦、陈勤、崔建国 (2018) 动物学杂志 Chinese Journal of Zoology 10.13859/j.cjz.201803016
408,黄斑肥螈,Pachytriton xanthospilos,,终审:A3 排除-无省份且无坐标,新种描述文献中的伴随物种记录，非明确新纪录事件,"Zhirong He and Siyu Wu and Shanqing Wang and Li Ma and Na Zhao and Xiaobing Wu and Supen Wang (2025). A New Species of Pachytriton (Amphibia: Caudata: Salamandridae) from Anhui, China Animals, 15, 3018 https://doi.org/10.3390/ani15203018"
409,,Paramesotriton,,排除,属级记录，非种级事件,"Zhirong He and Siyu Wu and Shanqing Wang and Li Ma and Na Zhao and Xiaobing Wu and Supen Wang (2025). A New Species of Pachytriton (Amphibia: Caudata: Salamandridae) from Anhui, China Animals, 15, 3018 https://doi.org/10.3390/ani15203018"
410,秉志肥螈,Pachytriton granulosus,浙江,终审:A4 排除(建议)-伴随物种记录,新种描述文献中的伴随物种记录，非明确新纪录事件,"Zhirong HE and Jiaqi LI and Siyu WU and Shanqing WANG and Na ZHAO and Li Ma and Jianping JIANG and Xiaobing WU and Supen WANG (2024). A New Species of Pachytriton from Anhui, China (Amphibia: Caudata: Salamandridae) bioRxiv preprint https://doi.org/10.1101/2024.05.08.592934"
411,费氏肥螈,Pachytriton feii,安徽,终审:A4 排除(建议)-伴随物种记录,新种描述文献中的伴随物种记录，非明确新纪录事件,"Zhirong HE and Jiaqi LI and Siyu WU and Shanqing WANG and Na ZHAO and Li Ma and Jianping JIANG and Xiaobing WU and Supen WANG (2024). A New Species of Pachytriton from Anhui, China (Amphibia: Caudata: Salamandridae) bioRxiv preprint https://doi.org/10.1101/2024.05.08.592934"
412,锈链腹链蛇,Amphiesma craspedogaster,,终审:A3 排除-无省份且无坐标,记录类型无法判定（原表未标注且引用无线索）,
413,黑斑肥螈,Pachytriton brevipes,,终审:A3 排除-无省份且无坐标,新种描述文献中的伴随物种记录，非明确新纪录事件,"Zhirong HE and Jiaqi LI and Siyu WU and Shanqing WANG and Na ZHAO and Li Ma and Jianping JIANG and Xiaobing WU and Supen WANG (2024). A New Species of Pachytriton from Anhui, China (Amphibia: Caudata: Salamandridae) bioRxiv preprint https://doi.org/10.1101/2024.05.08.592934"
414,南方肥螈,Pachytriton airobranchiatus,,终审:A3 排除-无省份且无坐标,新种描述文献中的伴随物种记录，非明确新纪录事件,"Zhirong HE and Jiaqi LI and Siyu WU and Shanqing WANG and Na ZHAO and Li Ma and Jianping JIANG and Xiaobing WU and Supen WANG (2024). A New Species of Pachytriton from Anhui, China (Amphibia: Caudata: Salamandridae) bioRxiv preprint https://doi.org/10.1101/2024.05.08.592934"
415,弓斑肥螈,Pachytriton archospotus,,终审:A3 排除-无省份且无坐标,新种描述文献中的伴随物种记录，非明确新纪录事件,"Nishikawa, Kanto and Matsui, Masafumi and Jiang, Jian-Ping (2012). A New Species of Pachytriton from China (Amphibia: Urodela: Salamandridae) Current Herpetology, 31(1), 21-27 https://doi.org/10.5358/hsj.31.21"
416,黑斑肥螈,Pachytriton brevipes,,终审:A3 排除-无省份且无坐标,新种描述文献中的伴随物种记录，非明确新纪录事件,"Nishikawa, Kanto and Matsui, Masafumi and Jiang, Jian-Ping (2012). A New Species of Pachytriton from China (Amphibia: Urodela: Salamandridae) Current Herpetology, 31(1), 21-27 https://doi.org/10.5358/hsj.31.21"
417,福清白环蛇,Lycodon futsingensis,广东,事件表,省级新纪录事件（1省）,张亮、蒋珂、胡平、遇宝成、彭波涌、唐小平、胡慧建 (2011) 动物学杂志
418,菱斑小头蛇,Oligodon bivirgatus,广东,事件表,省级新纪录事件（1省）,
419,越南烙铁头蛇,Ovophis kinensis,广东,事件表,省级新纪录事件（1省）,张亮、韦启浪、蒋珂、遇宝成、唐小平、丁晓龙、胡慧建 (2011) 动物学杂志
420,黑带腹链蛇,Amphiesma bitaeniata,广东,事件表,省级新纪录事件（1省）,龚世平、何兵、杨昌腾 (2009) 动物学杂志Chinese Journal of Zoology
421,莫氏肥螈,Pachytriton moi,,终审:A3 排除-无省份且无坐标,新种描述文献中的伴随物种记录，非明确新纪录事件,"Nishikawa, Kanto and Matsui, Masafumi and Jiang, Jian-Ping (2012). A New Species of Pachytriton from China (Amphibia: Urodela: Salamandridae) Current Herpetology, 31(1), 21-27 https://doi.org/10.5358/hsj.31.21"
422,费氏肥螈,Pachytriton feii,,终审:A3 排除-无省份且无坐标,新种描述文献中的伴随物种记录，非明确新纪录事件,"Nishikawa, Kanto and Matsui, Masafumi and Jiang, Jian-Ping (2012). A New Species of Pachytriton from China (Amphibia: Urodela: Salamandridae) Current Herpetology, 31(1), 21-27 https://doi.org/10.5358/hsj.31.21"
423,秉志肥螈,Pachytriton granulosus,,终审:A3 排除-无省份且无坐标,新种描述文献中的伴随物种记录，非明确新纪录事件,"Nishikawa, Kanto and Matsui, Masafumi and Jiang, Jian-Ping (2012). A New Species of Pachytriton from China (Amphibia: Urodela: Salamandridae) Current Herpetology, 31(1), 21-27 https://doi.org/10.5358/hsj.31.21"
424,腹斑掌突蟾,Leptobrachella ventripunctata,广西,事件表,省级新纪录事件（1省）,吴志灵、赖洁玲、张廷瑞、白林壮、黄亮亮、郜二虎、贝永建 (2022) 动物学杂志 10.13859/j.cjz.202204016
425,荔波臭蛙,Odorrana liboensis,广西,事件表,省级新纪录事件（1省）,莫秋妹、刘硕、陈慧、余国华、孙涛 (2022) 动物学杂志 10.13859/j.cjz.202206014
426,瑶山肥螈,Pachytriton inexpectatus,,终审:A3 排除-无省份且无坐标,新种描述文献中的伴随物种记录，非明确新纪录事件,"Nishikawa, Kanto and Matsui, Masafumi and Jiang, Jian-Ping (2012). A New Species of Pachytriton from China (Amphibia: Urodela: Salamandridae) Current Herpetology, 31(1), 21-27 https://doi.org/10.5358/hsj.31.21"
427,茂兰瘰螈,Paramesotriton maolanensis,贵州,新种表,新种描述，转入 CHNR_new_species,"XIAOMING GU and RONGRONG CHEN and YINGZHOU TIAN and SONG LI and JINGCHENG RAN (2012). A new species of Paramesotriton (Caudata: Salamandridae) from Guizhou Province, China Zootaxa, 3510, 41–52"
428,茂兰瘰螈,Paramesotriton maolanensis,贵州,新种表,新种描述，转入 CHNR_new_species,"XIAOMING GU and RONGRONG CHEN and YINGZHOU TIAN and SONG LI and JINGCHENG RAN (2012). A new species of Paramesotriton (Caudata: Salamandridae) from Guizhou Province, China Zootaxa, 3510, 41–52"
429,大别山蛙,Rana dabieshanensis,安徽,新种表,新种描述，转入 CHNR_new_species,"Chencheng Wang and Lifu Qian and Chenling Zhang and Weibo Guo and Tao Pan and Jun Wu and Hui Wang and Baowei Zhang (2017). A new species of Rana from the Dabie Mountains in eastern China (Anura, Ranidae) ZooKeys, 724, 135–153 https://doi.org/10.3897/zookeys.724.19383"
430,云开脊蛇,Achalinus yunkaiensis,广西,事件表,省级新纪录事件（1省）,喻敏、李科、刘芹、杨孔、吴亚勇、郭鹏 (2020) 动物学杂志 Chinese Journal of Zoology 10.13859/j.cjz.202006013
431,印支棱皮树蛙,Theloderma gordoni,广西,事件表,省级新纪录事件（1省）,徐宇浩、吴家祥、龚宴安、侯勉、梁晟铭、彭丽芳 (2024) 动物学杂志 10.13859/j.cjz.202424028
432,百色钝头蛇,Pareas baiseensis,,新种表,新种描述，转入 CHNR_new_species,徐宇浩、吴家祥、龚宴安、侯勉、梁晟铭、彭丽芳 (2024) 动物学杂志 10.13859/j.cjz.202424028
433,右江腹链蛇,Hebius youjiangensis,,新种表,新种描述，转入 CHNR_new_species,徐宇浩、吴家祥、龚宴安、侯勉、梁晟铭、彭丽芳 (2024) 动物学杂志 10.13859/j.cjz.202424028
434,百色壁虎,Gekko paucituberculatus,,终审:A3 排除-无省份且无坐标,记录类型无法判定（原表未标注且引用无线索）,徐宇浩、吴家祥、龚宴安、侯勉、梁晟铭、彭丽芳 (2024) 动物学杂志 10.13859/j.cjz.202424028
435,雷山琴蛙,Nidirana leishanensis,广西,事件表,省级新纪录事件（1省）,黄忠、廖晓雯、莫运明 (2022) 动物学杂志 10.13859/j.cjz.202201009
436,越南烙铁头蛇,Ovophis tonkinensis,贵州,事件表,省级新纪录事件（1省）,徐宇浩、刘丹、韦海潇、龚宴安、黄松、彭丽芳 (2025) 动物学杂志 Chinese Journal of Zoology 10.13859/j.cjz.202424080
437,寒露林蛙,Rana hanluica,贵州,事件表,省级新纪录事件（1省）,陈继军、古定豪、侯德华、宋志红 (2017) 动物学杂志 10.13859/j.cjz.201701020
438,昆明钝头蛇,Pareas niger,贵州,事件表,省级新纪录事件（1省）,杨桂平、李仕泽、刘京、王斌、李灿、魏刚 (2023) 动物学杂志 10.13859/j.cjz.202302013
439,方花蛇,Archelaphe bella,贵州,事件表,省级新纪录事件（1省）,王娇娇、王丞、田宇、胡灿实、张明明、李仕泽、粟海军 (2019) 动物学杂志 10.13859/j.cjz.201901025
440,贡山白环蛇,Lycodon gongshan,贵州,事件表,省级新纪录事件（1省）,章铁睿、王欣格、朱启辉、黄汝怡、黄松 (2025) 动物学杂志 Chinese Journal of Zoology 10.13859/j.cjz.24255
441,大别山蛙,Rana dabieshanensis,安徽,新种表,新种描述，转入 CHNR_new_species,"Chencheng Wang and Lifu Qian and Chenling Zhang and Weibo Guo and Tao Pan and Jun Wu and Hui Wang and Baowei Zhang (2017). A new species of Rana from the Dabie Mountains in eastern China (Anura, Ranidae) ZooKeys, 724, 135–153 https://doi.org/10.3897/zookeys.724.19383"
442,大别山蛙,Rana dabieshanensis,安徽,新种表,新种描述，转入 CHNR_new_species,"Chencheng Wang and Lifu Qian and Chenling Zhang and Weibo Guo and Tao Pan and Jun Wu and Hui Wang and Baowei Zhang (2017). A new species of Rana from the Dabie Mountains in eastern China (Anura, Ranidae) ZooKeys, 724, 135–153 https://doi.org/10.3897/zookeys.724.19383"
443,,Raorchestes gryllus,,终审:B7 坐标在境内可反推省份,新种描述文献中的伴随物种记录，非明确新纪录事件,"Lingyun Du and Yuhan Xu and Shuo Liu and Guohua Yu (2024). A new species of Raorchestes (Anura, Rhacophoridae) from Yunnan Province, China Life Science https://doi.org/10.3897/zookeys.1192.106013"
444,,Raorchestes parvulus,云南,终审:A4 排除(建议)-伴随物种记录,新种描述文献中的伴随物种记录，非明确新纪录事件,"Lingyun Du and Yuhan Xu and Shuo Liu and Guohua Yu (2024). A new species of Raorchestes (Anura, Rhacophoridae) from Yunnan Province, China Life Science https://doi.org/10.3897/zookeys.1192.106013"
445,峨眉角蟾,Megophrys omeimontis,贵州,事件表,省级新纪录事件（1省）,刘京、李仕泽、程彦林、魏刚、徐宁 (2020) 动物学杂志 10.13859/j.cjz.202001006
446,双全白环蛇,Lycodon fasciatus,湖南,事件表,省级新纪录事件（1省）,康祖杰、杨道德、廖庆义 (2009) 动物学杂志
447,颈槽蛇,Rhabdophis nuchalis,湖南,事件表,省级新纪录事件（1省）,康祖杰、杨道德、廖庆义 (2009) 动物学杂志
448,黑头剑蛇,Sibynophis chinensis,河北,事件表,省级新纪录事件（1省）,
449,大别山脊蛇,Achalinus dabieshanensis,河南,事件表,省级新纪录事件（1省）,"刘清熔, 侯银梦, 陈卓, & 陈晓虹 (2024). 河南发现大别山脊蛇 动物学杂志, 59(6), 974-980 https://doi.org/10.13859/j.cjz.202424019"
450,刘氏链蛇,Lycodon liuchengchaoi,河南,事件表,省级新纪录事件（1省）,赵海鹏、于中斌、蒋珂、王春平、梁子安 (2018) 动物学杂志 Chinese Journal of Zoology 10.13859/j.cjz.201805026
451,宁波滑蜥,Scincella modesta,河南,事件表,省级新纪录事件（1省）,赵海鹏、赵志鹏、王晓龙、史庄元、娄帅通、梁子安 (2013) 动物学杂志
452,米仓山龙蜥,Japalura micangshanensis,河南,事件表,省级新纪录事件（1省）,
453,广西棱皮树蛙,Theloderma kwangsiensis,海南,事件表,省级新纪录事件（1省）,肖智、黎振昌、高利宾 (2008) 动物学杂志
454,德力小姬蛙,Micryletta inornata,海南,事件表,省级新纪录事件（1省）,
455,马来棱皮树蛙,Theloderma asperum,海南,事件表,省级新纪录事件（1省）,
456,勐腊灌树蛙,Raorchestes menglaensis,,终审:A3 排除-无省份且无坐标,新种描述文献中的伴随物种记录，非明确新纪录事件,"Lingyun Du and Yuhan Xu and Shuo Liu and Guohua Yu (2024). A new species of Raorchestes (Anura, Rhacophoridae) from Yunnan Province, China Life Science https://doi.org/10.3897/zookeys.1192.106013"
457,陇川灌树蛙,Philautus longchuanensis,,终审:A3 排除-无省份且无坐标,新种描述文献中的伴随物种记录，非明确新纪录事件,"Lingyun Du and Yuhan Xu and Shuo Liu and Guohua Yu (2024). A new species of Raorchestes (Anura, Rhacophoridae) from Yunnan Province, China Life Science https://doi.org/10.3897/zookeys.1192.106013"
458,,Theloderma andersoni,,终审:A3 排除-无省份且无坐标,新种描述文献中的伴随物种记录，非明确新纪录事件,"Lingyun Du and Yuhan Xu and Shuo Liu and Guohua Yu (2024). A new species of Raorchestes (Anura, Rhacophoridae) from Yunnan Province, China Life Science https://doi.org/10.3897/zookeys.1192.106013"
459,那坡树蛙,Rhacophorus napoensis,广西,新种表,新种描述，转入 CHNR_new_species,"Jing Li and Shuo Liu and Guohua Yu and Tao Sun (2022). A new species of Rhacophorus (Anura, Rhacophoridae) from Guangxi, China ZooKeys, 1117, 123–138 https://doi.org/10.3897/zookeys.1117.85787"
460,红蹼树蛙,Rhacophorus rhodopus,云南,终审:A1/B1 排除-同种同省已收录(再记录),新种描述文献中的伴随物种记录，非明确新纪录事件,"Jing Li and Shuo Liu and Guohua Yu and Tao Sun (2022). A new species of Rhacophorus (Anura, Rhacophoridae) from Guangxi, China ZooKeys, 1117, 123–138 https://doi.org/10.3897/zookeys.1117.85787"
461,双斑树蛙,Rhacophorus bipunctatus,,终审:B7 坐标在境内可反推省份,新种描述文献中的伴随物种记录，非明确新纪录事件,"Jing Li and Shuo Liu and Guohua Yu and Tao Sun (2022). A new species of Rhacophorus (Anura, Rhacophoridae) from Guangxi, China ZooKeys, 1117, 123–138 https://doi.org/10.3897/zookeys.1117.85787"
462,那坡树蛙,Rhacophorus napoensis,广西,新种表,新种描述，转入 CHNR_new_species,"Jing Li and Shuo Liu and Guohua Yu and Tao Sun (2022). A new species of Rhacophorus (Anura, Rhacophoridae) from Guangxi, China ZooKeys, 1117, 123–138 https://doi.org/10.3897/zookeys.1117.85787"
463,红蹼树蛙,Rhacophorus rhodopus,云南,终审:A1/B1 排除-同种同省已收录(再记录),新种描述文献中的伴随物种记录，非明确新纪录事件,"Jing Li and Shuo Liu and Guohua Yu and Tao Sun (2022). A new species of Rhacophorus (Anura, Rhacophoridae) from Guangxi, China ZooKeys, 1117, 123–138 https://doi.org/10.3897/zookeys.1117.85787"
464,绞花林蛇,Boiga kraepelini,湖北,事件表,省级新纪录事件（1省）,章波、周权、杨敬元、戴宗兴、周青春 (2013) 动物学杂志
465,红吸盘棱皮树蛙,Theloderma rhododiscus,江西,事件表,省级新纪录事件（1省）,曾昭驰、张昌友、袁银、吕植桐、王健、王英永 (2017) 动物学杂志 Chinese Journal of Zoology 10.13859/j.cjz.201702007
466,景东臭蛙,Odorrana jingdongensis,贵州,事件表,省级新纪录事件（1省）,刘京、程彦林、周铝、姜世兴、周军健、李仕泽 (2023) 动物学杂志 Chinese Journal of Zoology 10.13859/j.cjz.202301015
467,井冈两头蛇,Calamaria jinggangensis,贵州,事件表,省级新纪录事件（1省）,张天佑、徐宇浩、龚宴安、韦海潇、翁仕洋、彭丽芳 (2024) 动物学杂志 10.13859/j.cjz.202423173
468,花坪白环蛇,Lycodon cathaya,贵州,事件表,省级新纪录事件（1省）,吴帝豪、左智力、李茂良、贾如菀、高宗元、任金龙 (2025) 动物学杂志 10.13859/j.cjz.202524083
469,海南棱蜥,Tropidophorus hainanus,贵州,事件表,省级新纪录事件（1省）,张永宏、龚大洁、闫礼、孙立新 (2012) 动物学杂志
470,宜章臭蛙,Odorrana yizhangensis,贵州,事件表,省级新纪录事件（1省）,李仕泽、石磊、吕敬才、魏刚、徐宁、陈靖、姜森、王斌 (2016) 动物学杂志 Chinese Journal of Zoology 10.13859/j.cjz.201606020
471,白线树蛙,Rhacophorus leucofasciatus,贵州,事件表,省级新纪录事件（1省）,张雷、陈红、曾强、吕红军 (2010) 动物学杂志
472,短肢角蟾,Megophrys brachykolos,贵州,事件表,省级新纪录事件（1省）,
473,双斑树蛙,Rhacophorus bipunctatus,,终审:B7 坐标在境内可反推省份,新种描述文献中的伴随物种记录，非明确新纪录事件,"Jing Li and Shuo Liu and Guohua Yu and Tao Sun (2022). A new species of Rhacophorus (Anura, Rhacophoridae) from Guangxi, China ZooKeys, 1117, 123–138 https://doi.org/10.3897/zookeys.1117.85787"
474,川南短腿蟾,Leptobrachium chuananense,贵州,事件表,省级新纪录事件（1省）,
475,黄纹石龙子,Eumeces capito,贵州,事件表,省级新纪录事件（1省）,龚大洁、张永宏、孙立新、令利军、闫礼 (2012) 动物学杂志
476,侧条后棱蛇,Opisthotropis lateralis,,终审:A3 排除-无省份且无坐标,记录类型无法判定（原表未标注且引用无线索）,
477,腾冲齿蟾,Scutiger tengchongensis,云南,新种表,新种描述，转入 CHNR_new_species,"Jian-Huan Yang and Xiang-Yuan Huang (2017). A New Species of Scutiger (Anura: Megophryidae) from the Gaoligongshan Mountain Range, China https://doi.org/10.1643/CH-17-661"
478,刺疣齿蟾,Scutiger spinosus,西藏,终审:A4 排除(建议)-伴随物种记录,新种描述文献中的伴随物种记录，非明确新纪录事件,"Jian-Huan Yang and Xiang-Yuan Huang (2017). A New Species of Scutiger (Anura: Megophryidae) from the Gaoligongshan Mountain Range, China https://doi.org/10.1643/CH-17-661"
479,腾冲齿蟾,Scutiger tengchongensis,云南,新种表,新种描述，转入 CHNR_new_species,"Jian-Huan Yang and Xiang-Yuan Huang (2017). A New Species of Scutiger (Anura: Megophryidae) from the Gaoligongshan Mountain Range, China https://doi.org/10.1643/CH-17-661"
480,宽脊瘰螈,Tylototriton broadridgus,湖南,终审:A4 排除(建议)-伴随物种记录,新种描述文献中的伴随物种记录，非明确新纪录事件,"Tianyu QIAN and Jianjun XIANG and Jianping JIANG and Daode YANG and Jian GUI (2023). A New Species of the Amolops mantzorum Group (Anura: Ranidae: Amolops) from Northwestern Hunan Province, China Asian Herpetological Research, 14(1), 54–64 https://doi.org/10.16373/j.cnki.ahr.220063"
481,紫灰锦蛇黑线亚种,Elaphe porphyracea nigrofasciata,,终审:A3 排除-无省份且无坐标,记录类型无法判定（原表未标注且引用无线索）,
482,尾突角蟾,Boulenophrys caudoprocta,湖南,终审:A4 排除(建议)-伴随物种记录,新种描述文献中的伴随物种记录，非明确新纪录事件,"Tianyu QIAN and Jianjun XIANG and Jianping JIANG and Daode YANG and Jian GUI (2023). A New Species of the Amolops mantzorum Group (Anura: Ranidae: Amolops) from Northwestern Hunan Province, China Asian Herpetological Research, 14(1), 54–64 https://doi.org/10.16373/j.cnki.ahr.220063"
483,云南竹叶青,Trimeresurus yunnanensis,,终审:A3 排除-无省份且无坐标,记录类型无法判定（原表未标注且引用无线索）,
484,瘤疣角蟾,Boulenophrys tuberogranulatus,湖南,终审:A1/B1 排除-同种同省已收录(再记录),新种描述文献中的伴随物种记录，非明确新纪录事件,"Tianyu QIAN and Jianjun XIANG and Jianping JIANG and Daode YANG and Jian GUI (2023). A New Species of the Amolops mantzorum Group (Anura: Ranidae: Amolops) from Northwestern Hunan Province, China Asian Herpetological Research, 14(1), 54–64 https://doi.org/10.16373/j.cnki.ahr.220063"
485,桑植角蟾,Boulenophrys sangzhiensis,湖南,终审:A4 排除(建议)-伴随物种记录,新种描述文献中的伴随物种记录，非明确新纪录事件,"Tianyu QIAN and Jianjun XIANG and Jianping JIANG and Daode YANG and Jian GUI (2023). A New Species of the Amolops mantzorum Group (Anura: Ranidae: Amolops) from Northwestern Hunan Province, China Asian Herpetological Research, 14(1), 54–64 https://doi.org/10.16373/j.cnki.ahr.220063"
486,桑植林蛙,Rana sangzhiensis,湖南,终审:A4 排除(建议)-伴随物种记录,新种描述文献中的伴随物种记录，非明确新纪录事件,"Tianyu QIAN and Jianjun XIANG and Jianping JIANG and Daode YANG and Jian GUI (2023). A New Species of the Amolops mantzorum Group (Anura: Ranidae: Amolops) from Northwestern Hunan Province, China Asian Herpetological Research, 14(1), 54–64 https://doi.org/10.16373/j.cnki.ahr.220063"
487,桑植臭蛙,Odorrana sangzhiensis,湖南,终审:A4 排除(建议)-伴随物种记录,新种描述文献中的伴随物种记录，非明确新纪录事件,"Tianyu QIAN and Jianjun XIANG and Jianping JIANG and Daode YANG and Jian GUI (2023). A New Species of the Amolops mantzorum Group (Anura: Ranidae: Amolops) from Northwestern Hunan Province, China Asian Herpetological Research, 14(1), 54–64 https://doi.org/10.16373/j.cnki.ahr.220063"
488,勐定湍蛙,Amolops mengdingensis,云南,新种表,新种描述，转入 CHNR_new_species,"GUOHUA YU, ZHENGJUN WU & JUNXING YANG (2019). A new species of the Amolops monticola group (Anura: Ranidae) from southwestern Yunnan, China Zootaxa, 4577(3), 548–560 https://doi.org/10.11646/zootaxa.4577.3.8"
489,合江棘蛙,Quasipaa robertingeri,贵州,事件表,省级新纪录事件（1省）,张明明、张海波、魏刚、吕敬才、粟海军 (2016) 动物学杂志 Chinese Journal of Zoology 10.13859/j.cjz.201604020
490,金环蛇,Bungarus fasciatus,贵州,事件表,省级新纪录事件（1省）,陆静、祝非、孙恪、张鹤、张仁意 (2024) 动物学杂志 Chinese Journal of Zoology 10.13859/j.cjz.202423241
491,勐定湍蛙,Amolops mengdingensis,云南,新种表,新种描述，转入 CHNR_new_species,"GUOHUA YU, ZHENGJUN WU & JUNXING YANG (2019). A new species of the Amolops monticola group (Anura: Ranidae) from southwestern Yunnan, China Zootaxa, 4577(3), 548–560 https://doi.org/10.11646/zootaxa.4577.3.8"
492,,Amolops akhaorum,琅南塔,终审:C 排除-记录地为国外省区,新种描述文献中的伴随物种记录，非明确新纪录事件,"GUOHUA YU, ZHENGJUN WU & JUNXING YANG (2019). A new species of the Amolops monticola group (Anura: Ranidae) from southwestern Yunnan, China Zootaxa, 4577(3), 548–560 https://doi.org/10.11646/zootaxa.4577.3.8"
493,史氏蟾蜍,Bufo stejnegeri,吉林,事件表,省级新纪录事件（1省）,张云捷、李丕鹏、陆宇燕 (2016) 动物学杂志 10.13859/j.cjz.201601014
494,日本三角涡虫,Dugesia japonica,云南,排除,非两爬/问题条目：非两爬/问题条目:涡虫(扁形动物);species_en 疑为拉丁名而非英文名,
495,,Amolops archotaphus,清迈,终审:C 排除-记录地为国外省区,新种描述文献中的伴随物种记录，非明确新纪录事件,"GUOHUA YU, ZHENGJUN WU & JUNXING YANG (2019). A new species of the Amolops monticola group (Anura: Ranidae) from southwestern Yunnan, China Zootaxa, 4577(3), 548–560 https://doi.org/10.11646/zootaxa.4577.3.8"
496,,Amolops chakrataensis,,终审:A3 排除-无省份且无坐标,新种描述文献中的伴随物种记录，非明确新纪录事件,"GUOHUA YU, ZHENGJUN WU & JUNXING YANG (2019). A new species of the Amolops monticola group (Anura: Ranidae) from southwestern Yunnan, China Zootaxa, 4577(3), 548–560 https://doi.org/10.11646/zootaxa.4577.3.8"
497,红河湍蛙,Amolops compotrix,,终审:A3 排除-无省份且无坐标,新种描述文献中的伴随物种记录，非明确新纪录事件,"GUOHUA YU, ZHENGJUN WU & JUNXING YANG (2019). A new species of the Amolops monticola group (Anura: Ranidae) from southwestern Yunnan, China Zootaxa, 4577(3), 548–560 https://doi.org/10.11646/zootaxa.4577.3.8"
498,,Amolops cucae,,终审:A3 排除-无省份且无坐标,新种描述文献中的伴随物种记录，非明确新纪录事件,"GUOHUA YU, ZHENGJUN WU & JUNXING YANG (2019). A new species of the Amolops monticola group (Anura: Ranidae) from southwestern Yunnan, China Zootaxa, 4577(3), 548–560 https://doi.org/10.11646/zootaxa.4577.3.8"
499,瑶湍蛙,Amolops daorum,,终审:A3 排除-无省份且无坐标,新种描述文献中的伴随物种记录，非明确新纪录事件,"GUOHUA YU, ZHENGJUN WU & JUNXING YANG (2019). A new species of the Amolops monticola group (Anura: Ranidae) from southwestern Yunnan, China Zootaxa, 4577(3), 548–560 https://doi.org/10.11646/zootaxa.4577.3.8"
500,绿湍蛙,Amolops iriodes,,终审:A3 排除-无省份且无坐标,新种描述文献中的伴随物种记录，非明确新纪录事件,"GUOHUA YU, ZHENGJUN WU & JUNXING YANG (2019). A new species of the Amolops monticola group (Anura: Ranidae) from southwestern Yunnan, China Zootaxa, 4577(3), 548–560 https://doi.org/10.11646/zootaxa.4577.3.8"
501,丰沙里湍蛙,Amolops vitreus,丰沙里,终审:C 排除-记录地为国外省区,新种描述文献中的伴随物种记录，非明确新纪录事件,"GUOHUA YU, ZHENGJUN WU & JUNXING YANG (2019). A new species of the Amolops monticola group (Anura: Ranidae) from southwestern Yunnan, China Zootaxa, 4577(3), 548–560 https://doi.org/10.11646/zootaxa.4577.3.8"
502,赤水掌突蟾,Leptobrachella chishuiensis,贵州,新种表,新种描述，转入 CHNR_new_species,"Shi-Ze Li and Jing Liu and Gang Wei and Bin Wang (2020). A new species of the Asian leaf litter toad genus Leptobrachella (Amphibia, Anura, Megophryidae) from southwest China ZooKeys, 943, 91–118 https://doi.org/10.3897/zookeys.943.51572"
503,缅甸钝头蛇,Pareas hamptoni,江西,事件表,省级新纪录事件（1省）,王平、谢雨林、刘芹、汪继超、时磊、郭鹏 (2018) 动物学杂志 10.13859/j.cjz.201805019
504,大眼斜鳞蛇,Pseudoxenodon macrops,江西,事件表,省级新纪录事件（1省）,汪继超、程林、王平、付鑫、兰文军 (2015) 动物学杂志 10.13859/j.cjz.201501021
505,大别山脊蛇,Achalinus dabieshanensis,江西,事件表,省级新纪录事件（1省）,刘丹、徐宇浩、张天佑、常金康、王一凡、彭丽芳 (2025) 动物学杂志 10.13859/j.cjz.202524207
506,长肢林蛙,Rana longicrus,江西,事件表,省级新纪录事件（1省）,吴延庆、陈巧尔、陈智强、丁国骅、黄琰彬、上官海平、黄敬绥、林植华 (2019) 动物学杂志 Chinese Journal of Zoology 10.13859/j.cjz.201903021
507,大眼斜鳞蛇福建亚种,Pseudoxenodon macrops fukienensis,江西,事件表,省级新纪录事件（1省）,杨道德、刘松、费冬波、喻兴雷、谷颖乐、卢何军、陈辉敏、朱家椿 (2008) 动物学杂志
508,赤水掌突蟾,Leptobrachella chishuiensis,贵州,新种表,新种描述，转入 CHNR_new_species,"Shi-Ze Li and Jing Liu and Gang Wei and Bin Wang (2020). A new species of the Asian leaf litter toad genus Leptobrachella (Amphibia, Anura, Megophryidae) from southwest China ZooKeys, 943, 91–118 https://doi.org/10.3897/zookeys.943.51572"
509,赤水掌突蟾,Leptobrachella chishuiensis,贵州,新种表,新种描述，转入 CHNR_new_species,"Shi-Ze Li and Jing Liu and Gang Wei and Bin Wang (2020). A new species of the Asian leaf litter toad genus Leptobrachella (Amphibia, Anura, Megophryidae) from southwest China ZooKeys, 943, 91–118 https://doi.org/10.3897/zookeys.943.51572"
510,赤水掌突蟾,Leptobrachella chishuiensis,贵州,新种表,新种描述，转入 CHNR_new_species,"Shi-Ze Li and Jing Liu and Gang Wei and Bin Wang (2020). A new species of the Asian leaf litter toad genus Leptobrachella (Amphibia, Anura, Megophryidae) from southwest China ZooKeys, 943, 91–118 https://doi.org/10.3897/zookeys.943.51572"
511,谷氏刘树蛙,Liurana vallecula,西藏,新种表,新种描述，转入 CHNR_new_species,"Ke Jiang and Kai Wang and Yu-Fan Wang and Cheng Li and Jing Che (2018). A new species of the endemic Himalayan genus Liurana (Anura, Ceratobatrachidae) from southeastern Tibet, China, with comments on the distribution, reproductive biology, and conservation of the genus ZOOLOGICAL RESEARCH https://doi.org/10.24272/j.issn.2095-8137.2019.025"
512,海南闪鳞蛇,Xenopeltis hainanensis,江西,终审:排除-非省级首次记录,记录类型无法判定（原表未标注且引用无线索）,杨道德、刘松、费冬波、喻兴雷、谷颖乐、卢何军、陈辉敏、朱家椿 (2008) 动物学杂志
513,尾突角蟾,Megophrys caudoprocta,湖北,事件表,省级新纪录事件（1省）,戴宗兴、刘爱民、杜建峰、刘家武 (2011) 动物学杂志
514,大绿臭蛙,Odorrana graminea,湖北,事件表,省级新纪录事件（1省）,鲁有强、乔梁、陈晓虹 (2011) 动物学杂志
515,高山刘树蛙,Liurana alpina,西藏,终审:A1/B1 排除-同种同省已收录(再记录),新种描述文献中的伴随物种记录，非明确新纪录事件,"Ke Jiang and Kai Wang and Yu-Fan Wang and Cheng Li and Jing Che (2018). A new species of the endemic Himalayan genus Liurana (Anura, Ceratobatrachidae) from southeastern Tibet, China, with comments on the distribution, reproductive biology, and conservation of the genus ZOOLOGICAL RESEARCH https://doi.org/10.24272/j.issn.2095-8137.2019.025"
516,墨脱刘树蛙,Liurana medogensis,西藏,终审:A1/B1 排除-同种同省已收录(再记录),新种描述文献中的伴随物种记录，非明确新纪录事件,"Ke Jiang and Kai Wang and Yu-Fan Wang and Cheng Li and Jing Che (2018). A new species of the endemic Himalayan genus Liurana (Anura, Ceratobatrachidae) from southeastern Tibet, China, with comments on the distribution, reproductive biology, and conservation of the genus ZOOLOGICAL RESEARCH https://doi.org/10.24272/j.issn.2095-8137.2019.025"
517,峨眉地蜥,Platyplacopus intermedius,湖北,事件表,省级新纪录事件（1省）,
518,刘氏白环蛇,Lycodon liuchengchaoi,湖北,事件表,省级新纪录事件（1省）,李佳、邓正群、刘芳、李迪强、应钦 (2024) 动物学杂志 Chinese Journal of Zoology 10.13859/j.cjz.202322162
519,花坪角蟾,Boulenophrys mirabilis,湖南,事件表,省级新纪录事件（1省）,"张志强, 周琳, 刘佳昱, 李辉, 莫小阳, 王建军, & 杨盛东 (2024). 湖南南山国家公园发现花坪角蟾 动物学杂志, 59(2), 269-275 https://doi.org/10.13859/j.cjz.202423123"
520,四川竹叶青蛇,Trimeresurus sichuanensis,湖南,事件表,省级新纪录事件（1省）,高志伟、齐硕、钱天宇、黄太福、康祖杰、杨道德 (2023) 动物学杂志 Chinese Journal of Zoology 10.13859/j.cjz.202302012
521,掌突蟾,Leptobrachella sp.,湖南,排除,属级记录，非种级事件,高志伟、齐硕、钱天宇、黄太福、康祖杰、杨道德 (2023) 动物学杂志 Chinese Journal of Zoology 10.13859/j.cjz.202302012
522,西藏刘树蛙,Liurana xizangensis,西藏,终审:A1/B1 排除-同种同省已收录(再记录),新种描述文献中的伴随物种记录，非明确新纪录事件,"Ke Jiang and Kai Wang and Yu-Fan Wang and Cheng Li and Jing Che (2018). A new species of the endemic Himalayan genus Liurana (Anura, Ceratobatrachidae) from southeastern Tibet, China, with comments on the distribution, reproductive biology, and conservation of the genus ZOOLOGICAL RESEARCH https://doi.org/10.24272/j.issn.2095-8137.2019.025"
523,谷氏刘树蛙,Liurana vallecula,西藏,新种表,新种描述，转入 CHNR_new_species,"Ke Jiang and Kai Wang and Yu-Fan Wang and Cheng Li and Jing Che (2018). A new species of the endemic Himalayan genus Liurana (Anura, Ceratobatrachidae) from southeastern Tibet, China, with comments on the distribution, reproductive biology, and conservation of the genus ZOOLOGICAL RESEARCH https://doi.org/10.24272/j.issn.2095-8137.2019.025"
524,高山刘树蛙,Liurana alpina,西藏,终审:A1/B1 排除-同种同省已收录(再记录),新种描述文献中的伴随物种记录，非明确新纪录事件,"Ke Jiang and Kai Wang and Yu-Fan Wang and Cheng Li and Jing Che (2018). A new species of the endemic Himalayan genus Liurana (Anura, Ceratobatrachidae) from southeastern Tibet, China, with comments on the distribution, reproductive biology, and conservation of the genus ZOOLOGICAL RESEARCH https://doi.org/10.24272/j.issn.2095-8137.2019.025"
525,墨脱刘树蛙,Liurana medogensis,西藏,终审:A1/B1 排除-同种同省已收录(再记录),新种描述文献中的伴随物种记录，非明确新纪录事件,"Ke Jiang and Kai Wang and Yu-Fan Wang and Cheng Li and Jing Che (2018). A new species of the endemic Himalayan genus Liurana (Anura, Ceratobatrachidae) from southeastern Tibet, China, with comments on the distribution, reproductive biology, and conservation of the genus ZOOLOGICAL RESEARCH https://doi.org/10.24272/j.issn.2095-8137.2019.025"
526,西藏刘树蛙,Liurana xizangensis,西藏,终审:A1/B1 排除-同种同省已收录(再记录),新种描述文献中的伴随物种记录，非明确新纪录事件,"Ke Jiang and Kai Wang and Yu-Fan Wang and Cheng Li and Jing Che (2018). A new species of the endemic Himalayan genus Liurana (Anura, Ceratobatrachidae) from southeastern Tibet, China, with comments on the distribution, reproductive biology, and conservation of the genus ZOOLOGICAL RESEARCH https://doi.org/10.24272/j.issn.2095-8137.2019.025"
527,刘氏链蛇,Lycodon liuchengchaoi,湖南,事件表,省级新纪录事件（1省）,白林壮、王剀、康祖杰、廖庆义、刘美斯 (2018) 动物学杂志 10.13859/j.cjz.201804024
528,侏树蛙,Rhacophorus minimus,湖南,事件表,省级新纪录事件（1省）,张梦斐、侯银梦、陈德胜、李思源、陈军、胡飞、王斌 (2018) 动物学杂志 Chinese Journal of Zoology 10.13859/j.cjz.201803017
529,宜章臭蛙,Odorrana yizhangensis,湖南,排除,记录类型为'其他新纪录/再发现'等，未纳入省级新纪录事件表,金彪、廖春林、张娅妮、王斌、江建平 (2018) 动物学杂志 Chinese Journal of Zoology 10.13859/j.cjz.201806003
530,峨山掌突蟾,Leptolalax oshanensis,湖南,事件表,省级新纪录事件（1省）,向孙军、邓学建、董超、肖智力 (2008) 动物学杂志
531,川村蛙,Fejervarya kawamurai,广岛县,排除,国外新种描述（省份为外国地名）,"Hon Tjong Djong, Masafumi Matsui, Mitsuru Kuramoto, Midori Nishioka and Masayuki Sumida (2011). A New Species of the Fejervarya limnocharis Complex from Japan (Anura, Dicroglossidae) Zoological Science, 28(12), 922-929 https://doi.org/10.2108/zsj.28.922"
532,先岛陆蛙,Fejervarya sakishimensis,,终审:A3 排除-无省份且无坐标,新种描述文献中的伴随物种记录，非明确新纪录事件,"Hon Tjong Djong, Masafumi Matsui, Mitsuru Kuramoto, Midori Nishioka and Masayuki Sumida (2011). A New Species of the Fejervarya limnocharis Complex from Japan (Anura, Dicroglossidae) Zoological Science, 28(12), 922-929 https://doi.org/10.2108/zsj.28.922"
533,青脊蛇,Achalinus spinalis,湖南,事件表,省级新纪录事件（1省）,
534,白线树蛙,Rhacophorus leucofasciatus,湖南,事件表,省级新纪录事件（1省）,潘丹、张冰、杨道德、丁向运、崔珊、胡新华 (2018) 动物学杂志 Chinese Journal of Zoology 10.13859/j.cjz.201801021
535,,Fejervarya limnocharis,,排除,国外新种描述（坐标在中国境外）,"Hon Tjong Djong, Masafumi Matsui, Mitsuru Kuramoto, Midori Nishioka and Masayuki Sumida (2011). A New Species of the Fejervarya limnocharis Complex from Japan (Anura, Dicroglossidae) Zoological Science, 28(12), 922-929 https://doi.org/10.2108/zsj.28.922"
536,泽陆蛙,Fejervarya multistriata,,终审:A3 排除-无省份且无坐标,新种描述文献中的伴随物种记录，非明确新纪录事件,"Hon Tjong Djong, Masafumi Matsui, Mitsuru Kuramoto, Midori Nishioka and Masayuki Sumida (2011). A New Species of the Fejervarya limnocharis Complex from Japan (Anura, Dicroglossidae) Zoological Science, 28(12), 922-929 https://doi.org/10.2108/zsj.28.922"
537,广西棱蜥,Tropidophorus guangxiensis,湖南,事件表,省级新纪录事件（1省）,郭克疾、米小其、邓学建 (2010) 动物学杂志
538,川村蛙,Fejervarya kawamurai,广岛县,排除,国外新种描述（省份为外国地名）,"Hon Tjong Djong, Masafumi Matsui, Mitsuru Kuramoto, Midori Nishioka and Masayuki Sumida (2011). A New Species of the Fejervarya limnocharis Complex from Japan (Anura, Dicroglossidae) Zoological Science, 28(12), 922-929 https://doi.org/10.2108/zsj.28.922"
539,,Fejervarya limnocharis,,新种表,新种描述，转入 CHNR_new_species,"Hon Tjong Djong, Masafumi Matsui, Mitsuru Kuramoto, Midori Nishioka and Masayuki Sumida (2011). A New Species of the Fejervarya limnocharis Complex from Japan (Anura, Dicroglossidae) Zoological Science, 28(12), 922-929 https://doi.org/10.2108/zsj.28.922"
540,雷山琴蛙,Nidirana leishanensis,湖南,事件表,省级新纪录事件（1省）,刘京、程彦林、周铝、姜世兴、张浪、李仕泽 (2022) 动物学杂志 10.13859/j.cjz.202201010
541,岭南两头蛇,Calamaria arcana,湖南,事件表,省级新纪录事件（1省）,张鹤、费冬波、赵成、刘松、蔡波、郭鹏、吴亚勇 (2023) 动物学杂志 Chinese Journal of Zoology 10.13859/j.cjz.202304014
542,炳灵角蟾梵净山亚种,Megophrys binlingensis fanjingshanensis,贵州,新种表,新种描述，转入 CHNR_new_species,张雷、梁琍、冉辉、沈正雄 (2012) 动物学杂志
543,炳灵角蟾梵净山亚种,Megophrys binlingensis,贵州,排除,亚种级新分类单元描述,
544,韩国林蛙,Rana coreana,辽宁,事件表,省级新纪录事件（1省）,周圣博、于梦竹、苗青、翟强、徐树军、关萍 (2022) 动物学杂志 Chinese Journal of Zoology 10.13859/j.cjz.202206015
545,白条草蜥,Takydromus wolteri,上海,事件表,省级新纪录事件（1省）,余婧、张佳恺、潘婷婷、邓帅涛、薛程 (2025) 动物学杂志 Chinese Journal of Zoology 10.13859/j.cjz.202524294
546,钝尾两头蛇,Calamaria septentrionalis,上海,事件表,省级新纪录事件（1省）,谢汉宾、张伟、杨刚、王军馥、张云飞、李必成 (2018) 动物学杂志 Chinese Journal of Zoology 10.13859/j.cjz.201802021
547,中国林蛙,Rana chensinensis,内蒙古,排除,记录类型为'其他新纪录/再发现'等，未纳入省级新纪录事件表,于晴、刘鹏、赵文阁 (2017) 动物学杂志 10.13859/j.cjz.201701019
548,双斑锦蛇,Elaphe bimaculata,内蒙古,事件表,省级新纪录事件（1省）,那顺得力格尔、张逦嘉、鲍伟东 (2010) 动物学杂志
549,务川臭蛙,Odorrana wuchuanensis,湖北,事件表,省级新纪录事件（1省）,
550,先岛陆蛙,Fejervarya sakishimensis,,终审:A3 排除-无省份且无坐标,新种描述文献中的伴随物种记录，非明确新纪录事件,"Hon Tjong Djong, Masafumi Matsui, Mitsuru Kuramoto, Midori Nishioka and Masayuki Sumida (2011). A New Species of the Fejervarya limnocharis Complex from Japan (Anura, Dicroglossidae) Zoological Science, 28(12), 922-929 https://doi.org/10.2108/zsj.28.922"
551,泽陆蛙,Fejervarya multistriata,,终审:A3 排除-无省份且无坐标,新种描述文献中的伴随物种记录，非明确新纪录事件,"Hon Tjong Djong, Masafumi Matsui, Mitsuru Kuramoto, Midori Nishioka and Masayuki Sumida (2011). A New Species of the Fejervarya limnocharis Complex from Japan (Anura, Dicroglossidae) Zoological Science, 28(12), 922-929 https://doi.org/10.2108/zsj.28.922"
552,黔北角蟾,Boulenophrys qianbeiensis,四川,事件表,省级新纪录事件（1省）,宋佳、梁福轩、毛雨垚、郑普阳、谢锋、王刚 (2023) 动物学杂志 Chinese Journal of Zoology 10.13859/j.cjz.202302014
553,刘氏棘蜥,Acanthosaura liui,云南,新种表,新种描述，转入 CHNR_new_species,"Shuo Liu and Mian Hou and Mingzhong Mo and Dingqi Rao (2020). A new species of the genus Acanthosaura (Squamata, Agamidae) from Yunnan, China, with comments on its conservation status ZooKeys, 959, 113–135 https://doi.org/10.3897/zookeys.959.54601"
554,刘氏棘蜥,Acanthosaura liui,云南,新种表,新种描述，转入 CHNR_new_species,"Shuo Liu and Mian Hou and Mingzhong Mo and Dingqi Rao (2020). A new species of the genus Acanthosaura (Squamata, Agamidae) from Yunnan, China, with comments on its conservation status ZooKeys, 959, 113–135 https://doi.org/10.3897/zookeys.959.54601"
555,玉龙龙蜥,Diploderma yulongense,四川,事件表,省级新纪录事件（1省）,舒国成、喻敏、郑普阳、程明阳、谢锋 (2021) 动物学杂志 Chinese Journal of Zoology 10.13859/j.cjz.202102012
556,贡山链蛇,Lycodon gongshan,四川,事件表,省级新纪录事件（1省）,陈泽柠、陈勤、唐业忠、宋昭彬、徐海根、丁利 (2018) 动物学杂志 10.13859/j.cjz.201803015
557,九龙颈槽蛇,Rhabdophis pentasupralabralis,,终审:A3 排除-无省份且无坐标,记录类型无法判定（原表未标注且引用无线索）,陈泽柠、陈勤、唐业忠、宋昭彬、徐海根、丁利 (2018) 动物学杂志 10.13859/j.cjz.201803015
558,黑头蝰,Azemiops feae,,终审:A3 排除-无省份且无坐标,记录类型无法判定（原表未标注且引用无线索）,陈泽柠、陈勤、唐业忠、宋昭彬、徐海根、丁利 (2018) 动物学杂志 10.13859/j.cjz.201803015
559,黑线乌梢蛇,Ptyas nigromarginata,,终审:A3 排除-无省份且无坐标,记录类型无法判定（原表未标注且引用无线索）,陈泽柠、陈勤、唐业忠、宋昭彬、徐海根、丁利 (2018) 动物学杂志 10.13859/j.cjz.201803015
560,颈斑蛇,Plagiopholis blakewayi,,终审:A3 排除-无省份且无坐标,记录类型无法判定（原表未标注且引用无线索）,陈泽柠、陈勤、唐业忠、宋昭彬、徐海根、丁利 (2018) 动物学杂志 10.13859/j.cjz.201803015
561,棕网腹链蛇,Amphiesma johannis,,终审:A3 排除-无省份且无坐标,记录类型无法判定（原表未标注且引用无线索）,陈泽柠、陈勤、唐业忠、宋昭彬、徐海根、丁利 (2018) 动物学杂志 10.13859/j.cjz.201803015
562,阿拉善蝮,Gloydius cognatus,四川,事件表,省级新纪录事件（1省）,索郎夺尔基、吴亚勇、史静耸、丁利、齐银 (2017) 动物学杂志 Chinese Journal of Zoology 10.13859/j.cjz.201704017
563,紫沙蛇,Psammodynastes pulverulentus,四川,事件表,省级新纪录事件（1省）,陈美琦、李科、赵玺伟、郭鹏、吴亚勇 (2021) 动物学杂志 Chinese Journal of Zoology 10.13859/j.cjz.202104015
564,方花丽斑蛇,Maculophis bellus,四川,事件表,省级新纪录事件（1省）,李操、温涛、郭鹏 (2009) 动物学杂志
565,邛崃原指树蛙,Kurixalus qionglainesis,四川,新种表,新种描述，转入 CHNR_new_species,郭淳鹏、钟茂君、汪晓意、胡军华 (2024) 动物学杂志 10.13859/j.cjz.202421187
566,长棘蜥,Acanthosaura armata,,终审:A3 排除-无省份且无坐标,新种描述文献中的伴随物种记录，非明确新纪录事件,"Shuo Liu and Mian Hou and Mingzhong Mo and Dingqi Rao (2020). A new species of the genus Acanthosaura (Squamata, Agamidae) from Yunnan, China, with comments on its conservation status ZooKeys, 959, 113–135 https://doi.org/10.3897/zookeys.959.54601"
567,短肢棘蜥,Acanthosaura brachypoda,老街,终审:C 排除-记录地为国外省区,新种描述文献中的伴随物种记录，非明确新纪录事件,"Shuo Liu and Mian Hou and Mingzhong Mo and Dingqi Rao (2020). A new species of the genus Acanthosaura (Squamata, Agamidae) from Yunnan, China, with comments on its conservation status ZooKeys, 959, 113–135 https://doi.org/10.3897/zookeys.959.54601"
568,,Acanthosaura capra,平福,终审:C 排除-记录地为国外省区,新种描述文献中的伴随物种记录，非明确新纪录事件,"Shuo Liu and Mian Hou and Mingzhong Mo and Dingqi Rao (2020). A new species of the genus Acanthosaura (Squamata, Agamidae) from Yunnan, China, with comments on its conservation status ZooKeys, 959, 113–135 https://doi.org/10.3897/zookeys.959.54601"
569,,Acanthosaura coronata,平福、同奈,终审:C 排除-记录地为国外省区,新种描述文献中的伴随物种记录，非明确新纪录事件,"Shuo Liu and Mian Hou and Mingzhong Mo and Dingqi Rao (2020). A new species of the genus Acanthosaura (Squamata, Agamidae) from Yunnan, China, with comments on its conservation status ZooKeys, 959, 113–135 https://doi.org/10.3897/zookeys.959.54601"
570,,Calotes versicolor,,终审:A3 排除-无省份且无坐标,新种描述文献中的伴随物种记录，非明确新纪录事件,"Shuo Liu and Mian Hou and Mingzhong Mo and Dingqi Rao (2020). A new species of the genus Acanthosaura (Squamata, Agamidae) from Yunnan, China, with comments on its conservation status ZooKeys, 959, 113–135 https://doi.org/10.3897/zookeys.959.54601"
571,铜壁关棘蜥,Acanthosaura tongbiguanensis,云南,新种表,新种描述，转入 CHNR_new_species,"Shuo Liu and Dingqi Rao (2019). A new species of the genus Acanthosaura from Yunnan, China (Squamata, Agamidae) ZooKeys, 888, 105–132 https://doi.org/10.3897/zookeys.888.38491"
572,铜壁关棘蜥,Acanthosaura tongbiguanensis,云南,新种表,新种描述，转入 CHNR_new_species,"Shuo Liu and Dingqi Rao (2019). A new species of the genus Acanthosaura from Yunnan, China (Squamata, Agamidae) ZooKeys, 888, 105–132 https://doi.org/10.3897/zookeys.888.38491"
573,中介蝮,Gloydius intermedius,辽宁,事件表,省级新纪录事件（1省）,
574,刘氏链蛇,Lycodon liuchengchaoi,陕西,事件表,省级新纪录事件（1省）,
575,灰腹绿蛇,Rhadinophis frenatus,陕西,事件表,省级新纪录事件（1省）,黄汝怡、彭丽芳、黄松 (2019) 动物学杂志 10.13859/j.cjz.201905021
576,绿臭蛙,Odorrana margaretae,陕西,事件表,省级新纪录事件（1省）,陈晓虹、鲁有强、乔梁 (2010) 动物学杂志
577,光雾臭蛙,Odorrana kuangwuensis,陕西,事件表,省级新纪录事件（1省）,周圣博、张勇、徐哲超、宋要强、刘平、胡自强、曲波、关萍 (2023) 动物学杂志 Chinese Journal of Zoology 10.13859/j.cjz.202303016
578,高原林蛙,Rana kukunoris,青海,终审:排除-色型个体报道,记录类型无法判定（原表未标注且引用无线索）,张湑泽、孙玉奇、彭飞、侯业茂、闻豪 (2023) 动物学杂志 10.13859/j.cjz.202301019
579,黑斑侧褶蛙,Pelophylax nigromaculatus,青海,事件表,省级新纪录事件（1省）,张贺、付海波、李文靖 (2015) 动物学杂志 10.13859/j.cjz.201501018
580,红点齿蟾,Oreolalax rhodostigmatus,云南,事件表,省级新纪录事件（1省）,王刚、宋雨千、王斌、梁福轩、刘松青 (2021) 动物学杂志 10.13859/j.cjz.202106017
581,杨氏湍蛙,Amolops yangi,云南,新种表,新种描述，转入 CHNR_new_species,"Yun-He Wu and Zhong-Bin Yu and Chen-Qi Lu and Yin-Peng Zhang and Wen-Jie Dong and Xiao-Long Liu and Felista Kasyoka Kilunda and Yun Xiong and Yun-Fang Jiang and Hong Ouyang and Zhong-Xiong Fu and Yun-Biao He and Zhi-Yong Yuan and Jing Che (2024). A new species of the genus Amolops (Amphibia: Ranidae) and the first national record of Amolops vitreus from China Vertebrate Zoology, 74, 343–357 https://doi.org/10.3897/vz.74.e108013"
582,丰沙里湍蛙,Amolops vitreus,云南,事件表,省级新纪录事件（1省）,"Yun-He Wu and Zhong-Bin Yu and Chen-Qi Lu and Yin-Peng Zhang and Wen-Jie Dong and Xiao-Long Liu and Felista Kasyoka Kilunda and Yun Xiong and Yun-Fang Jiang and Hong Ouyang and Zhong-Xiong Fu and Yun-Biao He and Zhi-Yong Yuan and Jing Che (2024). A new species of the genus Amolops (Amphibia: Ranidae) and the first national record of Amolops vitreus from China Vertebrate Zoology, 74, 343–357 https://doi.org/10.3897/vz.74.e108013"
583,杨氏湍蛙,Amolops yangi,云南,新种表,新种描述，转入 CHNR_new_species,"Yun-He Wu and Zhong-Bin Yu and Chen-Qi Lu and Yin-Peng Zhang and Wen-Jie Dong and Xiao-Long Liu and Felista Kasyoka Kilunda and Yun Xiong and Yun-Fang Jiang and Hong Ouyang and Zhong-Xiong Fu and Yun-Biao He and Zhi-Yong Yuan and Jing Che (2024). A new species of the genus Amolops (Amphibia: Ranidae) and the first national record of Amolops vitreus from China Vertebrate Zoology, 74, 343–357 https://doi.org/10.3897/vz.74.e108013"
584,丰沙里湍蛙,Amolops vitreus,云南,事件表,省级新纪录事件（1省）,"Yun-He Wu and Zhong-Bin Yu and Chen-Qi Lu and Yin-Peng Zhang and Wen-Jie Dong and Xiao-Long Liu and Felista Kasyoka Kilunda and Yun Xiong and Yun-Fang Jiang and Hong Ouyang and Zhong-Xiong Fu and Yun-Biao He and Zhi-Yong Yuan and Jing Che (2024). A new species of the genus Amolops (Amphibia: Ranidae) and the first national record of Amolops vitreus from China Vertebrate Zoology, 74, 343–357 https://doi.org/10.3897/vz.74.e108013"
585,杨氏湍蛙,Amolops yangi,云南,新种表,新种描述，转入 CHNR_new_species,"Yun-He Wu and Zhong-Bin Yu and Chen-Qi Lu and Yin-Peng Zhang and Wen-Jie Dong and Xiao-Long Liu and Felista Kasyoka Kilunda and Yun Xiong and Yun-Fang Jiang and Hong Ouyang and Zhong-Xiong Fu and Yun-Biao He and Zhi-Yong Yuan and Jing Che (2024). A new species of the genus Amolops (Amphibia: Ranidae) and the first national record of Amolops vitreus from China Vertebrate Zoology, 74, 343–357 https://doi.org/10.3897/vz.74.e108013"
586,透明湍蛙,Amolops vitreus,云南,事件表,省级新纪录事件（1省）,"Yun-He Wu and Zhong-Bin Yu and Chen-Qi Lu and Yin-Peng Zhang and Wen-Jie Dong and Xiao-Long Liu and Felista Kasyoka Kilunda and Yun Xiong and Yun-Fang Jiang and Hong Ouyang and Zhong-Xiong Fu and Yun-Biao He and Zhi-Yong Yuan and Jing Che (2024). A new species of the genus Amolops (Amphibia: Ranidae) and the first national record of Amolops vitreus from China Vertebrate Zoology, 74, 343–357 https://doi.org/10.3897/vz.74.e108013"
587,杨氏湍蛙,Amolops yangi,云南,新种表,新种描述，转入 CHNR_new_species,"Yun-He Wu and Zhong-Bin Yu and Chen-Qi Lu and Yin-Peng Zhang and Wen-Jie Dong and Xiao-Long Liu and Felista Kasyoka Kilunda and Yun Xiong and Yun-Fang Jiang and Hong Ouyang and Zhong-Xiong Fu and Yun-Biao He and Zhi-Yong Yuan and Jing Che (2024). A new species of the genus Amolops (Amphibia: Ranidae) and the first national record of Amolops vitreus from China Vertebrate Zoology, 74, 343–357 https://doi.org/10.3897/vz.74.e108013"
588,伊江巨蜥,Varanus irrawadicus,云南,事件表,省级新纪录事件（1省）,丁晨晨、刘杰、李春旺、饶定齐、蒋志刚 (2019) 动物学杂志 10.13859/j.cjz.202001015
589,三岛掌突蟾,Leptobrachella sungi,云南,事件表,省级新纪录事件（1省）,唐尚婧、谭雪婷、余国华、王剑 (2025) 动物学杂志 Chinese Journal of Zoology 10.13859/j.cjz.202424041
590,尖喙蛇,Rhynchophis boulengeri,云南,事件表,省级新纪录事件（1省）,杨典成、侯勉、彭丽芳、翁仕洋、张勇、黄松 (2018) 动物学杂志 Chinese Journal of Zoology 10.13859/j.cjz.201805022
591,弄岗狭口蛙,Kaloula nonggangensis,云南,事件表,省级新纪录事件（1省）,魏平凡、宋艳芳、袁智勇、吴军 (2020) 动物学杂志 Chinese Journal of Zoology 10.13859/j.cjz.202001007
592,藏南角蟾,Megophrys periosa,云南,事件表,省级新纪录事件（1省）,石胜超、王斌、朱文博、付磊、江温、李东晖、江建平 (2020) 动物学杂志 10.13859/j.cjz.202006006
593,南蹼趾壁虎,Gekko palmatus,云南,事件表,省级新纪录事件（1省）,铁民华、曹静、罗旭、刘小龙、艾仁达、李杨、管振华 (2025) 动物学杂志 Chinese Journal of Zoology 10.13859/j.cjz.202524264
594,透明湍蛙,Amolops vitreus,云南,事件表,省级新纪录事件（1省）,"Yun-He Wu and Zhong-Bin Yu and Chen-Qi Lu and Yin-Peng Zhang and Wen-Jie Dong and Xiao-Long Liu and Felista Kasyoka Kilunda and Yun Xiong and Yun-Fang Jiang and Hong Ouyang and Zhong-Xiong Fu and Yun-Biao He and Zhi-Yong Yuan and Jing Che (2024). A new species of the genus Amolops (Amphibia: Ranidae) and the first national record of Amolops vitreus from China Vertebrate Zoology, 74, 343–357 https://doi.org/10.3897/vz.74.e108013"
595,杨氏湍蛙,Amolops yangi,云南,新种表,新种描述，转入 CHNR_new_species,"Yun-He Wu and Zhong-Bin Yu and Chen-Qi Lu and Yin-Peng Zhang and Wen-Jie Dong and Xiao-Long Liu and Felista Kasyoka Kilunda and Yun Xiong and Yun-Fang Jiang and Hong Ouyang and Zhong-Xiong Fu and Yun-Biao He and Zhi-Yong Yuan and Jing Che (2024). A new species of the genus Amolops (Amphibia: Ranidae) and the first national record of Amolops vitreus from China Vertebrate Zoology, 74, 343–357 https://doi.org/10.3897/vz.74.e108013"
596,透明湍蛙,Amolops vitreus,云南,事件表,省级新纪录事件（1省）,"Yun-He Wu and Zhong-Bin Yu and Chen-Qi Lu and Yin-Peng Zhang and Wen-Jie Dong and Xiao-Long Liu and Felista Kasyoka Kilunda and Yun Xiong and Yun-Fang Jiang and Hong Ouyang and Zhong-Xiong Fu and Yun-Biao He and Zhi-Yong Yuan and Jing Che (2024). A new species of the genus Amolops (Amphibia: Ranidae) and the first national record of Amolops vitreus from China Vertebrate Zoology, 74, 343–357 https://doi.org/10.3897/vz.74.e108013"
597,道城山溪鲵,Batrachuperus daochengensis,四川,新种表,新种描述，转入 CHNR_new_species,Fu & Zeng (2008). A new species of the genus Batrachuperus (Urodela: Hynobiidae) from Southwestern China https://doi.org/10.24272/j.issn.2095-8137.2020.129
598,道城山溪鲵,Batrachuperus daochengensis,四川,新种表,新种描述，转入 CHNR_new_species,Fu & Zeng (2008). A new species of the genus Batrachuperus (Urodela: Hynobiidae) from Southwestern China National Natural Science https://doi.org/10.24272/j.issn.2095-8137.2020.129
599,圆鼻巨蜥,Varanus salvator,海南,终审:排除-省内分布影像确认,记录类型无法判定（原表未标注且引用无线索）,刘大业、薛少亮、曾治高、颜文博、梁春生、莫世琴、蔡海洪、杜鹍鹏 (2022) 动物学杂志 Chinese Journal of Zoology 10.13859/j.cjz.202205020
600,快步麻蜥指名亚种,Eremias velox velox,新疆,事件表,省级新纪录事件（1省）,田莉莉、蔡子慧、陈达丽、徐瑞、郑小婷、朱哲滢、郭宪光 (2024) 动物学杂志 Chinese Journal of Zoology 10.13859/j.cjz.202423116
601,虫纹麻蜥,Eremias vermiculata,新疆,事件表,省级新纪录事件（1省）,
602,若尔盖锦蛇,Elaphe zoigeensis,四川,新种表,新种描述，转入 CHNR_new_species,"Song HUANG and Li DING and Frank T. BURBRINK and Jun YANG and Jietang HUANG and Chen LING and Xin CHEN and Yaping ZHANG (2012). A New Species of the Genus Elaphe (Squamata: Colubridae) from Zoige County, Sichuan, China Asian Herpetological Research, 3(1), 38–45 https://doi.org/10.3724/SP.J.1245.2012.00038"
603,若尔盖锦蛇,Elaphe zoigeensis,四川,新种表,新种描述，转入 CHNR_new_species,"Song HUANG and Li DING and Frank T. BURBRINK and Jun YANG and Jietang HUANG and Chen LING and Xin CHEN and Yaping ZHANG (2012). A New Species of the Genus Elaphe (Squamata: Colubridae) from Zoige County, Sichuan, China Asian Herpetological Research, 3(1), 38–45 https://doi.org/10.3724/SP.J.1245.2012.00038"
604,康县费氏蛙,Feirana kangxianensis,甘肃,新种表,新种描述，转入 CHNR_new_species,"Xin YANG and Bin WANG and Junhua HU and Jianping JIANG (2011). A New Species of the Genus Feirana (Amphibia: Anura: Dicroglossidae) from the Western Qinling Mountains of China Asian Herpetological Research, 2(2), 72-86 https://doi.org/10.3724/SP.J.1245.2011.00072"
605,北仑姬蛙,Microhyla beilunensis,浙江,排除,记录类型为'其他新纪录/再发现'等，未纳入省级新纪录事件表,陈智强、钟俊杰、冯磊、郑伟成、丁国骅、吴延庆、林植华 (2020) 动物学杂志 10.13859/j.cjz.202002007
606,安徽树蛙,Zhangixalus zhoukaiyae,安徽,新种表,新种描述，转入 CHNR_new_species,洪飞、虞磊、韩杰、方杰 (2024) 动物学杂志 10.13859/j.cjz.202422288
607,丽水树蛙,Zhangixalus lishuiensis,浙江,新种表,新种描述，转入 CHNR_new_species,洪飞、虞磊、韩杰、方杰 (2024) 动物学杂志 10.13859/j.cjz.202422288
608,香港半叶趾虎,Hemiphyllodactylus hongkongensis,浙江,事件表,省级新纪录事件（1省）,朱滨清、高朔、郭伟波、吴延庆、吴军 (2024) 动物学杂志 Chinese Journal of Zoology 10.13859/j.cjz.202423083
609,太行山费氏蛙,Feirana taihangnica,陕西、山西、河南,终审:A4 排除(建议)-伴随物种记录,新种描述文献中的伴随物种记录，非明确新纪录事件,"Xin YANG and Bin WANG and Junhua HU and Jianping JIANG (2011). A New Species of the Genus Feirana (Amphibia: Anura: Dicroglossidae) from the Western Qinling Mountains of China Asian Herpetological Research, 2(2), 72-86 https://doi.org/10.3724/SP.J.1245.2011.00072"
610,康县费氏蛙,Feirana kangxianensis,甘肃,新种表,新种描述，转入 CHNR_new_species,"Xin YANG and Bin WANG and Junhua HU and Jianping JIANG (2011). A New Species of the Genus Feirana (Amphibia: Anura: Dicroglossidae) from the Western Qinling Mountains of China Asian Herpetological Research, 2(2), 72-86 https://doi.org/10.3724/SP.J.1245.2011.00072"
611,太行山费氏蛙,Feirana taihangnica,陕西、山西、河南,终审:A4 排除(建议)-伴随物种记录,新种描述文献中的伴随物种记录，非明确新纪录事件,"Xin YANG and Bin WANG and Junhua HU and Jianping JIANG (2011). A New Species of the Genus Feirana (Amphibia: Anura: Dicroglossidae) from the Western Qinling Mountains of China Asian Herpetological Research, 2(2), 72-86 https://doi.org/10.3724/SP.J.1245.2011.00072"
612,丽水角蟾,Boulenophrys lishuiensis,,新种表,新种描述，转入 CHNR_new_species,赵玉瑞、朱滨清、高朔、王乐、吴延庆 (2023) 动物学杂志 Chinese Journal of Zoology 10.13859/j.cjz.202304013
613,凯崖壁虎,Gekko kaiyai,安徽、河南,新种表,新种描述，转入 CHNR_new_species,"Caiwen Zhang and Afang Wu and Bo Cai and Lanrong Wang and Dapeng Pang and Haohao Ma and Lei Yu and Xiangyang Li and Hua Huang and Lin Zeng and Li Li and Jie Yan and Peng Li and Baowei Zhang (2023). A New Species of the Genus Gekko (Squamata: Sauria: Gekkonidae) from the Dabie Mountains, China Animals, 13, 3796 https://doi.org/10.3390/ani13243796"
614,百山祖角蟾,Boulenophrys baishanzuensis,,终审:A3 排除-无省份且无坐标,记录类型无法判定（原表未标注且引用无线索）,赵玉瑞、朱滨清、高朔、王乐、吴延庆 (2023) 动物学杂志 Chinese Journal of Zoology 10.13859/j.cjz.202304013
615,河口壁虎,Gekko hokouensis,安徽、河南、湖北,终审:A4 排除(建议)-伴随物种记录,新种描述文献中的伴随物种记录，非明确新纪录事件,"Caiwen Zhang and Afang Wu and Bo Cai and Lanrong Wang and Dapeng Pang and Haohao Ma and Lei Yu and Xiangyang Li and Hua Huang and Lin Zeng and Li Li and Jie Yan and Peng Li and Baowei Zhang (2023). A New Species of the Genus Gekko (Squamata: Sauria: Gekkonidae) from the Dabie Mountains, China Animals, 13, 3796 https://doi.org/10.3390/ani13243796"
616,小棘蛙,Paa exilispinosa,浙江,事件表,省级新纪录事件（1省）,杨佳、陈苍松、陈水华、范忠勇、陆祎伟、袁乐洋 (2011) 动物学杂志
617,多疣壁虎,Gekko japonicus,安徽、河南、湖北,终审:A4 排除(建议)-伴随物种记录,新种描述文献中的伴随物种记录，非明确新纪录事件,"Caiwen Zhang and Afang Wu and Bo Cai and Lanrong Wang and Dapeng Pang and Haohao Ma and Lei Yu and Xiangyang Li and Hua Huang and Lin Zeng and Li Li and Jie Yan and Peng Li and Baowei Zhang (2023). A New Species of the Genus Gekko (Squamata: Sauria: Gekkonidae) from the Dabie Mountains, China Animals, 13, 3796 https://doi.org/10.3390/ani13243796"
618,大壁虎,Gekko gecko,,终审:A3 排除-无省份且无坐标,新种描述文献中的伴随物种记录，非明确新纪录事件,"Caiwen Zhang and Afang Wu and Bo Cai and Lanrong Wang and Dapeng Pang and Haohao Ma and Lei Yu and Xiangyang Li and Hua Huang and Lin Zeng and Li Li and Jie Yan and Peng Li and Baowei Zhang (2023). A New Species of the Genus Gekko (Squamata: Sauria: Gekkonidae) from the Dabie Mountains, China Animals, 13, 3796 https://doi.org/10.3390/ani13243796"
619,南蹼趾壁虎,Gekko palmatus,广西,终审:A1/B1 排除-同种同省已收录(再记录),新种描述文献中的伴随物种记录，非明确新纪录事件,"Caiwen Zhang and Afang Wu and Bo Cai and Lanrong Wang and Dapeng Pang and Haohao Ma and Lei Yu and Xiangyang Li and Hua Huang and Lin Zeng and Li Li and Jie Yan and Peng Li and Baowei Zhang (2023). A New Species of the Genus Gekko (Squamata: Sauria: Gekkonidae) from the Dabie Mountains, China Animals, 13, 3796 https://doi.org/10.3390/ani13243796"
620,刘氏链蛇,Lycodon liuchengchaoi,浙江,事件表,省级新纪录事件（1省）,彭丽芳、朱毅武、张亮、张勇、黄松 (2017) 动物学杂志 Chinese Journal of Zoology 10.13859/j.cjz.201704024
621,角原矛头蝮,Protobothrops cornutus,浙江,事件表,省级新纪录事件（1省）,王聿凡、陈征海、李佐辉、吴承昊 (2015) 动物学杂志 10.13859/j.cjz.201503024
622,凯崖壁虎,Gekko kaiyai,安徽、河南,新种表,新种描述，转入 CHNR_new_species,"Caiwen Zhang and Afang Wu and Bo Cai and Lanrong Wang and Dapeng Pang and Haohao Ma and Lei Yu and Xiangyang Li and Hua Huang and Lin Zeng and Li Li and Jie Yan and Peng Li and Baowei Zhang (2023). A New Species of the Genus Gekko (Squamata: Sauria: Gekkonidae) from the Dabie Mountains, China Animals, 13, 3796 https://doi.org/10.3390/ani13243796"
623,河口壁虎,Gekko hokouensis,安徽、河南、湖北,终审:A4 排除(建议)-伴随物种记录,新种描述文献中的伴随物种记录，非明确新纪录事件,"Caiwen Zhang and Afang Wu and Bo Cai and Lanrong Wang and Dapeng Pang and Haohao Ma and Lei Yu and Xiangyang Li and Hua Huang and Lin Zeng and Li Li and Jie Yan and Peng Li and Baowei Zhang (2023). A New Species of the Genus Gekko (Squamata: Sauria: Gekkonidae) from the Dabie Mountains, China Animals, 13, 3796 https://doi.org/10.3390/ani13243796"
624,多疣壁虎,Gekko japonicus,安徽、河南、湖北,终审:A4 排除(建议)-伴随物种记录,新种描述文献中的伴随物种记录，非明确新纪录事件,"Caiwen Zhang and Afang Wu and Bo Cai and Lanrong Wang and Dapeng Pang and Haohao Ma and Lei Yu and Xiangyang Li and Hua Huang and Lin Zeng and Li Li and Jie Yan and Peng Li and Baowei Zhang (2023). A New Species of the Genus Gekko (Squamata: Sauria: Gekkonidae) from the Dabie Mountains, China Animals, 13, 3796 https://doi.org/10.3390/ani13243796"
625,大壁虎,Gekko gecko,,终审:A3 排除-无省份且无坐标,新种描述文献中的伴随物种记录，非明确新纪录事件,"Caiwen Zhang and Afang Wu and Bo Cai and Lanrong Wang and Dapeng Pang and Haohao Ma and Lei Yu and Xiangyang Li and Hua Huang and Lin Zeng and Li Li and Jie Yan and Peng Li and Baowei Zhang (2023). A New Species of the Genus Gekko (Squamata: Sauria: Gekkonidae) from the Dabie Mountains, China Animals, 13, 3796 https://doi.org/10.3390/ani13243796"
626,黑眶蟾蜍,Duttaphrynus melanostictus,西藏,事件表,省级新纪录事件（1省）,张丽霞、盛永笋、袁翔宇、安东、刘振豪、廖家红、陈伟 (2019) 动物学杂志 Chinese Journal of Zoology 10.13859/j.cjz.201906018
627,贡山白环蛇,Lycodon gongshan,西藏,事件表,省级新纪录事件（1省）,黄坤、石胜超、齐银、武佳韵、姚忠祎 (2021) 动物学杂志 10.13859/j.cjz.202103006
628,云南半叶趾虎,Hemiphyllodactylus yunnanensis,西藏,事件表,省级新纪录事件（1省）,
629,祁门大鲵,Andrias cheni,安徽,新种表,新种描述，转入 CHNR_new_species,龚宴安、许竟成、黄松、黄汝怡、李佳琦、江永强、杨典成、余婧、章艺、李文静 (2023) 动物学杂志 Chinese Journal of Zoology 10.13859/j.cjz.202305002
630,朝鲜侧褶蛙,Pelophylax chosenicus,辽宁,事件表,省级新纪录事件（1省）,周圣博、张芷赫、王惠、苗青、徐树军、关萍、史静耸 (2022) 动物学杂志 10.13859/j.cjz.202203013
631,贵州拟小鲵,Pseudohynobius guizhouensis,贵州,新种表,新种描述，转入 CHNR_new_species,
632,金佛拟小鲵,Pseudohynobius jinfo,,新种表,新种描述，转入 CHNR_new_species,
633,云雾山拟小鲵,Pseudohynobius yunwuensis,,新种表,新种描述，转入 CHNR_new_species,
634,福鼎蝾螈,Cynops fudingensis,福建,新种表,新种描述，转入 CHNR_new_species,
635,肥螈,Pachytriton inexpectatus,广西,新种表,新种描述，转入 CHNR_new_species,
636,费氏肥螈,Pachytriton feii,,新种表,新种描述，转入 CHNR_new_species,
637,楚雄蓝尾蝾螈,Cynops cyanurus chuxiongensis,云南,终审:排除(建议)-无引用且该省为已知分布,记录类型无法判定（原表未标注且引用无线索）,
638,山井疣螈,Tylototriton shanjing,,终审:A3 排除-无省份且无坐标,记录类型无法判定（原表未标注且引用无线索）,
639,红瘰疣螈,Tylototriton verrucosus,,终审:A3 排除-无省份且无坐标,记录类型无法判定（原表未标注且引用无线索）,
640,西伯利亚北鲵,Ranodon sibiricus,,终审:A3 排除-无省份且无坐标,记录类型无法判定（原表未标注且引用无线索）,
641,丽水树蛙,Rhacophorus lishuiensis,浙江,新种表,新种描述，转入 CHNR_new_species,刘宝权、王聿凡、蒋珂、陈宏满、周佳俊、许济南、吴丞昊 (2017) 动物学杂志 10.13859/j.cjz.201703001
642,橙脊瘰螈,Paramesotriton aurantius,浙江,事件表,省级新纪录事件（1省）,刘日林、周佳俊、刘凯怊、金伟、叶文晶、徐小祥 (2019) 动物学杂志 Chinese Journal of Zoology 10.13859/j.cjz.201901015
643,棘胸蛙,Quasipaa spinosa,浙江,排除,记录类型为'其他新纪录/再发现'等，未纳入省级新纪录事件表,陈传武、张财文、干满水、詹成修、张保卫、王彦平 (2023) 动物学杂志 Chinese Journal of Zoology 10.13859/j.cjz.202321329
644,云南小狭口蛙,Glyphoglossus yunnanensis,重庆,事件表,省级新纪录事件（1省）,黄双、李春晓、李成容、黄燕 (2022) 动物学杂志 10.13859/j.cjz.202206013
645,赵氏后棱蛇,Opisthotropis zhaoermii,重庆,事件表,省级新纪录事件（1省）,李科、詹雨洋、郭鹏、唐梓钧、吴亚勇、舒服 (2025) 动物学杂志 Chinese Journal of Zoology 10.13859/j.cjz.202523242
646,南蹼趾壁虎,Gekko palmatus,广西,终审:A1/B1 排除-同种同省已收录(再记录),新种描述文献中的伴随物种记录，非明确新纪录事件,"Caiwen Zhang and Afang Wu and Bo Cai and Lanrong Wang and Dapeng Pang and Haohao Ma and Lei Yu and Xiangyang Li and Hua Huang and Lin Zeng and Li Li and Jie Yan and Peng Li and Baowei Zhang (2023). A New Species of the Genus Gekko (Squamata: Sauria: Gekkonidae) from the Dabie Mountains, China Animals, 13, 3796 https://doi.org/10.3390/ani13243796"
647,广西壁虎,Gekko kwangsiensis,广西,新种表,新种描述，转入 CHNR_new_species,"JIAN-HUAN YANG (2015). A new species of the genus Gekko Laurenti (Squamata: Sauria: Gekkonidae) from Guangxi, China Zootaxa, 3936(2), 287–295 https://doi.org/10.11646/zootaxa.3936.2.9"
648,广西壁虎,Gekko kwangsiensis,广西,新种表,新种描述，转入 CHNR_new_species,"JIAN-HUAN YANG (2015). A new species of the genus Gekko Laurenti (Squamata: Sauria: Gekkonidae) from Guangxi, China Zootaxa, 3936(2), 287–295 https://doi.org/10.11646/zootaxa.3936.2.9"
649,井冈山纤树蛙,Gracixalus jinggangensis,江西,新种表,新种描述，转入 CHNR_new_species,"ZHAO-CHI ZENG and JIAN ZHAO and CHUN-QUAN CHEN and GUO-LING CHEN and ZHONG ZHANG & YING-YONG WANG (2017). A new species of the genus Gracixalus (Amphibia: Anura: Rhacophoridae) from Mount Jinggang, southeastern China Zootaxa, 4250(2), 171–185 https://doi.org/10.11646/zootaxa.4250.2.3"
650,宜章臭蛙,Odorrana yizhangensis,重庆,事件表,省级新纪录事件（1省）,朱艳军、陈卓、常利明、翟晓飞、常卫东、陈晓虹 (2015) 动物学杂志 10.13859/j.cjz.201506017
651,无颞鳞腹链蛇,Hebius atemporalis,重庆,事件表,省级新纪录事件（1省）,"李茂良,黄俊杰,任金龙,等.重庆市发现无颞鳞腹链蛇[J].动物学杂志,2023,58(6):992-994.DOI:10.13859/j.cjz.202321091."
652,龙胜小头蛇,Oligodon lungshenensis,重庆,事件表,省级新纪录事件（1省）,
653,井冈山纤树蛙,Gracixalus jinggangensis,江西,新种表,新种描述，转入 CHNR_new_species,"ZHAO-CHI ZENG, JIAN ZHAO, CHUN-QUAN CHEN, GUO-LING CHEN, ZHONG ZHANG & YING-YONG WANG (2017). A new species of the genus Gracixalus (Amphibia: Anura: Rhacophoridae) from Mount Jinggang, southeastern China Zootaxa, 4250(2), 171–185 https://doi.org/10.11646/zootaxa.4250.2.3"
654,弄岗纤树蛙,Gracixalus nonggangensis,广西,新种表,新种描述，转入 CHNR_new_species,"YUNMING MO, WEI ZHANG, YU LUO, SHICHU ZHOU & WEICAI CHEN (2013). A new species of the genus Gracixalus (Amphibia: Anura: Rhacophoridae) from Southern Guangxi, China Zootaxa, 3616(1), 61–72 https://doi.org/10.11646/zootaxa.3616.1.5"
655,绥阳掌突蟾,Leptobrachella suiyangensis,重庆,事件表,省级新纪录事件（1省）,马琦、李怡、黄静、万里鹏、王志坚 (2023) 动物学杂志 10.13859/j.cjz.202323078
656,贵州臭蛙,Odorrana kweichowensis,重庆,事件表,省级新纪录事件（1省）,刘京、程彦林、周军健、李仕泽 (2024) 动物学杂志 10.13859/j.cjz.202423165
657,尾突角蟾,Boulenophrys caudoprocta,重庆,事件表,省级新纪录事件（1省）,马琦、黄静、钟鸣、万里鹏、袁智勇、王志坚 (2023) 动物学杂志 10.13859/j.cjz.202305012
658,奥氏越南姬蛙,Vietnamophryne orlovi,云南,事件表,省级新纪录事件（1省）,"吴东益、刘小龙、刘春雨、史兴惠、杨泽鹏、施德山、袁智勇 (2022). 云南省两栖类新属纪录—越南姬蛙属 西南林业大学学报(自然科学), 42(4), 155–160 https://doi.org/10.11929/j.swfu.202108048"
659,虫纹麻蜥,Eremias vermiculata,新疆,事件表,省级新纪录事件（1省）,"刘金龙、原秀云、周天和、李大江、Tatjana N.Dujsebayeva、郭宪光 (2014). 新疆天山以北发现爬行动物虫纹麻蜥 动物学杂志, 49(3), 423-427 https://doi.org/10.13859/j.cjz.201403015"
660,无棘溪蟾,Torrentophryne aspinia,湖北,事件表,省级新纪录事件（1省）,"田凯、汪正祥、雷耘、林丽群、李泽、彭乾乾 (2016). 湖北省两栖类新记录———无棘溪蟾 华中师范大学学报(自然科学版), 50(3), 415-416 https://doi.org/10.19603/j.cnki.1000-1190.2016.03.018"
661,弄岗纤树蛙,Gracixalus nonggangensis,广西,新种表,新种描述，转入 CHNR_new_species,"YUNMING MO, WEI ZHANG, YU LUO, SHICHU ZHOU & WEICAI CHEN (2013). A new species of the genus Gracixalus (Amphibia: Anura: Rhacophoridae) from Southern Guangxi, China Zootaxa, 3616(1), 61-72 https://doi.org/10.11646/zootaxa.3616.1.5"
662,盈江腹链蛇,Hebius citrinoventer,云南,新种表,新种描述，转入 CHNR_new_species,"Yu-Hao Xu and Dian-Cheng Yang and Yan-An Gong and Kai-Chen Ouyang and Shi-Yang Weng and Jun-Dong Deng and Song Huang and Li-Fang Peng (2024). A new species of the genus Hebius (Squamata, Natricidae) from Yunnan, China ZooKeys https://doi.org/10.3897/zookeys.1206.123841"
663,盈江腹链蛇,Hebius citrinoventer,云南,新种表,新种描述，转入 CHNR_new_species,"Yu-Hao Xu and Dian-Cheng Yang and Yan-An Gong and Kai-Chen Ouyang and Shi-Yang Weng and Jun-Dong Deng and Song Huang and Li-Fang Peng (2024). A new species of the genus Hebius (Squamata, Natricidae) from Yunnan, China Life Science https://doi.org/10.3897/zookeys.1206.123841"
664,盈江腹链蛇,Hebius citrinoventer,云南,新种表,新种描述，转入 CHNR_new_species,"Yu-Hao Xu and Dian-Cheng Yang and Yan-An Gong and Kai-Chen Ouyang and Shi-Yang Weng and Jun-Dong Deng and Song Huang and Li-Fang Peng (2024). A new species of the genus Hebius (Squamata, Natricidae) from Yunnan, China ZooKeys https://doi.org/10.3897/zookeys.1206.123841"
665,,Hebius taronensis,,终审:A3 排除-无省份且无坐标,新种描述文献中的伴随物种记录，非明确新纪录事件,"Yu-Hao Xu and Dian-Cheng Yang and Yan-An Gong and Kai-Chen Ouyang and Shi-Yang Weng and Jun-Dong Deng and Song Huang and Li-Fang Peng (2024). A new species of the genus Hebius (Squamata, Natricidae) from Yunnan, China ZooKeys https://doi.org/10.3897/zookeys.1206.123841"
666,白线树蛙,Rhacophorus leucofasciatus,贵州,事件表,省级新纪录事件（1省）,"陈继军、潘成坤 (2015). 贵州省黔东南州两栖类新纪录———白线树蛙 贵州林业科技, 43(2) https://doi.org/10.16709/j.cnki.gzlykj.2015.02.003"
667,,Hebius venningi,,终审:A3 排除-无省份且无坐标,新种描述文献中的伴随物种记录，非明确新纪录事件,"Yu-Hao Xu and Dian-Cheng Yang and Yan-An Gong and Kai-Chen Ouyang and Shi-Yang Weng and Jun-Dong Deng and Song Huang and Li-Fang Peng (2024). A new species of the genus Hebius (Squamata, Natricidae) from Yunnan, China ZooKeys https://doi.org/10.3897/zookeys.1206.123841"
668,坡普腹链蛇,Hebius popei,,终审:A3 排除-无省份且无坐标,新种描述文献中的伴随物种记录，非明确新纪录事件,"Yu-Hao Xu and Dian-Cheng Yang and Yan-An Gong and Kai-Chen Ouyang and Shi-Yang Weng and Jun-Dong Deng and Song Huang and Li-Fang Peng (2024). A new species of the genus Hebius (Squamata, Natricidae) from Yunnan, China ZooKeys https://doi.org/10.3897/zookeys.1206.123841"
669,黑带腹链蛇,Hebius bitaeniatus,,终审:A3 排除-无省份且无坐标,新种描述文献中的伴随物种记录，非明确新纪录事件,"Yu-Hao Xu and Dian-Cheng Yang and Yan-An Gong and Kai-Chen Ouyang and Shi-Yang Weng and Jun-Dong Deng and Song Huang and Li-Fang Peng (2024). A new species of the genus Hebius (Squamata, Natricidae) from Yunnan, China ZooKeys https://doi.org/10.3897/zookeys.1206.123841"
670,维西腹链蛇,Hebius weixiensis,,终审:A3 排除-无省份且无坐标,新种描述文献中的伴随物种记录，非明确新纪录事件,"Yu-Hao Xu and Dian-Cheng Yang and Yan-An Gong and Kai-Chen Ouyang and Shi-Yang Weng and Jun-Dong Deng and Song Huang and Li-Fang Peng (2024). A new species of the genus Hebius (Squamata, Natricidae) from Yunnan, China ZooKeys https://doi.org/10.3897/zookeys.1206.123841"
671,,Hebius andreae,,终审:A3 排除-无省份且无坐标,新种描述文献中的伴随物种记录，非明确新纪录事件,"Yu-Hao Xu and Dian-Cheng Yang and Yan-An Gong and Kai-Chen Ouyang and Shi-Yang Weng and Jun-Dong Deng and Song Huang and Li-Fang Peng (2024). A new species of the genus Hebius (Squamata, Natricidae) from Yunnan, China ZooKeys https://doi.org/10.3897/zookeys.1206.123841"
672,白眉腹链蛇,Hebius boulengeri,广东,新种表,新种描述，转入 CHNR_new_species,"Shuo Liu and JiShan Wang and Mian Hou and Liang Zhang and Qiaoyan Wang and Chunmiao Zong and Jiang Zhou and Dingqi Rao and Patrick David and Gernot Vogel (2025). A new species of the genus Hebius (Squamata, Natricidae), previously confused with H. boulengeri (Gressitt, 1937) Yunnan Xishuangbanna National Nature https://doi.org/10.3897/zookeys.1254.161130"
673,单氏腹链蛇,Hebius shantianfangi,云南,新种表,新种描述，转入 CHNR_new_species,"Shuo Liu and JiShan Wang and Mian Hou and Liang Zhang and Qiaoyan Wang and Chunmiao Zong and Jiang Zhou and Dingqi Rao and Patrick David and Gernot Vogel (2025). A new species of the genus Hebius (Squamata, Natricidae), previously confused with H. boulengeri (Gressitt, 1937) Yunnan Xishuangbanna National Nature https://doi.org/10.3897/zookeys.1254.161130"
674,冷泉树蛙,Kurixalus lenquanensis,云南,新种表,新种描述，转入 CHNR_new_species,"Guohua Yu and Jishan Wang and Mian Hou and Dingqi Rao and Junxing Yang (2017). A new species of the genus Kurixalus from Yunnan, China (Anura, Rhacophoridae) ZooKeys, 694, 71–93 https://doi.org/10.3897/zookeys.694.12785"
675,冷泉树蛙,Kurixalus lenquanensis,云南,新种表,新种描述，转入 CHNR_new_species,"Guohua Yu and Jishan Wang and Mian Hou and Dingqi Rao and Junxing Yang (2017). A new species of the genus Kurixalus from Yunnan, China (Anura, Rhacophoridae) ZooKeys, 694, 71–93 https://doi.org/10.3897/zookeys.694.12785"
676,冷泉树蛙,Kurixalus lenquanensis,云南,新种表,新种描述，转入 CHNR_new_species,"Guohua Yu and Jishan Wang and Mian Hou and Dingqi Rao and Junxing Yang (2017). A new species of the genus Kurixalus from Yunnan, China (Anura, Rhacophoridae) ZooKeys, 694, 71–93 https://doi.org/10.3897/zookeys.694.12785"
677,黑瘰螈,Tylototriton asperrimus,中国广西、越南和平,终审:A4 排除(建议)-伴随物种记录,新种描述文献中的伴随物种记录，非明确新纪录事件,"KANTO NISHIKAWA and MASAFUMI MATSUI and TAO THIEN NGUYEN (2013). A New Species of Tylototriton from Northern Vietnam (Amphibia: Urodela: Salamandridae) Current Herpetology, 32(1), 34–49 https://doi.org/10.5358/hsj.32.34"
678,泽氏瘰螈,Tylototriton ziegleri,河江、高平,排除,国外新种描述（省份为外国地名）,"KANTO NISHIKAWA and MASAFUMI MATSUI and TAO THIEN NGUYEN (2013). A New Species of Tylototriton from Northern Vietnam (Amphibia: Urodela: Salamandridae) Current Herpetology, 32(1), 34–49 https://doi.org/10.5358/hsj.32.34"
679,冷泉树蛙,Kurixalus lenquanensis,云南,新种表,新种描述，转入 CHNR_new_species,"Guohua Yu and Jishan Wang and Mian Hou and Dingqi Rao and Junxing Yang (2017). A new species of the genus Kurixalus from Yunnan, China (Anura, Rhacophoridae) ZooKeys, 694, 71–93 https://doi.org/10.3897/zookeys.694.12785"
680,大瑶山掌突蟾,Leptobrachella dayaoshanensis,广西,新种表,新种描述，转入 CHNR_new_species,"Gui-Dong Yu and Kun Qin and Tao Meng and Peng Li and Wan-Xiao Peng and Wei-Cai Chen (2024). A new species of the genus Leptobrachella (Amphibia, Anura, Megophryidae) from Dayaoshan National Nature Reserve, Guangxi, China Dayaoshan National Nature https://doi.org/10.3897/zookeys.1219.121027"
681,大瑶山掌突蟾,Leptobrachella dayaoshanensis,广西,新种表,新种描述，转入 CHNR_new_species,"Gui-Dong Yu and Kun Qin and Tao Meng and Peng Li and Wan-Xiao Peng and Wei-Cai Chen (2024). A new species of the genus Leptobrachella (Amphibia, Anura, Megophryidae) from Dayaoshan National Nature Reserve, Guangxi, China Dayaoshan National Nature https://doi.org/10.3897/zookeys.1219.121027"
682,大容山掌突蟾,Leptobrachella darongshanensis,广西,新种表,新种描述，转入 CHNR_new_species,"Wei-Cai Chen and Yong-Jian Bei and Peng Li (2025). A new species of the genus Leptobrachella (Amphibia, Anura, Megophryidae) from the Darongshan Nature Reserve, Guangxi, China Darongshan Nature https://doi.org/10.3897/zookeys.1260.161514"
683,十万大山掌突蟾,Leptobrachella shiwandashanensis,广西,终审:A4 排除(建议)-伴随物种记录,新种描述文献中的伴随物种记录，非明确新纪录事件,"Wei-Cai Chen and Yong-Jian Bei and Peng Li (2025). A new species of the genus Leptobrachella (Amphibia, Anura, Megophryidae) from the Darongshan Nature Reserve, Guangxi, China Darongshan Nature https://doi.org/10.3897/zookeys.1260.161514"
684,凉山瘰螈,Tylototriton taliangensis,,终审:A3 排除-无省份且无坐标,新种描述文献中的伴随物种记录，非明确新纪录事件,"Youhui SHEN and Jianping JIANG and Xiaoyang MO (2012). A New Species of the Genus Tylototriton (Amphibia, Salamandridae) from Hunan, China Asian Herpetological Research, 3(1), 21–30 https://doi.org/10.3724/SP.J.1245.2012.00021"
685,云开掌突蟾,Leptobrachella yunkaiensis,广东、广西,事件表,省级新纪录事件（2省）,"Wei-Cai Chen and Yong-Jian Bei and Peng Li (2025). A new species of the genus Leptobrachella (Amphibia, Anura, Megophryidae) from the Darongshan Nature Reserve, Guangxi, China Darongshan Nature https://doi.org/10.3897/zookeys.1260.161514"
686,棕黑疣螈,Tylototriton verrucosus,,终审:A3 排除-无省份且无坐标,新种描述文献中的伴随物种记录，非明确新纪录事件,"Youhui SHEN and Jianping JIANG and Xiaoyang MO (2012). A New Species of the Genus Tylototriton (Amphibia, Salamandridae) from Hunan, China Asian Herpetological Research, 3(1), 21–30 https://doi.org/10.3724/SP.J.1245.2012.00021"
687,南部瘰螈,Tylototriton notialis,,终审:A3 排除-无省份且无坐标,新种描述文献中的伴随物种记录，非明确新纪录事件,"Youhui SHEN and Jianping JIANG and Xiaoyang MO (2012). A New Species of the Genus Tylototriton (Amphibia, Salamandridae) from Hunan, China Asian Herpetological Research, 3(1), 21–30 https://doi.org/10.3724/SP.J.1245.2012.00021"
688,大容山掌突蟾,Leptobrachella darongshanensis,广西,新种表,新种描述，转入 CHNR_new_species,"Wei-Cai Chen and Yong-Jian Bei and Peng Li (2025). A new species of the genus Leptobrachella (Amphibia, Anura, Megophryidae) from the Darongshan Nature Reserve, Guangxi, China Darongshan Nature https://doi.org/10.3897/zookeys.1260.161514"
689,十万大山掌突蟾,Leptobrachella shiwandashanensis,广东,终审:A4 排除(建议)-伴随物种记录,新种描述文献中的伴随物种记录，非明确新纪录事件,"Wei-Cai Chen and Yong-Jian Bei and Peng Li (2025). A new species of the genus Leptobrachella (Amphibia, Anura, Megophryidae) from the Darongshan Nature Reserve, Guangxi, China Darongshan Nature https://doi.org/10.3897/zookeys.1260.161514"
690,,Atelopus fronterizo,达连,排除,国外新种描述（省份为外国地名）,and A new species of Atelopus (Amphibia: Bufonidae) from eastern Panama https://doi.org/10.24272/j.issn.2095-8137.2020.319
691,饶氏原指树蛙,Kurixalus raoi,贵州,新种表,新种描述，转入 CHNR_new_species,"Unknown Author A new species of Kurixalus (Anura, Rhacophoridae) from Guizhou, China https://doi.org/10.24272/j.issn.2095-8137.2020.311"
692,大明山掌突蟾,Leptobrachella damingshanensis,广西,新种表,新种描述，转入 CHNR_new_species,"Wang, Li, Liu, Wei, Wang (2021). A new species of Leptobrachella (Anura: Megophryidae) from central Guangxi, China https://doi.org/10.24272/j.issn.2095-8137.2021.179"
693,斯氏龙蜥,Diploderma swild,四川,新种表,新种描述，转入 CHNR_new_species,"Unknown Author (2019). A new species of Mountain Dragon (Reptilia: Agamidae: Diploderma) from the D. dymondi complex in southern Sichuan Province, China Zoological Research, 40(5), 456-465 https://doi.org/10.24272/j.issn.2095-8137.2019.034"
694,滇南龙蜥,Diploderma dymondi,,新种表,新种描述，转入 CHNR_new_species,"Unknown Author (2019). A new species of Mountain Dragon (Reptilia: Agamidae: Diploderma) from the D. dymondi complex in southern Sichuan Province, China Zoological Research, 40(5), 456-465 https://doi.org/10.24272/j.issn.2095-8137.2019.034"
695,瓦氏龙蜥,Diploderma varcoae,,终审:A3 排除-无省份且无坐标,新种描述文献中的伴随物种记录，非明确新纪录事件,"Unknown Author (2019). A new species of Mountain Dragon (Reptilia: Agamidae: Diploderma) from the D. dymondi complex in southern Sichuan Province, China Zoological Research, 40(5), 456-465 https://doi.org/10.24272/j.issn.2095-8137.2019.034"
696,黄头龙蜥,Diploderma flaviceps,,终审:A3 排除-无省份且无坐标,新种描述文献中的伴随物种记录，非明确新纪录事件,"Unknown Author (2019). A new species of Mountain Dragon (Reptilia: Agamidae: Diploderma) from the D. dymondi complex in southern Sichuan Province, China Zoological Research, 40(5), 456-465 https://doi.org/10.24272/j.issn.2095-8137.2019.034"
697,云开掌突蟾,Leptobrachella yunkaiensis,广东、广西,事件表,省级新纪录事件（2省）,"Wei-Cai Chen and Yong-Jian Bei and Peng Li (2025). A new species of the genus Leptobrachella (Amphibia, Anura, Megophryidae) from the Darongshan Nature Reserve, Guangxi, China Darongshan Nature https://doi.org/10.3897/zookeys.1260.161514"
698,佛山掌突蟾,Leptobrachella kungfu,广东,新种表,新种描述，转入 CHNR_new_species,"Qi-Qi Zhang and Shi-Shi Lin and Yuan-Hang Li and Hong-Lin Su and Hong-Hui Chen and Xiu-Yu Zhang and Zhao-Chi Zeng and Jian Wang (2025). A new species of the genus Leptobrachella (Anura, Megophryidae) from central Guangdong Province, China Environmental Science https://doi.org/10.3897/zookeys.1259.164646"
699,,Leptobrachella yunkaiensis,广东,终审:A4 排除(建议)-伴随物种记录,新种描述文献中的伴随物种记录，非明确新纪录事件,"Qi-Qi Zhang and Shi-Shi Lin and Yuan-Hang Li and Hong-Lin Su and Hong-Hui Chen and Xiu-Yu Zhang and Zhao-Chi Zeng and Jian Wang (2025). A new species of the genus Leptobrachella (Anura, Megophryidae) from central Guangdong Province, China Environmental Science https://doi.org/10.3897/zookeys.1259.164646"
700,佛山掌突蟾,Leptobrachella kungfu,广东,新种表,新种描述，转入 CHNR_new_species,"Qi-Qi Zhang and Shi-Shi Lin and Yuan-Hang Li and Hong-Lin Su and Hong-Hui Chen and Xiu-Yu Zhang and Zhao-Chi Zeng and Jian Wang (2025). A new species of the genus Leptobrachella (Anura, Megophryidae) from central Guangdong Province, China ZooKeys https://doi.org/10.3897/zookeys.1259.164646"
701,十万大山东方蛙,Occidozyga shiwandashanensis,广西,新种表,新种描述，转入 CHNR_new_species,"Kuhl and van Hasselt (1822). A new species of Occidozyga Kuhl and van Hasselt, 1822 (Anura: Dicroglossidae) from Southern Guangxi, China https://doi.org/10.24272/j.issn.2095-8137.2021.252"
702,,Leptobrachella yunkaiensis,广东,终审:A4 排除(建议)-伴随物种记录,新种描述文献中的伴随物种记录，非明确新纪录事件,"Qi-Qi Zhang and Shi-Shi Lin and Yuan-Hang Li and Hong-Lin Su and Hong-Hui Chen and Xiu-Yu Zhang and Zhao-Chi Zeng and Jian Wang (2025). A new species of the genus Leptobrachella (Anura, Megophryidae) from central Guangdong Province, China ZooKeys https://doi.org/10.3897/zookeys.1259.164646"
703,密疣掌突蟾,Leptobrachella verrucosa,广东,新种表,新种描述，转入 CHNR_new_species,"Shi-Shi Lin and Yuan-Hang Li and Yu-Hong Lu and Hong-Lin Su and Shi-Bin Wu and Qi-Qi Zhang and Mei-Juan Mo and Shao-Jun Xiao and Zhong Pan and Hu-Jun Pan and Zhao-Chi Zeng and Jian Wang (2022). A new species of the genus Leptobrachella (Anura, Megophryidae) from northwestern Guangdong Province, China Herpetozoa, 35, 165-178 https://doi.org/10.3897/herpetozoa.35.e89981"
704,密疣掌突蟾,Leptobrachella verrucosa,广东,新种表,新种描述，转入 CHNR_new_species,"Shi-Shi Lin and Yuan-Hang Li and Yu-Hong Lu and Hong-Lin Su and Shi-Bin Wu and Qi-Qi Zhang and Mei-Juan Mo and Shao-Jun Xiao and Zhong Pan and Hu-Jun Pan and Zhao-Chi Zeng and Jian Wang (2022). A new species of the genus Leptobrachella (Anura, Megophryidae) from northwestern Guangdong Province, China Herpetozoa, 35, 165–178 https://doi.org/10.3897/herpetozoa.35.e89981"
705,,Leptobrachella yunkaiensis,广东,终审:A4 排除(建议)-伴随物种记录,新种描述文献中的伴随物种记录，非明确新纪录事件,"Shi-Shi Lin and Yuan-Hang Li and Yu-Hong Lu and Hong-Lin Su and Shi-Bin Wu and Qi-Qi Zhang and Mei-Juan Mo and Shao-Jun Xiao and Zhong Pan and Hu-Jun Pan and Zhao-Chi Zeng and Jian Wang (2022). A new species of the genus Leptobrachella (Anura, Megophryidae) from northwestern Guangdong Province, China Herpetozoa, 35, 165–178 https://doi.org/10.3897/herpetozoa.35.e89981"
706,织金瘰螈,Paramesotriton zhijinensis,,终审:A3 排除-无省份且无坐标,新种描述文献中的伴随物种记录，非明确新纪录事件,"李松、田应洲、谷晓明、熊荣川 (2008). 瘰螈属一新种——龙里瘰螈(有尾目:蝾螈科) 动物学研究, 29(3), 313-317 https://doi.org/10.3724/SP.J.1141.2008.03313"
707,新都桥湍蛙,Amolops xinduqiao,四川,新种表,新种描述，转入 CHNR_new_species,"Liang Fei and Chang-Yuan Ye and Yu-Fan Wang and Ke Jiang (2017). A new species of the genus Amolops (Anura: Ranidae) from high-altitude Sichuan, southwestern China, with a discussion on the taxonomic status of Amolops kangtingensis Zoological Research, 38(3), 138-145 https://doi.org/10.24272/j.issn.2095-8137.2017.022"
708,康定湍蛙,Amolops kangtingensis,四川,新种表,新种描述，转入 CHNR_new_species,"Liang Fei and Chang-Yuan Ye and Yu-Fan Wang and Ke Jiang (2017). A new species of the genus Amolops (Anura: Ranidae) from high-altitude Sichuan, southwestern China, with a discussion on the taxonomic status of Amolops kangtingensis Zoological Research, 38(3), 138-145 https://doi.org/10.24272/j.issn.2095-8137.2017.022"
709,峨眉湍蛙,Amolops mantzorum,,终审:A3 排除-无省份且无坐标,新种描述文献中的伴随物种记录，非明确新纪录事件,"Liang Fei and Chang-Yuan Ye and Yu-Fan Wang and Ke Jiang (2017). A new species of the genus Amolops (Anura: Ranidae) from high-altitude Sichuan, southwestern China, with a discussion on the taxonomic status of Amolops kangtingensis Zoological Research, 38(3), 138-145 https://doi.org/10.24272/j.issn.2095-8137.2017.022"
710,,Leptobrachella liui,,终审:A3 排除-无省份且无坐标,新种描述文献中的伴随物种记录，非明确新纪录事件,"Shi-Shi Lin and Yuan-Hang Li and Yu-Hong Lu and Hong-Lin Su and Shi-Bin Wu and Qi-Qi Zhang and Mei-Juan Mo and Shao-Jun Xiao and Zhong Pan and Hu-Jun Pan and Zhao-Chi Zeng and Jian Wang (2022). A new species of the genus Leptobrachella (Anura, Megophryidae) from northwestern Guangdong Province, China Herpetozoa, 35, 165–178 https://doi.org/10.3897/herpetozoa.35.e89981"
711,海南小姬蛙,Micryletta immaculata,海南,新种表,新种描述，转入 CHNR_new_species,"Unknown Author A new species of the genus Micryletta (Anura, Microhylidae) from Hainan Island, China https://doi.org/10.24272/j.issn.2095-8137.2020.333"
712,沧源树蛙,Raorchestes cangyuanensis,云南,新种表,新种描述，转入 CHNR_new_species,"DEAR EDITOR (2019). A new species of the genus Raorchestes (Anura: Rhacophoridae) from Yunnan Province, China Zoological Research, 40(6), 558-563 https://doi.org/10.24272/j.issn.2095-8137.2019.066"
713,,Leptobrachella mangshanensis,,终审:A3 排除-无省份且无坐标,新种描述文献中的伴随物种记录，非明确新纪录事件,"Shi-Shi Lin and Yuan-Hang Li and Yu-Hong Lu and Hong-Lin Su and Shi-Bin Wu and Qi-Qi Zhang and Mei-Juan Mo and Shao-Jun Xiao and Zhong Pan and Hu-Jun Pan and Zhao-Chi Zeng and Jian Wang (2022). A new species of the genus Leptobrachella (Anura, Megophryidae) from northwestern Guangdong Province, China Herpetozoa, 35, 165–178 https://doi.org/10.3897/herpetozoa.35.e89981"
714,稻城高原鳅,Triplophysa daochengensis,四川,排除,名录归辐鳍鱼纲，非两栖爬行动物,"Yu-Yi WU and Zhi-Yu SUN and Yan-Shu GUO (2016). A new species of the genus Triplophysa (Cypriniformes: Nemacheilidae), Triplophysa daochengensis, from Sichuan Province, China Zoological Research, 37(5), 290-295 https://doi.org/10.13918/j.issn.2095-8137.2016.5.290"
715,,Leptobrachella wulingensis,,终审:A3 排除-无省份且无坐标,新种描述文献中的伴随物种记录，非明确新纪录事件,"Shi-Shi Lin and Yuan-Hang Li and Yu-Hong Lu and Hong-Lin Su and Shi-Bin Wu and Qi-Qi Zhang and Mei-Juan Mo and Shao-Jun Xiao and Zhong Pan and Hu-Jun Pan and Zhao-Chi Zeng and Jian Wang (2022). A new species of the genus Leptobrachella (Anura, Megophryidae) from northwestern Guangdong Province, China Herpetozoa, 35, 165–178 https://doi.org/10.3897/herpetozoa.35.e89981"
716,荔波角蟾,Xenophrys liboensis,贵州,新种表,新种描述，转入 CHNR_new_species,"Yanan ZHANG and Gang LI and Ning XIAO and Jiaqi LI and Tao PAN and Hui WANG and Baowei ZHANG and Jiang ZHOU (2017). A New Species of the Genus Xenophrys (Amphibia: Anura: Megophryidae) from Libo Country, Guizhou, China Asian Herpetological Research, 8(2), xx–xx https://doi.org/10.16373/j.cnki.ahr.160041"
717,,Leptobrachella zhangyapingi,,终审:A3 排除-无省份且无坐标,新种描述文献中的伴随物种记录，非明确新纪录事件,"Shi-Shi Lin and Yuan-Hang Li and Yu-Hong Lu and Hong-Lin Su and Shi-Bin Wu and Qi-Qi Zhang and Mei-Juan Mo and Shao-Jun Xiao and Zhong Pan and Hu-Jun Pan and Zhao-Chi Zeng and Jian Wang (2022). A new species of the genus Leptobrachella (Anura, Megophryidae) from northwestern Guangdong Province, China Herpetozoa, 35, 165–178 https://doi.org/10.3897/herpetozoa.35.e89981"
718,腾冲掌突蟾,Leptobrachium tengchongense,云南,新种表,新种描述，转入 CHNR_new_species,"JIAN-HUAN YANG and YING-YONG WANG and BOSCO PUI-LOK CHAN (2016). A new species of the genus Leptobrachium (Anura: Megophryidae) from the Gaoligongshan Mountain Range, China Zootaxa, 4150(2), 133–148 https://doi.org/10.11646/zootaxa.4150.2.3"
719,橙腹瘰螈,Paramesotriton aurantius,福建,新种表,新种描述，转入 CHNR_new_species,"ZHIYONG YUAN and YUNKE WU and JIAJUN ZHOU & JING CHE (2016). A new species of the genus Paramesotriton (Caudata: Salamandridae) from Fujian, southeastern China Zootaxa, 4205(6), 549–563 https://doi.org/10.11646/zootaxa.4205.6.3"
720,腾冲掌突蟾,Leptobrachium tengchongense,云南,新种表,新种描述，转入 CHNR_new_species,"JIAN-HUAN YANG and YING-YONG WANG and BOSCO PUI-LOK CHAN (2016). A new species of the genus Leptobrachium (Anura: Megophryidae) from the Gaoligongshan Mountain Range, China Zootaxa, 4150(2), 133–148 https://doi.org/10.11646/zootaxa.4150.2.3"
721,腾冲掌突蟾,Leptolalax tengchongensis,云南,新种表,新种描述，转入 CHNR_new_species,"JIAN-HUAN YANG and YING-YONG WANG and GUO-LING CHEN & DING-QI RAO (2016). A new species of the genus Leptolalax (Anura: Megophryidae) from Mt. Gaoligongshan of western Yunnan Province, China Zootaxa, 4088(3), 379–394 https://doi.org/10.11646/zootaxa.4088.3.4"
722,腾冲掌突蟾,Leptolalax tengchongensis,云南,新种表,新种描述，转入 CHNR_new_species,"JIAN-HUAN YANG and YING-YONG WANG and GUO-LING CHEN & DING-QI RAO (2016). A new species of the genus Leptolalax (Anura: Megophryidae) from Mt. Gaoligongshan of western Yunnan Province, China Zootaxa, 4088(3), 379–394 https://doi.org/10.11646/zootaxa.4088.3.4"
723,腾冲掌突蟾,Leptolalax tengchongensis,云南,新种表,新种描述，转入 CHNR_new_species,"JIAN-HUAN YANG and YING-YONG WANG and GUO-LING CHEN & DING-QI RAO (2016). A new species of the genus Leptolalax (Anura: Megophryidae) from Mt. Gaoligongshan of western Yunnan Province, China Zootaxa, 4088(3), 379–394 https://doi.org/10.11646/zootaxa.4088.3.4"
724,高山舌突蛙,Liurana alpina,西藏,终审:A1/B1 排除-同种同省已收录(再记录),新种描述文献中的伴随物种记录，非明确新纪录事件,"Haoqi YU and Yiheng LIN and Yuxi WANG and Puyang ZHENG and Shengchao SHI and Bin WANG and Jianping JIANG and Zhaobin SONG and Feng XIE (2024). A New Species of the Genus Liurana (Anura: Ceratobatrachidae) from Medog, China Asian Herpetological Research, 15(3), 131–139 https://doi.org/10.3724/ahr.2095-0357.2024.0008"
725,墨脱舌突蛙,Liurana medogensis,西藏,终审:A1/B1 排除-同种同省已收录(再记录),新种描述文献中的伴随物种记录，非明确新纪录事件,"Haoqi YU and Yiheng LIN and Yuxi WANG and Puyang ZHENG and Shengchao SHI and Bin WANG and Jianping JIANG and Zhaobin SONG and Feng XIE (2024). A New Species of the Genus Liurana (Anura: Ceratobatrachidae) from Medog, China Asian Herpetological Research, 15(3), 131–139 https://doi.org/10.3724/ahr.2095-0357.2024.0008"
726,宽头角蟾,Brachytarsophrys platyparietus,,新种表,新种描述，转入 CHNR_new_species,"Yao Li and Dan-Dan Zhang and Zhi-Tong Lyu and Jian Wang and Yu-Long Li and Zu-Yao Liu and Hong-Hui Chen and Ding-Qi Rao and Zhi-Fang Jin and Chang-You Zhang and Ying-Yong Wang (2020). Review of the genus Brachytarsophrys (Anura: Megophryidae), with revalidation of Brachytarsophrys platyparietus and description of a new species from China Zoological Research, 41(2), 105-122 https://doi.org/10.24272/j.issn.2095-8137.2020.040"
727,,Brachytarsophrys,,排除,属级记录，非种级事件,"Yao Li and Dan-Dan Zhang and Zhi-Tong Lyu and Jian Wang and Yu-Long Li and Zu-Yao Liu and Hong-Hui Chen and Ding-Qi Rao and Zhi-Fang Jin and Chang-You Zhang and Ying-Yong Wang (2020). Review of the genus Brachytarsophrys (Anura: Megophryidae), with revalidation of Brachytarsophrys platyparietus and description of a new species from China Zoological Research, 41(2), 105-122 https://doi.org/10.24272/j.issn.2095-8137.2020.040"
728,西藏舌突蛙,Liurana xizangensis,西藏,终审:A1/B1 排除-同种同省已收录(再记录),新种描述文献中的伴随物种记录，非明确新纪录事件,"Haoqi YU and Yiheng LIN and Yuxi WANG and Puyang ZHENG and Shengchao SHI and Bin WANG and Jianping JIANG and Zhaobin SONG and Feng XIE (2024). A New Species of the Genus Liurana (Anura: Ceratobatrachidae) from Medog, China Asian Herpetological Research, 15(3), 131–139 https://doi.org/10.3724/ahr.2095-0357.2024.0008"
729,河谷舌突蛙,Liurana vallecula,西藏,终审:A4 排除(建议)-伴随物种记录,新种描述文献中的伴随物种记录，非明确新纪录事件,"Haoqi YU and Yiheng LIN and Yuxi WANG and Puyang ZHENG and Shengchao SHI and Bin WANG and Jianping JIANG and Zhaobin SONG and Feng XIE (2024). A New Species of the Genus Liurana (Anura: Ceratobatrachidae) from Medog, China Asian Herpetological Research, 15(3), 131–139 https://doi.org/10.3724/ahr.2095-0357.2024.0008"
730,,Liurana himalayana,,终审:A3 排除-无省份且无坐标,新种描述文献中的伴随物种记录，非明确新纪录事件,"Haoqi YU and Yiheng LIN and Yuxi WANG and Puyang ZHENG and Shengchao SHI and Bin WANG and Jianping JIANG and Zhaobin SONG and Feng XIE (2024). A New Species of the Genus Liurana (Anura: Ceratobatrachidae) from Medog, China Asian Herpetological Research, 15(3), 131–139 https://doi.org/10.3724/ahr.2095-0357.2024.0008"
731,,Liurana indica,,终审:A3 排除-无省份且无坐标,新种描述文献中的伴随物种记录，非明确新纪录事件,"Haoqi YU and Yiheng LIN and Yuxi WANG and Puyang ZHENG and Shengchao SHI and Bin WANG and Jianping JIANG and Zhaobin SONG and Feng XIE (2024). A New Species of the Genus Liurana (Anura: Ceratobatrachidae) from Medog, China Asian Herpetological Research, 15(3), 131–139 https://doi.org/10.3724/ahr.2095-0357.2024.0008"
732,,Liurana minuta,,终审:A3 排除-无省份且无坐标,新种描述文献中的伴随物种记录，非明确新纪录事件,"Haoqi YU and Yiheng LIN and Yuxi WANG and Puyang ZHENG and Shengchao SHI and Bin WANG and Jianping JIANG and Zhaobin SONG and Feng XIE (2024). A New Species of the Genus Liurana (Anura: Ceratobatrachidae) from Medog, China Asian Herpetological Research, 15(3), 131–139 https://doi.org/10.3724/ahr.2095-0357.2024.0008"
733,花坪白环蛇,Lycodon cathaya,广西,新种表,新种描述，转入 CHNR_new_species,"Jian Wang and Shuo Qi and Zhi-Tong Lyu and Zhao-Chi Zeng and Ying-Yong Wang (2020). A new species of the genus Lycodon (Serpentes, Colubridae) from Guangxi, China ZooKeys, 954, 85–108 https://doi.org/10.3897/zookeys.954.53432"
734,花坪链蛇,Lycodon cathaya,广西,新种表,新种描述，转入 CHNR_new_species,"Jian Wang and Shuo Qi and Zhi-Tong Lyu and Zhao-Chi Zeng and Ying-Yong Wang (2020). A new species of the genus Lycodon (Serpentes, Colubridae) from Guangxi, China ZooKeys, 954, 85–108 https://doi.org/10.3897/zookeys.954.53432"
735,施氏瘰螈,Tylototriton sini,广东,新种表,新种描述，转入 CHNR_new_species,"Zhi-Tong Lyu and Jian Wang and Zhao-Chi Zeng and Jia-Jun Zhou and Shuo Qi and Han Wan and You-Yu Li and Ying-Yong Wang (2021). A new species of the genus Tylototriton (Caudata, Salamandridae) from Guangdong, southern China, with discussion on the subgenera and species groups within the genus Vertebrate Zoology, 71, 697-710 https://doi.org/10.3897/vz.71.e73563"
736,福清链蛇,Lycodon futsingensis,广东,终审:A1/B1 排除-同种同省已收录(再记录),新种描述文献中的伴随物种记录，非明确新纪录事件,"Jian Wang and Shuo Qi and Zhi-Tong Lyu and Zhao-Chi Zeng and Ying-Yong Wang (2020). A new species of the genus Lycodon (Serpentes, Colubridae) from Guangxi, China ZooKeys, 954, 85–108 https://doi.org/10.3897/zookeys.954.53432"
737,黑背链蛇,Lycodon ruhstrati,广西,终审:A4 排除(建议)-伴随物种记录,新种描述文献中的伴随物种记录，非明确新纪录事件,"Jian Wang and Shuo Qi and Zhi-Tong Lyu and Zhao-Chi Zeng and Ying-Yong Wang (2020). A new species of the genus Lycodon (Serpentes, Colubridae) from Guangxi, China ZooKeys, 954, 85–108 https://doi.org/10.3897/zookeys.954.53432"
738,,Lycodon namdongensis,,终审:A3 排除-无省份且无坐标,新种描述文献中的伴随物种记录，非明确新纪录事件,"Jian Wang and Shuo Qi and Zhi-Tong Lyu and Zhao-Chi Zeng and Ying-Yong Wang (2020). A new species of the genus Lycodon (Serpentes, Colubridae) from Guangxi, China ZooKeys, 954, 85–108 https://doi.org/10.3897/zookeys.954.53432"
739,,Lycodon sealei,,终审:A3 排除-无省份且无坐标,新种描述文献中的伴随物种记录，非明确新纪录事件,"Jian Wang and Shuo Qi and Zhi-Tong Lyu and Zhao-Chi Zeng and Ying-Yong Wang (2020). A new species of the genus Lycodon (Serpentes, Colubridae) from Guangxi, China ZooKeys, 954, 85–108 https://doi.org/10.3897/zookeys.954.53432"
740,,Lycodon striatus,,终审:A3 排除-无省份且无坐标,新种描述文献中的伴随物种记录，非明确新纪录事件,"Jian Wang and Shuo Qi and Zhi-Tong Lyu and Zhao-Chi Zeng and Ying-Yong Wang (2020). A new species of the genus Lycodon (Serpentes, Colubridae) from Guangxi, China ZooKeys, 954, 85–108 https://doi.org/10.3897/zookeys.954.53432"
741,费氏角蟾,Megophrys feii,云南,新种表,新种描述，转入 CHNR_new_species,"JIAN-HUAN YANG and JIAN WANG and YING-YONG WANG (2018). A new species of the genus Megophrys (Anura: Megophryidae) from Yunnan Province, China Zootaxa, 4413(2), 325–338 https://doi.org/10.11646/zootaxa.4413.2.5"
742,,Cnemaspis,,排除,国外新种描述（坐标在中国境外）,"Kai He and Xing Chen and Yin-Bin Qiu and Zhu Liu and Wen-Zhi Wang and Neal Woodman and Jesús E. Maldonado and Xinghua Pan (2021). A new species of Leptobrachella (Anura: Megophryidae) from central Guangxi, Ch Zoological Research, 42(6), 739-745 https://doi.org/10.24272/j.issn.2095-8137.2021.074"
743,帕氏岩蜥,Laudakia papenfussi,西藏,新种表,新种描述，转入 CHNR_new_species,"Er-mi Zhao (1998). DESCRIPTION OF A NEW SPECIES OF THE GENUS Laudakia FROM XIZANG (TIBET) (Sauria: Agamidae) 动物学研究, 19(5), 401-404"
744,瘤岩蜥,Laudakia tuberculata,西藏,终审:A4 排除(建议)-伴随物种记录,新种描述文献中的伴随物种记录，非明确新纪录事件,"Er-mi Zhao (1998). DESCRIPTION OF A NEW SPECIES OF THE GENUS Laudakia FROM XIZANG (TIBET) (Sauria: Agamidae) 动物学研究, 19(5), 401-404"
745,费氏角蟾,Megophrys feii,云南,新种表,新种描述，转入 CHNR_new_species,"JIAN-HUAN YANG and JIAN WANG and YING-YONG WANG (2018). A new species of the genus Megophrys (Anura: Megophryidae) from Yunnan Province, China Zootaxa, 4413(2), 325–338 https://doi.org/10.11646/zootaxa.4413.2.5"
746,费氏角蟾,Megophrys feii,云南,新种表,新种描述，转入 CHNR_new_species,"JIAN-HUAN YANG and JIAN WANG and YING-YONG WANG (2018). A new species of the genus Megophrys (Anura: Megophryidae) from Yunnan Province, China Zootaxa, 4413(2), 325–338 https://doi.org/10.11646/zootaxa.4413.2.5"
747,费氏角蟾,Megophrys feii,云南,新种表,新种描述，转入 CHNR_new_species,"JIAN-HUAN YANG and JIAN WANG and YING-YONG WANG (2018). A new species of the genus Megophrys (Anura: Megophryidae) from Yunnan Province, China Zootaxa, 4413(2), 325–338 https://doi.org/10.11646/zootaxa.4413.2.5"
748,大别山姬蛙,Microhyla dabieshanensis,安徽,新种表,新种描述，转入 CHNR_new_species,"Caiwen Zhang and Cheng Chen and Meihua Zhang and Zhiyue Wang and Haohao Ma and Ruolei Sun and Jianping Jiang and Baowei Zhang (2022). A New Species of the Genus Microhyla (Amphibia: Anura: Microhylidae) from the Dabie Mountains, China Animals, 12, 2894 https://doi.org/10.3390/ani12212894"
749,北仑姬蛙,Microhyla beilunensis,浙江,终审:A4 排除(建议)-伴随物种记录,新种描述文献中的伴随物种记录，非明确新纪录事件,"Caiwen Zhang and Cheng Chen and Meihua Zhang and Zhiyue Wang and Haohao Ma and Ruolei Sun and Jianping Jiang and Baowei Zhang (2022). A New Species of the Genus Microhyla (Amphibia: Anura: Microhylidae) from the Dabie Mountains, China Animals, 12, 2894 https://doi.org/10.3390/ani12212894"
750,,Microhyla fanjinshanensis,贵州,终审:A4 排除(建议)-伴随物种记录,新种描述文献中的伴随物种记录，非明确新纪录事件,"Caiwen Zhang and Cheng Chen and Meihua Zhang and Zhiyue Wang and Haohao Ma and Ruolei Sun and Jianping Jiang and Baowei Zhang (2022). A New Species of the Genus Microhyla (Amphibia: Anura: Microhylidae) from the Dabie Mountains, China Animals, 12, 2894 https://doi.org/10.3390/ani12212894"
751,合征姬蛙,Microhyla mixtura,安徽,终审:A4 排除(建议)-伴随物种记录,新种描述文献中的伴随物种记录，非明确新纪录事件,"Caiwen Zhang and Cheng Chen and Meihua Zhang and Zhiyue Wang and Haohao Ma and Ruolei Sun and Jianping Jiang and Baowei Zhang (2022). A New Species of the Genus Microhyla (Amphibia: Anura: Microhylidae) from the Dabie Mountains, China Animals, 12, 2894 https://doi.org/10.3390/ani12212894"
752,饰纹姬蛙,Microhyla fissipes,安徽,终审:A4 排除(建议)-伴随物种记录,新种描述文献中的伴随物种记录，非明确新纪录事件,"Caiwen Zhang and Cheng Chen and Meihua Zhang and Zhiyue Wang and Haohao Ma and Ruolei Sun and Jianping Jiang and Baowei Zhang (2022). A New Species of the Genus Microhyla (Amphibia: Anura: Microhylidae) from the Dabie Mountains, China Animals, 12, 2894 https://doi.org/10.3390/ani12212894"
753,封开臭蛙,Odorrana fengkaiensis,广东,新种表,新种描述，转入 CHNR_new_species,"YING-YONG WANG, MICHAEL WAI-NENG LAU, JIAN-HUAN YANG, GUO-LING CHEN, ZU-YAO LIU, HONG PANG & YANG LIU (2015). A new species of the genus Odorrana (Amphibia: Ranidae) and the first record of Odorrana bacboensis from China Zootaxa, 3999(2), 235–254 https://doi.org/10.11646/zootaxa.3999.2.4"
754,北越臭蛙,Odorrana bacboensis,云南、广西,事件表,省级新纪录事件（2省）,"YING-YONG WANG, MICHAEL WAI-NENG LAU, JIAN-HUAN YANG, GUO-LING CHEN, ZU-YAO LIU, HONG PANG & YANG LIU (2015). A new species of the genus Odorrana (Amphibia: Ranidae) and the first record of Odorrana bacboensis from China Zootaxa, 3999(2), 235–254 https://doi.org/10.11646/zootaxa.3999.2.4"
755,封开臭蛙,Odorrana fengkaiensis,广东,新种表,新种描述，转入 CHNR_new_species,"YING-YONG WANG, MICHAEL WAI-NENG LAU, JIAN-HUAN YANG, GUO-LING CHEN, ZU-YAO LIU, HONG PANG & YANG LIU (2015). A new species of the genus Odorrana (Amphibia: Ranidae) and the first record of Odorrana bacboensis from China Zootaxa, 3999(2), 235–254 https://doi.org/10.11646/zootaxa.3999.2.4"
756,北越臭蛙,Odorrana bacboensis,云南、广西,事件表,省级新纪录事件（2省）,"YING-YONG WANG, MICHAEL WAI-NENG LAU, JIAN-HUAN YANG, GUO-LING CHEN, ZU-YAO LIU, HONG PANG & YANG LIU (2015). A new species of the genus Odorrana (Amphibia: Ranidae) and the first record of Odorrana bacboensis from China Zootaxa, 3999(2), 235–254 https://doi.org/10.11646/zootaxa.3999.2.4"
757,普雄原鲵,Pseudohynobius puxiongensis,四川,新种表,新种描述，转入 CHNR_new_species,"JIAN-LI XIONG、HAI-JUN GU、TIAN-JIAN GONG & XIAO-MAO ZENG (2011). Redescription of an enigmatic salamander, Pseudohynobius puxiongensis (Fei et Ye, 2000) (Urodela: Hynobiidae) Zootaxa, 2919, 51–59"
758,封开臭蛙,Odorrana fengkaiensis,广东,新种表,新种描述，转入 CHNR_new_species,"YING-YONG WANG, MICHAEL WAI-NENG LAU, JIAN-HUAN YANG, GUO-LING CHEN, ZU-YAO LIU, HONG PANG & YANG LIU (2015). A new species of the genus Odorrana (Amphibia: Ranidae) and the first record of Odorrana bacboensis from China Zootaxa, 3999(2), 235–254 https://doi.org/10.11646/zootaxa.3999.2.4"
759,北越臭蛙,Odorrana bacboensis,云南、广西,事件表,省级新纪录事件（2省）,"YING-YONG WANG, MICHAEL WAI-NENG LAU, JIAN-HUAN YANG, GUO-LING CHEN, ZU-YAO LIU, HONG PANG & YANG LIU (2015). A new species of the genus Odorrana (Amphibia: Ranidae) and the first record of Odorrana bacboensis from China Zootaxa, 3999(2), 235–254 https://doi.org/10.11646/zootaxa.3999.2.4"
760,,Ovophis convictus,,终审:A3 排除-无省份且无坐标,新种描述文献中的伴随物种记录，非明确新纪录事件,"Shuo Liu and Mian Hou and Mingzhong Mo and Mei Li and Biao Li and Xiong Luo and Dingqi Rao and Song Li (2024). A new species of the genus Ovophis Burger in Hoge & Romano-Hoge, 1981 (Serpentes, Viperidae) from southern Yunnan, China Yuanyang Guanyinshan Provincial Nature https://doi.org/10.3897/zookeys.1230.142967"
761,台湾烙铁头蛇,Ovophis makazayazaya,,终审:A3 排除-无省份且无坐标,新种描述文献中的伴随物种记录，非明确新纪录事件,"Shuo Liu and Mian Hou and Mingzhong Mo and Mei Li and Biao Li and Xiong Luo and Dingqi Rao and Song Li (2024). A new species of the genus Ovophis Burger in Hoge & Romano-Hoge, 1981 (Serpentes, Viperidae) from southern Yunnan, China Yuanyang Guanyinshan Provincial Nature https://doi.org/10.3897/zookeys.1230.142967"
762,Lau氏掌突蟾,Leptolalax laui,香港,新种表,新种描述，转入 CHNR_new_species,"Yikhei SUNG and Jianhuan YANG and Yingyong WANG (2014). A New Species of Leptolalax (Anura: Megophryidae) from Southern China Asian Herpetological Research, 5(2), 80–90 https://doi.org/10.3724/SP.J.1245.2014.00080"
763,越南烙铁头蛇,Ovophis tonkinensis,,终审:A3 排除-无省份且无坐标,新种描述文献中的伴随物种记录，非明确新纪录事件,"Shuo Liu and Mian Hou and Mingzhong Mo and Mei Li and Biao Li and Xiong Luo and Dingqi Rao and Song Li (2024). A new species of the genus Ovophis Burger in Hoge & Romano-Hoge, 1981 (Serpentes, Viperidae) from southern Yunnan, China Yuanyang Guanyinshan Provincial Nature https://doi.org/10.3897/zookeys.1230.142967"
764,潮琴湍蛙,Amolops chaochin,四川,新种表,新种描述，转入 CHNR_new_species,"Ke Jiang and Jin-Long Ren and Zhi-Tong Lyu and Dan Wang and Zeng Wang and Ke Lv and Jia-Wei Wu and Jia-Tang Li (2021). Taxonomic revision of Amolops chunganensis (Pope, 1929) (Amphibia: Anura) and description of a new species from southwestern China, with discussion on Amolops monticola group and assignment of species groups of the genus Amolops https://doi.org/10.24272/j.issn.2095-8137.2021.107"
765,察隅烙铁头蛇,Ovophis zayuensis,,终审:A3 排除-无省份且无坐标,新种描述文献中的伴随物种记录，非明确新纪录事件,"Shuo Liu and Mian Hou and Mingzhong Mo and Mei Li and Biao Li and Xiong Luo and Dingqi Rao and Song Li (2024). A new species of the genus Ovophis Burger in Hoge & Romano-Hoge, 1981 (Serpentes, Viperidae) from southern Yunnan, China Yuanyang Guanyinshan Provincial Nature https://doi.org/10.3897/zookeys.1230.142967"
766,屏边烙铁头蛇,Ovophis anitae,,终审:A3 排除-无省份且无坐标,新种描述文献中的伴随物种记录，非明确新纪录事件,"Shuo Liu and Mian Hou and Mingzhong Mo and Mei Li and Biao Li and Xiong Luo and Dingqi Rao and Song Li (2024). A new species of the genus Ovophis Burger in Hoge & Romano-Hoge, 1981 (Serpentes, Viperidae) from southern Yunnan, China Yuanyang Guanyinshan Provincial Nature https://doi.org/10.3897/zookeys.1230.142967"
767,盈江烙铁头蛇,Ovophis jenkinsi,,终审:A3 排除-无省份且无坐标,新种描述文献中的伴随物种记录，非明确新纪录事件,"Shuo Liu and Mian Hou and Mingzhong Mo and Mei Li and Biao Li and Xiong Luo and Dingqi Rao and Song Li (2024). A new species of the genus Ovophis Burger in Hoge & Romano-Hoge, 1981 (Serpentes, Viperidae) from southern Yunnan, China Yuanyang Guanyinshan Provincial Nature https://doi.org/10.3897/zookeys.1230.142967"
768,,Trimeresurus okinavensis,,终审:A3 排除-无省份且无坐标,新种描述文献中的伴随物种记录，非明确新纪录事件,"Shuo Liu and Mian Hou and Mingzhong Mo and Mei Li and Biao Li and Xiong Luo and Dingqi Rao and Song Li (2024). A new species of the genus Ovophis Burger in Hoge & Romano-Hoge, 1981 (Serpentes, Viperidae) from southern Yunnan, China Yuanyang Guanyinshan Provincial Nature https://doi.org/10.3897/zookeys.1230.142967"
769,台湾竹叶青蛇,Trimeresurus gracilis,,终审:A3 排除-无省份且无坐标,新种描述文献中的伴随物种记录，非明确新纪录事件,"Shuo Liu and Mian Hou and Mingzhong Mo and Mei Li and Biao Li and Xiong Luo and Dingqi Rao and Song Li (2024). A new species of the genus Ovophis Burger in Hoge & Romano-Hoge, 1981 (Serpentes, Viperidae) from southern Yunnan, China Yuanyang Guanyinshan Provincial Nature https://doi.org/10.3897/zookeys.1230.142967"
770,香港瘰螈,Paramesotriton hongkongensis,香港、贵州,终审:A4 排除(建议)-伴随物种记录,新种描述文献中的伴随物种记录，非明确新纪录事件,"ZHIYONG YUAN and YUNKE WU and JIAJUN ZHOU & JING CHE (2016). A new species of the genus Paramesotriton (Caudata: Salamandridae) from Fujian, southeastern China Zootaxa, 4205(6), 549–563 https://doi.org/10.11646/zootaxa.4205.6.3"
771,中国瘰螈,Paramesotriton chinensis,广西,终审:A4 排除(建议)-伴随物种记录,新种描述文献中的伴随物种记录，非明确新纪录事件,"ZHIYONG YUAN and YUNKE WU and JIAJUN ZHOU & JING CHE (2016). A new species of the genus Paramesotriton (Caudata: Salamandridae) from Fujian, southeastern China Zootaxa, 4205(6), 549–563 https://doi.org/10.11646/zootaxa.4205.6.3"
772,富钟瘰螈,Paramesotriton fuzhongensis,广西,终审:A4 排除(建议)-伴随物种记录,新种描述文献中的伴随物种记录，非明确新纪录事件,"ZHIYONG YUAN and YUNKE WU and JIAJUN ZHOU & JING CHE (2016). A new species of the genus Paramesotriton (Caudata: Salamandridae) from Fujian, southeastern China Zootaxa, 4205(6), 549–563 https://doi.org/10.11646/zootaxa.4205.6.3"
773,平胸龟,Platysternon megacephalum,,终审:B7 坐标在境内可反推省份,新种描述文献中的伴随物种记录，非明确新纪录事件,"Qian-Ru Liang and Jia-Xuan Li and Yan Ge and Jun-Man Ou and You-Qiang Yin and Chatmongkon Suwannapoom and Minh Le and Truong Quang Nguyen and Uwe Fritz and Shi-Ping Gong (2024). Taxonomic revision of the critically endangered big-headed turtles (Reptilia: Testudines: Platysternidae Gray, 1869), with description of a new species https://doi.org/10.24272/j.issn.2095-8137.2025.197"
774,缅甸平胸龟,Platysternon peguense,勃固,终审:C 排除-记录地为国外省区,新种描述文献中的伴随物种记录，非明确新纪录事件,"Qian-Ru Liang and Jia-Xuan Li and Yan Ge and Jun-Man Ou and You-Qiang Yin and Chatmongkon Suwannapoom and Minh Le and Truong Quang Nguyen and Uwe Fritz and Shi-Ping Gong (2024). Taxonomic revision of the critically endangered big-headed turtles (Reptilia: Testudines: Platysternidae Gray, 1869), with description of a new species https://doi.org/10.24272/j.issn.2095-8137.2025.197"
775,百色平胸龟,Platysternon baiseensis,广西,新种表,新种描述，转入 CHNR_new_species,"Qian-Ru Liang and Jia-Xuan Li and Yan Ge and Jun-Man Ou and You-Qiang Yin and Chatmongkon Suwannapoom and Minh Le and Truong Quang Nguyen and Uwe Fritz and Shi-Ping Gong (2024). Taxonomic revision of the critically endangered big-headed turtles (Reptilia: Testudines: Platysternidae Gray, 1869), with description of a new species https://doi.org/10.24272/j.issn.2095-8137.2025.197"
776,广西瘰螈,Paramesotriton guangxiensis,广西,终审:A4 排除(建议)-伴随物种记录,新种描述文献中的伴随物种记录，非明确新纪录事件,"ZHIYONG YUAN and YUNKE WU and JIAJUN ZHOU & JING CHE (2016). A new species of the genus Paramesotriton (Caudata: Salamandridae) from Fujian, southeastern China Zootaxa, 4205(6), 549–563 https://doi.org/10.11646/zootaxa.4205.6.3"
777,无斑瘰螈,Paramesotriton labiatus,广西,终审:A1/B1 排除-同种同省已收录(再记录),新种描述文献中的伴随物种记录，非明确新纪录事件,"ZHIYONG YUAN and YUNKE WU and JIAJUN ZHOU & JING CHE (2016). A new species of the genus Paramesotriton (Caudata: Salamandridae) from Fujian, southeastern China Zootaxa, 4205(6), 549–563 https://doi.org/10.11646/zootaxa.4205.6.3"
778,肥螈,Pachytriton brevipes,江西,终审:A4 排除(建议)-伴随物种记录,新种描述文献中的伴随物种记录，非明确新纪录事件,"ZHIYONG YUAN and YUNKE WU and JIAJUN ZHOU & JING CHE (2016). A new species of the genus Paramesotriton (Caudata: Salamandridae) from Fujian, southeastern China Zootaxa, 4205(6), 549–563 https://doi.org/10.11646/zootaxa.4205.6.3"
779,橙脊瘰螈,Paramesotriton aurantius,福建,新种表,新种描述，转入 CHNR_new_species,"ZHIYONG YUAN and YUNKE WU and JIAJUN ZHOU & JING CHE (2016). A new species of the genus Paramesotriton (Caudata: Salamandridae) from Fujian, southeastern China Zootaxa, 4205(6), 549–563 https://doi.org/10.11646/zootaxa.4205.6.3"
780,广西瘰螈,Paramesotriton guangxiensis,广西,终审:A4 排除(建议)-伴随物种记录,新种描述文献中的伴随物种记录，非明确新纪录事件,"ZHIYONG YUAN and YUNKE WU and JIAJUN ZHOU & JING CHE (2016). A new species of the genus Paramesotriton (Caudata: Salamandridae) from Fujian, southeastern China Zootaxa, 4205(6), 549–563 https://doi.org/10.11646/zootaxa.4205.6.3"
781,安氏钝头蛇,Pareas andersonii,云南,终审:A4 排除(建议)-伴随物种记录,新种描述文献中的伴随物种记录，非明确新纪录事件,"Shuo Liu & Dingqi Rao (2021). A new species of the genus Pareas (Squamata, Pareidae) from Yunnan, China ZooKeys, 1011, 121–138 https://doi.org/10.3897/zookeys.1011.59029"
782,泰雅钝头蛇,Pareas atayal,云南,终审:A4 排除(建议)-伴随物种记录,新种描述文献中的伴随物种记录，非明确新纪录事件,"Shuo Liu & Dingqi Rao (2021). A new species of the genus Pareas (Squamata, Pareidae) from Yunnan, China ZooKeys, 1011, 121–138 https://doi.org/10.3897/zookeys.1011.59029"
783,栾川林蛙,Rana luanchuanensis,河南,新种表,新种描述，转入 CHNR_new_species,"Haipeng Zhao and Junxiao Yang and Chunping Wang and Pipeng Li and Robert W. Murphy and Jing Che and Zhiyong Yuan (2017). A new species of the genus Rana from Henan, central China (Anura, Ranidae) ZooKeys, 694, 95–108 https://doi.org/10.3897/zookeys.694.12513"
784,黑龙江林蛙,Rana amurensis,黑龙江,终审:A4 排除(建议)-伴随物种记录,新种描述文献中的伴随物种记录，非明确新纪录事件,"Haipeng Zhao and Junxiao Yang and Chunping Wang and Pipeng Li and Robert W. Murphy and Jing Che and Zhiyong Yuan (2017). A new species of the genus Rana from Henan, central China (Anura, Ranidae) ZooKeys, 694, 95–108 https://doi.org/10.3897/zookeys.694.12513"
785,中亚林蛙,Rana asiatica,新疆,终审:A4 排除(建议)-伴随物种记录,新种描述文献中的伴随物种记录，非明确新纪录事件,"Haipeng Zhao and Junxiao Yang and Chunping Wang and Pipeng Li and Robert W. Murphy and Jing Che and Zhiyong Yuan (2017). A new species of the genus Rana from Henan, central China (Anura, Ranidae) ZooKeys, 694, 95–108 https://doi.org/10.3897/zookeys.694.12513"
786,田野林蛙,Rana arvalis,新疆,终审:A4 排除(建议)-伴随物种记录,新种描述文献中的伴随物种记录，非明确新纪录事件,"Haipeng Zhao and Junxiao Yang and Chunping Wang and Pipeng Li and Robert W. Murphy and Jing Che and Zhiyong Yuan (2017). A new species of the genus Rana from Henan, central China (Anura, Ranidae) ZooKeys, 694, 95–108 https://doi.org/10.3897/zookeys.694.12513"
787,栾川林蛙,Rana luanchuanensis,河南,新种表,新种描述，转入 CHNR_new_species,"Haipeng Zhao and Junxiao Yang and Chunping Wang and Pipeng Li and Robert W. Murphy and Jing Che and Zhiyong Yuan (2017). A new species of the genus Rana from Henan, central China (Anura, Ranidae) ZooKeys, 694, 95–108 https://doi.org/10.3897/zookeys.694.12513"
788,黑龙江林蛙,Rana amurensis,黑龙江,终审:A4 排除(建议)-伴随物种记录,新种描述文献中的伴随物种记录，非明确新纪录事件,"Haipeng Zhao and Junxiao Yang and Chunping Wang and Pipeng Li and Robert W. Murphy and Jing Che and Zhiyong Yuan (2017). A new species of the genus Rana from Henan, central China (Anura, Ranidae) ZooKeys, 694, 95–108 https://doi.org/10.3897/zookeys.694.12513"
789,中亚林蛙,Rana asiatica,新疆,终审:A4 排除(建议)-伴随物种记录,新种描述文献中的伴随物种记录，非明确新纪录事件,"Haipeng Zhao and Junxiao Yang and Chunping Wang and Pipeng Li and Robert W. Murphy and Jing Che and Zhiyong Yuan (2017). A new species of the genus Rana from Henan, central China (Anura, Ranidae) ZooKeys, 694, 95–108 https://doi.org/10.3897/zookeys.694.12513"
790,田野林蛙,Rana arvalis,新疆,终审:A4 排除(建议)-伴随物种记录,新种描述文献中的伴随物种记录，非明确新纪录事件,"Haipeng Zhao and Junxiao Yang and Chunping Wang and Pipeng Li and Robert W. Murphy and Jing Che and Zhiyong Yuan (2017). A new species of the genus Rana from Henan, central China (Anura, Ranidae) ZooKeys, 694, 95–108 https://doi.org/10.3897/zookeys.694.12513"
791,栾川林蛙,Rana luanchuanensis,河南,新种表,新种描述，转入 CHNR_new_species,"Haipeng Zhao and Junxiao Yang and Chunping Wang and Pipeng Li and Robert W. Murphy and Jing Che and Zhiyong Yuan (2017). A new species of the genus Rana from Henan, central China (Anura, Ranidae) ZooKeys, 694, 95–108 https://doi.org/10.3897/zookeys.694.12513"
792,栾川林蛙,Rana luanchuanensis,河南,新种表,新种描述，转入 CHNR_new_species,"Haipeng Zhao and Junxiao Yang and Chunping Wang and Pipeng Li and Robert W. Murphy and Jing Che and Zhiyong Yuan (2017). A new species of the genus Rana from Henan, central China (Anura, Ranidae) ZooKeys, 694, 95–108 https://doi.org/10.3897/zookeys.694.12513"
793,黑龙江林蛙,Rana amurensis,黑龙江,终审:A4 排除(建议)-伴随物种记录,新种描述文献中的伴随物种记录，非明确新纪录事件,"Haipeng Zhao and Junxiao Yang and Chunping Wang and Pipeng Li and Robert W. Murphy and Jing Che and Zhiyong Yuan (2017). A new species of the genus Rana from Henan, central China (Anura, Ranidae) ZooKeys, 694, 95–108 https://doi.org/10.3897/zookeys.694.12513"
794,中亚林蛙,Rana asiatica,新疆,终审:A4 排除(建议)-伴随物种记录,新种描述文献中的伴随物种记录，非明确新纪录事件,"Haipeng Zhao and Junxiao Yang and Chunping Wang and Pipeng Li and Robert W. Murphy and Jing Che and Zhiyong Yuan (2017). A new species of the genus Rana from Henan, central China (Anura, Ranidae) ZooKeys, 694, 95–108 https://doi.org/10.3897/zookeys.694.12513"
795,田野林蛙,Rana arvalis,新疆,终审:A4 排除(建议)-伴随物种记录,新种描述文献中的伴随物种记录，非明确新纪录事件,"Haipeng Zhao and Junxiao Yang and Chunping Wang and Pipeng Li and Robert W. Murphy and Jing Che and Zhiyong Yuan (2017). A new species of the genus Rana from Henan, central China (Anura, Ranidae) ZooKeys, 694, 95–108 https://doi.org/10.3897/zookeys.694.12513"
796,栾川林蛙,Rana luanchuanensis,河南,新种表,新种描述，转入 CHNR_new_species,"Haipeng Zhao and Junxiao Yang and Chunping Wang and Pipeng Li and Robert W. Murphy and Jing Che and Zhiyong Yuan (2017). A new species of the genus Rana from Henan, central China (Anura, Ranidae) ZooKeys, 694, 95–108 https://doi.org/10.3897/zookeys.694.12513"
797,武夷林蛙,Rana wuyiensis,福建,新种表,新种描述，转入 CHNR_new_species,"Yanqing Wu and Shengchao Shi and Huiguang Zhang and Weicai Chen and Bin Cai and Van Chung Hoang and Jun Wu and Bin Wang (2021). A new species of the genus Rana sensu lato Linnaeus, 1758 (Anura, Ranidae) from Wuyi Mountain, Fujian Province, China ZooKeys, 1065, 101–124 https://doi.org/10.3897/zookeys.1065.67005"
798,桑植趾沟蛙,Rana sangzhiensis,湖南,终审:A4 排除(建议)-伴随物种记录,新种描述文献中的伴随物种记录，非明确新纪录事件,"Yanqing Wu and Shengchao Shi and Huiguang Zhang and Weicai Chen and Bin Cai and Van Chung Hoang and Jun Wu and Bin Wang (2021). A new species of the genus Rana sensu lato Linnaeus, 1758 (Anura, Ranidae) from Wuyi Mountain, Fujian Province, China ZooKeys, 1065, 101–124 https://doi.org/10.3897/zookeys.1065.67005"
799,明全蛙,Rana zhengi,四川,终审:A4 排除(建议)-伴随物种记录,新种描述文献中的伴随物种记录，非明确新纪录事件,"Yanqing Wu and Shengchao Shi and Huiguang Zhang and Weicai Chen and Bin Cai and Van Chung Hoang and Jun Wu and Bin Wang (2021). A new species of the genus Rana sensu lato Linnaeus, 1758 (Anura, Ranidae) from Wuyi Mountain, Fujian Province, China ZooKeys, 1065, 101–124 https://doi.org/10.3897/zookeys.1065.67005"
800,越南林蛙,Rana johnsi,广西,终审:A4 排除(建议)-伴随物种记录,新种描述文献中的伴随物种记录，非明确新纪录事件,"Yanqing Wu and Shengchao Shi and Huiguang Zhang and Weicai Chen and Bin Cai and Van Chung Hoang and Jun Wu and Bin Wang (2021). A new species of the genus Rana sensu lato Linnaeus, 1758 (Anura, Ranidae) from Wuyi Mountain, Fujian Province, China ZooKeys, 1065, 101–124 https://doi.org/10.3897/zookeys.1065.67005"
801,威宁蛙,Rana weiningensis,贵州,终审:A4 排除(建议)-伴随物种记录,新种描述文献中的伴随物种记录，非明确新纪录事件,"Yanqing Wu and Shengchao Shi and Huiguang Zhang and Weicai Chen and Bin Cai and Van Chung Hoang and Jun Wu and Bin Wang (2021). A new species of the genus Rana sensu lato Linnaeus, 1758 (Anura, Ranidae) from Wuyi Mountain, Fujian Province, China ZooKeys, 1065, 101–124 https://doi.org/10.3897/zookeys.1065.67005"
802,水城颈槽蛇,Rhabdophis shuichengensis,贵州,新种表,新种描述，转入 CHNR_new_species,"Shihang XU and Rongchuan XIONG and Caiwen ZHANG and Xiaojuan XIANG and Hong CHEN and Baowei ZHANG (2025). A New Species of the Genus Rhabdophis Fitzinger, 1843 (Squamata: Colubridae) from Guizhou Province, Southwestern China Asian Herpetological Research, 16(3), 304–313 https://doi.org/10.3724/ahr.2095-0357.2025.0024"
803,水城颈槽蛇,Rhabdophis shuichengensis,贵州,新种表,新种描述，转入 CHNR_new_species,"Shihang XU and Rongchuan XIONG and Caiwen ZHANG and Xiaojuan XIANG and Hong CHEN and Baowei ZHANG (2025). A New Species of the Genus Rhabdophis Fitzinger, 1843 (Squamata: Colubridae) from Guizhou Province, Southwestern China Asian Herpetological Research, 16(3), 304–313 https://doi.org/10.3724/ahr.2095-0357.2025.0024"
804,,Rhabdophis akraios,,终审:A3 排除-无省份且无坐标,新种描述文献中的伴随物种记录，非明确新纪录事件,"Yige PIAO and Zening CHEN and Yanqing WU and Shengchao SHI and Hirohiko TAKEUCHI and Teppei JONO and Masaya FUKUDA and Akira MORI and Yezhong TANG and Qin CHEN and Li DING (2020). A New Species of the Genus Rhabdophis Fitzinger, 1843 (Squamata: Colubridae) in Southwestern Sichuan, China Asian Herpetological Research, 11(2), 95–107 https://doi.org/10.16373/j.cnki.ahr.190068"
805,颈槽蛇,Rhabdophis nuchalis,,终审:A3 排除-无省份且无坐标,新种描述文献中的伴随物种记录，非明确新纪录事件,"Yige PIAO and Zening CHEN and Yanqing WU and Shengchao SHI and Hirohiko TAKEUCHI and Teppei JONO and Masaya FUKUDA and Akira MORI and Yezhong TANG and Qin CHEN and Li DING (2020). A New Species of the Genus Rhabdophis Fitzinger, 1843 (Squamata: Colubridae) in Southwestern Sichuan, China Asian Herpetological Research, 11(2), 95–107 https://doi.org/10.16373/j.cnki.ahr.190068"
806,,Rhabdophis subminiatus,,终审:B7 坐标在境内可反推省份,新种描述文献中的伴随物种记录，非明确新纪录事件,"Yige PIAO and Zening CHEN and Yanqing WU and Shengchao SHI and Hirohiko TAKEUCHI and Teppei JONO and Masaya FUKUDA and Akira MORI and Yezhong TANG and Qin CHEN and Li DING (2020). A New Species of the Genus Rhabdophis Fitzinger, 1843 (Squamata: Colubridae) in Southwestern Sichuan, China Asian Herpetological Research, 11(2), 95–107 https://doi.org/10.16373/j.cnki.ahr.190068"
807,云开湍蛙,Amolops yunkaiensis,广东,新种表,新种描述，转入 CHNR_new_species,"ZHI-TONG LYU and JUN WU and JIAN WANG and YIK-HEI SUNG and ZU-YAO LIU and ZHAO-CHI ZENG and XIN WANG and YOU-YU LI and YING-YONG WANG (2018). A new species of Amolops (Anura: Ranidae) from southwestern Guangdong, China Zootaxa, 4418(6), 562–576 https://doi.org/10.11646/zootaxa.4418.6.4"
808,,Rhabdophis chrysargos,,终审:B7 坐标在境内可反推省份,新种描述文献中的伴随物种记录，非明确新纪录事件,"Yige PIAO and Zening CHEN and Yanqing WU and Shengchao SHI and Hirohiko TAKEUCHI and Teppei JONO and Masaya FUKUDA and Akira MORI and Yezhong TANG and Qin CHEN and Li DING (2020). A New Species of the Genus Rhabdophis Fitzinger, 1843 (Squamata: Colubridae) in Southwestern Sichuan, China Asian Herpetological Research, 11(2), 95–107 https://doi.org/10.16373/j.cnki.ahr.190068"
809,绿背树蛙,Rhacophorus dorsoviridis,,终审:A3 排除-无省份且无坐标,新种描述文献中的伴随物种记录，非明确新纪录事件,"Yunming MO and Weicai CHEN and Xiaowen LIAO and Shichu ZHOU (2016). A New Species of the Genus Rhacophorus (Anura: Rhacophoridae) from Southern China Asian Herpetological Research, 7(3), 139–150 https://doi.org/10.16373/j.cnki.ahr.150070"
810,台湾树蛙,Rhacophorus moltrechti,,终审:A3 排除-无省份且无坐标,新种描述文献中的伴随物种记录，非明确新纪录事件,"Yunming MO and Weicai CHEN and Xiaowen LIAO and Shichu ZHOU (2016). A New Species of the Genus Rhacophorus (Anura: Rhacophoridae) from Southern China Asian Herpetological Research, 7(3), 139–150 https://doi.org/10.16373/j.cnki.ahr.150070"
811,黑点树蛙,Rhacophorus nigropunctatus,,终审:A3 排除-无省份且无坐标,新种描述文献中的伴随物种记录，非明确新纪录事件,"Yunming MO and Weicai CHEN and Xiaowen LIAO and Shichu ZHOU (2016). A New Species of the Genus Rhacophorus (Anura: Rhacophoridae) from Southern China Asian Herpetological Research, 7(3), 139–150 https://doi.org/10.16373/j.cnki.ahr.150070"
812,无声囊泛树蛙,Rhacophorus mutus,,终审:A3 排除-无省份且无坐标,新种描述文献中的伴随物种记录，非明确新纪录事件,"Yunming MO and Weicai CHEN and Xiaowen LIAO and Shichu ZHOU (2016). A New Species of the Genus Rhacophorus (Anura: Rhacophoridae) from Southern China Asian Herpetological Research, 7(3), 139–150 https://doi.org/10.16373/j.cnki.ahr.150070"
813,大树蛙,Rhacophorus dennysi,,终审:A3 排除-无省份且无坐标,新种描述文献中的伴随物种记录，非明确新纪录事件,"Yunming MO and Weicai CHEN and Xiaowen LIAO and Shichu ZHOU (2016). A New Species of the Genus Rhacophorus (Anura: Rhacophoridae) from Southern China Asian Herpetological Research, 7(3), 139–150 https://doi.org/10.16373/j.cnki.ahr.150070"
814,沼蛙,Sylvirana guentheri,,终审:A3 排除-无省份且无坐标,新种描述文献中的伴随物种记录，非明确新纪录事件,"Yunming MO and Weicai CHEN and Xiaowen LIAO and Shichu ZHOU (2016). A New Species of the Genus Rhacophorus (Anura: Rhacophoridae) from Southern China Asian Herpetological Research, 7(3), 139–150 https://doi.org/10.16373/j.cnki.ahr.150070"
815,云雾瘰螈,Paramesotriton yunwuensis,广东,新种表,新种描述，转入 CHNR_new_species,"YUNKE WU and KE JIANG and JAMES HANKEN (2010). A new species of newt of the genus Paramesotriton (Salamandridae) from southwestern Guangdong, China, with a new northern record of P. longliensis from western Hubei Zootaxa, 2494, 45–58"
816,龙里瘰螈,Paramesotriton longliensis,湖北,事件表,省级新纪录事件（1省）,"YUNKE WU and KE JIANG and JAMES HANKEN (2010). A new species of newt of the genus Paramesotriton (Salamandridae) from southwestern Guangdong, China, with a new northern record of P. longliensis from western Hubei Zootaxa, 2494, 45–58"
817,广西小树蛙,Rhacophorus minimus,广西,新种表,新种描述，转入 CHNR_new_species,"DING-QI RAO、JEFFERY A. WILKINSON & HUI-NING LIU (2006). A new species of Rhacophorus (Anura: Rhacophoridae) from Guangxi Province, China Zootaxa, 1258, 17–31"
818,瑶山树蛙,Polypedates yaoshanensis,广西,终审:A4 排除(建议)-伴随物种记录,新种描述文献中的伴随物种记录，非明确新纪录事件,"DING-QI RAO、JEFFERY A. WILKINSON & HUI-NING LIU (2006). A new species of Rhacophorus (Anura: Rhacophoridae) from Guangxi Province, China Zootaxa, 1258, 17–31"
819,茅索水蛙,Sylvirana maosonensis,,终审:A3 排除-无省份且无坐标,新种描述文献中的伴随物种记录，非明确新纪录事件,"Yunming MO and Weicai CHEN and Xiaowen LIAO and Shichu ZHOU (2016). A New Species of the Genus Rhacophorus (Anura: Rhacophoridae) from Southern China Asian Herpetological Research, 7(3), 139–150 https://doi.org/10.16373/j.cnki.ahr.150070"
820,凉山滑蜥,Scincella liangshanensis,四川,新种表,新种描述，转入 CHNR_new_species,"Ruwan JIA and Zongyuan GAO and Dihao WU and Jinlong REN and Dechun JIANG and Wei WU (2024). A New Species of the Genus Scincella Mittleman, 1950 (Squamata: Scincidae) from Sichuan Province, Southwest China Asian Herpetological Research, 15(2), 115–129 https://doi.org/10.3724/ahr.2095-0357.2024.0016"
821,康定滑蜥,Scincella potanini,四川,终审:A4 排除(建议)-伴随物种记录,新种描述文献中的伴随物种记录，非明确新纪录事件,"Ruwan JIA and Zongyuan GAO and Dihao WU and Jinlong REN and Dechun JIANG and Wei WU (2024). A New Species of the Genus Scincella Mittleman, 1950 (Squamata: Scincidae) from Sichuan Province, Southwest China Asian Herpetological Research, 15(2), 115–129 https://doi.org/10.3724/ahr.2095-0357.2024.0016"
822,山滑蜥,Scincella monticola,,终审:A3 排除-无省份且无坐标,新种描述文献中的伴随物种记录，非明确新纪录事件,"Ruwan JIA and Zongyuan GAO and Dihao WU and Jinlong REN and Dechun JIANG and Wei WU (2024). A New Species of the Genus Scincella Mittleman, 1950 (Squamata: Scincidae) from Sichuan Province, Southwest China Asian Herpetological Research, 15(2), 115–129 https://doi.org/10.3724/ahr.2095-0357.2024.0016"
823,瓦山滑蜥,Scincella schmidti,,终审:A3 排除-无省份且无坐标,新种描述文献中的伴随物种记录，非明确新纪录事件,"Ruwan JIA and Zongyuan GAO and Dihao WU and Jinlong REN and Dechun JIANG and Wei WU (2024). A New Species of the Genus Scincella Mittleman, 1950 (Squamata: Scincidae) from Sichuan Province, Southwest China Asian Herpetological Research, 15(2), 115–129 https://doi.org/10.3724/ahr.2095-0357.2024.0016"
824,隐耳蜓蜥,Sphenomorphus cryptotis,,终审:A3 排除-无省份且无坐标,新种描述文献中的伴随物种记录，非明确新纪录事件,"Ruwan JIA and Zongyuan GAO and Dihao WU and Jinlong REN and Dechun JIANG and Wei WU (2024). A New Species of the Genus Scincella Mittleman, 1950 (Squamata: Scincidae) from Sichuan Province, Southwest China Asian Herpetological Research, 15(2), 115–129 https://doi.org/10.3724/ahr.2095-0357.2024.0016"
825,刺疣齿蟾,Scutiger spinosus,西藏,新种表,新种描述，转入 CHNR_new_species,"Ke JIANG and Kai WANG and Da-Hu ZOU and Fang YAN and Pi-Peng LI and Jing CHE (2016). A new species of the genus Scutiger (Anura: Megophryidae) from Medog of southeastern Tibet, China Zoological Research, 37(1), 21-30 https://doi.org/10.13918/j.issn.2095-8137.2016.1.21"
826,阿东齿突蟾,Scutiger adungensis,,终审:A3 排除-无省份且无坐标,新种描述文献中的伴随物种记录，非明确新纪录事件,"Ke JIANG and Kai WANG and Da-Hu ZOU and Fang YAN and Pi-Peng LI and Jing CHE (2016). A new species of the genus Scutiger (Anura: Megophryidae) from Medog of southeastern Tibet, China Zoological Research, 37(1), 21-30 https://doi.org/10.13918/j.issn.2095-8137.2016.1.21"
827,,Scutiger bhutanensis,,终审:A3 排除-无省份且无坐标,新种描述文献中的伴随物种记录，非明确新纪录事件,"Ke JIANG and Kai WANG and Da-Hu ZOU and Fang YAN and Pi-Peng LI and Jing CHE (2016). A new species of the genus Scutiger (Anura: Megophryidae) from Medog of southeastern Tibet, China Zoological Research, 37(1), 21-30 https://doi.org/10.13918/j.issn.2095-8137.2016.1.21"
828,广西华珊瑚蛇,Sinomicrurus peinani,广西,新种表,新种描述，转入 CHNR_new_species,"Slowinski, Boundy, and Lawson (2001). A new species of the genus Sinomicrurus (Serpentes: Elapidae) from China and Vietnam https://doi.org/10.24272/j.issn.2095-8137.2020.023"
829,广西华珊瑚蛇,Sinomicrurus peinani,广西,新种表,新种描述，转入 CHNR_new_species,"Slowinski, Boundy, and Lawson (2001). A new species of the genus Sinomicrurus (Serpentes: Elapidae) from China and Vietnam National Natural Science, 3 https://doi.org/10.24272/j.issn.2095-8137.2020.023"
830,,Sphingius deelemanae,海南,排除,非两爬/问题条目：非两爬/问题条目:蜘蛛,"Feng Zhang and Jian-Ying Fu (2010). A new species of the genus Sphingius (Araneae, Liocranidae) from China, and first description of the female: Sphingius hainan Zhang, Fu & Zhu, 2009 ZooKeys, 49, 23–31 https://doi.org/10.3897/zookeys.49.391"
831,,Sphingius hainan,海南,排除,非两爬/问题条目：非两爬/问题条目:蜘蛛,"Feng Zhang and Jian-Ying Fu (2010). A new species of the genus Sphingius (Araneae, Liocranidae) from China, and first description of the female: Sphingius hainan Zhang, Fu & Zhu, 2009 ZooKeys, 49, 23–31 https://doi.org/10.3897/zookeys.49.391"
832,云开草蜥,Takydromus yunkaiensis,广东,新种表,新种描述，转入 CHNR_new_species,"Jian Wang and Zhi-Tong Lyu and Chen-Yu Yang and Yu-Long Li and Ying-Yong Wang (2019). A new species of the genus Takydromus (Squamata, Lacertidae) from southwestern Guangdong, China ZooKeys, 871, 119–139 https://doi.org/10.3897/zookeys.871.35947"
833,云开草蜥,Takydromus yunkaiensis,广东,新种表,新种描述，转入 CHNR_new_species,"Jian Wang and Zhi-Tong Lyu and Chen-Yu Yang and Yu-Long Li and Ying-Yong Wang (2019). A new species of the genus Takydromus (Squamata, Lacertidae) from southwestern Guangdong, China ZooKeys, 871, 119–139 https://doi.org/10.3897/zookeys.871.35947"
834,赵尔宓温泉蛇,Thermophis zhaoermii,四川,终审:A4 排除(建议)-伴随物种记录,新种描述文献中的伴随物种记录，非明确新纪录事件,"Lifang PENG and Changhu LU and Song HUANG and Peng GUO and Yaping ZHANG (2014). A New Species of the Genus Thermophis (Serpentes: Colubridae) from Shangri-La, Northern Yunnan, China, with a Proposal for an Eclectic Rule for Species Delimitation Asian Herpetological Research, 5(4), 228–239 https://doi.org/10.3724/SP.J.1245.2014.00228"
835,宽脊瘰螈,Tylototriton broadoridgus,湖南,新种表,新种描述，转入 CHNR_new_species,"Youhui SHEN and Jianping JIANG and Xiaoyang MO (2012). A New Species of the Genus Tylototriton (Amphibia, Salamandridae) from Hunan, China Asian Herpetological Research, 3(1), 21–30 https://doi.org/10.3724/SP.J.1245.2012.00021"
836,须髭蟾,Vibrissaphora promustache,云南,新种表,新种描述，转入 CHNR_new_species,"DING-QI RAO, JEFFERY A. WILKINSON, AND MING-WAN ZHANG (2006). A NEW SPECIES OF THE GENUS VIBRISSAPHORA (ANURA: MEGOPHRYIDAE) FROM YUNNAN PROVINCE, CHINA Herpetologica, 62(1), 90–95"
837,文县瘰螈,Tylototriton wenxianensis,甘肃,终审:A4 排除(建议)-伴随物种记录,新种描述文献中的伴随物种记录，非明确新纪录事件,"Youhui SHEN and Jianping JIANG and Xiaoyang MO (2012). A New Species of the Genus Tylototriton (Amphibia, Salamandridae) from Hunan, China Asian Herpetological Research, 3(1), 21–30 https://doi.org/10.3724/SP.J.1245.2012.00021"
838,日本北爪鲵,Onychodactylus nipponoborealis,,新种表,新种描述，转入 CHNR_new_species,"NIKOLAY A. POYARKOV, JR. & JING CHE & MI-SOOK MIN & MASAKI KURO-O & FANG YAN & CHENG LI & KOJI IIZUKA & DAVID R. VIEITES (2012). Review of the systematics, morphology and distribution of Asian Clawed Salamanders, genus Onychodactylus (Amphibia, Caudata: Hynobiidae), with the description of four new species Zootaxa, 3465, 1–106"
839,赵尔宓爪鲵,Onychodactylus zhaoermii,,新种表,新种描述，转入 CHNR_new_species,"NIKOLAY A. POYARKOV, JR. & JING CHE & MI-SOOK MIN & MASAKI KURO-O & FANG YAN & CHENG LI & KOJI IIZUKA & DAVID R. VIEITES (2012). Review of the systematics, morphology and distribution of Asian Clawed Salamanders, genus Onychodactylus (Amphibia, Caudata: Hynobiidae), with the description of four new species Zootaxa, 3465, 1–106"
840,张亚平爪鲵,Onychodactylus zhangyapingi,,新种表,新种描述，转入 CHNR_new_species,"NIKOLAY A. POYARKOV, JR. & JING CHE & MI-SOOK MIN & MASAKI KURO-O & FANG YAN & CHENG LI & KOJI IIZUKA & DAVID R. VIEITES (2012). Review of the systematics, morphology and distribution of Asian Clawed Salamanders, genus Onychodactylus (Amphibia, Caudata: Hynobiidae), with the description of four new species Zootaxa, 3465, 1–106"
841,吴冠甫肥螈,Pachytriton wuguanfui,广西、湖南,新种表,新种描述，转入 CHNR_new_species,"ZHI-YONG YUAN & BAO-LIN ZHANG & JING CHE (2016). A new species of the genus Pachytriton (Caudata: Salamandridae) from Hunan and Guangxi, southeastern China Zootaxa, 4085(2), 219–232 https://doi.org/10.11646/zootaxa.4085.2.3"
842,大别瘰螈,Tylototriton dabienicus,,终审:A3 排除-无省份且无坐标,新种描述文献中的伴随物种记录，非明确新纪录事件,"Youhui SHEN and Jianping JIANG and Xiaoyang MO (2012). A New Species of the Genus Tylototriton (Amphibia, Salamandridae) from Hunan, China Asian Herpetological Research, 3(1), 21–30 https://doi.org/10.3724/SP.J.1245.2012.00021"
843,红瘰疣螈,Tylototriton asperrimus,,终审:A3 排除-无省份且无坐标,新种描述文献中的伴随物种记录，非明确新纪录事件,"Youhui SHEN and Jianping JIANG and Xiaoyang MO (2012). A New Species of the Genus Tylototriton (Amphibia, Salamandridae) from Hunan, China Asian Herpetological Research, 3(1), 21–30 https://doi.org/10.3724/SP.J.1245.2012.00021"
844,海南瘰螈,Tylototriton hainanensis,海南,终审:A4 排除(建议)-伴随物种记录,新种描述文献中的伴随物种记录，非明确新纪录事件,"Youhui SHEN and Jianping JIANG and Xiaoyang MO (2012). A New Species of the Genus Tylototriton (Amphibia, Salamandridae) from Hunan, China Asian Herpetological Research, 3(1), 21–30 https://doi.org/10.3724/SP.J.1245.2012.00021"
845,越南瘰螈,Tylototriton vietnamensis,,终审:A3 排除-无省份且无坐标,新种描述文献中的伴随物种记录，非明确新纪录事件,"Youhui SHEN and Jianping JIANG and Xiaoyang MO (2012). A New Species of the Genus Tylototriton (Amphibia, Salamandridae) from Hunan, China Asian Herpetological Research, 3(1), 21–30 https://doi.org/10.3724/SP.J.1245.2012.00021"
846,宽脊瘰螈,Tylototriton broadoridgus,湖南,新种表,新种描述，转入 CHNR_new_species,"Youhui SHEN and Jianping JIANG and Xiaoyang MO (2012). A New Species of the Genus Tylototriton (Amphibia, Salamandridae) from Hunan, China Asian Herpetological Research, 3(1), 21–30 https://doi.org/10.3724/SP.J.1245.2012.00021"
847,潘海瘰螈,Tylototriton panhai,黎府,排除,国外新种描述（省份为外国地名）,"KANTO NISHIKAWA、WICHASE KHONSUE、PORRAWEE POMCHOTE & MASAFUMI MATSUI (2013). Two new species of Tylototriton from Thailand (Amphibia: Urodela: Salamandridae) Zootaxa, 3737(3), 261–279 https://doi.org/10.11646/zootaxa.3737.3.5"
848,乌汶瘰螈,Tylototriton ubolratanae,清迈府,排除,国外新种描述（省份为外国地名）,"KANTO NISHIKAWA、WICHASE KHONSUE、PORRAWEE POMCHOTE & MASAFUMI MATSUI (2013). Two new species of Tylototriton from Thailand (Amphibia: Urodela: Salamandridae) Zootaxa, 3737(3), 261–279 https://doi.org/10.11646/zootaxa.3737.3.5"
849,文县瘰螈,Tylototriton wenxianensis,甘肃,终审:A4 排除(建议)-伴随物种记录,新种描述文献中的伴随物种记录，非明确新纪录事件,"Youhui SHEN and Jianping JIANG and Xiaoyang MO (2012). A New Species of the Genus Tylototriton (Amphibia, Salamandridae) from Hunan, China Asian Herpetological Research, 3(1), 21–30 https://doi.org/10.3724/SP.J.1245.2012.00021"
850,尖喙角蟾,Megophrys acuta,广东,新种表,新种描述，转入 CHNR_new_species,"YU-LONG LI、MENG-JIE JIN、JIAN ZHAO、ZU-YAO LIU、YING-YONG WANG & HONG PANG (2014). Description of two new species of the genus Megophrys (Amphibia: Anura: Megophryidae) from Heishiding Nature Reserve, Fengkai, Guangdong, China, based on molecular and morphological data Zootaxa, 3795(4), 449–471 https://doi.org/10.11646/zootaxa.3795.4.5"
851,肥角蟾,Megophrys obesa,广东,新种表,新种描述，转入 CHNR_new_species,"YU-LONG LI、MENG-JIE JIN、JIAN ZHAO、ZU-YAO LIU、YING-YONG WANG & HONG PANG (2014). Description of two new species of the genus Megophrys (Amphibia: Anura: Megophryidae) from Heishiding Nature Reserve, Fengkai, Guangdong, China, based on molecular and morphological data Zootaxa, 3795(4), 449–471 https://doi.org/10.11646/zootaxa.3795.4.5"
852,大别瘰螈,Tylototriton dabienicus,,终审:A3 排除-无省份且无坐标,新种描述文献中的伴随物种记录，非明确新纪录事件,"Youhui SHEN and Jianping JIANG and Xiaoyang MO (2012). A New Species of the Genus Tylototriton (Amphibia, Salamandridae) from Hunan, China Asian Herpetological Research, 3(1), 21–30 https://doi.org/10.3724/SP.J.1245.2012.00021"
853,红瘰疣螈,Tylototriton asperrimus,,终审:A3 排除-无省份且无坐标,新种描述文献中的伴随物种记录，非明确新纪录事件,"Youhui SHEN and Jianping JIANG and Xiaoyang MO (2012). A New Species of the Genus Tylototriton (Amphibia, Salamandridae) from Hunan, China Asian Herpetological Research, 3(1), 21–30 https://doi.org/10.3724/SP.J.1245.2012.00021"
854,海南瘰螈,Tylototriton hainanensis,海南,终审:A4 排除(建议)-伴随物种记录,新种描述文献中的伴随物种记录，非明确新纪录事件,"Youhui SHEN and Jianping JIANG and Xiaoyang MO (2012). A New Species of the Genus Tylototriton (Amphibia, Salamandridae) from Hunan, China Asian Herpetological Research, 3(1), 21–30 https://doi.org/10.3724/SP.J.1245.2012.00021"
855,越南瘰螈,Tylototriton vietnamensis,,终审:A3 排除-无省份且无坐标,新种描述文献中的伴随物种记录，非明确新纪录事件,"Youhui SHEN and Jianping JIANG and Xiaoyang MO (2012). A New Species of the Genus Tylototriton (Amphibia, Salamandridae) from Hunan, China Asian Herpetological Research, 3(1), 21–30 https://doi.org/10.3724/SP.J.1245.2012.00021"
856,红池坝树蛙,Rhacophorus hongchibaensis,重庆,新种表,新种描述，转入 CHNR_new_species,"JIA-TANG LI and JUN LIU and YUE-YING CHEN and JIA-WEI WU and ROBERT W. MURPHY and ER-MI ZHAO and YUE-ZHAO WANG and YA-PING ZHANG (2012). Molecular phylogeny of treefrogs in the Rhacophorus dugritei species complex (Anura: Rhacophoridae), with descriptions of two new species Zoological Journal of the Linnean Society, 165, 143–162 https://doi.org/10.1111/j.1096-3642.2011.00790.x"
857,吴氏树蛙,Rhacophorus wui,湖北,新种表,新种描述，转入 CHNR_new_species,"JIA-TANG LI and JUN LIU and YUE-YING CHEN and JIA-WEI WU and ROBERT W. MURPHY and ER-MI ZHAO and YUE-ZHAO WANG and YA-PING ZHANG (2012). Molecular phylogeny of treefrogs in the Rhacophorus dugritei species complex (Anura: Rhacophoridae), with descriptions of two new species Zoological Journal of the Linnean Society, 165, 143–162 https://doi.org/10.1111/j.1096-3642.2011.00790.x"
858,峨眉树蛙,Rhacophorus dugritei,四川,新种表,新种描述，转入 CHNR_new_species,"JIA-TANG LI and JUN LIU and YUE-YING CHEN and JIA-WEI WU and ROBERT W. MURPHY and ER-MI ZHAO and YUE-ZHAO WANG and YA-PING ZHANG (2012). Molecular phylogeny of treefrogs in the Rhacophorus dugritei species complex (Anura: Rhacophoridae), with descriptions of two new species Zoological Journal of the Linnean Society, 165, 143–162 https://doi.org/10.1111/j.1096-3642.2011.00790.x"
859,斯氏瘰螈,Tylototriton sini,广东,新种表,新种描述，转入 CHNR_new_species,"Zhi-Tong Lyu and Jian Wang and Zhao-Chi Zeng and Jia-Jun Zhou and Shuo Qi and Han Wan and You-Yu Li and Ying-Yong Wang (2021). A new species of the genus Tylototriton (Caudata, Salamandridae) from Guangdong, southern China, with discussion on the subgenera and species groups within the genus Vertebrate Zoology, 71, 697-710 https://doi.org/10.3897/vz.71.e73563"
860,细痣瑶螈,Tylototriton asperrimus,广西,终审:A4 排除(建议)-伴随物种记录,新种描述文献中的伴随物种记录，非明确新纪录事件,"Zhi-Tong Lyu and Jian Wang and Zhao-Chi Zeng and Jia-Jun Zhou and Shuo Qi and Han Wan and You-Yu Li and Ying-Yong Wang (2021). A new species of the genus Tylototriton (Caudata, Salamandridae) from Guangdong, southern China, with discussion on the subgenera and species groups within the genus Vertebrate Zoology, 71, 697-710 https://doi.org/10.3897/vz.71.e73563"
861,巴塘树蛙,Rhacophorus batangensis,四川,终审:A4 排除(建议)-伴随物种记录,新种描述文献中的伴随物种记录，非明确新纪录事件,"JIA-TANG LI and JUN LIU and YUE-YING CHEN and JIA-WEI WU and ROBERT W. MURPHY and ER-MI ZHAO and YUE-ZHAO WANG and YA-PING ZHANG (2012). Molecular phylogeny of treefrogs in the Rhacophorus dugritei species complex (Anura: Rhacophoridae), with descriptions of two new species Zoological Journal of the Linnean Society, 165, 143–162 https://doi.org/10.1111/j.1096-3642.2011.00790.x"
862,会理树蛙,Rhacophorus hui,四川,终审:A4 排除(建议)-伴随物种记录,新种描述文献中的伴随物种记录，非明确新纪录事件,"JIA-TANG LI and JUN LIU and YUE-YING CHEN and JIA-WEI WU and ROBERT W. MURPHY and ER-MI ZHAO and YUE-ZHAO WANG and YA-PING ZHANG (2012). Molecular phylogeny of treefrogs in the Rhacophorus dugritei species complex (Anura: Rhacophoridae), with descriptions of two new species Zoological Journal of the Linnean Society, 165, 143–162 https://doi.org/10.1111/j.1096-3642.2011.00790.x"
863,赵居树蛙,Polypedates zhaojuensis,四川,终审:A4 排除(建议)-伴随物种记录,新种描述文献中的伴随物种记录，非明确新纪录事件,"JIA-TANG LI and JUN LIU and YUE-YING CHEN and JIA-WEI WU and ROBERT W. MURPHY and ER-MI ZHAO and YUE-ZHAO WANG and YA-PING ZHANG (2012). Molecular phylogeny of treefrogs in the Rhacophorus dugritei species complex (Anura: Rhacophoridae), with descriptions of two new species Zoological Journal of the Linnean Society, 165, 143–162 https://doi.org/10.1111/j.1096-3642.2011.00790.x"
864,普洱树蛙,Polypedates puerensis,云南,终审:A4 排除(建议)-伴随物种记录,新种描述文献中的伴随物种记录，非明确新纪录事件,"JIA-TANG LI and JUN LIU and YUE-YING CHEN and JIA-WEI WU and ROBERT W. MURPHY and ER-MI ZHAO and YUE-ZHAO WANG and YA-PING ZHANG (2012). Molecular phylogeny of treefrogs in the Rhacophorus dugritei species complex (Anura: Rhacophoridae), with descriptions of two new species Zoological Journal of the Linnean Society, 165, 143–162 https://doi.org/10.1111/j.1096-3642.2011.00790.x"
865,蔡氏疣螈,Tylototriton ziegleri,河江、高平,终审:C 排除-记录地为国外省区,新种描述文献中的伴随物种记录，非明确新纪录事件,"Zhi-Tong Lyu and Jian Wang and Zhao-Chi Zeng and Jia-Jun Zhou and Shuo Qi and Han Wan and You-Yu Li and Ying-Yong Wang (2021). A new species of the genus Tylototriton (Caudata, Salamandridae) from Guangdong, southern China, with discussion on the subgenera and species groups within the genus Vertebrate Zoology, 71, 697-710 https://doi.org/10.3897/vz.71.e73563"
866,,Tylototriton pasmansi,越南,终审:C 排除-记录地为国外省区,新种描述文献中的伴随物种记录，非明确新纪录事件,"Zhi-Tong Lyu and Jian Wang and Zhao-Chi Zeng and Jia-Jun Zhou and Shuo Qi and Han Wan and You-Yu Li and Ying-Yong Wang (2021). A new species of the genus Tylototriton (Caudata, Salamandridae) from Guangdong, southern China, with discussion on the subgenera and species groups within the genus Vertebrate Zoology, 71, 697-710 https://doi.org/10.3897/vz.71.e73563"
867,宽脊瑶螈,Tylototriton broadoridgus,,终审:A3 排除-无省份且无坐标,新种描述文献中的伴随物种记录，非明确新纪录事件,"Zhi-Tong Lyu and Jian Wang and Zhao-Chi Zeng and Jia-Jun Zhou and Shuo Qi and Han Wan and You-Yu Li and Ying-Yong Wang (2021). A new species of the genus Tylototriton (Caudata, Salamandridae) from Guangdong, southern China, with discussion on the subgenera and species groups within the genus Vertebrate Zoology, 71, 697-710 https://doi.org/10.3897/vz.71.e73563"
868,海南瑶螈,Tylototriton hainanensis,海南,终审:A4 排除(建议)-伴随物种记录,新种描述文献中的伴随物种记录，非明确新纪录事件,"Zhi-Tong Lyu and Jian Wang and Zhao-Chi Zeng and Jia-Jun Zhou and Shuo Qi and Han Wan and You-Yu Li and Ying-Yong Wang (2021). A new species of the genus Tylototriton (Caudata, Salamandridae) from Guangdong, southern China, with discussion on the subgenera and species groups within the genus Vertebrate Zoology, 71, 697-710 https://doi.org/10.3897/vz.71.e73563"
869,文县瑶螈,Tylototriton wenxianensis,甘肃,终审:A4 排除(建议)-伴随物种记录,新种描述文献中的伴随物种记录，非明确新纪录事件,"Zhi-Tong Lyu and Jian Wang and Zhao-Chi Zeng and Jia-Jun Zhou and Shuo Qi and Han Wan and You-Yu Li and Ying-Yong Wang (2021). A new species of the genus Tylototriton (Caudata, Salamandridae) from Guangdong, southern China, with discussion on the subgenera and species groups within the genus Vertebrate Zoology, 71, 697-710 https://doi.org/10.3897/vz.71.e73563"
870,黑斑瘰螈,Tylototriton asperrimus,广西,终审:A4 排除(建议)-伴随物种记录,新种描述文献中的伴随物种记录，非明确新纪录事件,"Zhi-Tong Lyu and Jian Wang and Zhao-Chi Zeng and Jia-Jun Zhou and Shuo Qi and Han Wan and You-Yu Li and Ying-Yong Wang (2021). A new species of the genus Tylototriton (Caudata, Salamandridae) from Guangdong, southern China, with discussion on the subgenera and species groups within the genus Vertebrate Zoology, 71, 697-710 https://doi.org/10.3897/vz.71.e73563"
871,蔡氏疣螈,Tylototriton ziegleri,河江、高平,终审:C 排除-记录地为国外省区,新种描述文献中的伴随物种记录，非明确新纪录事件,"Zhi-Tong Lyu and Jian Wang and Zhao-Chi Zeng and Jia-Jun Zhou and Shuo Qi and Han Wan and You-Yu Li and Ying-Yong Wang (2021). A new species of the genus Tylototriton (Caudata, Salamandridae) from Guangdong, southern China, with discussion on the subgenera and species groups within the genus Vertebrate Zoology, 71, 697-710 https://doi.org/10.3897/vz.71.e73563"
872,,Tylototriton pasmansi,越南,终审:C 排除-记录地为国外省区,新种描述文献中的伴随物种记录，非明确新纪录事件,"Zhi-Tong Lyu and Jian Wang and Zhao-Chi Zeng and Jia-Jun Zhou and Shuo Qi and Han Wan and You-Yu Li and Ying-Yong Wang (2021). A new species of the genus Tylototriton (Caudata, Salamandridae) from Guangdong, southern China, with discussion on the subgenera and species groups within the genus Vertebrate Zoology, 71, 697-710 https://doi.org/10.3897/vz.71.e73563"
873,宽脊瑶螈,Tylototriton broadoridgus,,终审:A3 排除-无省份且无坐标,新种描述文献中的伴随物种记录，非明确新纪录事件,"Zhi-Tong Lyu and Jian Wang and Zhao-Chi Zeng and Jia-Jun Zhou and Shuo Qi and Han Wan and You-Yu Li and Ying-Yong Wang (2021). A new species of the genus Tylototriton (Caudata, Salamandridae) from Guangdong, southern China, with discussion on the subgenera and species groups within the genus Vertebrate Zoology, 71, 697-710 https://doi.org/10.3897/vz.71.e73563"
874,海南瘰螈,Tylototriton hainanensis,海南,终审:A4 排除(建议)-伴随物种记录,新种描述文献中的伴随物种记录，非明确新纪录事件,"Zhi-Tong Lyu and Jian Wang and Zhao-Chi Zeng and Jia-Jun Zhou and Shuo Qi and Han Wan and You-Yu Li and Ying-Yong Wang (2021). A new species of the genus Tylototriton (Caudata, Salamandridae) from Guangdong, southern China, with discussion on the subgenera and species groups within the genus Vertebrate Zoology, 71, 697-710 https://doi.org/10.3897/vz.71.e73563"
875,广东纤树蛙,Gracixalus guangdongensis,广东,新种表,新种描述，转入 CHNR_new_species,"JIAN WANG & ZHAO-CHI ZENG, ZHI-TONG LYU, ZU-YAO LIU & YING-YONG WANG (2018). Description of a new species of Gracixalus (Amphibia: Anura: Rhacophoridae) from Guangdong Province, southeastern China Zootaxa, 4420(2), 251–269 https://doi.org/10.11646/zootaxa.4420.2.7"
876,细趾纤树蛙,Gracixalus gracilipes,广东、广西、云南,终审:A4 排除(建议)-伴随物种记录,新种描述文献中的伴随物种记录，非明确新纪录事件,"JIAN WANG & ZHAO-CHI ZENG, ZHI-TONG LYU, ZU-YAO LIU & YING-YONG WANG (2018). Description of a new species of Gracixalus (Amphibia: Anura: Rhacophoridae) from Guangdong Province, southeastern China Zootaxa, 4420(2), 251–269 https://doi.org/10.11646/zootaxa.4420.2.7"
877,文县瑶螈,Tylototriton wenxianensis,甘肃,终审:A4 排除(建议)-伴随物种记录,新种描述文献中的伴随物种记录，非明确新纪录事件,"Zhi-Tong Lyu and Jian Wang and Zhao-Chi Zeng and Jia-Jun Zhou and Shuo Qi and Han Wan and You-Yu Li and Ying-Yong Wang (2021). A new species of the genus Tylototriton (Caudata, Salamandridae) from Guangdong, southern China, with discussion on the subgenera and species groups within the genus Vertebrate Zoology, 71, 697-710 https://doi.org/10.3897/vz.71.e73563"
878,斯氏瘰螈,Tylototriton sini,广东,新种表,新种描述，转入 CHNR_new_species,"Zhi-Tong Lyu and Jian Wang and Zhao-Chi Zeng and Jia-Jun Zhou and Shuo Qi and Han Wan and You-Yu Li and Ying-Yong Wang (2021). A new species of the genus Tylototriton (Caudata, Salamandridae) from Guangdong, southern China, with discussion on the subgenera and species groups within the genus Vertebrate Zoology, 71, 697-710 https://doi.org/10.3897/vz.71.e73563"
879,黑斑瘰螈,Tylototriton asperrimus,广西,终审:A4 排除(建议)-伴随物种记录,新种描述文献中的伴随物种记录，非明确新纪录事件,"Zhi-Tong Lyu and Jian Wang and Zhao-Chi Zeng and Jia-Jun Zhou and Shuo Qi and Han Wan and You-Yu Li and Ying-Yong Wang (2021). A new species of the genus Tylototriton (Caudata, Salamandridae) from Guangdong, southern China, with discussion on the subgenera and species groups within the genus Vertebrate Zoology, 71, 697-710 https://doi.org/10.3897/vz.71.e73563"
880,蔡氏疣螈,Tylototriton ziegleri,河江、高平,终审:C 排除-记录地为国外省区,新种描述文献中的伴随物种记录，非明确新纪录事件,"Zhi-Tong Lyu and Jian Wang and Zhao-Chi Zeng and Jia-Jun Zhou and Shuo Qi and Han Wan and You-Yu Li and Ying-Yong Wang (2021). A new species of the genus Tylototriton (Caudata, Salamandridae) from Guangdong, southern China, with discussion on the subgenera and species groups within the genus Vertebrate Zoology, 71, 697-710 https://doi.org/10.3897/vz.71.e73563"
881,,Tylototriton pasmansi,越南,终审:C 排除-记录地为国外省区,新种描述文献中的伴随物种记录，非明确新纪录事件,"Zhi-Tong Lyu and Jian Wang and Zhao-Chi Zeng and Jia-Jun Zhou and Shuo Qi and Han Wan and You-Yu Li and Ying-Yong Wang (2021). A new species of the genus Tylototriton (Caudata, Salamandridae) from Guangdong, southern China, with discussion on the subgenera and species groups within the genus Vertebrate Zoology, 71, 697-710 https://doi.org/10.3897/vz.71.e73563"
882,宽脊瑶螈,Tylototriton broadoridgus,,终审:A3 排除-无省份且无坐标,新种描述文献中的伴随物种记录，非明确新纪录事件,"Zhi-Tong Lyu and Jian Wang and Zhao-Chi Zeng and Jia-Jun Zhou and Shuo Qi and Han Wan and You-Yu Li and Ying-Yong Wang (2021). A new species of the genus Tylototriton (Caudata, Salamandridae) from Guangdong, southern China, with discussion on the subgenera and species groups within the genus Vertebrate Zoology, 71, 697-710 https://doi.org/10.3897/vz.71.e73563"
883,弄岗狭口蛙,Kaloula nonggangensis,广西,新种表,新种描述，转入 CHNR_new_species,"YUNMING MO and WEI ZHANG and SHICHU ZHOU and TIANBO CHEN and HUAXING TANG and YUANJUN MENG and WEICAI CHEN (2013). A new species of Kaloula (Amphibia: Anura: Microhylidae) from southern Guangxi, China Zootaxa, 3710(2), 165–178 https://doi.org/10.11646/zootaxa.3710.2.3"
884,海南瘰螈,Tylototriton hainanensis,海南,终审:A4 排除(建议)-伴随物种记录,新种描述文献中的伴随物种记录，非明确新纪录事件,"Zhi-Tong Lyu and Jian Wang and Zhao-Chi Zeng and Jia-Jun Zhou and Shuo Qi and Han Wan and You-Yu Li and Ying-Yong Wang (2021). A new species of the genus Tylototriton (Caudata, Salamandridae) from Guangdong, southern China, with discussion on the subgenera and species groups within the genus Vertebrate Zoology, 71, 697-710 https://doi.org/10.3897/vz.71.e73563"
885,文县瑶螈,Tylototriton wenxianensis,甘肃,终审:A4 排除(建议)-伴随物种记录,新种描述文献中的伴随物种记录，非明确新纪录事件,"Zhi-Tong Lyu and Jian Wang and Zhao-Chi Zeng and Jia-Jun Zhou and Shuo Qi and Han Wan and You-Yu Li and Ying-Yong Wang (2021). A new species of the genus Tylototriton (Caudata, Salamandridae) from Guangdong, southern China, with discussion on the subgenera and species groups within the genus Vertebrate Zoology, 71, 697-710 https://doi.org/10.3897/vz.71.e73563"
886,文山湍蛙,Amolops wenshanensis,云南、广西,新种表,新种描述，转入 CHNR_new_species,"ZHIYONG YUAN and JIEQIONG JIN and JIANNAN LI and BRYAN L. STUART & JUN WU (2018). A new species of cascade frog (Amphibia: Ranidae) in the Amolops monticola group from China Zootaxa, 4415(3), 498–512 https://doi.org/10.11646/zootaxa.4415.3.5"
887,孟定湍蛙,Amolops mengdingensis,云南,新种表,新种描述，转入 CHNR_new_species,"GUOHUA YU, ZHENGJUN WU & JUNXING YANG (2019). A new species of the Amolops monticola group (Anura: Ranidae) from southwestern Yunnan, China Zootaxa, 4577(3), 548–560 https://doi.org/10.11646/zootaxa.4577.3.8"
888,文县瘰螈,Tylototriton wenxianensis,甘肃,终审:A4 排除(建议)-伴随物种记录,新种描述文献中的伴随物种记录，非明确新纪录事件,"Daode YANG and Jianping JIANG and Youhui SHEN and Dongbo FEI (2014). A New Species of the Genus Tylototriton (Urodela: Salamandridae) from Northeastern Hunan Province, China Asian Herpetological Research, 5(1), 1-11 https://doi.org/10.3724/SP.J.1245.2014.00001"
889,宽脊瘰螈,Tylototriton broadoridgus,,终审:A3 排除-无省份且无坐标,新种描述文献中的伴随物种记录，非明确新纪录事件,"Daode YANG and Jianping JIANG and Youhui SHEN and Dongbo FEI (2014). A New Species of the Genus Tylototriton (Urodela: Salamandridae) from Northeastern Hunan Province, China Asian Herpetological Research, 5(1), 1-11 https://doi.org/10.3724/SP.J.1245.2014.00001"
890,黑斑瘰螈,Tylototriton asperrimus,广西,终审:A4 排除(建议)-伴随物种记录,新种描述文献中的伴随物种记录，非明确新纪录事件,"Daode YANG and Jianping JIANG and Youhui SHEN and Dongbo FEI (2014). A New Species of the Genus Tylototriton (Urodela: Salamandridae) from Northeastern Hunan Province, China Asian Herpetological Research, 5(1), 1-11 https://doi.org/10.3724/SP.J.1245.2014.00001"
891,大别瘰螈,Tylototriton dabienicus,,终审:A3 排除-无省份且无坐标,新种描述文献中的伴随物种记录，非明确新纪录事件,"Daode YANG and Jianping JIANG and Youhui SHEN and Dongbo FEI (2014). A New Species of the Genus Tylototriton (Urodela: Salamandridae) from Northeastern Hunan Province, China Asian Herpetological Research, 5(1), 1-11 https://doi.org/10.3724/SP.J.1245.2014.00001"
892,海南瘰螈,Tylototriton hainanensis,,终审:A3 排除-无省份且无坐标,新种描述文献中的伴随物种记录，非明确新纪录事件,"Daode YANG and Jianping JIANG and Youhui SHEN and Dongbo FEI (2014). A New Species of the Genus Tylototriton (Urodela: Salamandridae) from Northeastern Hunan Province, China Asian Herpetological Research, 5(1), 1-11 https://doi.org/10.3724/SP.J.1245.2014.00001"
893,赤水角蟾,Megophrys chishuiensis,贵州,新种表,新种描述，转入 CHNR_new_species,"Ning Xu and Shi-Ze Li and Jing Liu and Gang Wei and Bin Wang (2020). A new species of the horned toad Megophrys Kuhl & Van Hasselt, 1822 (Anura, Megophryidae) from southwest China ZooKeys, 943, 119–144 https://doi.org/10.3897/zookeys.943.50343"
894,赤水角蟾,Megophrys chishuiensis,贵州,新种表,新种描述，转入 CHNR_new_species,"Ning Xu and Shi-Ze Li and Jing Liu and Gang Wei and Bin Wang (2020). A new species of the horned toad Megophrys Kuhl & Van Hasselt, 1822 (Anura, Megophryidae) from southwest China ZooKeys, 943, 119–144 https://doi.org/10.3897/zookeys.943.50343"
895,赤水角蟾,Megophrys chishuiensis,贵州,新种表,新种描述，转入 CHNR_new_species,"Ning Xu and Shi-Ze Li and Jing Liu and Gang Wei and Bin Wang (2020). A new species of the horned toad Megophrys Kuhl & Van Hasselt, 1822 (Anura, Megophryidae) from southwest China ZooKeys, 943, 119–144 https://doi.org/10.3897/zookeys.943.50343"
896,缅甸钝头蛇,Pareas hamptoni,,排除,国外新种描述（坐标在中国境外）,"Li Ding、Zening Chen、Chatmongkon Suwannapoom、Tan Van Nguyen、Nikolay A. Poyarkov & Gernot Vogel (2020). A NEW SPECIES OF THE Pareas hamptoni COMPLEX (SQUAMATA: SERPENTES: PAREIDAE) FROM THE GOLDEN TRIANGLE TAPROBANICA, 09(02), 174–193 https://doi.org/10.47605/tapro.v9i2.230"
897,台湾钝头蛇,Pareas formosensis,,终审:B7 坐标在境内可反推省份,新种描述文献中的伴随物种记录，非明确新纪录事件,"Li Ding、Zening Chen、Chatmongkon Suwannapoom、Tan Van Nguyen、Nikolay A. Poyarkov & Gernot Vogel (2020). A NEW SPECIES OF THE Pareas hamptoni COMPLEX (SQUAMATA: SERPENTES: PAREIDAE) FROM THE GOLDEN TRIANGLE TAPROBANICA, 09(02), 174–193 https://doi.org/10.47605/tapro.v9i2.230"
898,,Pareas mengziensis,云南,新种表,新种描述，转入 CHNR_new_species,"Li Ding、Zening Chen、Chatmongkon Suwannapoom、Tan Van Nguyen、Nikolay A. Poyarkov & Gernot Vogel (2020). A NEW SPECIES OF THE Pareas hamptoni COMPLEX (SQUAMATA: SERPENTES: PAREIDAE) FROM THE GOLDEN TRIANGLE TAPROBANICA, 09(02), 174–193 https://doi.org/10.47605/tapro.v9i2.230"
899,安氏钝头蛇,Pareas andersonii,,终审:A3 排除-无省份且无坐标,新种描述文献中的伴随物种记录，非明确新纪录事件,"Li Ding、Zening Chen、Chatmongkon Suwannapoom、Tan Van Nguyen、Nikolay A. Poyarkov & Gernot Vogel (2020). A NEW SPECIES OF THE Pareas hamptoni COMPLEX (SQUAMATA: SERPENTES: PAREIDAE) FROM THE GOLDEN TRIANGLE TAPROBANICA, 09(02), 174–193 https://doi.org/10.47605/tapro.v9i2.230"
900,泰雅钝头蛇,Pareas atayal,,终审:A3 排除-无省份且无坐标,新种描述文献中的伴随物种记录，非明确新纪录事件,"Li Ding、Zening Chen、Chatmongkon Suwannapoom、Tan Van Nguyen、Nikolay A. Poyarkov & Gernot Vogel (2020). A NEW SPECIES OF THE Pareas hamptoni COMPLEX (SQUAMATA: SERPENTES: PAREIDAE) FROM THE GOLDEN TRIANGLE TAPROBANICA, 09(02), 174–193 https://doi.org/10.47605/tapro.v9i2.230"
901,,Pareas sp.,,排除,属级记录，非种级事件,"Li Ding、Zening Chen、Chatmongkon Suwannapoom、Tan Van Nguyen、Nikolay A. Poyarkov & Gernot Vogel (2020). A NEW SPECIES OF THE Pareas hamptoni COMPLEX (SQUAMATA: SERPENTES: PAREIDAE) FROM THE GOLDEN TRIANGLE TAPROBANICA, 09(02), 174–193 https://doi.org/10.47605/tapro.v9i2.230"
902,九岭山林蛙,Rana jiulingensis,江西,新种表,新种描述，转入 CHNR_new_species,"Han Wan and Zhi-Tong Lyu and Shuo Qi and Jian Zhao and Pi-Peng Li and Ying-Yong Wang (2020). A new species of the Rana japonica group (Anura, Ranidae, Rana) from China, with a taxonomic proposal for the R. johnsi group ZooKeys, 942, 141–158 https://doi.org/10.3897/zookeys.942.46928"
903,桑植林蛙,Rana sangzhiensis,,终审:A3 排除-无省份且无坐标,新种描述文献中的伴随物种记录，非明确新纪录事件,"Han Wan and Zhi-Tong Lyu and Shuo Qi and Jian Zhao and Pi-Peng Li and Ying-Yong Wang (2020). A new species of the Rana japonica group (Anura, Ranidae, Rana) from China, with a taxonomic proposal for the R. johnsi group ZooKeys, 942, 141–158 https://doi.org/10.3897/zookeys.942.46928"
904,梵净山小姬蛙,Microhyla fanjingshanensis,贵州,新种表,新种描述，转入 CHNR_new_species,"SHIZE LI and MEIHUA ZHANG and NING XU and JINGCAI LV and JIANPING JIANG and JING LIU and GANG WEI & BIN WANG (2019). A new species of the genus Microhyla (Amphibia: Anura: Microhylidae) from Guizhou Province, China Zootaxa, 4624(4), 551–575 https://doi.org/10.11646/zootaxa.4624.4.7"
905,北仑小姬蛙,Microhyla beilunensis,浙江,终审:A4 排除(建议)-伴随物种记录,新种描述文献中的伴随物种记录，非明确新纪录事件,"SHIZE LI and MEIHUA ZHANG and NING XU and JINGCAI LV and JIANPING JIANG and JING LIU and GANG WEI & BIN WANG (2019). A new species of the genus Microhyla (Amphibia: Anura: Microhylidae) from Guizhou Province, China Zootaxa, 4624(4), 551–575 https://doi.org/10.11646/zootaxa.4624.4.7"
906,饰纹小姬蛙,Microhyla mixtura,四川,终审:A4 排除(建议)-伴随物种记录,新种描述文献中的伴随物种记录，非明确新纪录事件,"SHIZE LI and MEIHUA ZHANG and NING XU and JINGCAI LV and JIANPING JIANG and JING LIU and GANG WEI & BIN WANG (2019). A new species of the genus Microhyla (Amphibia: Anura: Microhylidae) from Guizhou Province, China Zootaxa, 4624(4), 551–575 https://doi.org/10.11646/zootaxa.4624.4.7"
907,,Microhyla okinavensis,,终审:A3 排除-无省份且无坐标,新种描述文献中的伴随物种记录，非明确新纪录事件,"SHIZE LI and MEIHUA ZHANG and NING XU and JINGCAI LV and JIANPING JIANG and JING LIU and GANG WEI & BIN WANG (2019). A new species of the genus Microhyla (Amphibia: Anura: Microhylidae) from Guizhou Province, China Zootaxa, 4624(4), 551–575 https://doi.org/10.11646/zootaxa.4624.4.7"
908,瘤疣角蟾,Megophrys tuberogranulatus,湖南,新种表,新种描述，转入 CHNR_new_species,"Xiaoyang MO and Youhui SHEN and Honghui LI and Xiushan WU (2010). A new species of Megophrys (Amphibia: Anura: Megophryidae) from the northwestern Hunan Province, China Current Zoology, 56(4), 432-436"
909,挂墩角蟾,Megophrys kuatunensis,,终审:A3 排除-无省份且无坐标,新种描述文献中的伴随物种记录，非明确新纪录事件,"Xiaoyang MO and Youhui SHEN and Honghui LI and Xiushan WU (2010). A new species of Megophrys (Amphibia: Anura: Megophryidae) from the northwestern Hunan Province, China Current Zoology, 56(4), 432-436"
910,小角蟾,Megophrys minor,,终审:A3 排除-无省份且无坐标,新种描述文献中的伴随物种记录，非明确新纪录事件,"Xiaoyang MO and Youhui SHEN and Honghui LI and Xiushan WU (2010). A new species of Megophrys (Amphibia: Anura: Megophryidae) from the northwestern Hunan Province, China Current Zoology, 56(4), 432-436"
911,水城湍蛙,Amolops shuichengicus,贵州,新种表,新种描述，转入 CHNR_new_species,"ZHI-TONG LYU, ZHAO-CHI ZENG, HAN WAN, JIAN-HUAN YANG, YU-LONG LI, HONG PANG & YING-YONG WANG (2019). A new species of Amolops (Anura: Ranidae) from China, with taxonomic comments on A. liangshanensis and Chinese populations of A. marmoratus Zootaxa, 4609(2), 247–268 https://doi.org/10.11646/zootaxa.4609.2.3"
912,明全蛙,Rana zhengi,,终审:A3 排除-无省份且无坐标,新种描述文献中的伴随物种记录，非明确新纪录事件,"Han Wan and Zhi-Tong Lyu and Shuo Qi and Jian Zhao and Pi-Peng Li and Ying-Yong Wang (2020). A new species of the Rana japonica group (Anura, Ranidae, Rana) from China, with a taxonomic proposal for the R. johnsi group ZooKeys, 942, 141–158 https://doi.org/10.3897/zookeys.942.46928"
913,九岭山林蛙,Rana jiulingensis,江西,新种表,新种描述，转入 CHNR_new_species,"Han Wan and Zhi-Tong Lyu and Shuo Qi and Jian Zhao and Pi-Peng Li and Ying-Yong Wang (2020). A new species of the Rana japonica group (Anura, Ranidae, Rana) from China, with a taxonomic proposal for the R. johnsi group ZooKeys, 942, 141–158 https://doi.org/10.3897/zookeys.942.46928"
914,桑植林蛙,Rana sangzhiensis,,终审:A3 排除-无省份且无坐标,新种描述文献中的伴随物种记录，非明确新纪录事件,"Han Wan and Zhi-Tong Lyu and Shuo Qi and Jian Zhao and Pi-Peng Li and Ying-Yong Wang (2020). A new species of the Rana japonica group (Anura, Ranidae, Rana) from China, with a taxonomic proposal for the R. johnsi group ZooKeys, 942, 141–158 https://doi.org/10.3897/zookeys.942.46928"
915,明全蛙,Rana zhengi,,终审:A3 排除-无省份且无坐标,新种描述文献中的伴随物种记录，非明确新纪录事件,"Han Wan and Zhi-Tong Lyu and Shuo Qi and Jian Zhao and Pi-Peng Li and Ying-Yong Wang (2020). A new species of the Rana japonica group (Anura, Ranidae, Rana) from China, with a taxonomic proposal for the R. johnsi group ZooKeys, 942, 141–158 https://doi.org/10.3897/zookeys.942.46928"
916,桑植林蛙,Rana sangzhiensis,,终审:A3 排除-无省份且无坐标,新种描述文献中的伴随物种记录，非明确新纪录事件,"Han Wan and Zhi-Tong Lyu and Shuo Qi and Jian Zhao and Pi-Peng Li and Ying-Yong Wang (2020). A new species of the Rana japonica group (Anura, Ranidae, Rana) from China, with a taxonomic proposal for the R. johnsi group ZooKeys, 942, 141–158 https://doi.org/10.3897/zookeys.942.46928"
917,明全蛙,Rana zhengi,,终审:A3 排除-无省份且无坐标,新种描述文献中的伴随物种记录，非明确新纪录事件,"Han Wan and Zhi-Tong Lyu and Shuo Qi and Jian Zhao and Pi-Peng Li and Ying-Yong Wang (2020). A new species of the Rana japonica group (Anura, Ranidae, Rana) from China, with a taxonomic proposal for the R. johnsi group ZooKeys, 942, 141–158 https://doi.org/10.3897/zookeys.942.46928"
918,越南林蛙,Rana johnsi,,新种表,新种描述，转入 CHNR_new_species,"Han Wan and Zhi-Tong Lyu and Shuo Qi and Jian Zhao and Pi-Peng Li and Ying-Yong Wang (2020). A new species of the Rana japonica group (Anura, Ranidae, Rana) from China, with a taxonomic proposal for the R. johnsi group ZooKeys, 942, 141–158 https://doi.org/10.3897/zookeys.942.46928"
919,决氏树蛙,Philautus quyeti,广平,排除,国外新种描述（省份为外国地名）,"NGUYEN QUANG TRUONG, RALF HENDRIX, WOLFGANG BÖHME, VU NGOC THANH & THOMAS ZIEGLER (2008). A new species of the genus Philautus (Amphibia: Anura: Rhacophoridae) from the Truong Son Range, Quang Binh Province, central Vietnam Zootaxa, 1925, 1-13"
920,,Fejervarya asmati,吉大港,排除,国外新种描述（省份为外国地名）,"MOHAMMAD SAJID ALI HOWLADER (2011). A new species of Fejervarya (Anura: Dicroglossidae) from Bangladesh Zootaxa, 2761, 41–50"
921,猫儿山掌突蟾,Leptolalax maoershanensis,广西,新种表,新种描述，转入 CHNR_new_species,"ZHIYONG YUAN and RUIDA SUN and JINMIN CHEN and JODI J. L. ROWLEY and ZHENGJUN WU and SHAOBING HOU and SHAONENG WANG & JING CHE (2017). A new species of the genus Leptolalax (Anura: Megophryidae) from Guangxi, China Zootaxa, 4300(4), 551–570 https://doi.org/10.11646/zootaxa.4300.4.5"
922,田野林蛙,Rana arvalis,下萨克森,终审:C 排除-记录地为国外省区,新种描述文献中的伴随物种记录，非明确新纪录事件,"Han Wan and Zhi-Tong Lyu and Shuo Qi and Jian Zhao and Pi-Peng Li and Ying-Yong Wang (2020). A new species of the Rana japonica group (Anura, Ranidae, Rana) from China, with a taxonomic proposal for the R. johnsi group ZooKeys, 942, 141–158 https://doi.org/10.3897/zookeys.942.46928"
923,布氏齿蟾,Scutiger boulengeri,西藏,终审:A4 排除(建议)-伴随物种记录,新种描述文献中的伴随物种记录，非明确新纪录事件,"Jian-Huan Yang and Xiang-Yuan Huang (2017). A New Species of Scutiger (Anura: Megophryidae) from the Gaoligongshan Mountain Range, China https://doi.org/10.1643/CH-17-661"
924,陈氏齿蟾,Scutiger chintingensis,,终审:A3 排除-无省份且无坐标,新种描述文献中的伴随物种记录，非明确新纪录事件,"Jian-Huan Yang and Xiang-Yuan Huang (2017). A New Species of Scutiger (Anura: Megophryidae) from the Gaoligongshan Mountain Range, China https://doi.org/10.1643/CH-17-661"
925,锡金齿蟾,Scutiger sikimmensis,,终审:A3 排除-无省份且无坐标,新种描述文献中的伴随物种记录，非明确新纪录事件,"Jian-Huan Yang and Xiang-Yuan Huang (2017). A New Species of Scutiger (Anura: Megophryidae) from the Gaoligongshan Mountain Range, China https://doi.org/10.1643/CH-17-661"
926,中亚林蛙,Rana asiatica,新疆,终审:A4 排除(建议)-伴随物种记录,新种描述文献中的伴随物种记录，非明确新纪录事件,"Han Wan and Zhi-Tong Lyu and Shuo Qi and Jian Zhao and Pi-Peng Li and Ying-Yong Wang (2020). A new species of the Rana japonica group (Anura, Ranidae, Rana) from China, with a taxonomic proposal for the R. johnsi group ZooKeys, 942, 141–158 https://doi.org/10.3897/zookeys.942.46928"
927,吴氏齿蟾,Scutiger wuguanfui,西藏,终审:A4 排除(建议)-伴随物种记录,新种描述文献中的伴随物种记录，非明确新纪录事件,"Jian-Huan Yang and Xiang-Yuan Huang (2017). A New Species of Scutiger (Anura: Megophryidae) from the Gaoligongshan Mountain Range, China https://doi.org/10.1643/CH-17-661"
928,西方齿蟾,Scutiger occidentalis,,终审:A3 排除-无省份且无坐标,新种描述文献中的伴随物种记录，非明确新纪录事件,"Jian-Huan Yang and Xiang-Yuan Huang (2017). A New Species of Scutiger (Anura: Megophryidae) from the Gaoligongshan Mountain Range, China https://doi.org/10.1643/CH-17-661"
929,大掌突蟾,Oreolalax major,四川,终审:A4 排除(建议)-伴随物种记录,新种描述文献中的伴随物种记录，非明确新纪录事件,"Jian-Huan Yang and Xiang-Yuan Huang (2017). A New Species of Scutiger (Anura: Megophryidae) from the Gaoligongshan Mountain Range, China https://doi.org/10.1643/CH-17-661"
930,秉志泛树蛙,Leptobrachium boringii,四川,终审:A4 排除(建议)-伴随物种记录,新种描述文献中的伴随物种记录，非明确新纪录事件,"Jian-Huan Yang and Xiang-Yuan Huang (2017). A New Species of Scutiger (Anura: Megophryidae) from the Gaoligongshan Mountain Range, China https://doi.org/10.1643/CH-17-661"
931,厚肛张树蛙,Zhangixalus pachyproctus,云南,新种表,新种描述，转入 CHNR_new_species,"GUOHUA YU and HONG HUI and MIAN HOU and ZHENGJUN WU and DINGQI RAO & JUNXING YANG (2019). A new species of Zhangixalus (Anura: Rhacophoridae), previously confused with Zhangixalus smaragdinus (Blyth, 1852) Zootaxa, 4711(2), 275–292 https://doi.org/10.11646/zootaxa.4711.2.3"
932,翠绿张树蛙,Zhangixalus smaragdinus,那加兰邦,排除,国外新种描述（省份为外国地名）,"GUOHUA YU and HONG HUI and MIAN HOU and ZHENGJUN WU and DINGQI RAO & JUNXING YANG (2019). A new species of Zhangixalus (Anura: Rhacophoridae), previously confused with Zhangixalus smaragdinus (Blyth, 1852) Zootaxa, 4711(2), 275–292 https://doi.org/10.11646/zootaxa.4711.2.3"
933,高原林蛙,Rana kukunoris,,终审:A3 排除-无省份且无坐标,新种描述文献中的伴随物种记录，非明确新纪录事件,"Han Wan and Zhi-Tong Lyu and Shuo Qi and Jian Zhao and Pi-Peng Li and Ying-Yong Wang (2020). A new species of the Rana japonica group (Anura, Ranidae, Rana) from China, with a taxonomic proposal for the R. johnsi group ZooKeys, 942, 141–158 https://doi.org/10.3897/zookeys.942.46928"
934,镇海林蛙,Rana zhenhaiensis,江西,终审:A4 排除(建议)-伴随物种记录,新种描述文献中的伴随物种记录，非明确新纪录事件,"Han Wan and Zhi-Tong Lyu and Shuo Qi and Jian Zhao and Pi-Peng Li and Ying-Yong Wang (2020). A new species of the Rana japonica group (Anura, Ranidae, Rana) from China, with a taxonomic proposal for the R. johnsi group ZooKeys, 942, 141–158 https://doi.org/10.3897/zookeys.942.46928"
935,龙门山齿蟾,Oreolalax longmenmontis,四川,新种表,新种描述，转入 CHNR_new_species,"Yinmeng Hou and Shengchao Shi and Daming Hu and Yue Deng and Jianping Jiang and Feng Xie and Bin Wang (2020). A new species of the toothed toad Oreolalax (Anura, Megophryidae) from Sichuan Province, China ZooKeys, 929, 93–115 https://doi.org/10.3897/zookeys.929.49748"
936,龙门山齿蟾,Oreolalax longmenmontis,四川,新种表,新种描述，转入 CHNR_new_species,"Yinmeng Hou and Shengchao Shi and Daming Hu and Yue Deng and Jianping Jiang and Feng Xie and Bin Wang (2020). A new species of the toothed toad Oreolalax (Anura, Megophryidae) from Sichuan Province, China ZooKeys, 929, 93–115 https://doi.org/10.3897/zookeys.929.49748"
937,黑疣螈,Tylototriton asperrimus,广西、和平,终审:A4 排除(建议)-伴随物种记录,新种描述文献中的伴随物种记录，非明确新纪录事件,"Kanto Nishikawa, Masafumi Matsui, and Tao Thien Nguyen (2013). A New Species of Tylototriton from Northern Vietnam (Amphibia: Urodela: Salamandridae) Current Herpetology, 32(1), 34-49 https://doi.org/10.5358/hsj.32.34"
938,宽脊疣螈,Tylototriton broadoridgus,湖南,终审:A4 排除(建议)-伴随物种记录,新种描述文献中的伴随物种记录，非明确新纪录事件,"Kanto Nishikawa, Masafumi Matsui, and Tao Thien Nguyen (2013). A New Species of Tylototriton from Northern Vietnam (Amphibia: Urodela: Salamandridae) Current Herpetology, 32(1), 34-49 https://doi.org/10.5358/hsj.32.34"
939,海南疣螈,Tylototriton hainanensis,,终审:A3 排除-无省份且无坐标,新种描述文献中的伴随物种记录，非明确新纪录事件,"Kanto Nishikawa, Masafumi Matsui, and Tao Thien Nguyen (2013). A New Species of Tylototriton from Northern Vietnam (Amphibia: Urodela: Salamandridae) Current Herpetology, 32(1), 34-49 https://doi.org/10.5358/hsj.32.34"
940,丽真长疣螈,Tylototriton lizhengchangi,,终审:A3 排除-无省份且无坐标,新种描述文献中的伴随物种记录，非明确新纪录事件,"Kanto Nishikawa, Masafumi Matsui, and Tao Thien Nguyen (2013). A New Species of Tylototriton from Northern Vietnam (Amphibia: Urodela: Salamandridae) Current Herpetology, 32(1), 34-49 https://doi.org/10.5358/hsj.32.34"
941,南方疣螈,Tylototriton notialis,,终审:A3 排除-无省份且无坐标,新种描述文献中的伴随物种记录，非明确新纪录事件,"Kanto Nishikawa, Masafumi Matsui, and Tao Thien Nguyen (2013). A New Species of Tylototriton from Northern Vietnam (Amphibia: Urodela: Salamandridae) Current Herpetology, 32(1), 34-49 https://doi.org/10.5358/hsj.32.34"
942,越南瘰螈,Tylototriton vietnamensis,,终审:A3 排除-无省份且无坐标,新种描述文献中的伴随物种记录，非明确新纪录事件,"KANTO NISHIKAWA and MASAFUMI MATSUI and TAO THIEN NGUYEN (2013). A New Species of Tylototriton from Northern Vietnam (Amphibia: Urodela: Salamandridae) Current Herpetology, 32(1), 34–49 https://doi.org/10.5358/hsj.32.34"
943,文县疣螈,Tylototriton wenxianensis,,终审:A3 排除-无省份且无坐标,新种描述文献中的伴随物种记录，非明确新纪录事件,"Kanto Nishikawa, Masafumi Matsui, and Tao Thien Nguyen (2013). A New Species of Tylototriton from Northern Vietnam (Amphibia: Urodela: Salamandridae) Current Herpetology, 32(1), 34-49 https://doi.org/10.5358/hsj.32.34"
944,海南瘰螈,Tylototriton hainanensis,,终审:A3 排除-无省份且无坐标,新种描述文献中的伴随物种记录，非明确新纪录事件,"KANTO NISHIKAWA and MASAFUMI MATSUI and TAO THIEN NGUYEN (2013). A New Species of Tylototriton from Northern Vietnam (Amphibia: Urodela: Salamandridae) Current Herpetology, 32(1), 34–49 https://doi.org/10.5358/hsj.32.34"
945,宽脊瘰螈,Tylototriton broadoridgus,湖南,终审:A4 排除(建议)-伴随物种记录,新种描述文献中的伴随物种记录，非明确新纪录事件,"KANTO NISHIKAWA and MASAFUMI MATSUI and TAO THIEN NGUYEN (2013). A New Species of Tylototriton from Northern Vietnam (Amphibia: Urodela: Salamandridae) Current Herpetology, 32(1), 34–49 https://doi.org/10.5358/hsj.32.34"
946,越南疣螈,Tylototriton ziegleri,河江、高平,排除,国外新种描述（省份为外国地名）,"Kanto Nishikawa, Masafumi Matsui, and Tao Thien Nguyen (2013). A New Species of Tylototriton from Northern Vietnam (Amphibia: Urodela: Salamandridae) Current Herpetology, 32(1), 34-49 https://doi.org/10.5358/hsj.32.34"
947,越南疣螈,Tylototriton vietnamensis,,终审:A3 排除-无省份且无坐标,新种描述文献中的伴随物种记录，非明确新纪录事件,"Kanto Nishikawa, Masafumi Matsui, and Tao Thien Nguyen (2013). A New Species of Tylototriton from Northern Vietnam (Amphibia: Urodela: Salamandridae) Current Herpetology, 32(1), 34-49 https://doi.org/10.5358/hsj.32.34"
948,庞达角蟾,Xenophrys pangdaensis,西藏,新种表,新种描述，转入 CHNR_new_species,"Guocheng Shu and Ke Li and Yayong Wu and Qin Liu and Zhongping He and Ling Li and He Zhang and Peng Guo (2023). A new species of Xenophrys (Amphibia, Anura, Megophryidae) from southern Tibet, China Life Science https://doi.org/10.3897/zookeys.1182.106828"
949,庞达角蟾,Xenophrys pangdaensis,西藏,新种表,新种描述，转入 CHNR_new_species,"Guocheng Shu and Ke Li and Yayong Wu and Qin Liu and Zhongping He and Ling Li and He Zhang and Peng Guo (2023). A new species of Xenophrys (Amphibia, Anura, Megophryidae) from southern Tibet, China Life Science https://doi.org/10.3897/zookeys.1182.106828"
950,庞达角蟾,Xenophrys pangdaensis,西藏,新种表,新种描述，转入 CHNR_new_species,"Guocheng Shu and Ke Li and Yayong Wu and Qin Liu and Zhongping He and Ling Li and He Zhang and Peng Guo (2023). A new species of Xenophrys (Amphibia, Anura, Megophryidae) from southern Tibet, China Life Science https://doi.org/10.3897/zookeys.1182.106828"
951,勐腊钝头蛇,Pareas menglaensis,云南,新种表,新种描述，转入 CHNR_new_species,"Ping Wang and Jing Che and Qin Liu and Ke Li and Jie Qiong Jin and Ke Jiang and Lei Shi and Peng Guo (2020). A revised taxonomy of Asian snail-eating snakes Pareas (Squamata, Pareidae): evidence from morphological comparison and molecular phylogeny ZooKeys, 939, 45–64 https://doi.org/10.3897/zookeys.939.49309"
952,蒙自钝头蛇,Pareas mengziensis,云南,新种表,新种描述，转入 CHNR_new_species,"Ping Wang and Jing Che and Qin Liu and Ke Li and Jie Qiong Jin and Ke Jiang and Lei Shi and Peng Guo (2020). A revised taxonomy of Asian snail-eating snakes Pareas (Squamata, Pareidae): evidence from morphological comparison and molecular phylogeny ZooKeys, 939, 45–64 https://doi.org/10.3897/zookeys.939.49309"
953,横斑钝头蛇,Pareas macularius,,终审:B7 坐标在境内可反推省份,记录类型无法判定（原表未标注且引用无线索）,"Ping Wang and Jing Che and Qin Liu and Ke Li and Jie Qiong Jin and Ke Jiang and Lei Shi and Peng Guo (2020). A revised taxonomy of Asian snail-eating snakes Pareas (Squamata, Pareidae): evidence from morphological comparison and molecular phylogeny ZooKeys, 939, 45–64 https://doi.org/10.3897/zookeys.939.49309"
954,勐腊钝头蛇,Pareas menglaensis,云南,新种表,新种描述，转入 CHNR_new_species,"Ping Wang and Jing Che and Qin Liu and Ke Li and Jie Qiong Jin and Ke Jiang and Lei Shi and Peng Guo (2020). A revised taxonomy of Asian snail-eating snakes Pareas (Squamata, Pareidae): evidence from morphological comparison and molecular phylogeny ZooKeys, 939, 45–64 https://doi.org/10.3897/zookeys.939.49309"
955,蒙自钝头蛇,Pareas mengziensis,云南,新种表,新种描述，转入 CHNR_new_species,"Ping Wang and Jing Che and Qin Liu and Ke Li and Jie Qiong Jin and Ke Jiang and Lei Shi and Peng Guo (2020). A revised taxonomy of Asian snail-eating snakes Pareas (Squamata, Pareidae): evidence from morphological comparison and molecular phylogeny ZooKeys, 939, 45–64 https://doi.org/10.3897/zookeys.939.49309"
956,勐腊钝头蛇,Pareas menglaensis,云南,新种表,新种描述，转入 CHNR_new_species,"Ping Wang and Jing Che and Qin Liu and Ke Li and Jie Qiong Jin and Ke Jiang and Lei Shi and Peng Guo (2020). A revised taxonomy of Asian snail-eating snakes Pareas (Squamata, Pareidae): evidence from morphological comparison and molecular phylogeny ZooKeys, 939, 45–64 https://doi.org/10.3897/zookeys.939.49309"
957,蒙自钝头蛇,Pareas mengziensis,云南,新种表,新种描述，转入 CHNR_new_species,"Ping Wang and Jing Che and Qin Liu and Ke Li and Jie Qiong Jin and Ke Jiang and Lei Shi and Peng Guo (2020). A revised taxonomy of Asian snail-eating snakes Pareas (Squamata, Pareidae): evidence from morphological comparison and molecular phylogeny ZooKeys, 939, 45–64 https://doi.org/10.3897/zookeys.939.49309"
958,横斑钝头蛇,Pareas macularius,,终审:B7 坐标在境内可反推省份,记录类型无法判定（原表未标注且引用无线索）,"Ping Wang and Jing Che and Qin Liu and Ke Li and Jie Qiong Jin and Ke Jiang and Lei Shi and Peng Guo (2020). A revised taxonomy of Asian snail-eating snakes Pareas (Squamata, Pareidae): evidence from morphological comparison and molecular phylogeny ZooKeys, 939, 45–64 https://doi.org/10.3897/zookeys.939.49309"
959,勐腊钝头蛇,Pareas menglaensis,云南,新种表,新种描述，转入 CHNR_new_species,"Ping Wang and Jing Che and Qin Liu and Ke Li and Jie Qiong Jin and Ke Jiang and Lei Shi and Peng Guo (2020). A revised taxonomy of Asian snail-eating snakes Pareas (Squamata, Pareidae): evidence from morphological comparison and molecular phylogeny ZooKeys, 939, 45–64 https://doi.org/10.3897/zookeys.939.49309"
960,格氏弓背守宫,Goniurosaurus gezhi,广西,新种表,新种描述，转入 CHNR_new_species,"XIAO-YU ZHU and GUANG-YU CHEN and CRISTIAN ROMÁN-PALACIOS and ZHENG LI and ZHU-QING HE (2020). Goniurosaurus gezhi sp. nov., a new gecko species from Guangxi, China (Squamata: Eublepharidae) Zootaxa, 4852(2), 211–222 https://doi.org/10.11646/zootaxa.4852.2.6"
961,八万岭弓背守宫,Goniurosaurus bawanglingensis,海南,终审:A4 排除(建议)-伴随物种记录,新种描述文献中的伴随物种记录，非明确新纪录事件,"XIAO-YU ZHU and GUANG-YU CHEN and CRISTIAN ROMÁN-PALACIOS and ZHENG LI and ZHU-QING HE (2020). Goniurosaurus gezhi sp. nov., a new gecko species from Guangxi, China (Squamata: Eublepharidae) Zootaxa, 4852(2), 211–222 https://doi.org/10.11646/zootaxa.4852.2.6"
962,蜘蛛弓背守宫,Goniurosaurus araneus,,终审:A3 排除-无省份且无坐标,新种描述文献中的伴随物种记录，非明确新纪录事件,"XIAO-YU ZHU and GUANG-YU CHEN and CRISTIAN ROMÁN-PALACIOS and ZHENG LI and ZHU-QING HE (2020). Goniurosaurus gezhi sp. nov., a new gecko species from Guangxi, China (Squamata: Eublepharidae) Zootaxa, 4852(2), 211–222 https://doi.org/10.11646/zootaxa.4852.2.6"
963,卡巴岛弓背守宫,Goniurosaurus catbaensis,,终审:A3 排除-无省份且无坐标,新种描述文献中的伴随物种记录，非明确新纪录事件,"XIAO-YU ZHU and GUANG-YU CHEN and CRISTIAN ROMÁN-PALACIOS and ZHENG LI and ZHU-QING HE (2020). Goniurosaurus gezhi sp. nov., a new gecko species from Guangxi, China (Squamata: Eublepharidae) Zootaxa, 4852(2), 211–222 https://doi.org/10.11646/zootaxa.4852.2.6"
964,广西弓背守宫,Goniurosaurus kwangsiensis,,终审:A3 排除-无省份且无坐标,新种描述文献中的伴随物种记录，非明确新纪录事件,"XIAO-YU ZHU and GUANG-YU CHEN and CRISTIAN ROMÁN-PALACIOS and ZHENG LI and ZHU-QING HE (2020). Goniurosaurus gezhi sp. nov., a new gecko species from Guangxi, China (Squamata: Eublepharidae) Zootaxa, 4852(2), 211–222 https://doi.org/10.11646/zootaxa.4852.2.6"
965,荔波弓背守宫,Goniurosaurus liboensis,,终审:A3 排除-无省份且无坐标,新种描述文献中的伴随物种记录，非明确新纪录事件,"XIAO-YU ZHU and GUANG-YU CHEN and CRISTIAN ROMÁN-PALACIOS and ZHENG LI and ZHU-QING HE (2020). Goniurosaurus gezhi sp. nov., a new gecko species from Guangxi, China (Squamata: Eublepharidae) Zootaxa, 4852(2), 211–222 https://doi.org/10.11646/zootaxa.4852.2.6"
966,莫氏锦蛇,Elaphe moellendorffi,广西,终审:A4 排除(建议)-伴随物种记录,新种描述文献中的伴随物种记录，非明确新纪录事件,"XIAO-YU ZHU and GUANG-YU CHEN and CRISTIAN ROMÁN-PALACIOS and ZHENG LI and ZHU-QING HE (2020). Goniurosaurus gezhi sp. nov., a new gecko species from Guangxi, China (Squamata: Eublepharidae) Zootaxa, 4852(2), 211–222 https://doi.org/10.11646/zootaxa.4852.2.6"
967,大壁虎,Gekko gecko,广西,新种表,新种描述，转入 CHNR_new_species,"XIAO-YU ZHU and GUANG-YU CHEN and CRISTIAN ROMÁN-PALACIOS and ZHENG LI and ZHU-QING HE (2020). Goniurosaurus gezhi sp. nov., a new gecko species from Guangxi, China (Squamata: Eublepharidae) Zootaxa, 4852(2), 211–222 https://doi.org/10.11646/zootaxa.4852.2.6"
968,蒙自钝头蛇,Pareas mengziensis,云南,新种表,新种描述，转入 CHNR_new_species,"Ping Wang and Jing Che and Qin Liu and Ke Li and Jie Qiong Jin and Ke Jiang and Lei Shi and Peng Guo (2020). A revised taxonomy of Asian snail-eating snakes Pareas (Squamata, Pareidae): evidence from morphological comparison and molecular phylogeny ZooKeys, 939, 45–64 https://doi.org/10.3897/zookeys.939.49309"
969,程政睑虎,Goniurosaurus chengzheng,广西,新种表,新种描述，转入 CHNR_new_species,"XIAO-YU ZHU and YI-JIAO LIU and YUN BAI and CRISTIAN ROMÁN-PALACIOS and ZHENG LI and ZHU-QING HE (2021). Goniurosaurus chengzheng sp. nov., a new species of Leopard Gecko from Guangxi, China (Squamata: Eublepharidae) Zootaxa, 4996(3), 555–568 https://doi.org/10.11646/zootaxa.4996.3.8"
970,张亚平爪鲵,Onychodactylus zhangyapingi,,新种表,新种描述，转入 CHNR_new_species,IUCN SSC Amphibian Specialist Group (2020). Onychodactylus zhangyapingi The IUCN Red List of Threatened Species https://doi.org/10.2305/IUCN.UK.2020-3.RLTS.T79100197A122172407.en
971,普通鹞鲼,Myliobatis aquila,,排除,名录归软骨鱼纲，非两栖爬行动物,"Jabado, R.W. et al. (2021). Myliobatis aquila, Common Eagle Ray The IUCN Red List of Threatened Species https://doi.org/10.2305/IUCN.UK.2021-1.RLTS.T161569A124508353.en"
972,毛里塔尼亚假鲨鳐,Rhynchorhina mauritaniensis,,排除,"非两爬/问题条目：非两爬/问题条目:软骨鱼(鳐),非两栖爬行动物","Jabado, R.W. et al. (2021). Myliobatis aquila, Common Eagle Ray The IUCN Red List of Threatened Species https://doi.org/10.2305/IUCN.UK.2021-1.RLTS.T161569A124508353.en"
973,吕贝蒂非洲锯鳐,Rhynchobatus luebberti,,排除,名录归软骨鱼纲，非两栖爬行动物,"Jabado, R.W. et al. (2021). Myliobatis aquila, Common Eagle Ray The IUCN Red List of Threatened Species https://doi.org/10.2305/IUCN.UK.2021-1.RLTS.T161569A124508353.en"
974,,Dipsas albifrons,米纳斯吉拉斯州,排除,国外记录（省份字段为外国地名：米纳斯吉拉斯州）,"Juan G. Abarca, Diego A. Gómez Hoyos, Rocío Seisdedos-de-Vergara, and Alejandro Quesada Murillo (2019). Defensive Behavior in Stejneger’s Snail Sucker, Sibon longifrenis (Serpentes: Dipsadidae) IRCF REPTILES & AMPHIBIANS, 26(2), 100-101"
975,,Sibon,,排除,国外新种描述（坐标在中国境外）,"Juan G. Abarca, Diego A. Gómez Hoyos, Rocío Seisdedos-de-Vergara, and Alejandro Quesada Murillo (2019). Defensive Behavior in Stejneger’s Snail Sucker, Sibon longifrenis (Serpentes: Dipsadidae) IRCF REPTILES & AMPHIBIANS, 26(2), 100-101"
976,棋斑束带蛇,Thamnophis marcianus,,排除,国外记录（坐标在中国境外）,"Juan G. Abarca and Alejandro Solórzano (2020). Range Extension of the Checkered Gartersnake, Thamnophis marcianus (Baird and Girard 1853), in Costa Rica REPTILES & AMPHIBIANS, 27(3), 411-412"
977,,Liolaemus parthenos,门多萨,排除,国外新种描述（省份为外国地名）,"Cristián S. Abdala, Diego Baldo, Ricardo A. Juárez, and Robert E. Espinoza (2016). The First Parthenogenetic Pleurodont Iguanian: A New All-female Liolaemus (Squamata: Liolaemidae) from Western Argentina Copeia, 104(2), 487-497 https://doi.org/10.1643/CH-15-381"
978,,Hebius venningi,,终审:A3 排除-无省份且无坐标,新种描述文献中的伴随物种记录，非明确新纪录事件,"Patrick David, Gernot Vogel, Truong Quang Nguyen, Nikolai L. Orlov, Olivier S. G. Pauwels, Alexandre Teynié & Thomas Ziegler (2021). A revision of the dark-bellied, stream-dwelling snakes of the genus Hebius (Reptilia: Squamata: Natricidae) with the description of a new species from China, Vietnam and Thailand Zootaxa, 4911(1), 001–061 https://doi.org/10.11646/zootaxa.4911.1.1"
979,,Hebius annamensis,,终审:A3 排除-无省份且无坐标,新种描述文献中的伴随物种记录，非明确新纪录事件,"Patrick David, Gernot Vogel, Truong Quang Nguyen, Nikolai L. Orlov, Olivier S. G. Pauwels, Alexandre Teynié & Thomas Ziegler (2021). A revision of the dark-bellied, stream-dwelling snakes of the genus Hebius (Reptilia: Squamata: Natricidae) with the description of a new species from China, Vietnam and Thailand Zootaxa, 4911(1), 001–061 https://doi.org/10.11646/zootaxa.4911.1.1"
980,沙坝腹链蛇,Hebius chapaensis,,终审:A3 排除-无省份且无坐标,新种描述文献中的伴随物种记录，非明确新纪录事件,"Patrick David, Gernot Vogel, Truong Quang Nguyen, Nikolai L. Orlov, Olivier S. G. Pauwels, Alexandre Teynié & Thomas Ziegler (2021). A revision of the dark-bellied, stream-dwelling snakes of the genus Hebius (Reptilia: Squamata: Natricidae) with the description of a new species from China, Vietnam and Thailand Zootaxa, 4911(1), 001–061 https://doi.org/10.11646/zootaxa.4911.1.1"
981,黑腹腹链蛇,Hebius nigriventer,,终审:A3 排除-无省份且无坐标,新种描述文献中的伴随物种记录，非明确新纪录事件,"Patrick David, Gernot Vogel, Truong Quang Nguyen, Nikolai L. Orlov, Olivier S. G. Pauwels, Alexandre Teynié & Thomas Ziegler (2021). A revision of the dark-bellied, stream-dwelling snakes of the genus Hebius (Reptilia: Squamata: Natricidae) with the description of a new species from China, Vietnam and Thailand Zootaxa, 4911(1), 001–061 https://doi.org/10.11646/zootaxa.4911.1.1"
982,,Hebius taronensis,,终审:A3 排除-无省份且无坐标,新种描述文献中的伴随物种记录，非明确新纪录事件,"Patrick David, Gernot Vogel, Truong Quang Nguyen, Nikolai L. Orlov, Olivier S. G. Pauwels, Alexandre Teynié & Thomas Ziegler (2021). A revision of the dark-bellied, stream-dwelling snakes of the genus Hebius (Reptilia: Squamata: Natricidae) with the description of a new species from China, Vietnam and Thailand Zootaxa, 4911(1), 001–061 https://doi.org/10.11646/zootaxa.4911.1.1"
983,腹斑腹链蛇,Hebius modestus,,终审:A3 排除-无省份且无坐标,新种描述文献中的伴随物种记录，非明确新纪录事件,"Patrick David, Gernot Vogel, Truong Quang Nguyen, Nikolai L. Orlov, Olivier S. G. Pauwels, Alexandre Teynié & Thomas Ziegler (2021). A revision of the dark-bellied, stream-dwelling snakes of the genus Hebius (Reptilia: Squamata: Natricidae) with the description of a new species from China, Vietnam and Thailand Zootaxa, 4911(1), 001–061 https://doi.org/10.11646/zootaxa.4911.1.1"
984,,Hebius deschauenseei,,终审:A3 排除-无省份且无坐标,新种描述文献中的伴随物种记录，非明确新纪录事件,"Patrick David, Gernot Vogel, Truong Quang Nguyen, Nikolai L. Orlov, Olivier S. G. Pauwels, Alexandre Teynié & Thomas Ziegler (2021). A revision of the dark-bellied, stream-dwelling snakes of the genus Hebius (Reptilia: Squamata: Natricidae) with the description of a new species from China, Vietnam and Thailand Zootaxa, 4911(1), 001–061 https://doi.org/10.11646/zootaxa.4911.1.1"
985,,Hebius sp. nov.,,排除,国外新种描述（坐标在中国境外）,"Patrick David, Gernot Vogel, Truong Quang Nguyen, Nikolai L. Orlov, Olivier S. G. Pauwels, Alexandre Teynié & Thomas Ziegler (2021). A revision of the dark-bellied, stream-dwelling snakes of the genus Hebius (Reptilia: Squamata: Natricidae) with the description of a new species from China, Vietnam and Thailand Zootaxa, 4911(1), 001–061 https://doi.org/10.11646/zootaxa.4911.1.1"
986,秦皇锦蛇,Elaphe xiphodonta,陕西,新种表,新种描述，转入 CHNR_new_species,"Shuo Qi and Jing-Song Shi and Yan-Bo Ma and Yi-Fei Gao and Shu-Hai Bu and L. Lee Grismer and Pi-Peng Li and Ying-Yong Wang (2021). A sheep in wolf's clothing: Elaphe xiphodonta sp. nov. (Squamata, Colubridae) and its possible mimicry to Protobothrops jerdonii ZooKeys, 1048, 23–47 https://doi.org/10.3897/zookeys.1048.65650"
987,若尔盖锦蛇,Elaphe zoigeensis,,终审:A3 排除-无省份且无坐标,新种描述文献中的伴随物种记录，非明确新纪录事件,"Shuo Qi and Jing-Song Shi and Yan-Bo Ma and Yi-Fei Gao and Shu-Hai Bu and L. Lee Grismer and Pi-Peng Li and Ying-Yong Wang (2021). A sheep in wolf's clothing: Elaphe xiphodonta sp. nov. (Squamata, Colubridae) and its possible mimicry to Protobothrops jerdonii ZooKeys, 1048, 23–47 https://doi.org/10.3897/zookeys.1048.65650"
988,,Hynobius sp. nov.,福建,新种表,新种描述，转入 CHNR_new_species,"Zhenqi Wang and Siti N. Othman and Zhixin Qiu and Yiqiu Lu and Vishal Kumar Prasad and Yuran Dong and Chang‐Hu Lu and Amaël Borzée (2023). An Isolated and Deeply Divergent Hynobius Species from Fujian, China Animals, 13, 1661 https://doi.org/10.3390/ani13101661"
989,,Hynobius sp. nov.,福建,新种表,新种描述，转入 CHNR_new_species,"Zhenqi Wang and Siti N. Othman and Zhixin Qiu and Yiqiu Lu and Vishal Kumar Prasad and Yuran Dong and Chang‐Hu Lu and Amaël Borzée (2023). An Isolated and Deeply Divergent Hynobius Species from Fujian, China Animals, 13, 1661 https://doi.org/10.3390/ani13101661"
990,尖鳞原矛头蝮,Protobothrops mucrosquamatus,江苏,事件表,省级新纪录事件（1省）,"Dallin B. Kohler and Xiaoli Zhang and Kevin R. Messenger and Kenneth Chin Yu An and Deyatima Ghosh and Siti N. Othman and Zhenqi Wang and Hina Amin and Vishal Kumar Prasad and Zhichao Wu and Amaël Borzée (2024). At home in Jiangsu: Environmental niche modeling and new records for five species of amphibian and reptile in Jiangsu, China Life Science https://doi.org/10.3897/herpetozoa.37.e117370"
991,大树蛙,Zhangixalus dennysi,江苏,事件表,省级新纪录事件（1省）,"Dallin B. Kohler and Xiaoli Zhang and Kevin R. Messenger and Kenneth Chin Yu An and Deyatima Ghosh and Siti N. Othman and Zhenqi Wang and Hina Amin and Vishal Kumar Prasad and Zhichao Wu and Amaël Borzée (2024). At home in Jiangsu: Environmental niche modeling and new records for five species of amphibian and reptile in Jiangsu, China Life Science https://doi.org/10.3897/herpetozoa.37.e117370"
992,天目臭蛙,Odorrana tianmuii,江苏,事件表,省级新纪录事件（1省）,"Dallin B. Kohler and Xiaoli Zhang and Kevin R. Messenger and Kenneth Chin Yu An and Deyatima Ghosh and Siti N. Othman and Zhenqi Wang and Hina Amin and Vishal Kumar Prasad and Zhichao Wu and Amaël Borzée (2024). At home in Jiangsu: Environmental niche modeling and new records for five species of amphibian and reptile in Jiangsu, China Life Science https://doi.org/10.3897/herpetozoa.37.e117370"
993,花臭蛙,Odorrana schmackeri,,排除,省级信息缺失且无法由坐标推定,"Dallin B. Kohler and Xiaoli Zhang and Kevin R. Messenger and Kenneth Chin Yu An and Deyatima Ghosh and Siti N. Othman and Zhenqi Wang and Hina Amin and Vishal Kumar Prasad and Zhichao Wu and Amaël Borzée (2024). At home in Jiangsu: Environmental niche modeling and new records for five species of amphibian and reptile in Jiangsu, China Life Science https://doi.org/10.3897/herpetozoa.37.e117370"
994,大树蛙,Zhangixalus dennysi,江苏,事件表,省级新纪录事件（1省）,"Dallin B. Kohler and Xiaoli Zhang and Kevin R. Messenger and Kenneth Chin Yu An and Deyatima Ghosh and Siti N. Othman and Zhenqi Wang and Hina Amin and Vishal Kumar Prasad and Zhichao Wu and Amaël Borzée (2024). At home in Jiangsu: Environmental niche modeling and new records for five species of amphibian and reptile in Jiangsu, China Life Science https://doi.org/10.3897/herpetozoa.37.e117370"
995,天目臭蛙,Odorrana tianmuii,江苏,事件表,省级新纪录事件（1省）,"Dallin B. Kohler and Xiaoli Zhang and Kevin R. Messenger and Kenneth Chin Yu An and Deyatima Ghosh and Siti N. Othman and Zhenqi Wang and Hina Amin and Vishal Kumar Prasad and Zhichao Wu and Amaël Borzée (2024). At home in Jiangsu: Environmental niche modeling and new records for five species of amphibian and reptile in Jiangsu, China Life Science https://doi.org/10.3897/herpetozoa.37.e117370"
996,花臭蛙,Odorrana schmackeri,,排除,省级信息缺失且无法由坐标推定,"Dallin B. Kohler and Xiaoli Zhang and Kevin R. Messenger and Kenneth Chin Yu An and Deyatima Ghosh and Siti N. Othman and Zhenqi Wang and Hina Amin and Vishal Kumar Prasad and Zhichao Wu and Amaël Borzée (2024). At home in Jiangsu: Environmental niche modeling and new records for five species of amphibian and reptile in Jiangsu, China Life Science https://doi.org/10.3897/herpetozoa.37.e117370"
997,,Kurixalus inexpectatus,浙江,事件表,省级新纪录事件（1省）,"Dallin B. Kohler and Xiaoli Zhang and Kevin R. Messenger and Kenneth Chin Yu An and Deyatima Ghosh and Siti N. Othman and Zhenqi Wang and Hina Amin and Vishal Kumar Prasad and Zhichao Wu and Amaël Borzée (2024). At home in Jiangsu: Environmental niche modeling and new records for five species of amphibian and reptile in Jiangsu, China Life Science https://doi.org/10.3897/herpetozoa.37.e117370"
998,朝鲜爪鲵,Onychodactylus koreanus,,新种表,新种描述，转入 CHNR_new_species,"NIKOLAY A. POYARKOV, JR. & JING CHE & MI-SOOK MIN & MASAKI KURO-O & FANG YAN & CHENG LI & KOJI IIZUKA & DAVID R. VIEITES (2012). Review of the systematics, morphology and distribution of Asian Clawed Salamanders, genus Onychodactylus (Amphibia, Caudata: Hynobiidae), with the description of four new species Zootaxa, 3465, 1–106"
999,斯托氏林蛇,Boiga stoliczkae,西藏,事件表,省级新纪录事件（1省）,Unknown Author (2023). Biodiversity Data Journal 12: e123669 doi: 10. Biodiversity Data Journal https://doi.org/10.3897/BDJ.12.e123669
1000,斯托氏林蛇,Boiga stoliczkae,西藏,事件表,省级新纪录事件（1省）,Unknown Author (2023). Biodiversity Data Journal 12: e123669 doi: 10. Biodiversity Data Journal https://doi.org/10.3897/BDJ.12.e123669
1001,广东琴蛙,Nidirana guangdongensis,广东,新种表,新种描述，转入 CHNR_new_species,"Zhi-Tong Lyu and Ke-Yuan Dai and Yao Li and Han Wan and Zhe-Yi Liu and Shuo Qi and Si-Min Lin and Jian Wang and Yu-Long Li and Yang-Jin Zeng and Pi-Peng Li and Hong Pang and Ying-Yong Wang (2020). Comprehensive approaches reveal three cryptic species of genus Nidirana (Anura, Ranidae) from China ZooKeys, 914, 127–159 https://doi.org/10.3897/zookeys.914.36604"
1002,莽文琴蛙,Nidirana mangveni,浙江,新种表,新种描述，转入 CHNR_new_species,"Zhi-Tong Lyu and Ke-Yuan Dai and Yao Li and Han Wan and Zhe-Yi Liu and Shuo Qi and Si-Min Lin and Jian Wang and Yu-Long Li and Yang-Jin Zeng and Pi-Peng Li and Hong Pang and Ying-Yong Wang (2020). Comprehensive approaches reveal three cryptic species of genus Nidirana (Anura, Ranidae) from China ZooKeys, 914, 127–159 https://doi.org/10.3897/zookeys.914.36604"
1003,湘江琴蛙,Nidirana xiangica,湖南,新种表,新种描述，转入 CHNR_new_species,"Zhi-Tong Lyu and Ke-Yuan Dai and Yao Li and Han Wan and Zhe-Yi Liu and Shuo Qi and Si-Min Lin and Jian Wang and Yu-Long Li and Yang-Jin Zeng and Pi-Peng Li and Hong Pang and Ying-Yong Wang (2020). Comprehensive approaches reveal three cryptic species of genus Nidirana (Anura, Ranidae) from China ZooKeys, 914, 127–159 https://doi.org/10.3897/zookeys.914.36604"
1004,广东琴蛙,Nidirana guangdongensis,广东,新种表,新种描述，转入 CHNR_new_species,"Zhi-Tong Lyu and Ke-Yuan Dai and Yao Li and Han Wan and Zhe-Yi Liu and Shuo Qi and Si-Min Lin and Jian Wang and Yu-Long Li and Yang-Jin Zeng and Pi-Peng Li and Hong Pang and Ying-Yong Wang (2020). Comprehensive approaches reveal three cryptic species of genus Nidirana (Anura, Ranidae) from China ZooKeys, 914, 127–159 https://doi.org/10.3897/zookeys.914.36604"
1005,莽文琴蛙,Nidirana mangveni,浙江,新种表,新种描述，转入 CHNR_new_species,"Zhi-Tong Lyu and Ke-Yuan Dai and Yao Li and Han Wan and Zhe-Yi Liu and Shuo Qi and Si-Min Lin and Jian Wang and Yu-Long Li and Yang-Jin Zeng and Pi-Peng Li and Hong Pang and Ying-Yong Wang (2020). Comprehensive approaches reveal three cryptic species of genus Nidirana (Anura, Ranidae) from China ZooKeys, 914, 127–159 https://doi.org/10.3897/zookeys.914.36604"
1006,欧洲石龙子,Podarcis muralis,,终审:排除-国外类群,记录类型无法判定（原表未标注且引用无线索）,Javier Ábalos Álvarez and Enrique Font Bisier and Guillem Pérez i de Lanuza (2021). The functional significance of colour polymorphism in the European common wall lizard (Podarcis muralis)
1007,侧斑鬣蜥,Uta stansburiana,,终审:A3 排除-无省份且无坐标,记录类型无法判定（原表未标注且引用无线索）,Javier Ábalos Álvarez and Enrique Font Bisier and Guillem Pérez i de Lanuza (2021). The functional significance of colour polymorphism in the European common wall lizard (Podarcis muralis)
1008,谦逊棘蜥,Ctenophorus modestus,,终审:A3 排除-无省份且无坐标,记录类型无法判定（原表未标注且引用无线索）,Javier Ábalos Álvarez and Enrique Font Bisier and Guillem Pérez i de Lanuza (2021). The functional significance of colour polymorphism in the European common wall lizard (Podarcis muralis)
1009,拉氏盲蛇,Typhlops lazelli,香港,新种表,新种描述，转入 CHNR_new_species,"V. WALLACH and OLIVIER S. G. PAUWELS (2004). TYPHLOPS LAZELLI, A NEW SPECIES OF CHINESE BLINDSNAKE FROM HONG KONG (SERPENTES: TYPHLOPIDAE) BREVIORA"
1010,白头钩盲蛇,Ramphotyphlops albiceps,,终审:A3 排除-无省份且无坐标,新种描述文献中的伴随物种记录，非明确新纪录事件,"V. WALLACH and OLIVIER S. G. PAUWELS (2004). TYPHLOPS LAZELLI, A NEW SPECIES OF CHINESE BLINDSNAKE FROM HONG KONG (SERPENTES: TYPHLOPIDAE) BREVIORA"
1011,湘江琴蛙,Nidirana xiangica,湖南,新种表,新种描述，转入 CHNR_new_species,"Zhi-Tong Lyu and Ke-Yuan Dai and Yao Li and Han Wan and Zhe-Yi Liu and Shuo Qi and Si-Min Lin and Jian Wang and Yu-Long Li and Yang-Jin Zeng and Pi-Peng Li and Hong Pang and Ying-Yong Wang (2020). Comprehensive approaches reveal three cryptic species of genus Nidirana (Anura, Ranidae) from China ZooKeys, 914, 127–159 https://doi.org/10.3897/zookeys.914.36604"
1012,广东琴蛙,Nidirana guangdongensis,广东,新种表,新种描述，转入 CHNR_new_species,"Zhi-Tong Lyu and Ke-Yuan Dai and Yao Li and Han Wan and Zhe-Yi Liu and Shuo Qi and Si-Min Lin and Jian Wang and Yu-Long Li and Yang-Jin Zeng and Pi-Peng Li and Hong Pang and Ying-Yong Wang (2020). Comprehensive approaches reveal three cryptic species of genus Nidirana (Anura, Ranidae) from China ZooKeys, 914, 127–159 https://doi.org/10.3897/zookeys.914.36604"
1013,莽文琴蛙,Nidirana mangveni,浙江,新种表,新种描述，转入 CHNR_new_species,"Zhi-Tong Lyu and Ke-Yuan Dai and Yao Li and Han Wan and Zhe-Yi Liu and Shuo Qi and Si-Min Lin and Jian Wang and Yu-Long Li and Yang-Jin Zeng and Pi-Peng Li and Hong Pang and Ying-Yong Wang (2020). Comprehensive approaches reveal three cryptic species of genus Nidirana (Anura, Ranidae) from China ZooKeys, 914, 127–159 https://doi.org/10.3897/zookeys.914.36604"
1014,湘江琴蛙,Nidirana xiangica,湖南,新种表,新种描述，转入 CHNR_new_species,"Zhi-Tong Lyu and Ke-Yuan Dai and Yao Li and Han Wan and Zhe-Yi Liu and Shuo Qi and Si-Min Lin and Jian Wang and Yu-Long Li and Yang-Jin Zeng and Pi-Peng Li and Hong Pang and Ying-Yong Wang (2020). Comprehensive approaches reveal three cryptic species of genus Nidirana (Anura, Ranidae) from China ZooKeys, 914, 127–159 https://doi.org/10.3897/zookeys.914.36604"
1015,广东琴蛙,Nidirana guangdongensis,广东,新种表,新种描述，转入 CHNR_new_species,"Zhi-Tong Lyu and Ke-Yuan Dai and Yao Li and Han Wan and Zhe-Yi Liu and Shuo Qi and Si-Min Lin and Jian Wang and Yu-Long Li and Yang-Jin Zeng and Pi-Peng Li and Hong Pang and Ying-Yong Wang (2020). Comprehensive approaches reveal three cryptic species of genus Nidirana (Anura, Ranidae) from China ZooKeys, 914, 127–159 https://doi.org/10.3897/zookeys.914.36604"
1016,抚华费氏树蛙,Feihyla fuhua,云南,新种表,新种描述，转入 CHNR_new_species,"费梁、叶昌媛、江建平 (2010). 中国云南树蛙科一新种(两栖纲,无尾目) 动物分类学报, 35(2), 413-417"
1017,白颊费氏树蛙,Feihyla palpebralis,林同,终审:C 排除-记录地为国外省区,新种描述文献中的伴随物种记录，非明确新纪录事件,"费梁、叶昌媛、江建平 (2010). 中国云南树蛙科一新种(两栖纲,无尾目) 动物分类学报, 35(2), 413-417"
1018,南江臭蛙,Odorrana nanjiangensis,四川,新种表,新种描述，转入 CHNR_new_species,"费梁、叶昌媛、谢锋、江建平 (2007). 中国四川省蛙科一新种——南江臭蛙 (两栖纲:无尾目) 动物学研究, 28(5), 551-555"
1019,莽文琴蛙,Nidirana mangveni,浙江,新种表,新种描述，转入 CHNR_new_species,"Zhi-Tong Lyu and Ke-Yuan Dai and Yao Li and Han Wan and Zhe-Yi Liu and Shuo Qi and Si-Min Lin and Jian Wang and Yu-Long Li and Yang-Jin Zeng and Pi-Peng Li and Hong Pang and Ying-Yong Wang (2020). Comprehensive approaches reveal three cryptic species of genus Nidirana (Anura, Ranidae) from China ZooKeys, 914, 127–159 https://doi.org/10.3897/zookeys.914.36604"
1020,湘江琴蛙,Nidirana xiangica,湖南,新种表,新种描述，转入 CHNR_new_species,"Zhi-Tong Lyu and Ke-Yuan Dai and Yao Li and Han Wan and Zhe-Yi Liu and Shuo Qi and Si-Min Lin and Jian Wang and Yu-Long Li and Yang-Jin Zeng and Pi-Peng Li and Hong Pang and Ying-Yong Wang (2020). Comprehensive approaches reveal three cryptic species of genus Nidirana (Anura, Ranidae) from China ZooKeys, 914, 127–159 https://doi.org/10.3897/zookeys.914.36604"
1021,尾突角蟾,Megophrys caudoprocta,,终审:A3 排除-无省份且无坐标,新种描述文献中的伴随物种记录，非明确新纪录事件,"江建平、叶昌媛、费梁 (2008). 中国湖南角蟾科一新种——桑植角蟾 动物学研究, 29(2), 219-222"
1022,棘指角蟾,Megophrys spinata,,终审:A3 排除-无省份且无坐标,新种描述文献中的伴随物种记录，非明确新纪录事件,"江建平、叶昌媛、费梁 (2008). 中国湖南角蟾科一新种——桑植角蟾 动物学研究, 29(2), 219-222"
1023,广东琴蛙,Nidirana guangdongensis,广东,新种表,新种描述，转入 CHNR_new_species,"Zhi-Tong Lyu and Ke-Yuan Dai and Yao Li and Han Wan and Zhe-Yi Liu and Shuo Qi and Si-Min Lin and Jian Wang and Yu-Long Li and Yang-Jin Zeng and Pi-Peng Li and Hong Pang and Ying-Yong Wang (2020). Comprehensive approaches reveal three cryptic species of genus Nidirana (Anura, Ranidae) from China ZooKeys, 914, 127–159 https://doi.org/10.3897/zookeys.914.36604"
1024,莽文琴蛙,Nidirana mangveni,浙江,新种表,新种描述，转入 CHNR_new_species,"Zhi-Tong Lyu and Ke-Yuan Dai and Yao Li and Han Wan and Zhe-Yi Liu and Shuo Qi and Si-Min Lin and Jian Wang and Yu-Long Li and Yang-Jin Zeng and Pi-Peng Li and Hong Pang and Ying-Yong Wang (2020). Comprehensive approaches reveal three cryptic species of genus Nidirana (Anura, Ranidae) from China ZooKeys, 914, 127–159 https://doi.org/10.3897/zookeys.914.36604"
1025,山烙铁头蛇,Ovophis monticola,四川、贵州、云南、福建、西藏、广西,事件表,省级新纪录事件（6省）,罗晓、莫运明、江建平、谢锋 (2003). 中国烙铁头蛇属物种形态特征分析兼记广西蛇类一新纪录 两栖爬行动物学研究
1026,察隅烙铁头蛇,Ovophis zayuensis,四川、贵州、云南、西藏、福建,事件表,省级新纪录事件（5省）,罗晓、莫运明、江建平、谢锋 (2003). 中国烙铁头蛇属物种形态特征分析兼记广西蛇类一新纪录 两栖爬行动物学研究
1027,越南烙铁头蛇,Ovophis convictus,广西,事件表,省级新纪录事件（1省）,罗晓、莫运明、江建平、谢锋 (2003). 中国烙铁头蛇属物种形态特征分析兼记广西蛇类一新纪录 两栖爬行动物学研究
1028,叶氏肛刺蛙,Yerana yei,河南、安徽、湖北,新种表,新种描述，转入 CHNR_new_species,"江建平、陈晓虹、王斌 (2006). 中国蛙科一新属———肛刺蛙属(蛙科:叉舌蛙亚科) 安徽师范大学学报(自然科学版), 29(5), 467-469 https://doi.org/10.14182/j.cnki.1001—2443.2006.05.015"
1029,宜章臭蛙,Odorrana yizhangensis,湖南,新种表,新种描述，转入 CHNR_new_species,"费梁、叶昌嫒、江建平 (2007). 中国蛙科一新种(两栖纲,无尾目) 动物分类学报, 32(4), 989-992"
1030,版纳大头蛙,Limnonectes bannaensis,云南,新种表,新种描述，转入 CHNR_new_species,"叶昌媛、费梁、谢锋、江建平 (2007). 中国蛙科一新种——版纳大头蛙 (两栖纲:无尾目) 动物学研究, 28(5), 545-550"
1031,大头蛙,Limnonectes kuhlii,,排除,国外新种描述（坐标在中国境外）,"叶昌媛、费梁、谢锋、江建平 (2007). 中国蛙科一新种——版纳大头蛙 (两栖纲:无尾目) 动物学研究, 28(5), 545-550"
1032,脆皮大头蛙,Limnonectes fragilis,海南,终审:A4 排除(建议)-伴随物种记录,新种描述文献中的伴随物种记录，非明确新纪录事件,"叶昌媛、费梁、谢锋、江建平 (2007). 中国蛙科一新种——版纳大头蛙 (两栖纲:无尾目) 动物学研究, 28(5), 545-550"
1033,福建大头蛙,Limnonectes fujianensis,福建,终审:A4 排除(建议)-伴随物种记录,新种描述文献中的伴随物种记录，非明确新纪录事件,"叶昌媛、费梁、谢锋、江建平 (2007). 中国蛙科一新种——版纳大头蛙 (两栖纲:无尾目) 动物学研究, 28(5), 545-550"
1034,三岛掌突蟾,Paramegophrys sungi,越南永富,排除,国外记录（省份字段为外国地名：越南永富）,"莫运明、江建平、叶昌媛 (2008). 中国蛙类一新纪录———三岛掌突蟾(两栖纲:角蟾科) 安徽师范大学学报(自然科学版), 31(4), 368-370 https://doi.org/10.14182/j.cnki.1001—2443.2008.04.009"
1035,陈塘湍蛙,Amolops pallasitatus,西藏山南市,事件表,省级新纪录事件（1省）,"刘美晴、蒋安莉、马舜、石胜超、江建平 (2025). 西藏自治区洛扎县发现陈塘湍蛙 四川动物, 44(1), 116-117"
1036,湘江琴蛙,Nidirana xiangica,湖南,新种表,新种描述，转入 CHNR_new_species,"Zhi-Tong Lyu and Ke-Yuan Dai and Yao Li and Han Wan and Zhe-Yi Liu and Shuo Qi and Si-Min Lin and Jian Wang and Yu-Long Li and Yang-Jin Zeng and Pi-Peng Li and Hong Pang and Ying-Yong Wang (2020). Comprehensive approaches reveal three cryptic species of genus Nidirana (Anura, Ranidae) from China ZooKeys, 914, 127–159 https://doi.org/10.3897/zookeys.914.36604"
1037,广东琴蛙,Nidirana guangdongensis,广东,新种表,新种描述，转入 CHNR_new_species,"Zhi-Tong Lyu and Ke-Yuan Dai and Yao Li and Han Wan and Zhe-Yi Liu and Shuo Qi and Si-Min Lin and Jian Wang and Yu-Long Li and Yang-Jin Zeng and Pi-Peng Li and Hong Pang and Ying-Yong Wang (2020). Comprehensive approaches reveal three cryptic species of genus Nidirana (Anura, Ranidae) from China ZooKeys, 914, 127–159 https://doi.org/10.3897/zookeys.914.36604"
1038,莽文琴蛙,Nidirana mangveni,浙江,新种表,新种描述，转入 CHNR_new_species,"Zhi-Tong Lyu and Ke-Yuan Dai and Yao Li and Han Wan and Zhe-Yi Liu and Shuo Qi and Si-Min Lin and Jian Wang and Yu-Long Li and Yang-Jin Zeng and Pi-Peng Li and Hong Pang and Ying-Yong Wang (2020). Comprehensive approaches reveal three cryptic species of genus Nidirana (Anura, Ranidae) from China ZooKeys, 914, 127–159 https://doi.org/10.3897/zookeys.914.36604"
1040,湘江琴蛙,Nidirana xiangica,湖南,新种表,新种描述，转入 CHNR_new_species,"Zhi-Tong Lyu and Ke-Yuan Dai and Yao Li and Han Wan and Zhe-Yi Liu and Shuo Qi and Si-Min Lin and Jian Wang and Yu-Long Li and Yang-Jin Zeng and Pi-Peng Li and Hong Pang and Ying-Yong Wang (2020). Comprehensive approaches reveal three cryptic species of genus Nidirana (Anura, Ranidae) from China ZooKeys, 914, 127–159 https://doi.org/10.3897/zookeys.914.36604"
1041,,Sylvirana nigrovittata,,排除,区系/多样性调查类文献的物种清单行，非新纪录事件,"The PLOS ONE Staff (2018). Correction: Hidden species diversity in Sylvirana nigrovittata (Amphibia: Ranidae) highlights the importance of taxonomic revisions in biodiversity conservation PLoS ONE, 13(4) https://doi.org/10.1371/journal.pone.0196242"
1042,,Sylvirana nigrovittata,,排除,区系/多样性调查类文献的物种清单行，非新纪录事件,"The PLOS ONE Staff (2018). Correction: Hidden species diversity in Sylvirana nigrovittata (Amphibia: Ranidae) highlights the importance of taxonomic revisions in biodiversity conservation PLoS ONE, 13(4) https://doi.org/10.1371/journal.pone.0196242"
1043,白唇竹叶青蛇,Trimeresurus albolabris,孟邦,排除,区系/多样性调查类文献的物种清单行，非新纪录事件,"Peng Guo, Qin Liu, Guanghui Zhong, Fei Zhu, Fang Yan, Ting Tang, Rong Xiao, Min Fang, Ping Wang, Xin Fu (2015). Cryptic diversity of green pitvipers in Yunnan, South-west China (Squamata, Viperidae) Amphibia-Reptilia, 36, 265-276 https://doi.org/10.1163/15685381-00003004"
1044,,Trimeresurus erythrurus,仰光,排除,区系/多样性调查类文献的物种清单行，非新纪录事件,"Peng Guo, Qin Liu, Guanghui Zhong, Fei Zhu, Fang Yan, Ting Tang, Rong Xiao, Min Fang, Ping Wang, Xin Fu (2015). Cryptic diversity of green pitvipers in Yunnan, South-west China (Squamata, Viperidae) Amphibia-Reptilia, 36, 265-276 https://doi.org/10.1163/15685381-00003004"
1045,西藏竹叶青蛇,Himalayophis tibetanus,赫兰布,排除,区系/多样性调查类文献的物种清单行，非新纪录事件,"Peng Guo, Qin Liu, Guanghui Zhong, Fei Zhu, Fang Yan, Ting Tang, Rong Xiao, Min Fang, Ping Wang, Xin Fu (2015). Cryptic diversity of green pitvipers in Yunnan, South-west China (Squamata, Viperidae) Amphibia-Reptilia, 36, 265-276 https://doi.org/10.1163/15685381-00003004"
1046,仙居角蟾,Megophrys xianjuensis,浙江,新种表,新种描述，转入 CHNR_new_species,"Bin Wang and Yan-Qing Wu and Jun-Wei Peng and Sheng-Chao Shi and Ning-Ning Lu and Jun Wu (2020). A new Megophrys Kuhl & Van Hasselt (Amphibia, Megophryidae) from southeastern China ZooKeys, 904, 35–62 https://doi.org/10.3897/zookeys.904.47354"
1047,,Craspedocephalus gramineus,泰米尔纳德邦,排除,区系/多样性调查类文献的物种清单行，非新纪录事件,"Peng Guo, Qin Liu, Guanghui Zhong, Fei Zhu, Fang Yan, Ting Tang, Rong Xiao, Min Fang, Ping Wang, Xin Fu (2015). Cryptic diversity of green pitvipers in Yunnan, South-west China (Squamata, Viperidae) Amphibia-Reptilia, 36, 265-276 https://doi.org/10.1163/15685381-00003004"
1048,苔斑臭蛙,Odorrana concelata,,终审:A3 排除-无省份且无坐标,新种描述文献中的伴随物种记录，非明确新纪录事件,"Han-Ming Song and Shuo Qi and Hao-Tian Wang and Yue-Ning Gong and Yang Liu and Ying-Yong Wang (2025). Definition and taxonomic revision of the karst-associated Odorrana lipuensis group (Anura, Ranidae), with a new species from Guangdong, China Life Science, 101(3), 1-10 https://doi.org/10.3897/zse.101.142746"
1049,荔波臭蛙,Odorrana liboensis,广西,终审:A1/B1 排除-同种同省已收录(再记录),新种描述文献中的伴随物种记录，非明确新纪录事件,"Han-Ming Song and Shuo Qi and Hao-Tian Wang and Yue-Ning Gong and Yang Liu and Ying-Yong Wang (2025). Definition and taxonomic revision of the karst-associated Odorrana lipuensis group (Anura, Ranidae), with a new species from Guangdong, China Life Science, 101(3), 1-10 https://doi.org/10.3897/zse.101.142746"
1050,荔浦臭蛙,Odorrana lipuensis,广西、高平,新种表,新种描述，转入 CHNR_new_species,"Han-Ming Song and Shuo Qi and Hao-Tian Wang and Yue-Ning Gong and Yang Liu and Ying-Yong Wang (2025). Definition and taxonomic revision of the karst-associated Odorrana lipuensis group (Anura, Ranidae), with a new species from Guangdong, China Life Science, 101(3), 1-10 https://doi.org/10.3897/zse.101.142746"
1051,百色壁虎,Gekko paucituberculatus,广西,新种表,新种描述，转入 CHNR_new_species,"Hao-Tian Wang and Shuo Qi and Dan-Yang Zhou and Ying-Yong Wang (2024). Description of a new karst-adapted species of the subgenus Japonigekko (Squamata: Gekkonidae: Gekko) from Guangxi, southern China Vertebrate Zoology, 74, 121–132 https://doi.org/10.3897/vz.74.e113899"
1052,南蹼趾壁虎,Gekko palmatus,广东,事件表,省级新纪录事件（1省）,"Hao-Tian Wang and Shuo Qi and Dan-Yang Zhou and Ying-Yong Wang (2024). Description of a new karst-adapted species of the subgenus Japonigekko (Squamata: Gekkonidae: Gekko) from Guangxi, southern China Vertebrate Zoology, 74, 121–132 https://doi.org/10.3897/vz.74.e113899"
1053,百色壁虎,Gekko paucituberculatus,广西,新种表,新种描述，转入 CHNR_new_species,"Hao-Tian Wang and Shuo Qi and Dan-Yang Zhou and Ying-Yong Wang (2024). Description of a new karst-adapted species of the subgenus Japonigekko (Squamata: Gekkonidae: Gekko) from Guangxi, southern China Vertebrate Zoology, 74, 121–132 https://doi.org/10.3897/vz.74.e113899"
1054,南蹼趾壁虎,Gekko palmatus,广西和广东两,事件表,省级新纪录事件（2省）,"Hao-Tian Wang and Shuo Qi and Dan-Yang Zhou and Ying-Yong Wang (2024). Description of a new karst-adapted species of the subgenus Japonigekko (Squamata: Gekkonidae: Gekko) from Guangxi, southern China Vertebrate Zoology, 74, 121–132 https://doi.org/10.3897/vz.74.e113899"
1055,弄岗纤树蛙,Gracixalus nonggangensis,广西,终审:A4 排除(建议)-伴随物种记录,新种描述文献中的伴随物种记录，非明确新纪录事件,"JIAN WANG & ZHAO-CHI ZENG, ZHI-TONG LYU, ZU-YAO LIU & YING-YONG WANG (2018). Description of a new species of Gracixalus (Amphibia: Anura: Rhacophoridae) from Guangdong Province, southeastern China Zootaxa, 4420(2), 251–269 https://doi.org/10.11646/zootaxa.4420.2.7"
1056,金秀纤树蛙,Gracixalus jinxiuensis,湖南,终审:A4 排除(建议)-伴随物种记录,新种描述文献中的伴随物种记录，非明确新纪录事件,"JIAN WANG & ZHAO-CHI ZENG, ZHI-TONG LYU, ZU-YAO LIU & YING-YONG WANG (2018). Description of a new species of Gracixalus (Amphibia: Anura: Rhacophoridae) from Guangdong Province, southeastern China Zootaxa, 4420(2), 251–269 https://doi.org/10.11646/zootaxa.4420.2.7"
1057,,Gracixalus waza,,终审:A3 排除-无省份且无坐标,新种描述文献中的伴随物种记录，非明确新纪录事件,"JIAN WANG & ZHAO-CHI ZENG, ZHI-TONG LYU, ZU-YAO LIU & YING-YONG WANG (2018). Description of a new species of Gracixalus (Amphibia: Anura: Rhacophoridae) from Guangdong Province, southeastern China Zootaxa, 4420(2), 251–269 https://doi.org/10.11646/zootaxa.4420.2.7"
1058,浦活纤树蛙,Gracixalus quangi,,终审:A3 排除-无省份且无坐标,新种描述文献中的伴随物种记录，非明确新纪录事件,"JIAN WANG & ZHAO-CHI ZENG, ZHI-TONG LYU, ZU-YAO LIU & YING-YONG WANG (2018). Description of a new species of Gracixalus (Amphibia: Anura: Rhacophoridae) from Guangdong Province, southeastern China Zootaxa, 4420(2), 251–269 https://doi.org/10.11646/zootaxa.4420.2.7"
1059,,Gracixalus carinensis,,终审:A3 排除-无省份且无坐标,新种描述文献中的伴随物种记录，非明确新纪录事件,"JIAN WANG & ZHAO-CHI ZENG, ZHI-TONG LYU, ZU-YAO LIU & YING-YONG WANG (2018). Description of a new species of Gracixalus (Amphibia: Anura: Rhacophoridae) from Guangdong Province, southeastern China Zootaxa, 4420(2), 251–269 https://doi.org/10.11646/zootaxa.4420.2.7"
1060,墨脱纤树蛙,Gracixalus medogensis,,终审:A3 排除-无省份且无坐标,新种描述文献中的伴随物种记录，非明确新纪录事件,"JIAN WANG & ZHAO-CHI ZENG, ZHI-TONG LYU, ZU-YAO LIU & YING-YONG WANG (2018). Description of a new species of Gracixalus (Amphibia: Anura: Rhacophoridae) from Guangdong Province, southeastern China Zootaxa, 4420(2), 251–269 https://doi.org/10.11646/zootaxa.4420.2.7"
1061,张氏小头蛇,Oligodon zhangfujii,西藏,新种表,新种描述，转入 CHNR_new_species,"Ke JIANG and Dihao WU and Junjie HUANG and Jinlong REN and Zongyuan GAO and Zhitong LYU and Jiatang LI (2025). Description of a New Species of Kukri Snake (Serpentes: Colubridae: Oligodon) from Xizang, China Asian Herpetological Research, 16(1), 36–48 https://doi.org/10.3724/ahr.2095-0357.2024.0058"
1062,张氏小头蛇,Oligodon zhangfujii,西藏,新种表,新种描述，转入 CHNR_new_species,"Ke JIANG and Dihao WU and Junjie HUANG and Jinlong REN and Zongyuan GAO and Zhitong LYU and Jiatang LI (2025). Description of a New Species of Kukri Snake (Serpentes: Colubridae: Oligodon) from Xizang, China Asian Herpetological Research, 16(1), 36–48 https://doi.org/10.3724/ahr.2095-0357.2024.0058"
1063,仙琴蛙,Nidirana daunchina,,终审:B7 坐标在境内可反推省份,新种描述文献中的伴随物种记录，非明确新纪录事件,"Zhi-Tong Lyu and Yun-Ming Mo and Han Wan and Yu-Long Li and Hong Pang and Ying-Yong Wang (2019). Description of a new species of Music frogs (Anura, Ranidae, Nidirana) from Mt Dayao, southern China ZooKeys, 858, 109–126 https://doi.org/10.3897/zookeys.858.34363"
1064,沙巴琴蛙,Nidirana chapaensis,,终审:B7 坐标在境内可反推省份,新种描述文献中的伴随物种记录，非明确新纪录事件,"Zhi-Tong Lyu and Yun-Ming Mo and Han Wan and Yu-Long Li and Hong Pang and Ying-Yong Wang (2019). Description of a new species of Music frogs (Anura, Ranidae, Nidirana) from Mt Dayao, southern China ZooKeys, 858, 109–126 https://doi.org/10.3897/zookeys.858.34363"
1065,南昆山琴蛙,Nidirana nankunensis,,终审:A3 排除-无省份且无坐标,新种描述文献中的伴随物种记录，非明确新纪录事件,"Zhi-Tong Lyu and Yun-Ming Mo and Han Wan and Yu-Long Li and Hong Pang and Ying-Yong Wang (2019). Description of a new species of Music frogs (Anura, Ranidae, Nidirana) from Mt Dayao, southern China ZooKeys, 858, 109–126 https://doi.org/10.3897/zookeys.858.34363"
1066,林琴蛙,Nidirana lini,,终审:B7 坐标在境内可反推省份,新种描述文献中的伴随物种记录，非明确新纪录事件,"Zhi-Tong Lyu and Yun-Ming Mo and Han Wan and Yu-Long Li and Hong Pang and Ying-Yong Wang (2019). Description of a new species of Music frogs (Anura, Ranidae, Nidirana) from Mt Dayao, southern China ZooKeys, 858, 109–126 https://doi.org/10.3897/zookeys.858.34363"
1067,东莞角蟾,Megophrys dongguanensis,广东,新种表,新种描述，转入 CHNR_new_species,"Jian Wang and Zhi-Tong Lyu and Zu-Yao Liu and Cheng-Kai Liao and Zhao-Chi Zeng and Jian Zhao and Yu-Long Li and Ying-Yong Wang (2019). Description of six new species of the subgenus Panophrys within the genus Megophrys (Anura, Megophryidae) from southeastern China based on molecular and morphological data ZooKeys, 851, 113–164 https://doi.org/10.3897/zookeys.851.29107"
1068,南昆山角蟾,Megophrys nankunensis,广东,新种表,新种描述，转入 CHNR_new_species,"Jian Wang and Zhi-Tong Lyu and Zu-Yao Liu and Cheng-Kai Liao and Zhao-Chi Zeng and Jian Zhao and Yu-Long Li and Ying-Yong Wang (2019). Description of six new species of the subgenus Panophrys within the genus Megophrys (Anura, Megophryidae) from southeastern China based on molecular and morphological data ZooKeys, 851, 113–164 https://doi.org/10.3897/zookeys.851.29107"
1069,弗氏张树蛙,Zhangixalus franki,云南,事件表,省级新纪录事件（1省）,"Shuo Liu and Hong Hui and Dingqi Rao (2020). First record of Zhangixalus franki Ninh, Nguyen, Orlov, Nguyen & Ziegler, 2020 (Anura, Rhacophoridae) from China Laoshan Nature https://doi.org/10.3897/herpetozoa.33.e59114"
1070,南岭角蟾,Megophrys nanlingensis,广东,新种表,新种描述，转入 CHNR_new_species,"Jian Wang and Zhi-Tong Lyu and Zu-Yao Liu and Cheng-Kai Liao and Zhao-Chi Zeng and Jian Zhao and Yu-Long Li and Ying-Yong Wang (2019). Description of six new species of the subgenus Panophrys within the genus Megophrys (Anura, Megophryidae) from southeastern China based on molecular and morphological data ZooKeys, 851, 113–164 https://doi.org/10.3897/zookeys.851.29107"
1071,九连山角蟾,Megophrys jiulianensis,江西,新种表,新种描述，转入 CHNR_new_species,"Jian Wang and Zhi-Tong Lyu and Zu-Yao Liu and Cheng-Kai Liao and Zhao-Chi Zeng and Jian Zhao and Yu-Long Li and Ying-Yong Wang (2019). Description of six new species of the subgenus Panophrys within the genus Megophrys (Anura, Megophryidae) from southeastern China based on molecular and morphological data ZooKeys, 851, 113–164 https://doi.org/10.3897/zookeys.851.29107"
1072,武功山角蟾,Megophrys wugongensis,江西,新种表,新种描述，转入 CHNR_new_species,"Jian Wang and Zhi-Tong Lyu and Zu-Yao Liu and Cheng-Kai Liao and Zhao-Chi Zeng and Jian Zhao and Yu-Long Li and Ying-Yong Wang (2019). Description of six new species of the subgenus Panophrys within the genus Megophrys (Anura, Megophryidae) from southeastern China based on molecular and morphological data ZooKeys, 851, 113–164 https://doi.org/10.3897/zookeys.851.29107"
1073,幕阜山角蟾,Megophrys mufumontana,湖南,新种表,新种描述，转入 CHNR_new_species,"Jian Wang and Zhi-Tong Lyu and Zu-Yao Liu and Cheng-Kai Liao and Zhao-Chi Zeng and Jian Zhao and Yu-Long Li and Ying-Yong Wang (2019). Description of six new species of the subgenus Panophrys within the genus Megophrys (Anura, Megophryidae) from southeastern China based on molecular and morphological data ZooKeys, 851, 113–164 https://doi.org/10.3897/zookeys.851.29107"
1074,东莞角蟾,Megophrys dongguanensis,广东,新种表,新种描述，转入 CHNR_new_species,"Jian Wang and Zhi-Tong Lyu and Zu-Yao Liu and Cheng-Kai Liao and Zhao-Chi Zeng and Jian Zhao and Yu-Long Li and Ying-Yong Wang (2019). Description of six new species of the subgenus Panophrys within the genus Megophrys (Anura, Megophryidae) from southeastern China based on molecular and morphological data ZooKeys, 851, 113–164 https://doi.org/10.3897/zookeys.851.29107"
1075,南昆山角蟾,Megophrys nankunensis,广东,新种表,新种描述，转入 CHNR_new_species,"Jian Wang and Zhi-Tong Lyu and Zu-Yao Liu and Cheng-Kai Liao and Zhao-Chi Zeng and Jian Zhao and Yu-Long Li and Ying-Yong Wang (2019). Description of six new species of the subgenus Panophrys within the genus Megophrys (Anura, Megophryidae) from southeastern China based on molecular and morphological data ZooKeys, 851, 113–164 https://doi.org/10.3897/zookeys.851.29107"
1076,南岭角蟾,Megophrys nanlingensis,广东,新种表,新种描述，转入 CHNR_new_species,"Jian Wang and Zhi-Tong Lyu and Zu-Yao Liu and Cheng-Kai Liao and Zhao-Chi Zeng and Jian Zhao and Yu-Long Li and Ying-Yong Wang (2019). Description of six new species of the subgenus Panophrys within the genus Megophrys (Anura, Megophryidae) from southeastern China based on molecular and morphological data ZooKeys, 851, 113–164 https://doi.org/10.3897/zookeys.851.29107"
1077,九连山角蟾,Megophrys jiulianensis,广东,新种表,新种描述，转入 CHNR_new_species,"Jian Wang and Zhi-Tong Lyu and Zu-Yao Liu and Cheng-Kai Liao and Zhao-Chi Zeng and Jian Zhao and Yu-Long Li and Ying-Yong Wang (2019). Description of six new species of the subgenus Panophrys within the genus Megophrys (Anura, Megophryidae) from southeastern China based on molecular and morphological data ZooKeys, 851, 113–164 https://doi.org/10.3897/zookeys.851.29107"
1078,武功山角蟾,Megophrys wugongensis,江西,新种表,新种描述，转入 CHNR_new_species,"Jian Wang and Zhi-Tong Lyu and Zu-Yao Liu and Cheng-Kai Liao and Zhao-Chi Zeng and Jian Zhao and Yu-Long Li and Ying-Yong Wang (2019). Description of six new species of the subgenus Panophrys within the genus Megophrys (Anura, Megophryidae) from southeastern China based on molecular and morphological data ZooKeys, 851, 113–164 https://doi.org/10.3897/zookeys.851.29107"
1079,幕阜山角蟾,Megophrys mufumontana,湖南,新种表,新种描述，转入 CHNR_new_species,"Jian Wang and Zhi-Tong Lyu and Zu-Yao Liu and Cheng-Kai Liao and Zhao-Chi Zeng and Jian Zhao and Yu-Long Li and Ying-Yong Wang (2019). Description of six new species of the subgenus Panophrys within the genus Megophrys (Anura, Megophryidae) from southeastern China based on molecular and morphological data ZooKeys, 851, 113–164 https://doi.org/10.3897/zookeys.851.29107"
1080,东莞角蟾,Megophrys dongguanensis,广东,新种表,新种描述，转入 CHNR_new_species,"Jian Wang and Zhi-Tong Lyu and Zu-Yao Liu and Cheng-Kai Liao and Zhao-Chi Zeng and Jian Zhao and Yu-Long Li and Ying-Yong Wang (2019). Description of six new species of the subgenus Panophrys within the genus Megophrys (Anura, Megophryidae) from southeastern China based on molecular and morphological data ZooKeys, 851, 113–164 https://doi.org/10.3897/zookeys.851.29107"
1081,南昆山角蟾,Megophrys nankunensis,广东,新种表,新种描述，转入 CHNR_new_species,"Jian Wang and Zhi-Tong Lyu and Zu-Yao Liu and Cheng-Kai Liao and Zhao-Chi Zeng and Jian Zhao and Yu-Long Li and Ying-Yong Wang (2019). Description of six new species of the subgenus Panophrys within the genus Megophrys (Anura, Megophryidae) from southeastern China based on molecular and morphological data ZooKeys, 851, 113–164 https://doi.org/10.3897/zookeys.851.29107"
1082,南岭角蟾,Megophrys nanlingensis,广东,新种表,新种描述，转入 CHNR_new_species,"Jian Wang and Zhi-Tong Lyu and Zu-Yao Liu and Cheng-Kai Liao and Zhao-Chi Zeng and Jian Zhao and Yu-Long Li and Ying-Yong Wang (2019). Description of six new species of the subgenus Panophrys within the genus Megophrys (Anura, Megophryidae) from southeastern China based on molecular and morphological data ZooKeys, 851, 113–164 https://doi.org/10.3897/zookeys.851.29107"
1083,九连山角蟾,Megophrys jiulianensis,广东,新种表,新种描述，转入 CHNR_new_species,"Jian Wang and Zhi-Tong Lyu and Zu-Yao Liu and Cheng-Kai Liao and Zhao-Chi Zeng and Jian Zhao and Yu-Long Li and Ying-Yong Wang (2019). Description of six new species of the subgenus Panophrys within the genus Megophrys (Anura, Megophryidae) from southeastern China based on molecular and morphological data ZooKeys, 851, 113–164 https://doi.org/10.3897/zookeys.851.29107"
1084,武功山角蟾,Megophrys wugongensis,江西,新种表,新种描述，转入 CHNR_new_species,"Jian Wang and Zhi-Tong Lyu and Zu-Yao Liu and Cheng-Kai Liao and Zhao-Chi Zeng and Jian Zhao and Yu-Long Li and Ying-Yong Wang (2019). Description of six new species of the subgenus Panophrys within the genus Megophrys (Anura, Megophryidae) from southeastern China based on molecular and morphological data ZooKeys, 851, 113–164 https://doi.org/10.3897/zookeys.851.29107"
1085,幕阜山角蟾,Megophrys mufumontana,湖南,新种表,新种描述，转入 CHNR_new_species,"Jian Wang and Zhi-Tong Lyu and Zu-Yao Liu and Cheng-Kai Liao and Zhao-Chi Zeng and Jian Zhao and Yu-Long Li and Ying-Yong Wang (2019). Description of six new species of the subgenus Panophrys within the genus Megophrys (Anura, Megophryidae) from southeastern China based on molecular and morphological data ZooKeys, 851, 113–164 https://doi.org/10.3897/zookeys.851.29107"
1086,东莞角蟾,Megophrys dongguanensis,广东,新种表,新种描述，转入 CHNR_new_species,"Jian Wang and Zhi-Tong Lyu and Zu-Yao Liu and Cheng-Kai Liao and Zhao-Chi Zeng and Jian Zhao and Yu-Long Li and Ying-Yong Wang (2019). Description of six new species of the subgenus Panophrys within the genus Megophrys (Anura, Megophryidae) from southeastern China based on molecular and morphological data ZooKeys, 851, 113–164 https://doi.org/10.3897/zookeys.851.29107"
1087,岜沙掌突蟾,Leptobrachella bashaensis,贵州,新种表,新种描述，转入 CHNR_new_species,"Jing-Cai Lyu and Liang-Liang Dai and Ping-Fan Wei and Yan-Hong He and Zhi-Yong Yuan and Wen-Li Shi and Sheng-Lun Zhou and Si-Yu Ran and Zhong-Fan Kuang and Xuan Guo and Gang Wei and Guo Yuan (2020). A new species of the genus Leptobrachella Smith, 1925 (Anura, Megophryidae) from Guizhou, China ZooKeys, 1008, 139–157 https://doi.org/10.3897/zookeys.1008.56412"
1088,南昆山角蟾,Megophrys nankunensis,广东,新种表,新种描述，转入 CHNR_new_species,"Jian Wang and Zhi-Tong Lyu and Zu-Yao Liu and Cheng-Kai Liao and Zhao-Chi Zeng and Jian Zhao and Yu-Long Li and Ying-Yong Wang (2019). Description of six new species of the subgenus Panophrys within the genus Megophrys (Anura, Megophryidae) from southeastern China based on molecular and morphological data ZooKeys, 851, 113–164 https://doi.org/10.3897/zookeys.851.29107"
1089,南岭角蟾,Megophrys nanlingensis,广东,新种表,新种描述，转入 CHNR_new_species,"Jian Wang and Zhi-Tong Lyu and Zu-Yao Liu and Cheng-Kai Liao and Zhao-Chi Zeng and Jian Zhao and Yu-Long Li and Ying-Yong Wang (2019). Description of six new species of the subgenus Panophrys within the genus Megophrys (Anura, Megophryidae) from southeastern China based on molecular and morphological data ZooKeys, 851, 113–164 https://doi.org/10.3897/zookeys.851.29107"
1090,九连山角蟾,Megophrys jiulianensis,广东,新种表,新种描述，转入 CHNR_new_species,"Jian Wang and Zhi-Tong Lyu and Zu-Yao Liu and Cheng-Kai Liao and Zhao-Chi Zeng and Jian Zhao and Yu-Long Li and Ying-Yong Wang (2019). Description of six new species of the subgenus Panophrys within the genus Megophrys (Anura, Megophryidae) from southeastern China based on molecular and morphological data ZooKeys, 851, 113–164 https://doi.org/10.3897/zookeys.851.29107"
1091,武功山角蟾,Megophrys wugongensis,江西,新种表,新种描述，转入 CHNR_new_species,"Jian Wang and Zhi-Tong Lyu and Zu-Yao Liu and Cheng-Kai Liao and Zhao-Chi Zeng and Jian Zhao and Yu-Long Li and Ying-Yong Wang (2019). Description of six new species of the subgenus Panophrys within the genus Megophrys (Anura, Megophryidae) from southeastern China based on molecular and morphological data ZooKeys, 851, 113–164 https://doi.org/10.3897/zookeys.851.29107"
1092,幕阜山角蟾,Megophrys mufumontana,湖南,新种表,新种描述，转入 CHNR_new_species,"Jian Wang and Zhi-Tong Lyu and Zu-Yao Liu and Cheng-Kai Liao and Zhao-Chi Zeng and Jian Zhao and Yu-Long Li and Ying-Yong Wang (2019). Description of six new species of the subgenus Panophrys within the genus Megophrys (Anura, Megophryidae) from southeastern China based on molecular and morphological data ZooKeys, 851, 113–164 https://doi.org/10.3897/zookeys.851.29107"
1093,荔波角蟾,Boulenophrys liboensis,贵州,终审:排除-新种表已收录,记录类型无法判定（原表未标注且引用无线索）,"JIAN WANG and ZHAO-CHI ZENG and ZHI-TONG LYU and SHUO QI and ZU-YAO LIU and HONG-HUI CHEN and YU-HONG LU and HUI-WEN XIAO and CAN-RONG LIN and KAI CHEN & YING-YONG WANG (2022). Description of three new Boulenophrys species from eastern Guangdong, China, emphasizing the urgency of ecological conservation in this region (Anura, Megophryidae) Zootaxa, 5099(1), 091–119 https://doi.org/10.11646/zootaxa.5099.1.4"
1094,林氏角蟾,Boulenophrys lini,湖南,终审:转入新种表(建议·待复核),记录类型无法判定（原表未标注且引用无线索）,"JIAN WANG and ZHAO-CHI ZENG and ZHI-TONG LYU and SHUO QI and ZU-YAO LIU and HONG-HUI CHEN and YU-HONG LU and HUI-WEN XIAO and CAN-RONG LIN and KAI CHEN & YING-YONG WANG (2022). Description of three new Boulenophrys species from eastern Guangdong, China, emphasizing the urgency of ecological conservation in this region (Anura, Megophryidae) Zootaxa, 5099(1), 091–119 https://doi.org/10.11646/zootaxa.5099.1.4"
1095,花斑钝头蛇,Pareas macularius,,终审:B7 坐标在境内可反推省份,记录类型无法判定（原表未标注且引用无线索）,"Ping Wang and Jing Che and Qin Liu and Ke Li and Jie Qiong Jin and Ke Jiang and Lei Shi and Peng Guo (2020). A revised taxonomy of Asian snail-eating snakes Pareas (Squamata, Pareidae): evidence from morphological comparison and molecular phylogeny ZooKeys, 939, 45–64 https://doi.org/10.3897/zookeys.939.49309"
1096,深圳唐鱼,Tanichthys shenzhenensis,广东,排除,名录归辐鳍鱼纲，非两栖爬行动物,Jinjin Jin and Chao Li and Jun Zhao (2023). Descriptions of six new species in White Cloud Mountain minnow Tanichthys albonubes complex (Cypriniformes: Tanichthyidae) in southern China R E G U L A R P A P E R https://doi.org/10.1111/jfb.15012
1097,海南唐鱼,Tanichthys hainanensis,海南,排除,名录归辐鳍鱼纲，非两栖爬行动物,Jinjin Jin and Chao Li and Jun Zhao (2023). Descriptions of six new species in White Cloud Mountain minnow Tanichthys albonubes complex (Cypriniformes: Tanichthyidae) in southern China R E G U L A R P A P E R https://doi.org/10.1111/jfb.15012
1098,荔浦臭蛙,Odorrana lipuensis,,终审:A3 排除-无省份且无坐标,记录类型无法判定（原表未标注且引用无线索）,"Shi-Shi Lin and Yuan-Hang Li and Hong-Lin Su and Hui Yi and Zhong Pan and Yan-Jun Sun and Zhao-Chi Zeng and Jian Wang (2022). Discovery of a new limestone karst-restricted odorous frog from northern Guangdong, China (Anura, Ranidae, Odorrana) ZooKeys, 1120, 47–66 https://doi.org/10.3897/zookeys.1120.87067"
1099,荔波臭蛙,Odorrana liboensis,贵州,终审:待人工复核-未能在线定性,记录类型无法判定（原表未标注且引用无线索）,"Shi-Shi Lin and Yuan-Hang Li and Hong-Lin Su and Hui Yi and Zhong Pan and Yan-Jun Sun and Zhao-Chi Zeng and Jian Wang (2022). Discovery of a new limestone karst-restricted odorous frog from northern Guangdong, China (Anura, Ranidae, Odorrana) ZooKeys, 1120, 47–66 https://doi.org/10.3897/zookeys.1120.87067"
1100,务川臭蛙,Odorrana wuchuanensis,,终审:A3 排除-无省份且无坐标,记录类型无法判定（原表未标注且引用无线索）,"Shi-Shi Lin and Yuan-Hang Li and Hong-Lin Su and Hui Yi and Zhong Pan and Yan-Jun Sun and Zhao-Chi Zeng and Jian Wang (2022). Discovery of a new limestone karst-restricted odorous frog from northern Guangdong, China (Anura, Ranidae, Odorrana) ZooKeys, 1120, 47–66 https://doi.org/10.3897/zookeys.1120.87067"
1101,龙头山臭蛙,Odorrana leporipes,广东,终审:转入新种表(建议·待复核),记录类型无法判定（原表未标注且引用无线索）,"Shi-Shi Lin and Yuan-Hang Li and Hong-Lin Su and Hui Yi and Zhong Pan and Yan-Jun Sun and Zhao-Chi Zeng and Jian Wang (2022). Discovery of a new limestone karst-restricted odorous frog from northern Guangdong, China (Anura, Ranidae, Odorrana) ZooKeys, 1120, 47–66 https://doi.org/10.3897/zookeys.1120.87067"
1102,越北臭蛙,Odorrana geminata,,终审:A3 排除-无省份且无坐标,记录类型无法判定（原表未标注且引用无线索）,"Shi-Shi Lin and Yuan-Hang Li and Hong-Lin Su and Hui Yi and Zhong Pan and Yan-Jun Sun and Zhao-Chi Zeng and Jian Wang (2022). Discovery of a new limestone karst-restricted odorous frog from northern Guangdong, China (Anura, Ranidae, Odorrana) ZooKeys, 1120, 47–66 https://doi.org/10.3897/zookeys.1120.87067"
1103,光雾臭蛙,Odorrana kuangwuensis,,终审:A3 排除-无省份且无坐标,记录类型无法判定（原表未标注且引用无线索）,"Shi-Shi Lin and Yuan-Hang Li and Hong-Lin Su and Hui Yi and Zhong Pan and Yan-Jun Sun and Zhao-Chi Zeng and Jian Wang (2022). Discovery of a new limestone karst-restricted odorous frog from northern Guangdong, China (Anura, Ranidae, Odorrana) ZooKeys, 1120, 47–66 https://doi.org/10.3897/zookeys.1120.87067"
1104,,Odorrana sinica,,终审:A3 排除-无省份且无坐标,记录类型无法判定（原表未标注且引用无线索）,"Shi-Shi Lin and Yuan-Hang Li and Hong-Lin Su and Hui Yi and Zhong Pan and Yan-Jun Sun and Zhao-Chi Zeng and Jian Wang (2022). Discovery of a new limestone karst-restricted odorous frog from northern Guangdong, China (Anura, Ranidae, Odorrana) ZooKeys, 1120, 47–66 https://doi.org/10.3897/zookeys.1120.87067"
1105,,Odorrana splendida,,排除,属级记录，非种级事件,"Shi-Shi Lin and Yuan-Hang Li and Hong-Lin Su and Hui Yi and Zhong Pan and Yan-Jun Sun and Zhao-Chi Zeng and Jian Wang (2022). Discovery of a new limestone karst-restricted odorous frog from northern Guangdong, China (Anura, Ranidae, Odorrana) ZooKeys, 1120, 47–66 https://doi.org/10.3897/zookeys.1120.87067"
1106,金江壁虎,Gekko jinjiangensis,,终审:A3 排除-无省份且无坐标,新种描述文献中的伴随物种记录，非明确新纪录事件,"Shun Ma and Sheng-Chao Shi and Cheng Shen and Li-Ming Chang and Jian-Ping Jiang (2024). Discovery of a new species of the subgenus Japonigekko (Squamata, Gekkonidae, Gekko) from the Hengduan Mountains, southwestern China: the best Japonigekko mountaineer 289 https://doi.org/10.3897/zookeys.1215.125043"
1107,金江壁虎,Gekko jinjiangensis,,终审:A3 排除-无省份且无坐标,新种描述文献中的伴随物种记录，非明确新纪录事件,"Shun Ma, Sheng-Chao Shi, Cheng Shen, Li-Ming Chang, and Jian-Ping Jiang (2024). Discovery of a new species of the subgenus Japonigekko (Squamata, Gekkonidae, Gekko) from the Hengduan Mountains, southwestern China: the best Japonigekko mountaineer ZooKeys https://doi.org/10.3897/zookeys.1215.125043"
1108,尖吻蝮,Deinagkistrodon acutus,福建,排除,区系/多样性调查类文献的物种清单行，非新纪录事件,"Mei-Hua Zhang and Sheng-Chao Shi and Cheng Li and Peng Yan and Ping Wang and Li Ding and Jie Du and Anđelka Plenković-Moraj and Jian-Ping Jiang and Jing-Song Shi (2022). Exploring cryptic biodiversity in a world heritage site: a new pitviper (Squamata, Viperidae, Crotalinae) from Jiuzhaigou, Aba, Sichuan, China ZooKeys, 1114, 59–76 https://doi.org/10.3897/zookeys.1114.79709"
1109,冰川蝮,Gloydius swild,四川,排除,区系/多样性调查类文献的物种清单行，非新纪录事件,"Mei-Hua Zhang and Sheng-Chao Shi and Cheng Li and Peng Yan and Ping Wang and Li Ding and Jie Du and Anđelka Plenković-Moraj and Jian-Ping Jiang and Jing-Song Shi (2022). Exploring cryptic biodiversity in a world heritage site: a new pitviper (Squamata, Viperidae, Crotalinae) from Jiuzhaigou, Aba, Sichuan, China ZooKeys, 1114, 59–76 https://doi.org/10.3897/zookeys.1114.79709"
1110,山罗湍蛙,Amolops truongi,云南,事件表,省级新纪录事件（1省）,"Shuo Liu and Mingzhong Mo and Jimin Guo and Yi Lu and Wen Wang and Wenxiang Zhang and Dingqi Rao and Song Li (2024). First record of Amolops truongi Pham, Pham, Ngo, Sung, Ziegler & Le, 2023 (Anura, Ranidae) from China Yunnan Huanglianshan National Nature https://doi.org/10.3897/herpetozoa.37.e121610"
1111,山罗湍蛙,Amolops truongi,云南,事件表,省级新纪录事件（1省）,"Shuo Liu and Mingzhong Mo and Jimin Guo and Yi Lu and Wen Wang and Wenxiang Zhang and Dingqi Rao and Song Li (2024). First record of Amolops truongi Pham, Pham, Ngo, Sung, Ziegler & Le, 2023 (Anura, Ranidae) from China Yunnan Huanglianshan National Nature https://doi.org/10.3897/herpetozoa.37.e121610"
1112,文都髯蜥,Calotes vindumbarbatus,云南,事件表,省级新纪录事件（1省）,"Shuo Liu and Changsheng Zuo and Fawang Yin and Hong Hui and Dingqi Rao (2022). First record of Calotes vindumbarbatus Wagner, Ihlow, Hartmann, Flecks, Schmitz & Böhme, 2021 (Squamata: Agamidae) from China, with revised diagnosis of this species Biodiversity Data Journal, 10 https://doi.org/10.3897/BDJ.10.e77963"
1113,文都髯蜥,Calotes vindumbarbatus,云南,事件表,省级新纪录事件（1省）,"Shuo Liu and Changsheng Zuo and Fawang Yin and Hong Hui and Dingqi Rao (2022). First record of Calotes vindumbarbatus Wagner, Ihlow, Hartmann, Flecks, Schmitz & Böhme, 2021 (Squamata: Agamidae) from China, with revised diagnosis of this species Biodiversity Data Journal, 10 https://doi.org/10.3897/BDJ.10.e77963"
1114,,Hoplobatrachus salween,,排除,国外记录（坐标在中国境外）,"Shuo Liu and Mian Hou and Dingqi Rao and Song Li (2023). First record of Hoplobatrachus litoralis Hasan, Kuramoto, Islam, Alam, Khan & Sumida, 2012 (Anura, Dicroglossidae) from China https://doi.org/10.3897/herpetozoa.36.e98669"
1115,,Alcalus fontinalis,,排除,国外记录（坐标在中国境外）,"Zhongbin YU and Kai WANG and Tianen CHEN and Ling LI and Felista Kasyoka KILUNDA and Haipeng ZHAO and Yayong WU and Shenpin YANG and Zhengpan DUAN and Anru ZUO and Dingcan ZHANG and Robert W. MURPHY and Yunhe WU and Jing CHE (2025). First Record of the Genus Alcalus (Anura, Ceratobatrachidae) and Describe a New Species from Yunnan, China Asian Herpetological Research, 16(2), 160–168 https://doi.org/10.3724/ahr.2095-0357.2024.0035"
1116,,Alcalus sp. nov.,云南,新种表,新种描述，转入 CHNR_new_species,"Zhongbin YU and Kai WANG and Tianen CHEN and Ling LI and Felista Kasyoka KILUNDA and Haipeng ZHAO and Yayong WU and Shenpin YANG and Zhengpan DUAN and Anru ZUO and Dingcan ZHANG and Robert W. MURPHY and Yunhe WU and Jing CHE (2025). First Record of the Genus Alcalus (Anura, Ceratobatrachidae) and Describe a New Species from Yunnan, China Asian Herpetological Research, 16(2), 160–168 https://doi.org/10.3724/ahr.2095-0357.2024.0035"
1117,,Liurana,西藏,排除,属级记录，非种级事件,"Zhongbin YU and Kai WANG and Tianen CHEN and Ling LI and Felista Kasyoka KILUNDA and Haipeng ZHAO and Yayong WU and Shenpin YANG and Zhengpan DUAN and Anru ZUO and Dingcan ZHANG and Robert W. MURPHY and Yunhe WU and Jing CHE (2025). First Record of the Genus Alcalus (Anura, Ceratobatrachidae) and Describe a New Species from Yunnan, China Asian Herpetological Research, 16(2), 160–168 https://doi.org/10.3724/ahr.2095-0357.2024.0035"
1118,腺皱琴蛙,Nidirana adenopleura,福建,终审:转入新种表(建议·待复核),记录类型无法判定（原表未标注且引用无线索）,"Zhi-Tong Lyu and Ke-Yuan Dai and Yao Li and Han Wan and Zhe-Yi Liu and Shuo Qi and Si-Min Lin and Jian Wang and Yu-Long Li and Yang-Jin Zeng and Pi-Peng Li and Hong Pang and Ying-Yong Wang (2020). Comprehensive approaches reveal three cryptic species of genus Nidirana (Anura, Ranidae) from China ZooKeys, 914, 127–159 https://doi.org/10.3897/zookeys.914.36604"
1119,,Alcalus fontinalis,,排除,国外记录（坐标在中国境外）,"Zhongbin YU and Kai WANG and Tianen CHEN and Ling LI and Felista Kasyoka KILUNDA and Haipeng ZHAO and Yayong WU and Shenpin YANG and Zhengpan DUAN and Anru ZUO and Dingcan ZHANG and Robert W. MURPHY and Yunhe WU and Jing CHE (2025). First Record of the Genus Alcalus (Anura, Ceratobatrachidae) and Describe a New Species from Yunnan, China Asian Herpetological Research, 16(2), 160–168 https://doi.org/10.3724/ahr.2095-0357.2024.0035"
1120,,Alcalus sp. nov.,云南,新种表,新种描述，转入 CHNR_new_species,"Zhongbin YU and Kai WANG and Tianen CHEN and Ling LI and Felista Kasyoka KILUNDA and Haipeng ZHAO and Yayong WU and Shenpin YANG and Zhengpan DUAN and Anru ZUO and Dingcan ZHANG and Robert W. MURPHY and Yunhe WU and Jing CHE (2025). First Record of the Genus Alcalus (Anura, Ceratobatrachidae) and Describe a New Species from Yunnan, China Asian Herpetological Research, 16(2), 160–168 https://doi.org/10.3724/ahr.2095-0357.2024.0035"
1121,赵龙睑虎,Goniurosaurus zhelongi,广东,终审:A4 排除(建议)-伴随物种记录,新种描述文献中的伴随物种记录，非明确新纪录事件,"Shuo Qi and Jian Wang and L. Lee Grismer and Hong-Hui Chen and Zhi-Tong Lyu and Ying-Yong Wang (2020). The Stoor Hobbit of Guangdong: Goniurosaurus gollum sp. nov., a cave-dwelling Leopard Gecko (Squamata, Eublepharidae) from South China ZooKeys, 991, 137–153 https://doi.org/10.3897/zookeys.991.54935"
1122,变异睑虎,Goniurosaurus varius,,终审:A3 排除-无省份且无坐标,新种描述文献中的伴随物种记录，非明确新纪录事件,"Shuo Qi and Jian Wang and L. Lee Grismer and Hong-Hui Chen and Zhi-Tong Lyu and Ying-Yong Wang (2020). The Stoor Hobbit of Guangdong: Goniurosaurus gollum sp. nov., a cave-dwelling Leopard Gecko (Squamata, Eublepharidae) from South China ZooKeys, 991, 137–153 https://doi.org/10.3897/zookeys.991.54935"
1123,,Liurana,西藏,排除,属级记录，非种级事件,"Zhongbin YU and Kai WANG and Tianen CHEN and Ling LI and Felista Kasyoka KILUNDA and Haipeng ZHAO and Yayong WU and Shenpin YANG and Zhengpan DUAN and Anru ZUO and Dingcan ZHANG and Robert W. MURPHY and Yunhe WU and Jing CHE (2025). First Record of the Genus Alcalus (Anura, Ceratobatrachidae) and Describe a New Species from Yunnan, China Asian Herpetological Research, 16(2), 160–168 https://doi.org/10.3724/ahr.2095-0357.2024.0035"
1124,克氏疣树蛙,Theloderma khoii,云南,事件表,省级新纪录事件（1省）,"Shuo Liu and Mian Hou and Yi Fan and Mingzhong Mo and Dingqi Rao (2022). First record of Theloderma khoii Ninh, Nguyen, Nguyen, Hoang, Siliyavong, Nguyen, Le, Le & Ziegler, 2022 from China, with confirmation of Rhacophorus orlovi Ziegler & Köhler, 2001 in China (Anura, Rhacophoridae) Herpetozoa, 35, 199-208 https://doi.org/10.3897/herpetozoa.35.e90607"
1125,克氏疣树蛙,Theloderma khoii,云南,事件表,省级新纪录事件（1省）,"Shuo Liu and Mian Hou and Yi Fan and Mingzhong Mo and Dingqi Rao (2022). First record of Theloderma khoii Ninh, Nguyen, Nguyen, Hoang, Siliyavong, Nguyen, Le, Le & Ziegler, 2022 from China, with confirmation of Rhacophorus orlovi Ziegler & Köhler, 2001 in China (Anura, Rhacophoridae) Herpetozoa, 35, 199-208 https://doi.org/10.3897/herpetozoa.35.e90607"
1126,棘疣树蛙,Theloderma moloch,云南,事件表,省级新纪录事件（1省）,"Unknown Author (2020). First record of Theloderma pyaukkya Dever, 2017 (Anura: Rhacophoridae) in China, with range extension of Theloderma moloch (Annandale, 1912) to Yunnan National Natural Science https://doi.org/10.24272/j.issn.2095-8137.2020.083"
1127,弗兰克张树蛙,Zhangixalus franki,云南,事件表,省级新纪录事件（1省）,"Shuo Liu and Hong Hui and Dingqi Rao (2020). First record of Zhangixalus franki Ninh, Nguyen, Orlov, Nguyen & Ziegler, 2020 (Anura, Rhacophoridae) from China Laoshan Nature https://doi.org/10.3897/herpetozoa.33.e59114"
1128,花坪角蟾,Megophrys mirabilis,广西,新种表,新种描述，转入 CHNR_new_species,"Zhi-Tong Lyu and Yuan-Qiu Li and Zhao-Chi Zeng and Jian Zhao and Zu-Yao Liu and Guo-Xin Guo and Ying-Yong Wang (2020). Four new species of Asian horned toads (Anura, Megophryidae, Megophrys) from southern China ZooKeys, 942, 105–140 https://doi.org/10.3897/zookeys.942.47983"
1129,石门台角蟾,Megophrys shimentaina,广东,新种表,新种描述，转入 CHNR_new_species,"Zhi-Tong Lyu and Yuan-Qiu Li and Zhao-Chi Zeng and Jian Zhao and Zu-Yao Liu and Guo-Xin Guo and Ying-Yong Wang (2020). Four new species of Asian horned toads (Anura, Megophryidae, Megophrys) from southern China ZooKeys, 942, 105–140 https://doi.org/10.3897/zookeys.942.47983"
1130,湘南角蟾,Megophrys xiangnanensis,湖南,新种表,新种描述，转入 CHNR_new_species,"Zhi-Tong Lyu and Yuan-Qiu Li and Zhao-Chi Zeng and Jian Zhao and Zu-Yao Liu and Guo-Xin Guo and Ying-Yong Wang (2020). Four new species of Asian horned toads (Anura, Megophryidae, Megophrys) from southern China ZooKeys, 942, 105–140 https://doi.org/10.3897/zookeys.942.47983"
1131,阳明山角蟾,Megophrys yangmingensis,湖南,新种表,新种描述，转入 CHNR_new_species,"Zhi-Tong Lyu and Yuan-Qiu Li and Zhao-Chi Zeng and Jian Zhao and Zu-Yao Liu and Guo-Xin Guo and Ying-Yong Wang (2020). Four new species of Asian horned toads (Anura, Megophryidae, Megophrys) from southern China ZooKeys, 942, 105–140 https://doi.org/10.3897/zookeys.942.47983"
1132,花坪角蟾,Megophrys mirabilis,广西,新种表,新种描述，转入 CHNR_new_species,"Zhi-Tong Lyu and Yuan-Qiu Li and Zhao-Chi Zeng and Jian Zhao and Zu-Yao Liu and Guo-Xin Guo and Ying-Yong Wang (2020). Four new species of Asian horned toads (Anura, Megophryidae, Megophrys) from southern China ZooKeys, 942, 105–140 https://doi.org/10.3897/zookeys.942.47983"
1133,石门台角蟾,Megophrys shimentaina,广东,新种表,新种描述，转入 CHNR_new_species,"Zhi-Tong Lyu and Yuan-Qiu Li and Zhao-Chi Zeng and Jian Zhao and Zu-Yao Liu and Guo-Xin Guo and Ying-Yong Wang (2020). Four new species of Asian horned toads (Anura, Megophryidae, Megophrys) from southern China ZooKeys, 942, 105–140 https://doi.org/10.3897/zookeys.942.47983"
1134,湘南角蟾,Megophrys xiangnanensis,湖南,新种表,新种描述，转入 CHNR_new_species,"Zhi-Tong Lyu and Yuan-Qiu Li and Zhao-Chi Zeng and Jian Zhao and Zu-Yao Liu and Guo-Xin Guo and Ying-Yong Wang (2020). Four new species of Asian horned toads (Anura, Megophryidae, Megophrys) from southern China ZooKeys, 942, 105–140 https://doi.org/10.3897/zookeys.942.47983"
1135,阳明山角蟾,Megophrys yangmingensis,湖南,新种表,新种描述，转入 CHNR_new_species,"Zhi-Tong Lyu and Yuan-Qiu Li and Zhao-Chi Zeng and Jian Zhao and Zu-Yao Liu and Guo-Xin Guo and Ying-Yong Wang (2020). Four new species of Asian horned toads (Anura, Megophryidae, Megophrys) from southern China ZooKeys, 942, 105–140 https://doi.org/10.3897/zookeys.942.47983"
1136,花坪角蟾,Megophrys mirabilis,广西,新种表,新种描述，转入 CHNR_new_species,"Zhi-Tong Lyu and Yuan-Qiu Li and Zhao-Chi Zeng and Jian Zhao and Zu-Yao Liu and Guo-Xin Guo and Ying-Yong Wang (2020). Four new species of Asian horned toads (Anura, Megophryidae, Megophrys) from southern China ZooKeys, 942, 105–140 https://doi.org/10.3897/zookeys.942.47983"
1137,腺棘琴蛙,Nidirana adenopleura,台湾、福建、浙江、江西,终审:转入新种表(建议·待复核),记录类型无法判定（原表未标注且引用无线索）,"Zhi-Tong Lyu and Ke-Yuan Dai and Yao Li and Han Wan and Zhe-Yi Liu and Shuo Qi and Si-Min Lin and Jian Wang and Yu-Long Li and Yang-Jin Zeng and Pi-Peng Li and Hong Pang and Ying-Yong Wang (2020). Comprehensive approaches reveal three cryptic species of genus Nidirana (Anura, Ranidae) from China ZooKeys, 914, 127–159 https://doi.org/10.3897/zookeys.914.36604"
1138,石门台角蟾,Megophrys shimentaina,广东,新种表,新种描述，转入 CHNR_new_species,"Zhi-Tong Lyu and Yuan-Qiu Li and Zhao-Chi Zeng and Jian Zhao and Zu-Yao Liu and Guo-Xin Guo and Ying-Yong Wang (2020). Four new species of Asian horned toads (Anura, Megophryidae, Megophrys) from southern China ZooKeys, 942, 105–140 https://doi.org/10.3897/zookeys.942.47983"
1139,湘南角蟾,Megophrys xiangnanensis,湖南,新种表,新种描述，转入 CHNR_new_species,"Zhi-Tong Lyu and Yuan-Qiu Li and Zhao-Chi Zeng and Jian Zhao and Zu-Yao Liu and Guo-Xin Guo and Ying-Yong Wang (2020). Four new species of Asian horned toads (Anura, Megophryidae, Megophrys) from southern China ZooKeys, 942, 105–140 https://doi.org/10.3897/zookeys.942.47983"
1140,阳明山角蟾,Megophrys yangmingensis,湖南,新种表,新种描述，转入 CHNR_new_species,"Zhi-Tong Lyu and Yuan-Qiu Li and Zhao-Chi Zeng and Jian Zhao and Zu-Yao Liu and Guo-Xin Guo and Ying-Yong Wang (2020). Four new species of Asian horned toads (Anura, Megophryidae, Megophrys) from southern China ZooKeys, 942, 105–140 https://doi.org/10.3897/zookeys.942.47983"
1141,花坪角蟾,Megophrys mirabilis,广西,新种表,新种描述，转入 CHNR_new_species,"Zhi-Tong Lyu and Yuan-Qiu Li and Zhao-Chi Zeng and Jian Zhao and Zu-Yao Liu and Guo-Xin Guo and Ying-Yong Wang (2020). Four new species of Asian horned toads (Anura, Megophryidae, Megophrys) from southern China ZooKeys, 942, 105–140 https://doi.org/10.3897/zookeys.942.47983"
1142,石门台角蟾,Megophrys shimentaina,广东,新种表,新种描述，转入 CHNR_new_species,"Zhi-Tong Lyu and Yuan-Qiu Li and Zhao-Chi Zeng and Jian Zhao and Zu-Yao Liu and Guo-Xin Guo and Ying-Yong Wang (2020). Four new species of Asian horned toads (Anura, Megophryidae, Megophrys) from southern China ZooKeys, 942, 105–140 https://doi.org/10.3897/zookeys.942.47983"
1143,湘南角蟾,Megophrys xiangnanensis,湖南,新种表,新种描述，转入 CHNR_new_species,"Zhi-Tong Lyu and Yuan-Qiu Li and Zhao-Chi Zeng and Jian Zhao and Zu-Yao Liu and Guo-Xin Guo and Ying-Yong Wang (2020). Four new species of Asian horned toads (Anura, Megophryidae, Megophrys) from southern China ZooKeys, 942, 105–140 https://doi.org/10.3897/zookeys.942.47983"
1144,阳明山角蟾,Megophrys yangmingensis,湖南,新种表,新种描述，转入 CHNR_new_species,"Zhi-Tong Lyu and Yuan-Qiu Li and Zhao-Chi Zeng and Jian Zhao and Zu-Yao Liu and Guo-Xin Guo and Ying-Yong Wang (2020). Four new species of Asian horned toads (Anura, Megophryidae, Megophrys) from southern China ZooKeys, 942, 105–140 https://doi.org/10.3897/zookeys.942.47983"
1145,腺耳琴蛙,Nidirana adenopleura,台湾、福建、浙江、江西,终审:转入新种表(建议·待复核),记录类型无法判定（原表未标注且引用无线索）,"Zhi-Tong Lyu and Ke-Yuan Dai and Yao Li and Han Wan and Zhe-Yi Liu and Shuo Qi and Si-Min Lin and Jian Wang and Yu-Long Li and Yang-Jin Zeng and Pi-Peng Li and Hong Pang and Ying-Yong Wang (2020). Comprehensive approaches reveal three cryptic species of genus Nidirana (Anura, Ranidae) from China ZooKeys, 914, 127–159 https://doi.org/10.3897/zookeys.914.36604"
1146,花坪角蟾,Megophrys mirabilis,广西,新种表,新种描述，转入 CHNR_new_species,"Zhi-Tong Lyu and Yuan-Qiu Li and Zhao-Chi Zeng and Jian Zhao and Zu-Yao Liu and Guo-Xin Guo and Ying-Yong Wang (2020). Four new species of Asian horned toads (Anura, Megophryidae, Megophrys) from southern China ZooKeys, 942, 105–140 https://doi.org/10.3897/zookeys.942.47983"
1147,努江蝮,Gloydius lipipengi,西藏,新种表,新种描述，转入 CHNR_new_species,"Jing-Song Shi and Jin-Cheng Liu and Rohit Giri and John Benjamin Owens and Vishal Santra and Sourish Kuttalam and Melvin Selvan and Ke-Ji Guo and Anita Malhotra (2021). Molecular phylogenetic analysis of the genus Gloydius (Squamata, Viperidae, Crotalinae), with description of two new alpine species from Qinghai-Tibet Plateau, China ZooKeys, 1061, 87–108 https://doi.org/10.3897/zookeys.1061.70420"
1148,SWILD蝮,Gloydius swild,四川,新种表,新种描述，转入 CHNR_new_species,"Jing-Song Shi and Jin-Cheng Liu and Rohit Giri and John Benjamin Owens and Vishal Santra and Sourish Kuttalam and Melvin Selvan and Ke-Ji Guo and Anita Malhotra (2021). Molecular phylogenetic analysis of the genus Gloydius (Squamata, Viperidae, Crotalinae), with description of two new alpine species from Qinghai-Tibet Plateau, China ZooKeys, 1061, 87–108 https://doi.org/10.3897/zookeys.1061.70420"
1149,石门台角蟾,Megophrys shimentaina,广东,新种表,新种描述，转入 CHNR_new_species,"Zhi-Tong Lyu and Yuan-Qiu Li and Zhao-Chi Zeng and Jian Zhao and Zu-Yao Liu and Guo-Xin Guo and Ying-Yong Wang (2020). Four new species of Asian horned toads (Anura, Megophryidae, Megophrys) from southern China ZooKeys, 942, 105–140 https://doi.org/10.3897/zookeys.942.47983"
1150,湘南角蟾,Megophrys xiangnanensis,湖南,新种表,新种描述，转入 CHNR_new_species,"Zhi-Tong Lyu and Yuan-Qiu Li and Zhao-Chi Zeng and Jian Zhao and Zu-Yao Liu and Guo-Xin Guo and Ying-Yong Wang (2020). Four new species of Asian horned toads (Anura, Megophryidae, Megophrys) from southern China ZooKeys, 942, 105–140 https://doi.org/10.3897/zookeys.942.47983"
1151,黄氏高原蝮,Gloydius huangi,西藏,终审:A4 排除(建议)-伴随物种记录,新种描述文献中的伴随物种记录，非明确新纪录事件,"Jing-Song Shi and Jin-Cheng Liu and Rohit Giri and John Benjamin Owens and Vishal Santra and Sourish Kuttalam and Melvin Selvan and Ke-Ji Guo and Anita Malhotra (2021). Molecular phylogenetic analysis of the genus Gloydius (Squamata, Viperidae, Crotalinae), with description of two new alpine species from Qinghai-Tibet Plateau, China ZooKeys, 1061, 87–108 https://doi.org/10.3897/zookeys.1061.70420"
1152,独山掌突蟾,Leptobrachella dushanensis,贵州,新种表,新种描述，转入 CHNR_new_species,"Shize Li and Wei Li and Yanlin Cheng and Jing Liu and Gang Wei and Bin Wang (2024). Description of a new Asian Leaf Litter Toad of the genus Leptobrachella Smith, 1925 (Anura, Megophryidae) from southern Guizhou Province, China Biodiversity Data Journal, 12 https://doi.org/10.3897/BDJ.12.e113427"
1153,实皆树蜥,Calotes irawadi,云南,事件表,省级新纪录事件（1省）,"Shuo Liu and Changsheng Zuo and Dingqi Rao (2021). Distribution extension of Calotes irawadi Zug, Brown, Schulte & Vindum, 2006, previously confused with C. versicolor (Daudin, 1802): first record from China Tongbiguan Nature https://doi.org/10.3897/herpetozoa.32.e62596"
1154,阳明山角蟾,Megophrys yangmingensis,湖南,新种表,新种描述，转入 CHNR_new_species,"Zhi-Tong Lyu and Yuan-Qiu Li and Zhao-Chi Zeng and Jian Zhao and Zu-Yao Liu and Guo-Xin Guo and Ying-Yong Wang (2020). Four new species of Asian horned toads (Anura, Megophryidae, Megophrys) from southern China ZooKeys, 942, 105–140 https://doi.org/10.3897/zookeys.942.47983"
1155,花坪角蟾,Megophrys mirabilis,广西,新种表,新种描述，转入 CHNR_new_species,"Zhi-Tong Lyu and Yuan-Qiu Li and Zhao-Chi Zeng and Jian Zhao and Zu-Yao Liu and Guo-Xin Guo and Ying-Yong Wang (2020). Four new species of Asian horned toads (Anura, Megophryidae, Megophrys) from southern China ZooKeys, 942, 105–140 https://doi.org/10.3897/zookeys.942.47983"
1156,石门台角蟾,Megophrys shimentaina,广东,新种表,新种描述，转入 CHNR_new_species,"Zhi-Tong Lyu and Yuan-Qiu Li and Zhao-Chi Zeng and Jian Zhao and Zu-Yao Liu and Guo-Xin Guo and Ying-Yong Wang (2020). Four new species of Asian horned toads (Anura, Megophryidae, Megophrys) from southern China ZooKeys, 942, 105–140 https://doi.org/10.3897/zookeys.942.47983"
1157,湘南角蟾,Megophrys xiangnanensis,湖南,新种表,新种描述，转入 CHNR_new_species,"Zhi-Tong Lyu and Yuan-Qiu Li and Zhao-Chi Zeng and Jian Zhao and Zu-Yao Liu and Guo-Xin Guo and Ying-Yong Wang (2020). Four new species of Asian horned toads (Anura, Megophryidae, Megophrys) from southern China ZooKeys, 942, 105–140 https://doi.org/10.3897/zookeys.942.47983"
1158,阳明山角蟾,Megophrys yangmingensis,湖南,新种表,新种描述，转入 CHNR_new_species,"Zhi-Tong Lyu and Yuan-Qiu Li and Zhao-Chi Zeng and Jian Zhao and Zu-Yao Liu and Guo-Xin Guo and Ying-Yong Wang (2020). Four new species of Asian horned toads (Anura, Megophryidae, Megophrys) from southern China ZooKeys, 942, 105–140 https://doi.org/10.3897/zookeys.942.47983"
1159,花坪角蟾,Megophrys mirabilis,广西,新种表,新种描述，转入 CHNR_new_species,"Zhi-Tong Lyu and Yuan-Qiu Li and Zhao-Chi Zeng and Jian Zhao and Zu-Yao Liu and Guo-Xin Guo and Ying-Yong Wang (2020). Four new species of Asian horned toads (Anura, Megophryidae, Megophrys) from southern China ZooKeys, 942, 105–140 https://doi.org/10.3897/zookeys.942.47983"
1160,武夷林蛙,Rana wuyiensis,福建,新种表,新种描述，转入 CHNR_new_species,"Yanqing Wu and Shengchao Shi and Huiguang Zhang and Weicai Chen and Bin Cai and Van Chung Hoang and Jun Wu and Bin Wang (2021). A new species of the genus Rana sensu lato Linnaeus, 1758 (Anura, Ranidae) from Wuyi Mountain, Fujian Province, China ZooKeys, 1065, 101–124 https://doi.org/10.3897/zookeys.1065.67005"
1161,河口小姬蛙,Micryletta hekouensis,云南,新种表,新种描述，转入 CHNR_new_species,"Shuo Liu and Mian Hou and Mingzhong Mo and Dingqi Rao (2021). A new species of Micryletta Dubois, 1987 (Anura, Microhylidae) from Yunnan Province, China Herpetozoa, 34, 131–140 https://doi.org/10.3897/herpetozoa.34.e69755"
1162,秦皇锦蛇,Elaphe xiphodonta,陕西,新种表,新种描述，转入 CHNR_new_species,"Shuo Qi and Jing-Song Shi and Yan-Bo Ma and Yi-Fei Gao and Shu-Hai Bu and L. Lee Grismer and Pi-Peng Li and Ying-Yong Wang (2021). A sheep in wolf's clothing: Elaphe xiphodonta sp. nov. (Squamata, Colubridae) and its possible mimicry to Protobothrops jerdonii ZooKeys, 1048, 23–47 https://doi.org/10.3897/zookeys.1048.65650"
1163,石门台角蟾,Megophrys shimentaina,广东,新种表,新种描述，转入 CHNR_new_species,"Zhi-Tong Lyu and Yuan-Qiu Li and Zhao-Chi Zeng and Jian Zhao and Zu-Yao Liu and Guo-Xin Guo and Ying-Yong Wang (2020). Four new species of Asian horned toads (Anura, Megophryidae, Megophrys) from southern China ZooKeys, 942, 105–140 https://doi.org/10.3897/zookeys.942.47983"
1164,湘南角蟾,Megophrys xiangnanensis,湖南,新种表,新种描述，转入 CHNR_new_species,"Zhi-Tong Lyu and Yuan-Qiu Li and Zhao-Chi Zeng and Jian Zhao and Zu-Yao Liu and Guo-Xin Guo and Ying-Yong Wang (2020). Four new species of Asian horned toads (Anura, Megophryidae, Megophrys) from southern China ZooKeys, 942, 105–140 https://doi.org/10.3897/zookeys.942.47983"
1165,阳明山角蟾,Megophrys yangmingensis,湖南,新种表,新种描述，转入 CHNR_new_species,"Zhi-Tong Lyu and Yuan-Qiu Li and Zhao-Chi Zeng and Jian Zhao and Zu-Yao Liu and Guo-Xin Guo and Ying-Yong Wang (2020). Four new species of Asian horned toads (Anura, Megophryidae, Megophrys) from southern China ZooKeys, 942, 105–140 https://doi.org/10.3897/zookeys.942.47983"
1166,蓝环蛇,Bungarus candidus,,终审:B7 坐标在境内可反推省份,新种描述文献中的伴随物种记录，非明确新纪录事件,"Ze-Ning Chen and Sheng-Chao Shi and Gernot Vogel and Li Ding and Jing-Song Shi (2021). Multiple lines of evidence reveal a new species of Krait (Squamata, Elapidae, Bungarus) from Southwestern China and Northern Myanmar ZooKeys, 1025, 35–71 https://doi.org/10.3897/zookeys.1025.62305"
1167,辛氏瘰螈,Tylototriton sini,广东,新种表,新种描述，转入 CHNR_new_species,"Zhi-Tong Lyu and Jian Wang and Zhao-Chi Zeng and Jia-Jun Zhou and Shuo Qi and Han Wan and You-Yu Li and Ying-Yong Wang (2021). A new species of the genus Tylototriton (Caudata, Salamandridae) from Guangdong, southern China, with discussion on the subgenera and species groups within the genus Vertebrate Zoology, 71, 697-710 https://doi.org/10.3897/vz.71.e73563"
1168,金沙掌突蟾,Leptobrachella jinshaensis,贵州,新种表,新种描述，转入 CHNR_new_species,"Yan-Lin Cheng and Sheng-Chao Shi and Jiaqi Li and Jing Liu and Shi-Ze Li and Bin Wang (2021). A new species of the Asian leaf litter toad genus Leptobrachella Smith, 1925 (Anura, Megophryidae) from northwest Guizhou Province, China ZooKeys, 1021, 81–107 https://doi.org/10.3897/zookeys.1021.60729"
1169,镇康裸趾虎,Cyrtodactylus zhenkangensis,云南,新种表,新种描述，转入 CHNR_new_species,"Shuo Liu & Dingqi Rao (2021). A new species of Cyrtodactylus Gray, 1827 (Squamata, Gekkonidae) from Yunnan, China ZooKeys, 1021, 109–126 https://doi.org/10.3897/zookeys.1021.60402"
1170,雪林后棱蛇,Pareas xuelinensis,云南,新种表,新种描述，转入 CHNR_new_species,"Shuo Liu & Dingqi Rao (2021). A new species of the genus Pareas (Squamata, Pareidae) from Yunnan, China ZooKeys, 1011, 121–138 https://doi.org/10.3897/zookeys.1011.59029"
1171,双生后棱蛇,Pareas geminatus,云南,排除,记录类型为'其他新纪录/再发现'等，未纳入省级新纪录事件表,"Shuo Liu & Dingqi Rao (2021). A new species of the genus Pareas (Squamata, Pareidae) from Yunnan, China ZooKeys, 1011, 121–138 https://doi.org/10.3897/zookeys.1011.59029"
1172,黑后棱蛇,Pareas niger,云南,排除,记录类型为'其他新纪录/再发现'等，未纳入省级新纪录事件表,"Shuo Liu & Dingqi Rao (2021). A new species of the genus Pareas (Squamata, Pareidae) from Yunnan, China ZooKeys, 1011, 121–138 https://doi.org/10.3897/zookeys.1011.59029"
1173,蒙自后棱蛇,Pareas mengziensis,,终审:A3 排除-无省份且无坐标,新种描述文献中的伴随物种记录，非明确新纪录事件,"Shuo Liu & Dingqi Rao (2021). A new species of the genus Pareas (Squamata, Pareidae) from Yunnan, China ZooKeys, 1011, 121–138 https://doi.org/10.3897/zookeys.1011.59029"
1174,花坪角蟾,Megophrys mirabilis,广西,新种表,新种描述，转入 CHNR_new_species,"Zhi-Tong Lyu and Yuan-Qiu Li and Zhao-Chi Zeng and Jian Zhao and Zu-Yao Liu and Guo-Xin Guo and Ying-Yong Wang (2020). Four new species of Asian horned toads (Anura, Megophryidae, Megophrys) from southern China ZooKeys, 942, 105–140 https://doi.org/10.3897/zookeys.942.47983"
1175,石门台角蟾,Megophrys shimentaina,广东,新种表,新种描述，转入 CHNR_new_species,"Zhi-Tong Lyu and Yuan-Qiu Li and Zhao-Chi Zeng and Jian Zhao and Zu-Yao Liu and Guo-Xin Guo and Ying-Yong Wang (2020). Four new species of Asian horned toads (Anura, Megophryidae, Megophrys) from southern China ZooKeys, 942, 105–140 https://doi.org/10.3897/zookeys.942.47983"
1176,湘南角蟾,Megophrys xiangnanensis,湖南,新种表,新种描述，转入 CHNR_new_species,"Zhi-Tong Lyu and Yuan-Qiu Li and Zhao-Chi Zeng and Jian Zhao and Zu-Yao Liu and Guo-Xin Guo and Ying-Yong Wang (2020). Four new species of Asian horned toads (Anura, Megophryidae, Megophrys) from southern China ZooKeys, 942, 105–140 https://doi.org/10.3897/zookeys.942.47983"
1177,九寨蝮,Gloydius lateralis,四川,新种表,新种描述，转入 CHNR_new_species,"Mei-Hua Zhang and Sheng-Chao Shi and Cheng Li and Peng Yan and Ping Wang and Li Ding and Jie Du and Anđelka Plenković-Moraj and Jian-Ping Jiang and Jing-Song Shi (2022). Exploring cryptic biodiversity in a world heritage site: a new pitviper (Squamata, Viperidae, Crotalinae) from Jiuzhaigou, Aba, Sichuan, China ZooKeys, 1114, 59–76 https://doi.org/10.3897/zookeys.1114.79709"
1178,阳明山角蟾,Megophrys yangmingensis,湖南,新种表,新种描述，转入 CHNR_new_species,"Zhi-Tong Lyu and Yuan-Qiu Li and Zhao-Chi Zeng and Jian Zhao and Zu-Yao Liu and Guo-Xin Guo and Ying-Yong Wang (2020). Four new species of Asian horned toads (Anura, Megophryidae, Megophrys) from southern China ZooKeys, 942, 105–140 https://doi.org/10.3897/zookeys.942.47983"
1179,花坪角蟾,Megophrys mirabilis,广西,新种表,新种描述，转入 CHNR_new_species,"Zhi-Tong Lyu and Yuan-Qiu Li and Zhao-Chi Zeng and Jian Zhao and Zu-Yao Liu and Guo-Xin Guo and Ying-Yong Wang (2020). Four new species of Asian horned toads (Anura, Megophryidae, Megophrys) from southern China ZooKeys, 942, 105–140 https://doi.org/10.3897/zookeys.942.47983"
1180,桂北琴蛙,Nidirana guibeiensis,广西,新种表,新种描述，转入 CHNR_new_species,"Wei-Cai Chen and Jian-Ping Ye and Wan-Xiao Peng and Peng Li and Tong-Ping Su and Gui-Dong Yu and Zhi-Ying Cheng (2022). A new species of Nidirana (Anura, Ranidae) from northern Guangxi, China ZooKeys, 1135, 119–137 https://doi.org/10.3897/zookeys.1135.94371"
1181,石门台角蟾,Megophrys shimentaina,广东,新种表,新种描述，转入 CHNR_new_species,"Zhi-Tong Lyu and Yuan-Qiu Li and Zhao-Chi Zeng and Jian Zhao and Zu-Yao Liu and Guo-Xin Guo and Ying-Yong Wang (2020). Four new species of Asian horned toads (Anura, Megophryidae, Megophrys) from southern China ZooKeys, 942, 105–140 https://doi.org/10.3897/zookeys.942.47983"
1182,湘南角蟾,Megophrys xiangnanensis,湖南,新种表,新种描述，转入 CHNR_new_species,"Zhi-Tong Lyu and Yuan-Qiu Li and Zhao-Chi Zeng and Jian Zhao and Zu-Yao Liu and Guo-Xin Guo and Ying-Yong Wang (2020). Four new species of Asian horned toads (Anura, Megophryidae, Megophrys) from southern China ZooKeys, 942, 105–140 https://doi.org/10.3897/zookeys.942.47983"
1183,阳明山角蟾,Megophrys yangmingensis,湖南,新种表,新种描述，转入 CHNR_new_species,"Zhi-Tong Lyu and Yuan-Qiu Li and Zhao-Chi Zeng and Jian Zhao and Zu-Yao Liu and Guo-Xin Guo and Ying-Yong Wang (2020). Four new species of Asian horned toads (Anura, Megophryidae, Megophrys) from southern China ZooKeys, 942, 105–140 https://doi.org/10.3897/zookeys.942.47983"
1184,奥氏棱鼻树蛙,Rhacophorus orlovi,云南,排除,记录类型为'其他新纪录/再发现'等，未纳入省级新纪录事件表,"Shuo Liu and Mian Hou and Yi Fan and Mingzhong Mo and Dingqi Rao (2022). First record of Theloderma khoii Ninh, Nguyen, Nguyen, Hoang, Siliyavong, Nguyen, Le, Le & Ziegler, 2022 from China, with confirmation of Rhacophorus orlovi Ziegler & Köhler, 2001 in China (Anura, Rhacophoridae) Herpetozoa, 35, 199-208 https://doi.org/10.3897/herpetozoa.35.e90607"
1185,花坪角蟾,Megophrys mirabilis,广西,新种表,新种描述，转入 CHNR_new_species,"Zhi-Tong Lyu and Yuan-Qiu Li and Zhao-Chi Zeng and Jian Zhao and Zu-Yao Liu and Guo-Xin Guo and Ying-Yong Wang (2020). Four new species of Asian horned toads (Anura, Megophryidae, Megophrys) from southern China ZooKeys, 942, 105–140 https://doi.org/10.3897/zookeys.942.47983"
1186,石门台角蟾,Megophrys shimentaina,湖南,新种表,新种描述，转入 CHNR_new_species,"Zhi-Tong Lyu and Yuan-Qiu Li and Zhao-Chi Zeng and Jian Zhao and Zu-Yao Liu and Guo-Xin Guo and Ying-Yong Wang (2020). Four new species of Asian horned toads (Anura, Megophryidae, Megophrys) from southern China ZooKeys, 942, 105–140 https://doi.org/10.3897/zookeys.942.47983"
1187,岭南浮蛙,Occidozyga lingnanica,广东,新种表,新种描述，转入 CHNR_new_species,"Zhi-Tong Lyu and Jian Wang and Zhao-Chi Zeng and Lin Luo and Yan-Wu Zhang and Chun-Peng Guo and Jin-Long Ren and Shuo Qi and Yun-Ming Mo and Ying-Yong Wang (2022). Taxonomic clarifications on the floating frogs (Anura: Dicroglossidae: Occidozyga sensu lato) in southeastern China Vertebrate Zoology, 72, 495–512 https://doi.org/10.3897/vz.72.e80019"
1188,中国浮蛙,Occidozyga obscura,广东、广西,排除,记录类型为'其他新纪录/再发现'等，未纳入省级新纪录事件表,"Zhi-Tong Lyu and Jian Wang and Zhao-Chi Zeng and Lin Luo and Yan-Wu Zhang and Chun-Peng Guo and Jin-Long Ren and Shuo Qi and Yun-Ming Mo and Ying-Yong Wang (2022). Taxonomic clarifications on the floating frogs (Anura: Dicroglossidae: Occidozyga sensu lato) in southeastern China Vertebrate Zoology, 72, 495–512 https://doi.org/10.3897/vz.72.e80019"
1189,花坪角蟾,Megophrys mirabilis,广西,新种表,新种描述，转入 CHNR_new_species,"Zhi-Tong Lyu and Yuan-Qiu Li and Zhao-Chi Zeng and Jian Zhao and Zu-Yao Liu and Guo-Xin Guo and Ying-Yong Wang (2020). Four new species of Asian horned toads (Anura, Megophryidae, Megophrys) from southern China ZooKeys, 942, 105–140 https://doi.org/10.3897/zookeys.942.47983"
1190,石门台角蟾,Megophrys shimentaina,湖南,新种表,新种描述，转入 CHNR_new_species,"Zhi-Tong Lyu and Yuan-Qiu Li and Zhao-Chi Zeng and Jian Zhao and Zu-Yao Liu and Guo-Xin Guo and Ying-Yong Wang (2020). Four new species of Asian horned toads (Anura, Megophryidae, Megophrys) from southern China ZooKeys, 942, 105–140 https://doi.org/10.3897/zookeys.942.47983"
1191,丹巴龙蜥,Diploderma danbaense,四川,新种表,新种描述，转入 CHNR_new_species,"Shuo Liu and Mian Hou and Natalia B. Ananjeva and Dingqi Rao (2023). Four new species of the genus Diploderma Hallowell, 1861 (Squamata, Agamidae) from China ZooKeys, 1148, 167–207 https://doi.org/10.3897/zookeys.1148.97706"
1192,东朗龙蜥,Diploderma donglangense,四川,新种表,新种描述，转入 CHNR_new_species,"Shuo Liu and Mian Hou and Natalia B. Ananjeva and Dingqi Rao (2023). Four new species of the genus Diploderma Hallowell, 1861 (Squamata, Agamidae) from China ZooKeys, 1148, 167–207 https://doi.org/10.3897/zookeys.1148.97706"
1193,九龙龙蜥,Diploderma jiulongense,四川,新种表,新种描述，转入 CHNR_new_species,"Shuo Liu and Mian Hou and Natalia B. Ananjeva and Dingqi Rao (2023). Four new species of the genus Diploderma Hallowell, 1861 (Squamata, Agamidae) from China ZooKeys, 1148, 167–207 https://doi.org/10.3897/zookeys.1148.97706"
1194,塔城龙蜥,Diploderma tachengense,云南,新种表,新种描述，转入 CHNR_new_species,"Shuo Liu and Mian Hou and Natalia B. Ananjeva and Dingqi Rao (2023). Four new species of the genus Diploderma Hallowell, 1861 (Squamata, Agamidae) from China ZooKeys, 1148, 167–207 https://doi.org/10.3897/zookeys.1148.97706"
1195,河口棱皮树蛙,Theloderma hekouense,云南,新种表,新种描述，转入 CHNR_new_species,"Lingyun Du and Jian Wang and Shuo Liu and Guohua Yu (2022). A new cryptic species in the Theloderma rhododiscus complex (Anura, Rhacophoridae) from China–Vietnam border regions ZooKeys, 1099, 123–138 https://doi.org/10.3897/zookeys.1099.80390"
1196,,Diploderma sp. nov. 1,四川,新种表,新种描述，转入 CHNR_new_species,"Shuo Liu and Mian Hou and Natalia B. Ananjeva and Dingqi Rao (2023). Four new species of the genus Diploderma Hallowell, 1861 (Squamata, Agamidae) from China ZooKeys, 1148, 167–207 https://doi.org/10.3897/zookeys.1148.97706"
1197,,Diploderma sp. nov. 2,四川,新种表,新种描述，转入 CHNR_new_species,"Shuo Liu and Mian Hou and Natalia B. Ananjeva and Dingqi Rao (2023). Four new species of the genus Diploderma Hallowell, 1861 (Squamata, Agamidae) from China ZooKeys, 1148, 167–207 https://doi.org/10.3897/zookeys.1148.97706"
1198,,Diploderma sp. nov. 3,四川,新种表,新种描述，转入 CHNR_new_species,"Shuo Liu and Mian Hou and Natalia B. Ananjeva and Dingqi Rao (2023). Four new species of the genus Diploderma Hallowell, 1861 (Squamata, Agamidae) from China ZooKeys, 1148, 167–207 https://doi.org/10.3897/zookeys.1148.97706"
1199,奥氏棱皮树蛙,Rhacophorus orlovi,云南,事件表,省级新纪录事件（1省）,"Shuo Liu and Mian Hou and Yi Fan and Mingzhong Mo and Dingqi Rao (2022). First record of Theloderma khoii Ninh, Nguyen, Nguyen, Hoang, Siliyavong, Nguyen, Le, Le & Ziegler, 2022 from China, with confirmation of Rhacophorus orlovi Ziegler & Köhler, 2001 in China (Anura, Rhacophoridae) Herpetozoa, 35, 199-208 https://doi.org/10.3897/herpetozoa.35.e90607"
1200,泰国蝘蜓,Lygosoma siamense,海南,事件表,省级新纪录事件（1省）,"Shuo Qi and Jin-Long Ren and Zeng Wang and Hao-Cong Yang and Ke Jiang (2022). On the occurrence of Lygosoma siamense Siler, Heitz, Davis, Freitas, Aowphol, Termprayoon & Grismer, 2018 (Squamata, Scincidae) in China Herpetozoa, 35, 51–58 https://doi.org/10.3897/herpetozoa.35.e80151"
1201,石门台掌突蟾,Leptobrachella shimentaina,广东,新种表,新种描述，转入 CHNR_new_species,"Jian Wang and Shuo Qi and Ke-Yuan Dai and Zhi-Tong Lyu and Zhao-Chi Zeng and Hong-Hui Chen and Yuan-Qiu Li and Yong-You Zhao and Yun-Ze Wang and Ying-Yong Wang (2022). A new Leptobrachella species (Anura, Megophryidae) from South China, with comments on the taxonomic status of L. chishuiensis and L. purpurus Life Science, 98(1) https://doi.org/10.3897/zse.98.73162"
1202,,Diploderma sp. nov. 4,云南,新种表,新种描述，转入 CHNR_new_species,"Shuo Liu and Mian Hou and Natalia B. Ananjeva and Dingqi Rao (2023). Four new species of the genus Diploderma Hallowell, 1861 (Squamata, Agamidae) from China ZooKeys, 1148, 167–207 https://doi.org/10.3897/zookeys.1148.97706"
1203,,Platysternon sp.,广西,新种表,新种描述，转入 CHNR_new_species,"Shiping Gong and Chatmongkon Suwannapoom and Minh Le and Truong Quang Nguyen and Yan Ge and Yufeng Wei and Yangchun Gao (2023). Genomic analyses reveal three phylogenetic species and their evolutionary histories in the big-headed turtle iScience, 26 https://doi.org/10.1016/j.isci.2023.107343"
1204,颈槽蛇,Rhabdophis nuchalis,湖南,终审:A1/B1 排除-同种同省已收录(再记录),记录类型无法判定（原表未标注且引用无线索）,"Qin Liu and Bing Lyu and Xinhong Xie and Yangmei Zeng and Peng Guo (2023). Genomic evidence sheds new light on phylogeny of Rhabdophis nuchalis (sensu lato) complex (Serpentes: Natricidae) Molecular Phylogenetics and Evolution, 189 https://doi.org/107893"
1205,九龙颈槽蛇,Rhabdophis pentasupralabialis,,终审:A3 排除-无省份且无坐标,记录类型无法判定（原表未标注且引用无线索）,"Qin Liu and Bing Lyu and Xinhong Xie and Yangmei Zeng and Peng Guo (2023). Genomic evidence sheds new light on phylogeny of Rhabdophis nuchalis (sensu lato) complex (Serpentes: Natricidae) Molecular Phylogenetics and Evolution, 189 https://doi.org/107893"
1206,中南树蜥,Calotes goetzi,菩萨,终审:C 排除-记录地为国外省区,记录类型无法判定（原表未标注且引用无线索）,"Wagner, Ihlow, Hartmann, Flecks, Schmitz & Böhme (2021). Helminthen bei Calotes goetzi (Squamata: Agamidae) aus Kambodscha SAURIA, 43(2), 85–86"
1207,红蹼树蛙,Rhacophorus rhodopus,,终审:A2 排除-即新种本种(新种表已收录),记录类型无法判定（原表未标注且引用无线索）,"Ping-Shin Lee and Ben Liu and Meng Ouyang and Ren-Da Ai and Xiao-Long Liu and Yan-Hong He and Ping-Qian Huang and Ying-Chun Li and R. S. Naveen and Zhi-Yong Yuan and Jin-Min Chen (2024). Hidden in the bamboo: A new parachuting frog (Rhacophoridae, Rhacophorus) from the borderlands of western China, with comments on the taxonomy of R. rhodopus Life Science, 100(3) https://doi.org/10.3897/zse.100.120224"
1208,那坡树蛙,Rhacophorus napoensis,,排除,国外记录（坐标在中国境外）,"Ping-Shin Lee and Ben Liu and Meng Ouyang and Ren-Da Ai and Xiao-Long Liu and Yan-Hong He and Ping-Qian Huang and Ying-Chun Li and R. S. Naveen and Zhi-Yong Yuan and Jin-Min Chen (2024). Hidden in the bamboo: A new parachuting frog (Rhacophoridae, Rhacophorus) from the borderlands of western China, with comments on the taxonomy of R. rhodopus Life Science, 100(3) https://doi.org/10.3897/zse.100.120224"
1209,盈江掌突蟾,Leptobrachella yingjiangensis,云南,终审:A4 排除(建议)-伴随物种记录,新种描述文献中的伴随物种记录，非明确新纪录事件,"Jin-Min Chen and Kai Xu and Nikolay A. Poyarkov and Kai Wang and Zhi-Yong Yuan and Mian Hou and Chatmongkon Suwannapoom and Jian Wang and Jing Che (2020). How little is known about “the little brown frogs”: description of three new species of the genus Leptobrachella (Anura: Megophryidae) from Yunnan Province, China https://doi.org/10.24272/j.issn.2095-8137.2020.036"
1210,苔斑臭蛙,Odorrana concelata,广东,新种表,新种描述，转入 CHNR_new_species,"Shi-Shi Lin and Yuan-Hang Li and Hong-Lin Su and Hui Yi and Zhong Pan and Yan-Jun Sun and Zhao-Chi Zeng and Jian Wang (2022). Discovery of a new limestone karst-restricted odorous frog from northern Guangdong, China (Anura, Ranidae, Odorrana) ZooKeys, 1120, 47–66 https://doi.org/10.3897/zookeys.1120.87067"
1211,,Leptobrachella sp. nov. 1,云南,新种表,新种描述，转入 CHNR_new_species,"Jin-Min Chen and Kai Xu and Nikolay A. Poyarkov and Kai Wang and Zhi-Yong Yuan and Mian Hou and Chatmongkon Suwannapoom and Jian Wang and Jing Che (2020). How little is known about “the little brown frogs”: description of three new species of the genus Leptobrachella (Anura: Megophryidae) from Yunnan Province, China https://doi.org/10.24272/j.issn.2095-8137.2020.036"
1212,,Leptobrachella sp. nov. 2,云南,新种表,新种描述，转入 CHNR_new_species,"Jin-Min Chen and Kai Xu and Nikolay A. Poyarkov and Kai Wang and Zhi-Yong Yuan and Mian Hou and Chatmongkon Suwannapoom and Jian Wang and Jing Che (2020). How little is known about “the little brown frogs”: description of three new species of the genus Leptobrachella (Anura: Megophryidae) from Yunnan Province, China https://doi.org/10.24272/j.issn.2095-8137.2020.036"
1213,,Leptobrachella cf.,云南,排除,属级记录，非种级事件,"Jin-Min Chen and Kai Xu and Nikolay A. Poyarkov and Kai Wang and Zhi-Yong Yuan and Mian Hou and Chatmongkon Suwannapoom and Jian Wang and Jing Che (2020). How little is known about “the little brown frogs”: description of three new species of the genus Leptobrachella (Anura: Megophryidae) from Yunnan Province, China https://doi.org/10.24272/j.issn.2095-8137.2020.036"
1214,,Leptobrachella sp. nov. 1,云南,新种表,新种描述，转入 CHNR_new_species,"Jin-Min Chen and Kai Xu and Nikolay A. Poyarkov and Kai Wang and Zhi-Yong Yuan and Mian Hou and Chatmongkon Suwannapoom and Jian Wang and Jing Che (2020). How little is known about “the little brown frogs”: description of three new species of the genus Leptobrachella (Anura: Megophryidae) from Yunnan Province, China Life Science https://doi.org/10.24272/j.issn.2095-8137.2020.036"
1215,,Leptobrachella sp. nov. 2,云南,新种表,新种描述，转入 CHNR_new_species,"Jin-Min Chen and Kai Xu and Nikolay A. Poyarkov and Kai Wang and Zhi-Yong Yuan and Mian Hou and Chatmongkon Suwannapoom and Jian Wang and Jing Che (2020). How little is known about “the little brown frogs”: description of three new species of the genus Leptobrachella (Anura: Megophryidae) from Yunnan Province, China Life Science https://doi.org/10.24272/j.issn.2095-8137.2020.036"
1216,,Leptobrachella sp. nov. 3,云南,新种表,新种描述，转入 CHNR_new_species,"Jin-Min Chen and Kai Xu and Nikolay A. Poyarkov and Kai Wang and Zhi-Yong Yuan and Mian Hou and Chatmongkon Suwannapoom and Jian Wang and Jing Che (2020). How little is known about “the little brown frogs”: description of three new species of the genus Leptobrachella (Anura: Megophryidae) from Yunnan Province, China Life Science https://doi.org/10.24272/j.issn.2095-8137.2020.036"
1217,盈江掌突蟾,Leptobrachella yingjiangensis,云南,终审:A4 排除(建议)-伴随物种记录,新种描述文献中的伴随物种记录，非明确新纪录事件,"Jin-Min Chen and Kai Xu and Nikolay A. Poyarkov and Kai Wang and Zhi-Yong Yuan and Mian Hou and Chatmongkon Suwannapoom and Jian Wang and Jing Che (2020). How little is known about “the little brown frogs”: description of three new species of the genus Leptobrachella (Anura: Megophryidae) from Yunnan Province, China Life Science https://doi.org/10.24272/j.issn.2095-8137.2020.036"
1218,,Leptobrachella cf.,云南,排除,属级记录，非种级事件,"Jin-Min Chen and Kai Xu and Nikolay A. Poyarkov and Kai Wang and Zhi-Yong Yuan and Mian Hou and Chatmongkon Suwannapoom and Jian Wang and Jing Che (2020). How little is known about “the little brown frogs”: description of three new species of the genus Leptobrachella (Anura: Megophryidae) from Yunnan Province, China Life Science https://doi.org/10.24272/j.issn.2095-8137.2020.036"
1219,葡萄湍蛙,Amolops putaoensis,云南,事件表,省级新纪录事件（1省）,"Yin-Peng Zhang and Xiao-Long Liu and Bryan L. Stuart and Dong-Yi Wu and Yu-Fan Wang and Jing Che and Zhi-Yong Yuan (2022). Amolops putaoensis Gan, Qin, Lwin, Li, Quan, Liu & Yu, 2020, a newly recorded torrent frog for China Natural Science https://doi.org/10.3897/herpetozoa.35.e94745"
1220,,Leptobrachella,,排除,属级记录，非种级事件,"Jin-Min Chen and Kai Xu and Nikolay A. Poyarkov and Kai Wang and Zhi-Yong Yuan and Mian Hou and Chatmongkon Suwannapoom and Jian Wang and Jing Che (2020). How little is known about “the little brown frogs”: description of three new species of the genus Leptobrachella (Anura: Megophryidae) from Yunnan Province, China Life Science https://doi.org/10.24272/j.issn.2095-8137.2020.036"
1221,盈江掌突蟾,Leptobrachella yingjiangensis,云南,终审:A4 排除(建议)-伴随物种记录,新种描述文献中的伴随物种记录，非明确新纪录事件,"Jin-Min Chen and Kai Xu and Nikolay A. Poyarkov and Kai Wang and Zhi-Yong Yuan and Mian Hou and Chatmongkon Suwannapoom and Jian Wang and Jing Che (2020). How little is known about “the little brown frogs”: description of three new species of the genus Leptobrachella (Anura: Megophryidae) from Yunnan Province, China Life Science https://doi.org/10.24272/j.issn.2095-8137.2020.036"
1222,,Leptobrachella sp. nov. 1,云南,新种表,新种描述，转入 CHNR_new_species,"Jin-Min Chen and Kai Xu and Nikolay A. Poyarkov and Kai Wang and Zhi-Yong Yuan and Mian Hou and Chatmongkon Suwannapoom and Jian Wang and Jing Che (2020). How little is known about “the little brown frogs”: description of three new species of the genus Leptobrachella (Anura: Megophryidae) from Yunnan Province, China Life Science https://doi.org/10.24272/j.issn.2095-8137.2020.036"
1223,,Leptobrachella sp. nov. 2,云南,新种表,新种描述，转入 CHNR_new_species,"Jin-Min Chen and Kai Xu and Nikolay A. Poyarkov and Kai Wang and Zhi-Yong Yuan and Mian Hou and Chatmongkon Suwannapoom and Jian Wang and Jing Che (2020). How little is known about “the little brown frogs”: description of three new species of the genus Leptobrachella (Anura: Megophryidae) from Yunnan Province, China Life Science https://doi.org/10.24272/j.issn.2095-8137.2020.036"
1224,阮氏溪蛙,Limnonectes nguyenorum,云南,事件表,省级新纪录事件（1省）,"Shuo Liu and Mingzhong Mo and Dingqi Rao (2022). First country record of the fanged frog Limnonectes nguyenorum McLeod, Kurlbaum & Hoang, 2015 (Anura, Dicroglossidae) in China Herpetozoa, 35, 1-7 https://doi.org/10.3897/herpetozoa.35.e78015"
1225,,Leptobrachella sp. nov. 3,云南,新种表,新种描述，转入 CHNR_new_species,"Jin-Min Chen and Kai Xu and Nikolay A. Poyarkov and Kai Wang and Zhi-Yong Yuan and Mian Hou and Chatmongkon Suwannapoom and Jian Wang and Jing Che (2020). How little is known about “the little brown frogs”: description of three new species of the genus Leptobrachella (Anura: Megophryidae) from Yunnan Province, China Life Science https://doi.org/10.24272/j.issn.2095-8137.2020.036"
1226,,Leptobrachella cf.,云南,排除,属级记录，非种级事件,"Jin-Min Chen and Kai Xu and Nikolay A. Poyarkov and Kai Wang and Zhi-Yong Yuan and Mian Hou and Chatmongkon Suwannapoom and Jian Wang and Jing Che (2020). How little is known about “the little brown frogs”: description of three new species of the genus Leptobrachella (Anura: Megophryidae) from Yunnan Province, China Life Science https://doi.org/10.24272/j.issn.2095-8137.2020.036"
1227,,Leptobrachella,,排除,属级记录，非种级事件,"Jin-Min Chen and Kai Xu and Nikolay A. Poyarkov and Kai Wang and Zhi-Yong Yuan and Mian Hou and Chatmongkon Suwannapoom and Jian Wang and Jing Che (2020). How little is known about “the little brown frogs”: description of three new species of the genus Leptobrachella (Anura: Megophryidae) from Yunnan Province, China https://doi.org/10.24272/j.issn.2095-8137.2020.036"
1228,,Leptobrachella yingjiangensis,云南,终审:A4 排除(建议)-伴随物种记录,新种描述文献中的伴随物种记录，非明确新纪录事件,"Jin-Min Chen and Kai Xu and Nikolay A. Poyarkov and Kai Wang and Zhi-Yong Yuan and Mian Hou and Chatmongkon Suwannapoom and Jian Wang and Jing Che (2020). How little is known about “the little brown frogs”: description of three new species of the genus Leptobrachella (Anura: Megophryidae) from Yunnan Province, China https://doi.org/10.24272/j.issn.2095-8137.2020.036"
1229,,Leptobrachella sp. nov. 1,云南,新种表,新种描述，转入 CHNR_new_species,"Jin-Min Chen and Kai Xu and Nikolay A. Poyarkov and Kai Wang and Zhi-Yong Yuan and Mian Hou and Chatmongkon Suwannapoom and Jian Wang and Jing Che (2020). How little is known about “the little brown frogs”: description of three new species of the genus Leptobrachella (Anura: Megophryidae) from Yunnan Province, China https://doi.org/10.24272/j.issn.2095-8137.2020.036"
1230,,Leptobrachella sp. nov. 2,云南,新种表,新种描述，转入 CHNR_new_species,"Jin-Min Chen and Kai Xu and Nikolay A. Poyarkov and Kai Wang and Zhi-Yong Yuan and Mian Hou and Chatmongkon Suwannapoom and Jian Wang and Jing Che (2020). How little is known about “the little brown frogs”: description of three new species of the genus Leptobrachella (Anura: Megophryidae) from Yunnan Province, China https://doi.org/10.24272/j.issn.2095-8137.2020.036"
1231,,Leptobrachella sp. nov. 3,云南,新种表,新种描述，转入 CHNR_new_species,"Jin-Min Chen and Kai Xu and Nikolay A. Poyarkov and Kai Wang and Zhi-Yong Yuan and Mian Hou and Chatmongkon Suwannapoom and Jian Wang and Jing Che (2020). How little is known about “the little brown frogs”: description of three new species of the genus Leptobrachella (Anura: Megophryidae) from Yunnan Province, China https://doi.org/10.24272/j.issn.2095-8137.2020.036"
1232,中国树蜥,Calotes wangi,广西,新种表,新种描述，转入 CHNR_new_species,"Yong Huang and Hongyu Li and Yilin Wang and Maojin Li and Mian Hou and Bo Cai (2023). Taxonomic review of the Calotes versicolor complex (Agamidae, Sauria, Squamata) in China, with description of a new species and subspecies 63 https://doi.org/10.3897/zookeys.1187.110704"
1233,中国树蜥雷公马亚种,Calotes wangi hainanensis,海南,新种表,新种描述，转入 CHNR_new_species,"Yong Huang and Hongyu Li and Yilin Wang and Maojin Li and Mian Hou and Bo Cai (2023). Taxonomic review of the Calotes versicolor complex (Agamidae, Sauria, Squamata) in China, with description of a new species and subspecies 63 https://doi.org/10.3897/zookeys.1187.110704"
1234,伊江树蜥,Calotes irawadi,云南,排除,记录类型为'其他新纪录/再发现'等，未纳入省级新纪录事件表,"Yong Huang and Hongyu Li and Yilin Wang and Maojin Li and Mian Hou and Bo Cai (2023). Taxonomic review of the Calotes versicolor complex (Agamidae, Sauria, Squamata) in China, with description of a new species and subspecies 63 https://doi.org/10.3897/zookeys.1187.110704"
1235,,Leptobrachella cf.,云南,排除,属级记录，非种级事件,"Jin-Min Chen and Kai Xu and Nikolay A. Poyarkov and Kai Wang and Zhi-Yong Yuan and Mian Hou and Chatmongkon Suwannapoom and Jian Wang and Jing Che (2020). How little is known about “the little brown frogs”: description of three new species of the genus Leptobrachella (Anura: Megophryidae) from Yunnan Province, China https://doi.org/10.24272/j.issn.2095-8137.2020.036"
1236,,Hygrobates salamandrarum,,排除,非两爬/问题条目：非两爬/问题条目:水螨(蛛形纲);year(2003)与发表年份(2002)不一致,"Tom GOLDSCHMIDT and Reinhard GERECKE and Gerd ALBERTI (2002). Hygrobates salamandrarum sp. nov. (Acari, Hydrachnidia, Hygrobatidae) from China: the First Record of a Freshwater Mite Parasitizing Newts (Amphibia, Urodela) , 241(04), 297"
1237,,Thermacarus,,排除,非两爬/问题条目：非两爬/问题条目:水螨(蛛形纲);year(2003)与发表年份(2002)不一致,"Tom GOLDSCHMIDT and Reinhard GERECKE and Gerd ALBERTI (2002). Hygrobates salamandrarum sp. nov. (Acari, Hydrachnidia, Hygrobatidae) from China: the First Record of a Freshwater Mite Parasitizing Newts (Amphibia, Urodela) , 241(04), 297"
1238,,Astacocroton molle,,排除,非两爬/问题条目：非两爬/问题条目:螯虾鳃腔共生扁虫/螨类记录;year(2003)与发表年份(2002)不一致,"Tom GOLDSCHMIDT and Reinhard GERECKE and Gerd ALBERTI (2002). Hygrobates salamandrarum sp. nov. (Acari, Hydrachnidia, Hygrobatidae) from China: the First Record of a Freshwater Mite Parasitizing Newts (Amphibia, Urodela) , 241(04), 297"
1239,,Parasitalbia sumatrensis,苏门答腊,排除,非两爬/问题条目：非两爬/问题条目:水螨(蛛形纲);year(2003)与发表年份(2002)不一致,"Tom GOLDSCHMIDT and Reinhard GERECKE and Gerd ALBERTI (2002). Hygrobates salamandrarum sp. nov. (Acari, Hydrachnidia, Hygrobatidae) from China: the First Record of a Freshwater Mite Parasitizing Newts (Amphibia, Urodela) , 241(04), 297"
1240,,Unionicola intermedia,,排除,非两爬/问题条目：非两爬/问题条目:水螨(蛛形纲);year(2003)与发表年份(2002)不一致,"Tom GOLDSCHMIDT and Reinhard GERECKE and Gerd ALBERTI (2002). Hygrobates salamandrarum sp. nov. (Acari, Hydrachnidia, Hygrobatidae) from China: the First Record of a Freshwater Mite Parasitizing Newts (Amphibia, Urodela) , 241(04), 297"
1241,,Unionicola,,排除,非两爬/问题条目：非两爬/问题条目:水螨(蛛形纲);year(2003)与发表年份(2002)不一致,"Tom GOLDSCHMIDT and Reinhard GERECKE and Gerd ALBERTI (2002). Hygrobates salamandrarum sp. nov. (Acari, Hydrachnidia, Hygrobatidae) from China: the First Record of a Freshwater Mite Parasitizing Newts (Amphibia, Urodela) , 241(04), 297"
1242,,Echinanthera amoena,,终审:C 排除-坐标在境外,记录类型无法判定（原表未标注且引用无线索）,"Arthur D. Abegg and Alfredo P. Santos Jr. and Henrique C. Costa and Jaqueline Battilana and Roberta Graboski and Fernanda S. L. Vianna and Weverton S. Azevedo and Nelson J. R. Fagundes and Clément M. Castille and Pedro C. Prado and Sandro L. Bonatto and Hussam Zaher and Felipe G. Grazziotin (2022). Increasing taxon sampling suggests a complete taxonomic rearrangement in Echinantherini (Serpentes: Dipsadidae) Frontiers in Ecology and Evolution, 10 https://doi.org/10.3389/fevo.2022.969263"
1243,侗掌突蟾,Leptobrachella dong,湖南、贵州,新种表,新种描述，转入 CHNR_new_species,"Jing Liu and Shengchao Shi and Shize Li and Mengfei Zhang and Sunjun Xiang and Gang Wei and Bin Wang (2023). A new Asian leaf litter toad of the genus Leptobrachella (Amphibia, Anura, Megophryidae) from central south China ZooKeys, 1149, 103–134 https://doi.org/10.3897/zookeys.1149.85895"
1244,,Taeniophallus nebularis,,排除,国外新种描述（坐标在中国境外）,"Arthur D. Abegg and Alfredo P. Santos Jr. and Henrique C. Costa and Jaqueline Battilana and Roberta Graboski and Fernanda S. L. Vianna and Weverton S. Azevedo and Nelson J. R. Fagundes and Clément M. Castille and Pedro C. Prado and Sandro L. Bonatto and Hussam Zaher and Felipe G. Grazziotin (2022). Increasing taxon sampling suggests a complete taxonomic rearrangement in Echinantherini (Serpentes: Dipsadidae) Frontiers in Ecology and Evolution, 10 https://doi.org/10.3389/fevo.2022.969263"
1245,,Echinanthera cephalostriata,,终审:A3 排除-无省份且无坐标,记录类型无法判定（原表未标注且引用无线索）,"Arthur D. Abegg and Alfredo P. Santos Jr. and Henrique C. Costa and Jaqueline Battilana and Roberta Graboski and Fernanda S. L. Vianna and Weverton S. Azevedo and Nelson J. R. Fagundes and Clément M. Castille and Pedro C. Prado and Sandro L. Bonatto and Hussam Zaher and Felipe G. Grazziotin (2022). Increasing taxon sampling suggests a complete taxonomic rearrangement in Echinantherini (Serpentes: Dipsadidae) Frontiers in Ecology and Evolution, 10 https://doi.org/10.3389/fevo.2022.969263"
1246,,Sordellina,,终审:A3 排除-无省份且无坐标,记录类型无法判定（原表未标注且引用无线索）,"Arthur D. Abegg and Alfredo P. Santos Jr. and Henrique C. Costa and Jaqueline Battilana and Roberta Graboski and Fernanda S. L. Vianna and Weverton S. Azevedo and Nelson J. R. Fagundes and Clément M. Castille and Pedro C. Prado and Sandro L. Bonatto and Hussam Zaher and Felipe G. Grazziotin (2022). Increasing taxon sampling suggests a complete taxonomic rearrangement in Echinantherini (Serpentes: Dipsadidae) Frontiers in Ecology and Evolution, 10 https://doi.org/10.3389/fevo.2022.969263"
1247,塔成龙蜥,Diploderma tachengense,云南,新种表,新种描述，转入 CHNR_new_species,"Shuo Liu and Mian Hou and Natalia B. Ananjeva and Dingqi Rao (2023). Four new species of the genus Diploderma Hallowell, 1861 (Squamata, Agamidae) from China ZooKeys, 1148, 167–207 https://doi.org/10.3897/zookeys.1148.97706"
1248,滨海虎纹蛙,Hoplobatrachus litoralis,云南,事件表,省级新纪录事件（1省）,"Shuo Liu and Mian Hou and Dingqi Rao and Song Li (2023). First record of Hoplobatrachus litoralis Hasan, Kuramoto, Islam, Alam, Khan & Sumida, 2012 (Anura, Dicroglossidae) from China https://doi.org/10.3897/herpetozoa.36.e98669"
1249,,Echinanthera amoena,,终审:A3 排除-无省份且无坐标,记录类型无法判定（原表未标注且引用无线索）,"Arthur D. Abegg and Alfredo P. Santos Jr. and Henrique C. Costa and Jaqueline Battilana and Roberta Graboski and Fernanda S. L. Vianna and Weverton S. Azevedo and Nelson J. R. Fagundes and Clément M. Castille and Pedro C. Prado and Sandro L. Bonatto and Hussam Zaher and Felipe G. Grazziotin (2022). Increasing taxon sampling suggests a complete taxonomic rearrangement in Echinantherini (Serpentes: Dipsadidae) Frontiers in Ecology and Evolution, 10 https://doi.org/10.3389/fevo.2022.969263"
1250,广东溪蟾,Bufo exiguus,广东,新种表,新种描述，转入 CHNR_new_species,"Shuo Qi and Zhi-Tong Lyu and Han-Ming Song and Shi-Chao Wei and Qi-Feng Zhong and Ying-Yong Wang (2023). A new species of stream-living toad (Anura: Bufonidae: Bufo) from Guangdong, China Vertebrate Zoology, 73, 677–689 https://doi.org/10.3897/vz.73.e98558"
1251,庞达角蟾,Xenophrys pangdaensis,西藏,新种表,新种描述，转入 CHNR_new_species,"Guocheng Shu and Ke Li and Yayong Wu and Qin Liu and Zhongping He and Ling Li and He Zhang and Peng Guo (2023). A new species of Xenophrys (Amphibia, Anura, Megophryidae) from southern Tibet, China Life Science https://doi.org/10.3897/zookeys.1182.106828"
1252,亚东树蛙,Raorchestes yadongensis,西藏,终审:A4 排除(建议)-伴随物种记录,新种描述文献中的伴随物种记录，非明确新纪录事件,"Guocheng Shu and Ke Li and Yayong Wu and Qin Liu and Zhongping He and Ling Li and He Zhang and Peng Guo (2023). A new species of Xenophrys (Amphibia, Anura, Megophryidae) from southern Tibet, China Life Science https://doi.org/10.3897/zookeys.1182.106828"
1253,布氏倭蛙,Nanorana blanfordii,西藏,终审:A4 排除(建议)-伴随物种记录,新种描述文献中的伴随物种记录，非明确新纪录事件,"Guocheng Shu and Ke Li and Yayong Wu and Qin Liu and Zhongping He and Ling Li and He Zhang and Peng Guo (2023). A new species of Xenophrys (Amphibia, Anura, Megophryidae) from southern Tibet, China Life Science https://doi.org/10.3897/zookeys.1182.106828"
1254,喜马拉雅蟾蜍,Duttaphrynus himalayanus,西藏,终审:A4 排除(建议)-伴随物种记录,新种描述文献中的伴随物种记录，非明确新纪录事件,"Guocheng Shu and Ke Li and Yayong Wu and Qin Liu and Zhongping He and Ling Li and He Zhang and Peng Guo (2023). A new species of Xenophrys (Amphibia, Anura, Megophryidae) from southern Tibet, China Life Science https://doi.org/10.3897/zookeys.1182.106828"
1255,利氏倭蛙,Nanorana liebigii,西藏,终审:A4 排除(建议)-伴随物种记录,新种描述文献中的伴随物种记录，非明确新纪录事件,"Guocheng Shu and Ke Li and Yayong Wu and Qin Liu and Zhongping He and Ling Li and He Zhang and Peng Guo (2023). A new species of Xenophrys (Amphibia, Anura, Megophryidae) from southern Tibet, China Life Science https://doi.org/10.3897/zookeys.1182.106828"
1256,,Taeniophallus nebularis,,排除,国外新种描述（坐标在中国境外）,"Arthur D. Abegg and Alfredo P. Santos Jr. and Henrique C. Costa and Jaqueline Battilana and Roberta Graboski and Fernanda S. L. Vianna and Weverton S. Azevedo and Nelson J. R. Fagundes and Clément M. Castille and Pedro C. Prado and Sandro L. Bonatto and Hussam Zaher and Felipe G. Grazziotin (2022). Increasing taxon sampling suggests a complete taxonomic rearrangement in Echinantherini (Serpentes: Dipsadidae) Frontiers in Ecology and Evolution, 10 https://doi.org/10.3389/fevo.2022.969263"
1257,,Echinanthera cephalostriata,,终审:A3 排除-无省份且无坐标,记录类型无法判定（原表未标注且引用无线索）,"Arthur D. Abegg and Alfredo P. Santos Jr. and Henrique C. Costa and Jaqueline Battilana and Roberta Graboski and Fernanda S. L. Vianna and Weverton S. Azevedo and Nelson J. R. Fagundes and Clément M. Castille and Pedro C. Prado and Sandro L. Bonatto and Hussam Zaher and Felipe G. Grazziotin (2022). Increasing taxon sampling suggests a complete taxonomic rearrangement in Echinantherini (Serpentes: Dipsadidae) Frontiers in Ecology and Evolution, 10 https://doi.org/10.3389/fevo.2022.969263"
1258,,Sordellina,,终审:A3 排除-无省份且无坐标,记录类型无法判定（原表未标注且引用无线索）,"Arthur D. Abegg and Alfredo P. Santos Jr. and Henrique C. Costa and Jaqueline Battilana and Roberta Graboski and Fernanda S. L. Vianna and Weverton S. Azevedo and Nelson J. R. Fagundes and Clément M. Castille and Pedro C. Prado and Sandro L. Bonatto and Hussam Zaher and Felipe G. Grazziotin (2022). Increasing taxon sampling suggests a complete taxonomic rearrangement in Echinantherini (Serpentes: Dipsadidae) Frontiers in Ecology and Evolution, 10 https://doi.org/10.3389/fevo.2022.969263"
1259,,Taeniophallus occipitalis,,终审:A3 排除-无省份且无坐标,记录类型无法判定（原表未标注且引用无线索）,"Arthur D. Abegg and Alfredo P. Santos Jr. and Henrique C. Costa and Jaqueline Battilana and Roberta Graboski and Fernanda S. L. Vianna and Weverton S. Azevedo and Nelson J. R. Fagundes and Clément M. Castille and Pedro C. Prado and Sandro L. Bonatto and Hussam Zaher and Felipe G. Grazziotin (2022). Increasing taxon sampling suggests a complete taxonomic rearrangement in Echinantherini (Serpentes: Dipsadidae) Frontiers in Ecology and Evolution, 10 https://doi.org/10.3389/fevo.2022.969263"
1260,沈氏脊蛇,Achalinus sheni,湖南,新种表,新种描述，转入 CHNR_new_species,"Shun Ma and Yu-Hao Xu and Shuo Qi and Ying-Yong Wang and Shan-Shan Tang and Song Huang and Jian-Ping Jiang (2023). Discovery of a new cryptic Achalinus Peters, 1869 (Serpentes, Xenodermidae) species from Hunan Province, China 9 https://doi.org/10.3897/zookeys.1181.109462"
1261,洛扎齿突蟾,Scutiger luozhaensis,西藏,新种表,新种描述，转入 CHNR_new_species,"Sheng-Chao Shi and Lu-Lu Sui and Shun Ma and Fei-Rong Ji and A-Yi Bu-Dian and Jian-Ping Jiang (2023). A new Asian lazy toad of the genus Scutiger Theobald, 1868 (Anura, Megophryidae) from southern Tibet, China https://doi.org/10.3897/zookeys.1187.107958"
1262,布氏齿突蟾,Scutiger boulengeri,四川、西藏,终审:转入新种表(建议·待复核),记录类型无法判定（原表未标注且引用无线索）,"Sheng-Chao Shi and Lu-Lu Sui and Shun Ma and Fei-Rong Ji and A-Yi Bu-Dian and Jian-Ping Jiang (2023). A new Asian lazy toad of the genus Scutiger Theobald, 1868 (Anura, Megophryidae) from southern Tibet, China https://doi.org/10.3897/zookeys.1187.107958"
1263,,Scutiger ghunsa,塔普勒琼,终审:C 排除-记录地为国外省区,记录类型无法判定（原表未标注且引用无线索）,"Sheng-Chao Shi and Lu-Lu Sui and Shun Ma and Fei-Rong Ji and A-Yi Bu-Dian and Jian-Ping Jiang (2023). A new Asian lazy toad of the genus Scutiger Theobald, 1868 (Anura, Megophryidae) from southern Tibet, China https://doi.org/10.3897/zookeys.1187.107958"
1264,腺疣齿突蟾,Scutiger glandulatus,,终审:A3 排除-无省份且无坐标,记录类型无法判定（原表未标注且引用无线索）,"Sheng-Chao Shi and Lu-Lu Sui and Shun Ma and Fei-Rong Ji and A-Yi Bu-Dian and Jian-Ping Jiang (2023). A new Asian lazy toad of the genus Scutiger Theobald, 1868 (Anura, Megophryidae) from southern Tibet, China https://doi.org/10.3897/zookeys.1187.107958"
1265,瘤突齿突蟾,Scutiger mammatus,四川,终审:转入新种表(建议·待复核),记录类型无法判定（原表未标注且引用无线索）,"Sheng-Chao Shi and Lu-Lu Sui and Shun Ma and Fei-Rong Ji and A-Yi Bu-Dian and Jian-Ping Jiang (2023). A new Asian lazy toad of the genus Scutiger Theobald, 1868 (Anura, Megophryidae) from southern Tibet, China https://doi.org/10.3897/zookeys.1187.107958"
1266,吴氏齿突蟾,Scutiger wuguanfui,西藏,终审:转入新种表(建议·待复核),记录类型无法判定（原表未标注且引用无线索）,"Sheng-Chao Shi and Lu-Lu Sui and Shun Ma and Fei-Rong Ji and A-Yi Bu-Dian and Jian-Ping Jiang (2023). A new Asian lazy toad of the genus Scutiger Theobald, 1868 (Anura, Megophryidae) from southern Tibet, China https://doi.org/10.3897/zookeys.1187.107958"
1267,湖南脊蛇,Achalinus hunanensis,湖南,新种表,新种描述，转入 CHNR_new_species,"Shun Ma and Sheng-Chao Shi and Sun-Jun Xiang and Fu Shu and Jian-Ping Jiang (2023). A new species of Achalinus Peters, 1869 (Squamata, Xenodermidae) from Hunan Province, China Huaping Nature https://doi.org/10.3897/zookeys.1166.103055"
1268,,Echinanthera undulata,,终审:A3 排除-无省份且无坐标,记录类型无法判定（原表未标注且引用无线索）,"Arthur D. Abegg and Alfredo P. Santos Jr. and Henrique C. Costa and Jaqueline Battilana and Roberta Graboski and Fernanda S. L. Vianna and Weverton S. Azevedo and Nelson J. R. Fagundes and Clément M. Castille and Pedro C. Prado and Sandro L. Bonatto and Hussam Zaher and Felipe G. Grazziotin (2022). Increasing taxon sampling suggests a complete taxonomic rearrangement in Echinantherini (Serpentes: Dipsadidae) Frontiers in Ecology and Evolution, 10 https://doi.org/10.3389/fevo.2022.969263"
1269,,Echinanthera melanostigma,,终审:A3 排除-无省份且无坐标,记录类型无法判定（原表未标注且引用无线索）,"Arthur D. Abegg and Alfredo P. Santos Jr. and Henrique C. Costa and Jaqueline Battilana and Roberta Graboski and Fernanda S. L. Vianna and Weverton S. Azevedo and Nelson J. R. Fagundes and Clément M. Castille and Pedro C. Prado and Sandro L. Bonatto and Hussam Zaher and Felipe G. Grazziotin (2022). Increasing taxon sampling suggests a complete taxonomic rearrangement in Echinantherini (Serpentes: Dipsadidae) Frontiers in Ecology and Evolution, 10 https://doi.org/10.3389/fevo.2022.969263"
1270,,Taeniophallus nicagus,,终审:A3 排除-无省份且无坐标,记录类型无法判定（原表未标注且引用无线索）,"Arthur D. Abegg and Alfredo P. Santos Jr. and Henrique C. Costa and Jaqueline Battilana and Roberta Graboski and Fernanda S. L. Vianna and Weverton S. Azevedo and Nelson J. R. Fagundes and Clément M. Castille and Pedro C. Prado and Sandro L. Bonatto and Hussam Zaher and Felipe G. Grazziotin (2022). Increasing taxon sampling suggests a complete taxonomic rearrangement in Echinantherini (Serpentes: Dipsadidae) Frontiers in Ecology and Evolution, 10 https://doi.org/10.3389/fevo.2022.969263"
1271,,Hemiphyllodactylus,,排除,属级记录，非种级事件,"Hongxin Zhou and Xiuyan Li and Chaoying Yuan and Liangwei Cui and Shuo Liu and Dingqi Rao (2024). Integrative Taxonomy Revealed High Diversity of Hemiphyllodactylus Bleeker, 1860 (Squamata: Gekkonidae) and the Description of Three New Species from Yunnan Province, China Animals, 14, 3030 https://doi.org/10.3390/ani14203030"
1272,金沙掌突蟾,Leptobrachella jinshaensis,贵州,新种表,新种描述，转入 CHNR_new_species,"Yan-Lin Cheng and Sheng-Chao Shi and Jiaqi Li and Jing Liu and Shi-Ze Li and Bin Wang (2021). A new species of the Asian leaf litter toad genus Leptobrachella Smith, 1925 (Anura, Megophryidae) from northwest Guizhou Province, China ZooKeys, 1021, 81–107 https://doi.org/10.3897/zookeys.1021.60729"
1273,衡山角蟾,Boulenophrys hengshanensis,湖南,新种表,新种描述，转入 CHNR_new_species,"Tianyu Qian and Ke Hu and Xiaoyang Mo and Zhiwei Gao and Na Zhang and Daode Yang (2023). A new species of Boulenophrys from central Hunan Province, China (Anura: Megophryidae) Vertebrate Zoology, 73, 915–930 https://doi.org/10.3897/vz.73.e100889"
1274,越北姬蛙,Microhyla hmongorum,云南,事件表,省级新纪录事件（1省）,"Yun-He Wu and Zhong-Bin Yu and Chen-Qi Lu and Kasyoka Kilunda Felista and Shao-bing Hou and Jie-Qiong Jin and Jin-Min Chen and Dong-Ru Zhang and Zhi-Yong Yuan and Jing Che (2023). First national record of Microhyla hmongorum Hoang, Nguyen, Phan, Pham, Ninh, Wang, Jiang, Ziegler and Nguyen, 2022 (Anura, Microhylidae, Microhyla) in China Biodiversity Data Journal, 11 https://doi.org/10.3897/BDJ.11.e103580"
1275,云南半叶趾虎,Hemiphyllodactylus yunnanensis,云南,终审:A4 排除(建议)-伴随物种记录,新种描述文献中的伴随物种记录，非明确新纪录事件,"Hongxin Zhou and Xiuyan Li and Chaoying Yuan and Liangwei Cui and Shuo Liu and Dingqi Rao (2024). Integrative Taxonomy Revealed High Diversity of Hemiphyllodactylus Bleeker, 1860 (Squamata: Gekkonidae) and the Description of Three New Species from Yunnan Province, China Animals, 14, 3030 https://doi.org/10.3390/ani14203030"
1276,,Hemiphyllodactylus sp. nov. 1,云南,新种表,新种描述，转入 CHNR_new_species,"Hongxin Zhou and Xiuyan Li and Chaoying Yuan and Liangwei Cui and Shuo Liu and Dingqi Rao (2024). Integrative Taxonomy Revealed High Diversity of Hemiphyllodactylus Bleeker, 1860 (Squamata: Gekkonidae) and the Description of Three New Species from Yunnan Province, China Animals, 14, 3030 https://doi.org/10.3390/ani14203030"
1277,,Hemiphyllodactylus sp. nov. 2,云南,新种表,新种描述，转入 CHNR_new_species,"Hongxin Zhou and Xiuyan Li and Chaoying Yuan and Liangwei Cui and Shuo Liu and Dingqi Rao (2024). Integrative Taxonomy Revealed High Diversity of Hemiphyllodactylus Bleeker, 1860 (Squamata: Gekkonidae) and the Description of Three New Species from Yunnan Province, China Animals, 14, 3030 https://doi.org/10.3390/ani14203030"
1278,,Hemiphyllodactylus sp. nov. 3,云南,新种表,新种描述，转入 CHNR_new_species,"Hongxin Zhou and Xiuyan Li and Chaoying Yuan and Liangwei Cui and Shuo Liu and Dingqi Rao (2024). Integrative Taxonomy Revealed High Diversity of Hemiphyllodactylus Bleeker, 1860 (Squamata: Gekkonidae) and the Description of Three New Species from Yunnan Province, China Animals, 14, 3030 https://doi.org/10.3390/ani14203030"
1279,伊比利亚翠蜥,Lacerta schreiberi,,终审:A3 排除-无省份且无坐标,记录类型无法判定（原表未标注且引用无线索）,J. Abalos and F. de la Cruz and G. Pérez i de Lanuza & E. Font (2025). Intraspecific variation and detectability of iridescence in the dorsal coloration of a wall lizard https://doi.org/10.1111/jzo.70016
1280,普通石龙子,Podarcis muralis,,终审:A3 排除-无省份且无坐标,记录类型无法判定（原表未标注且引用无线索）,J. Abalos and F. de la Cruz and G. Pérez i de Lanuza & E. Font (2025). Intraspecific variation and detectability of iridescence in the dorsal coloration of a wall lizard https://doi.org/10.1111/jzo.70016
1281,凤凰乌龙蝾螈,Hypselotriton oolong,广东,新种表,新种描述，转入 CHNR_new_species,"Jian Wang and Zhao-Chi Zeng and Tian-Li Wei and Zhi-Tong Lyu (2024). Taxonomic determination of Hypselotriton populations distributed in eastern Guangdong, China (Caudata, Salamandridae), with description of a new species and a new subgenus Life Science, 100(3) https://doi.org/10.3897/zse.100.127268"
1282,隐华螈,Hypselotriton orphicus,广东,终审:A4 排除(建议)-伴随物种记录,新种描述文献中的伴随物种记录，非明确新纪录事件,"Jian Wang and Zhao-Chi Zeng and Tian-Li Wei and Zhi-Tong Lyu (2024). Taxonomic determination of Hypselotriton populations distributed in eastern Guangdong, China (Caudata, Salamandridae), with description of a new species and a new subgenus Life Science, 100(3) https://doi.org/10.3897/zse.100.127268"
1283,杰氏树蜥,Calotes jerdoni,梅加拉亚邦,终审:C 排除-记录地为国外省区,记录类型无法判定（原表未标注且引用无线索）,"Kai Wang and V. Deepak and Abhijit Das and L. Lee Grismer and Shuo Liu and Jing Che (2024). Systematic revision of the Calotes jerdoni complex (Reptilia: Squamata: Agamidae) in the Pan-Himalaya Vertebrate Zoology, 74, 169–192 https://doi.org/10.3897/vz.74.e109088"
1284,玛丽亚树蜥,Calotes maria,梅加拉亚邦,终审:C 排除-记录地为国外省区,记录类型无法判定（原表未标注且引用无线索）,"Kai Wang and V. Deepak and Abhijit Das and L. Lee Grismer and Shuo Liu and Jing Che (2024). Systematic revision of the Calotes jerdoni complex (Reptilia: Squamata: Agamidae) in the Pan-Himalaya Vertebrate Zoology, 74, 169–192 https://doi.org/10.3897/vz.74.e109088"
1285,墨脱树蜥,Calotes medogensis,西藏,终审:A4 排除(建议)-伴随物种记录,新种描述文献中的伴随物种记录，非明确新纪录事件,"Kai Wang and V. Deepak and Abhijit Das and L. Lee Grismer and Shuo Liu and Jing Che (2024). Systematic revision of the Calotes jerdoni complex (Reptilia: Squamata: Agamidae) in the Pan-Himalaya Vertebrate Zoology, 74, 169–192 https://doi.org/10.3897/vz.74.e109088"
1286,伊阿迪纳树蜥,Calotes iadina,钦邦,排除,国外新种描述（省份为外国地名）,"Kai Wang and V. Deepak and Abhijit Das and L. Lee Grismer and Shuo Liu and Jing Che (2024). Systematic revision of the Calotes jerdoni complex (Reptilia: Squamata: Agamidae) in the Pan-Himalaya Vertebrate Zoology, 74, 169–192 https://doi.org/10.3897/vz.74.e109088"
1287,云南树蜥,Calotes yunnanensis,云南,终审:排除-分类修订伴随,记录类型无法判定（原表未标注且引用无线索）,"Kai Wang and V. Deepak and Abhijit Das and L. Lee Grismer and Shuo Liu and Jing Che (2024). Systematic revision of the Calotes jerdoni complex (Reptilia: Squamata: Agamidae) in the Pan-Himalaya Vertebrate Zoology, 74, 169–192 https://doi.org/10.3897/vz.74.e109088"
1288,南山脊蛇,Achalinus nanshanensis,湖南,新种表,新种描述，转入 CHNR_new_species,"Hui Li and Le-Qiang Zhu and Bei Xiao and Jie Huang and Shao-Wu Wu and Li-Xun Yang and Zhi-Qiang Zhang and Xiao-Yang Mo (2023). A new species of the genus Achalinus (Squamata, Xenodermatidae) from southwest Hunan Province, China Life Science https://doi.org/10.3897/zookeys.1189.112784"
1289,叶氏泛蜥,Ablepharus eremchenkoi,新疆,事件表,省级新纪录事件（1省）,"Tao Liang and Qian-ru Liang and Jiang-miao Ran and Jing An and Ya-hui Huang and Peng Ding and Lei Shi (2024). Hiding in the valley: a new national record of Ablepharus eremchenkoi, with rediscovery of Ablepharus alaicus in China: phylogeny, morphology and natural history notes Herpetozoa, 37, 95–105 https://doi.org/10.3897/herpetozoa.37.e116071"
1290,阿赖山泛蜥,Ablepharus alaicus,新疆,排除,记录类型为'其他新纪录/再发现'等，未纳入省级新纪录事件表,"Tao Liang and Qian-ru Liang and Jiang-miao Ran and Jing An and Ya-hui Huang and Peng Ding and Lei Shi (2024). Hiding in the valley: a new national record of Ablepharus eremchenkoi, with rediscovery of Ablepharus alaicus in China: phylogeny, morphology and natural history notes Herpetozoa, 37, 95–105 https://doi.org/10.3897/herpetozoa.37.e116071"
1291,大明山竹叶蛙,Odorrana damingshanensis,广西,新种表,新种描述，转入 CHNR_new_species,"Wei-Cai Chen and Yun-Ming Mo and Li Lin and Kun Qin (2023). A new species of Odorrana Fei, Ye & Huang, 1990 (Amphibia, Anura, Ranidae) from central Guangxi, China with a discussion of the taxonomy of Odorrana (Bamburana) Damingshan National Nature https://doi.org/10.3897/zookeys.1190.109886"
1292,,Podarcis liolepis,,终审:C 排除-坐标在境外,记录类型无法判定（原表未标注且引用无线索）,J. Abalos and F. de la Cruz and G. Pérez i de Lanuza & E. Font (2025). Intraspecific variation and detectability of iridescence in the dorsal coloration of a wall lizard https://doi.org/10.1111/jzo.70016
1293,伊比利亚翠蜥,Lacerta schreiberi,,终审:A3 排除-无省份且无坐标,记录类型无法判定（原表未标注且引用无线索）,J. Abalos and F. de la Cruz and G. Pérez i de Lanuza & E. Font (2025). Intraspecific variation and detectability of iridescence in the dorsal coloration of a wall lizard https://doi.org/10.1111/jzo.70016
1294,川西两头蛇,Calamaria berezowskii,四川,排除,记录类型为'其他新纪录/再发现'等，未纳入省级新纪录事件表,"Ya-Ting Liang and Zi-Dan Huang and Li Ding and Gernot Vogel and Natalia B. Ananjeva and Nikolai L. Orlov and Sheng-Chao Shi and Zheng-Jun Wu and Ze-Ning Chen (2024). Revalidated after having been described more than a century ago: Calamaria berezowskii Günther, 1896 (Squamata, Colubridae) from Sichuan, Southwestern China Life Science, 100(3) https://doi.org/10.3897/zse.100.125798"
1295,普通石龙子,Podarcis muralis,,终审:A3 排除-无省份且无坐标,记录类型无法判定（原表未标注且引用无线索）,J. Abalos and F. de la Cruz and G. Pérez i de Lanuza & E. Font (2025). Intraspecific variation and detectability of iridescence in the dorsal coloration of a wall lizard https://doi.org/10.1111/jzo.70016
1296,,Podarcis liolepis,,终审:C 排除-坐标在境外,记录类型无法判定（原表未标注且引用无线索）,J. Abalos and F. de la Cruz and G. Pérez i de Lanuza & E. Font (2025). Intraspecific variation and detectability of iridescence in the dorsal coloration of a wall lizard https://doi.org/10.1111/jzo.70016
1297,哀鳞趾虎,Lepidodactylus lugubris,,终审:排除-国外记录（瓜德罗普）,记录类型无法判定（原表未标注且引用无线索）,"Régis Gomès and Béatrice Ibéné (2013). Lepidodactylus lugubris (Mourning Gecko). Distribution. Caribbean Herpetology, 44, 1"
1298,桂南掌突蟾,Leptobrachella guinanensis,广西,新种表,新种描述，转入 CHNR_new_species,"Wei-Cai Chen and Peng Li and Wan-Xiao Peng and You-Jun Liu and Yong Huang (2023). The fourth species of Leptobrachella (Anura, Megophryidae) found at Shiwandashan National Nature Reserve, Guangxi, China Shiwandashan National Nature https://doi.org/10.3897/zookeys.1192.98352"
1299,哀鳞趾虎,Lepidodactylus lugubris,,终审:排除-国外记录（瓜德罗普）,记录类型无法判定（原表未标注且引用无线索）,"Régis Gomès and Béatrice Ibéné (2013). Lepidodactylus lugubris (Mourning Gecko). Distribution. Caribbean Herpetology, 44, 1"
1300,上思掌突蟾,Leptobrachella shangsiensis,广西,终审:A4 排除(建议)-伴随物种记录,新种描述文献中的伴随物种记录，非明确新纪录事件,"Wei-Cai Chen and Peng Li and Wan-Xiao Peng and You-Jun Liu and Yong Huang (2023). The fourth species of Leptobrachella (Anura, Megophryidae) found at Shiwandashan National Nature Reserve, Guangxi, China Shiwandashan National Nature https://doi.org/10.3897/zookeys.1192.98352"
1301,哀鳞趾虎,Lepidodactylus lugubris,,终审:排除-国外记录（瓜德罗普）,记录类型无法判定（原表未标注且引用无线索）,"Régis Gomès and Béatrice Ibéné (2013). Lepidodactylus lugubris (Mourning Gecko). Distribution. Caribbean Herpetology, 44, 1"
1302,宋氏掌突蟾,Leptobrachella sungi,广西,事件表,省级新纪录事件（1省）,"Wei-Cai Chen and Peng Li and Wan-Xiao Peng and You-Jun Liu and Yong Huang (2023). The fourth species of Leptobrachella (Anura, Megophryidae) found at Shiwandashan National Nature Reserve, Guangxi, China Shiwandashan National Nature https://doi.org/10.3897/zookeys.1192.98352"
1303,,Pseudapibtocalamus,,新种表,新种描述，转入 CHNR_new_species,"Dr. Einar Lönnberg (1900). LXXV.--Reptiles and Batrachians collected in German New Guinea by the late Dr. Erik Nyman , 574-575"
1304,河口灌树蛙,Raorchestes hekouensis,云南,新种表,新种描述，转入 CHNR_new_species,"Lingyun Du and Yuhan Xu and Shuo Liu and Guohua Yu (2024). A new species of Raorchestes (Anura, Rhacophoridae) from Yunnan Province, China Life Science https://doi.org/10.3897/zookeys.1192.106013"
1305,独龙江树蛙,Rhacophorus dulongensis,云南,新种表,新种描述，转入 CHNR_new_species,"Ping-Shin Lee and Ben Liu and Meng Ouyang and Ren-Da Ai and Xiao-Long Liu and Yan-Hong He and Ping-Qian Huang and Ying-Chun Li and R. S. Naveen and Zhi-Yong Yuan and Jin-Min Chen (2024). Hidden in the bamboo: A new parachuting frog (Rhacophoridae, Rhacophorus) from the borderlands of western China, with comments on the taxonomy of R. rhodopus Life Science, 100(3) https://doi.org/10.3897/zse.100.120224"
1306,,Apistocalamus,,终审:A3 排除-无省份且无坐标,记录类型无法判定（原表未标注且引用无线索）,"Dr. Einar Lönnberg (1900). LXXV.--Reptiles and Batrachians collected in German New Guinea by the late Dr. Erik Nyman , 574-575"
1307,,Pseudelas,,终审:A3 排除-无省份且无坐标,记录类型无法判定（原表未标注且引用无线索）,"Dr. Einar Lönnberg (1900). LXXV.--Reptiles and Batrachians collected in German New Guinea by the late Dr. Erik Nyman , 574-575"
1308,琼树蛙,Rhacophorus qiongica,海南,新种表,新种描述，转入 CHNR_new_species,"Shangjing Tang and Fanrong Xiao and Shuo Liu and Lijun Wang and Guohua Yu and Lina Du (2024). Underestimated species diversity within the Rhacophorus rhodopus and Rhacophorus bipunctatus complexes (Anura, Rhacophoridae), with a description of a new species from Hainan, China Life Science, 100(2) https://doi.org/10.3897/zse.100.118879"
1309,,Hyla gracilenta,,终审:A3 排除-无省份且无坐标,记录类型无法判定（原表未标注且引用无线索）,"Dr. Einar Lönnberg (1900). LXXV.--Reptiles and Batrachians collected in German New Guinea by the late Dr. Erik Nyman , 574-575"
1310,,Hyla dollchopsls,,终审:A3 排除-无省份且无坐标,记录类型无法判定（原表未标注且引用无线索）,"Dr. Einar Lönnberg (1900). LXXV.--Reptiles and Batrachians collected in German New Guinea by the late Dr. Erik Nyman , 574-575"
1311,,Hylella,,终审:A3 排除-无省份且无坐标,记录类型无法判定（原表未标注且引用无线索）,"Dr. Einar Lönnberg (1900). LXXV.--Reptiles and Batrachians collected in German New Guinea by the late Dr. Erik Nyman , 574-575"
1312,喜山蝮,Gloydius himalayanus,,终审:B7 坐标在境内可反推省份,记录类型无法判定（原表未标注且引用无线索）,"Jing-Song Shi and Jin-Cheng Liu and Rohit Giri and John Benjamin Owens and Vishal Santra and Sourish Kuttalam and Melvin Selvan and Ke-Ji Guo and Anita Malhotra (2021). Molecular phylogenetic analysis of the genus Gloydius (Squamata, Viperidae, Crotalinae), with description of two new alpine species from Qinghai-Tibet Plateau, China ZooKeys, 1061, 87–108 https://doi.org/10.3897/zookeys.1061.70420"
1313,红斑高山蝮,Gloydius rubromaculatus,青海,终审:转入新种表(建议·待复核),记录类型无法判定（原表未标注且引用无线索）,"Jing-Song Shi and Jin-Cheng Liu and Rohit Giri and John Benjamin Owens and Vishal Santra and Sourish Kuttalam and Melvin Selvan and Ke-Ji Guo and Anita Malhotra (2021). Molecular phylogenetic analysis of the genus Gloydius (Squamata, Viperidae, Crotalinae), with description of two new alpine species from Qinghai-Tibet Plateau, China ZooKeys, 1061, 87–108 https://doi.org/10.3897/zookeys.1061.70420"
1314,红斑高山蝮,Gloydius rubromaculatus,,终审:B7 坐标在境内可反推省份,记录类型无法判定（原表未标注且引用无线索）,"Jing-Song Shi and Jin-Cheng Liu and Rohit Giri and John Benjamin Owens and Vishal Santra and Sourish Kuttalam and Melvin Selvan and Ke-Ji Guo and Anita Malhotra (2021). Molecular phylogenetic analysis of the genus Gloydius (Squamata, Viperidae, Crotalinae), with description of two new alpine species from Qinghai-Tibet Plateau, China ZooKeys, 1061, 87–108 https://doi.org/10.3897/zookeys.1061.70420"
1315,喜山蝮,Gloydius himalayanus,,终审:B7 坐标在境内可反推省份,记录类型无法判定（原表未标注且引用无线索）,"Jing-Song Shi and Jin-Cheng Liu and Rohit Giri and John Benjamin Owens and Vishal Santra and Sourish Kuttalam and Melvin Selvan and Ke-Ji Guo and Anita Malhotra (2021). Molecular phylogenetic analysis of the genus Gloydius (Squamata, Viperidae, Crotalinae), with description of two new alpine species from Qinghai-Tibet Plateau, China ZooKeys, 1061, 87–108 https://doi.org/10.3897/zookeys.1061.70420"
1316,盈江角蟾,Xenophrys yingjiangensis,云南,新种表,新种描述，转入 CHNR_new_species,"Yun-He Wu and Zhong-Bin Yu and Jin-Min Chen and Felista Kasyoka Kilunda and Ding-Can Zhang and Chang-Sheng Zuo and An-Ru Zuo and Zheng-Pan Duan and Jing Che (2024). A field survey on the genus Xenophrys (Amphibia, Megophryidae) confirms underestimated diversity in the Gaoligong Mountains, with the description of a new species Life Science, 100(3) https://doi.org/10.3897/zse.100.127635"
1317,,Hyla monticola,四川,终审:A4 排除(建议)-伴随物种记录,新种描述文献中的伴随物种记录，非明确新纪录事件,"JIA-TANG LI and JUN LIU and YUE-YING CHEN and JIA-WEI WU and ROBERT W. MURPHY and ER-MI ZHAO and YUE-ZHAO WANG and YA-PING ZHANG (2012). Molecular phylogeny of treefrogs in the Rhacophorus dugritei species complex (Anura: Rhacophoridae), with descriptions of two new species Zoological Journal of the Linnean Society, 165, 143–162 https://doi.org/10.1111/j.1096-3642.2011.00790.x"
1318,,Hyla bambusicola,,终审:A3 排除-无省份且无坐标,新种描述文献中的伴随物种记录，非明确新纪录事件,"JIA-TANG LI and JUN LIU and YUE-YING CHEN and JIA-WEI WU and ROBERT W. MURPHY and ER-MI ZHAO and YUE-ZHAO WANG and YA-PING ZHANG (2012). Molecular phylogeny of treefrogs in the Rhacophorus dugritei species complex (Anura: Rhacophoridae), with descriptions of two new species Zoological Journal of the Linnean Society, 165, 143–162 https://doi.org/10.1111/j.1096-3642.2011.00790.x"
1319,,Scutiger nepalensis,多蒂县,终审:C 排除-记录地为国外省区,新种描述文献中的伴随物种记录，非明确新纪录事件,"Sylvia Hofmann and Daniel Jablonski and Joachim Schmidt (2024). Morphological and molecular data warrant the description of a new species of the genus Scutiger (Anura, Megophryidae) from the Central Himalaya ZooKeys https://doi.org/10.3897/zookeys.1210.127106"
1320,锡金齿突蟾,Scutiger sikimmensis,,终审:A3 排除-无省份且无坐标,新种描述文献中的伴随物种记录，非明确新纪录事件,"Sylvia Hofmann and Daniel Jablonski and Joachim Schmidt (2024). Morphological and molecular data warrant the description of a new species of the genus Scutiger (Anura, Megophryidae) from the Central Himalaya ZooKeys https://doi.org/10.3897/zookeys.1210.127106"
1321,盐源齿蟾,Oreolalax yanyuanensis,四川,新种表,新种描述，转入 CHNR_new_species,"Yin Meng Hou and Pu Yang Zheng and Hao Qi Yu and Bin Wang and Xiao Hong Chen and Feng Xie (2020). A new toad of Oreolalax Myers & Leviton, 1962 (Anura, Megophryidae) from Sichuan Province, southwest China Life Science https://doi.org/10.3897/zookeys.1212.122222"
1322,,Scutiger ghunsa,,终审:A3 排除-无省份且无坐标,新种描述文献中的伴随物种记录，非明确新纪录事件,"Sylvia Hofmann and Daniel Jablonski and Joachim Schmidt (2024). Morphological and molecular data warrant the description of a new species of the genus Scutiger (Anura, Megophryidae) from the Central Himalaya ZooKeys https://doi.org/10.3897/zookeys.1210.127106"
1323,,Scutiger,,排除,国外新种描述（坐标在中国境外）,"Sylvia Hofmann and Daniel Jablonski and Joachim Schmidt (2024). Morphological and molecular data warrant the description of a new species of the genus Scutiger (Anura, Megophryidae) from the Central Himalaya ZooKeys https://doi.org/10.3897/zookeys.1210.127106"
1324,白缘掌突蟾,Leptobrachella albomarginata,云南,新种表,新种描述，转入 CHNR_new_species,"Yun-He Wu and Zhong-Bin Yu and Shen-Pin Yang and Zheng-Pan Duan and An-Ru Zuo and Ding-Can Zhang and Felista Kasyoka Kilunda and Robert W. Murphy and Jing Che (2025). Morphological and molecular evidence for a new species of the genus Leptobrachella (Anura, Megophryidae) from Gaoligong Mountain Range, Yunnan, China Yunnan Gaoligongshan National Nature, 101(2) https://doi.org/10.3897/zse.101.135560"
1325,白缘掌突蟾,Leptobrachella albomarginata,云南,新种表,新种描述，转入 CHNR_new_species,"Yun-He Wu and Zhong-Bin Yu and Shen-Pin Yang and Zheng-Pan Duan and An-Ru Zuo and Ding-Can Zhang and Felista Kasyoka Kilunda and Robert W. Murphy and Jing Che (2025). Morphological and molecular evidence for a new species of the genus Leptobrachella (Anura, Megophryidae) from Gaoligong Mountain Range, Yunnan, China Yunnan Gaoligongshan National Nature, 101(2) https://doi.org/10.3897/zse.101.135560"
1326,云开掌突蟾,Leptobrachella yunkaiensis,广东,新种表,新种描述，转入 CHNR_new_species,"Jian Wang and Jianhuan Yang and Yao Li and Zhitong Lyu and Zhaochi Zeng and Zuyao Liu and Youhua Ye and Yingyong Wang (2018). Morphology and molecular genetics reveal two new Leptobrachella species in southern China (Anura, Megophryidae) ZooKeys, 776, 105–137 https://doi.org/10.3897/zookeys.776.22925"
1327,五皇山掌突蟾,Leptobrachella wuhuangmontis,广西,新种表,新种描述，转入 CHNR_new_species,"Jian Wang and Jianhuan Yang and Yao Li and Zhitong Lyu and Zhaochi Zeng and Zuyao Liu and Youhua Ye and Yingyong Wang (2018). Morphology and molecular genetics reveal two new Leptobrachella species in southern China (Anura, Megophryidae) ZooKeys, 776, 105–137 https://doi.org/10.3897/zookeys.776.22925"
1328,云开掌突蟾,Leptobrachella yunkaiensis,广东,新种表,新种描述，转入 CHNR_new_species,"Jian Wang and Jianhuan Yang and Yao Li and Zhitong Lyu and Zhaochi Zeng and Zuyao Liu and Youhua Ye and Yingyong Wang (2018). Morphology and molecular genetics reveal two new Leptobrachella species in southern China (Anura, Megophryidae) ZooKeys, 776, 105–137 https://doi.org/10.3897/zookeys.776.22925"
1329,红斑蟾蜍,Bufo rubroventromaculatus,云南、广西,事件表,省级新纪录事件（2省）,"Shuo Liu and Mian Hou and Mingzhong Mo and Dingqi Rao (2024). First confirmed record of Bufo rubroventromaculatus Orlov, Ananjeva, Ermakov, Lukonina, Ninh & Nguyen, 2024 (Anura, Bufonidae) from China, with supplementary description of this species Biodiversity Data Journal, 12 https://doi.org/10.3897/BDJ.12.e134392"
1330,五皇山掌突蟾,Leptobrachella wuhuangmontis,广西,新种表,新种描述，转入 CHNR_new_species,"Jian Wang and Jianhuan Yang and Yao Li and Zhitong Lyu and Zhaochi Zeng and Zuyao Liu and Youhua Ye and Yingyong Wang (2018). Morphology and molecular genetics reveal two new Leptobrachella species in southern China (Anura, Megophryidae) ZooKeys, 776, 105–137 https://doi.org/10.3897/zookeys.776.22925"
1331,小湍蛙,Amolops minutus,莱州,排除,国外记录（省份字段为外国地名：莱州）,"Shuo Liu and Truong Quang Nguyen and Minh Duc Le and Cuong The Pham and Anh Van Pham and Mian Hou and Hongxin Zhou and Mingzhong Mo and Mei Li and Biao Li and Xiong Luo and Dingqi Rao and Song Li (2024). Taxonomic relationship between Amolops minutus Orlov & Ho, 2007 and A. ottorum Pham, Sung, Pham, Le, Zieger & Nguyen, 2019, with first record of A. minutus from China (Anura, Ranidae) Biodiversity Data Journal, 12 https://doi.org/10.3897/BDJ.12.e129214"
1332,高山壁虎,Gekko alpinus,四川、西藏,新种表,新种描述，转入 CHNR_new_species,"Shun Ma and Sheng-Chao Shi and Cheng Shen and Li-Ming Chang and Jian-Ping Jiang (2024). Discovery of a new species of the subgenus Japonigekko (Squamata, Gekkonidae, Gekko) from the Hengduan Mountains, southwestern China: the best Japonigekko mountaineer 289 https://doi.org/10.3897/zookeys.1215.125043"
1333,云开掌突蟾,Leptobrachella yunkaiensis,广东,新种表,新种描述，转入 CHNR_new_species,"Jian Wang and Jianhuan Yang and Yao Li and Zhitong Lyu and Zhaochi Zeng and Zuyao Liu and Youhua Ye and Yingyong Wang (2018). Morphology and molecular genetics reveal two new Leptobrachella species in southern China (Anura, Megophryidae) ZooKeys, 776, 105–137 https://doi.org/10.3897/zookeys.776.22925"
1334,高望界疣螈,Tylototriton gaowangjienensis,湖南,新种表,新种描述，转入 CHNR_new_species,"Jie Huang and Ying Xiang and Tao Wu and You-Xiang Zhang and Zi-Liang Zhang and Ben-Zhong Wang and Xiang-Ying Lan and Yu-Ping Huang and Hui-Juan Jiang and Wan-Sheng Jiang (2024). Description of a new species of the Asian newt genus Tylototriton (Amphibia, Urodela, Salamandridae) from Hunan Province, China Environmental Science https://doi.org/10.3897/herpetozoa.37.e135222"
1335,黄岗山蝾螈,Hypselotriton huanggangensis,江西,新种表,新种描述，转入 CHNR_new_species,"Zhihao Jiang and Song Huang and Qiangyong Fan and Lin Cheng and Yanan Gong and Zhangbo Cui and Tierui Zhang and Wenjun Lan and Zhian Zou and Xuanzhi Huang and Jean Raffaëlli and Jinmin Chen (2024). A new species of the newt genus Hypselotriton (Amphibia, Urodela, Salamandridae) from Jiangxi Province, southeastern China Life Science https://doi.org/10.3897/zookeys.1208.126092"
1336,五皇山掌突蟾,Leptobrachella wuhuangmontis,广西,新种表,新种描述，转入 CHNR_new_species,"Jian Wang and Jianhuan Yang and Yao Li and Zhitong Lyu and Zhaochi Zeng and Zuyao Liu and Youhua Ye and Yingyong Wang (2018). Morphology and molecular genetics reveal two new Leptobrachella species in southern China (Anura, Megophryidae) ZooKeys, 776, 105–137 https://doi.org/10.3897/zookeys.776.22925"
1337,黄氏倭蛙,Nanorana huangi,云南,新种表,新种描述，转入 CHNR_new_species,"Feirong JI and Shengchao SHI and Shun MA and Cheng SHEN and Liming CHANG and Jianping JIANG (2023). A New Species of the Genus Nanorana Günther, 1896 (Anura: Dicroglossidae) from Hengduan Mountains of China Asian Herpetological Research, 14(4), 300–318 https://doi.org/10.3724/ahr.2095-0357.2023.0025"
1338,腹斑倭蛙,Nanorana ventripunctata,云南,终审:A4 排除(建议)-伴随物种记录,新种描述文献中的伴随物种记录，非明确新纪录事件,"Feirong JI and Shengchao SHI and Shun MA and Cheng SHEN and Liming CHANG and Jianping JIANG (2023). A New Species of the Genus Nanorana Günther, 1896 (Anura: Dicroglossidae) from Hengduan Mountains of China Asian Herpetological Research, 14(4), 300–318 https://doi.org/10.3724/ahr.2095-0357.2023.0025"
1339,西藏倭蛙,Nanorana parkeri,,终审:A3 排除-无省份且无坐标,新种描述文献中的伴随物种记录，非明确新纪录事件,"Feirong JI and Shengchao SHI and Shun MA and Cheng SHEN and Liming CHANG and Jianping JIANG (2023). A New Species of the Genus Nanorana Günther, 1896 (Anura: Dicroglossidae) from Hengduan Mountains of China Asian Herpetological Research, 14(4), 300–318 https://doi.org/10.3724/ahr.2095-0357.2023.0025"
1340,邦达倭蛙,Nanorana bangdaensis,西藏,终审:A4 排除(建议)-伴随物种记录,新种描述文献中的伴随物种记录，非明确新纪录事件,"Feirong JI and Shengchao SHI and Shun MA and Cheng SHEN and Liming CHANG and Jianping JIANG (2023). A New Species of the Genus Nanorana Günther, 1896 (Anura: Dicroglossidae) from Hengduan Mountains of China Asian Herpetological Research, 14(4), 300–318 https://doi.org/10.3724/ahr.2095-0357.2023.0025"
1341,岷山倭蛙,Nanorana pleskei,四川,终审:A4 排除(建议)-伴随物种记录,新种描述文献中的伴随物种记录，非明确新纪录事件,"Feirong JI and Shengchao SHI and Shun MA and Cheng SHEN and Liming CHANG and Jianping JIANG (2023). A New Species of the Genus Nanorana Günther, 1896 (Anura: Dicroglossidae) from Hengduan Mountains of China Asian Herpetological Research, 14(4), 300–318 https://doi.org/10.3724/ahr.2095-0357.2023.0025"
1342,,Leptobrachella bijie,贵州,新种表,新种描述，转入 CHNR_new_species,"Jian Wang and Yu-Long Li and Yao Li and Hong-Hui Chen and Ya-Jun Zeng and Jing-Min Shen and Ying-Yong Wang (2019). Morphology, molecular genetics, and acoustics reveal two new species of the genus Leptobrachella from northwestern Guizhou Province, China (Anura, Megophryidae) ZooKeys, 848, 119–154 https://doi.org/10.3897/zookeys.848.29181"
1343,,Leptobrachella purpuraventra,贵州,新种表,新种描述，转入 CHNR_new_species,"Jian Wang and Yu-Long Li and Yao Li and Hong-Hui Chen and Ya-Jun Zeng and Jing-Min Shen and Ying-Yong Wang (2019). Morphology, molecular genetics, and acoustics reveal two new species of the genus Leptobrachella from northwestern Guizhou Province, China (Anura, Megophryidae) ZooKeys, 848, 119–154 https://doi.org/10.3897/zookeys.848.29181"
1344,,Leptobrachella bijie,贵州,新种表,新种描述，转入 CHNR_new_species,"Jian Wang、Yu-Long Li、Yao Li、Hong-Hui Chen、Ya-Jun Zeng、Jing-Min Shen、Ying-Yong Wang (2019). Morphology, molecular genetics, and acoustics reveal two new species of the genus Leptobrachella from northwestern Guizhou Province, China (Anura, Megophryidae) ZooKeys, 848, 119–154 https://doi.org/10.3897/zookeys.848.29181"
1345,,Leptobrachella purpuraventra,贵州,新种表,新种描述，转入 CHNR_new_species,"Jian Wang、Yu-Long Li、Yao Li、Hong-Hui Chen、Ya-Jun Zeng、Jing-Min Shen、Ying-Yong Wang (2019). Morphology, molecular genetics, and acoustics reveal two new species of the genus Leptobrachella from northwestern Guizhou Province, China (Anura, Megophryidae) ZooKeys, 848, 119–154 https://doi.org/10.3897/zookeys.848.29181"
1346,,Xenophrys jinggangensis,江西和湖南,终审:转入新种表(建议·待复核),记录类型无法判定（原表未标注且引用无线索）,"Yingyong Wang and Jian Zhao and Jianhuan Yang and Zhixin Zhou and Guoling Chen and Yang Liu (2014). Morphology, Molecular Genetics, and Bioacoustics Support Two New Sympatric Xenophrys Toads (Amphibia: Anura: Megophryidae) in Southeast China PLoS ONE, 9(4), e93075 https://doi.org/10.1371/journal.pone.0093075"
1347,东京棱蜥,Sphenomorphus tonkinensis,广西、广东、江西,事件表,省级新纪录事件（3省）,"Yingyong WANG and Jianhuan YANG and Yang LIU (2013). New Distribution Records for Sphenomorphus tonkinensis (Lacertilia: Scincidae) with Notes on Its Variation and Diagnostic Characters Asian Herpetological Research, 4(2), 147–150 https://doi.org/10.3724/SP.J.1245.2013.00147"
1348,黄家岭脊蛇,Achalinus huangjietangi,安徽,新种表,新种描述，转入 CHNR_new_species,"Ruyi HUANG and Lifang PENG and Lei YU and Tianqi HUANG and Ke JIANG and Li DING and Jinkang CHANG and Diancheng YANG and Yuhao XU and Song HUANG (2021). A New Species of the Genus Achalinus from Huangshan, Anhui, China (Squamata: Xenodermidae) Asian Herpetological Research, 12(2), 178–187 https://doi.org/10.16373/j.cnki.ahr.200075"
1349,宽口肥螈,Pachytriton labiatus,,事件表,省级新纪录事件（1省）,"Tom GOLDSCHMIDT and Reinhard GERECKE and Gerd ALBERTI (2002). Hygrobates salamandrarum sp. nov. (Acari, Hydrachnidia, Hygrobatidae) from China: the First Record of a Freshwater Mite Parasitizing Newts (Amphibia, Urodela) , 241(04), 297"
1350,莽山角蟾,Xenophrys mangshanensis,广东、江西,终审:待人工复核-未能在线定性,记录类型无法判定（原表未标注且引用无线索）,"Yingyong Wang and Jian Zhao and Jianhuan Yang and Zhixin Zhou and Guoling Chen and Yang Liu (2014). Morphology, Molecular Genetics, and Bioacoustics Support Two New Sympatric Xenophrys Toads (Amphibia: Anura: Megophryidae) in Southeast China PLoS ONE, 9(4), e93075 https://doi.org/10.1371/journal.pone.0093075"
1351,棘胸蟾蜍,Bufo spinulosus,,排除,属级记录，非种级事件,"Tom GOLDSCHMIDT and Reinhard GERECKE and Gerd ALBERTI (2002). Hygrobates salamandrarum sp. nov. (Acari, Hydrachnidia, Hygrobatidae) from China: the First Record of a Freshwater Mite Parasitizing Newts (Amphibia, Urodela) , 241(04), 297"
1352,,Xenophrys kuatunensis,,终审:A3 排除-无省份且无坐标,记录类型无法判定（原表未标注且引用无线索）,"Yingyong Wang and Jian Zhao and Jianhuan Yang and Zhixin Zhou and Guoling Chen and Yang Liu (2014). Morphology, Molecular Genetics, and Bioacoustics Support Two New Sympatric Xenophrys Toads (Amphibia: Anura: Megophryidae) in Southeast China PLoS ONE, 9(4), e93075 https://doi.org/10.1371/journal.pone.0093075"
1353,,Megophrys nasuta,沙巴,终审:C 排除-记录地为国外省区,记录类型无法判定（原表未标注且引用无线索）,"Yingyong Wang and Jian Zhao and Jianhuan Yang and Zhixin Zhou and Guoling Chen and Yang Liu (2014). Morphology, Molecular Genetics, and Bioacoustics Support Two New Sympatric Xenophrys Toads (Amphibia: Anura: Megophryidae) in Southeast China PLoS ONE, 9(4), e93075 https://doi.org/10.1371/journal.pone.0093075"
1354,峨山掌突蟾,Paramegophrys oshanensis,四川,终审:排除-伴随物种（省内已知）,记录类型无法判定（原表未标注且引用无线索）,"Yingyong Wang and Jian Zhao and Jianhuan Yang and Zhixin Zhou and Guoling Chen and Yang Liu (2014). Morphology, Molecular Genetics, and Bioacoustics Support Two New Sympatric Xenophrys Toads (Amphibia: Anura: Megophryidae) in Southeast China PLoS ONE, 9(4), e93075 https://doi.org/10.1371/journal.pone.0093075"
1355,,Xenophrys minor,,终审:A3 排除-无省份且无坐标,记录类型无法判定（原表未标注且引用无线索）,"Yingyong Wang and Jian Zhao and Jianhuan Yang and Zhixin Zhou and Guoling Chen and Yang Liu (2014). Morphology, Molecular Genetics, and Bioacoustics Support Two New Sympatric Xenophrys Toads (Amphibia: Anura: Megophryidae) in Southeast China PLoS ONE, 9(4), e93075 https://doi.org/10.1371/journal.pone.0093075"
1356,,Xenophrys ancrae,,终审:A3 排除-无省份且无坐标,记录类型无法判定（原表未标注且引用无线索）,"Yingyong Wang and Jian Zhao and Jianhuan Yang and Zhixin Zhou and Guoling Chen and Yang Liu (2014). Morphology, Molecular Genetics, and Bioacoustics Support Two New Sympatric Xenophrys Toads (Amphibia: Anura: Megophryidae) in Southeast China PLoS ONE, 9(4), e93075 https://doi.org/10.1371/journal.pone.0093075"
1357,勐腊灌树蛙,Raorchestes menglaensis,云南,新种表,新种描述，转入 CHNR_new_species,"Ke JIANG and Jinlong REN and Jian WANG and Junfeng GUO and Zeng WANG and Yonghong LIU and Dechun JIANG and Jiatang LI (2020). Taxonomic Revision of Raorchestes menglaensis (Kou, 1990) (Amphibia: Anura), with Descriptions of Two New Species from Yunnan, China Asian Herpetological Research, 11(4), 263–281 https://doi.org/10.16373/j.cnki.ahr.200018"
1358,张氏角蟾,Xenophrys zhangi,,终审:A3 排除-无省份且无坐标,记录类型无法判定（原表未标注且引用无线索）,"Yingyong Wang and Jian Zhao and Jianhuan Yang and Zhixin Zhou and Guoling Chen and Yang Liu (2014). Morphology, Molecular Genetics, and Bioacoustics Support Two New Sympatric Xenophrys Toads (Amphibia: Anura: Megophryidae) in Southeast China PLoS ONE, 9(4), e93075 https://doi.org/10.1371/journal.pone.0093075"
1359,,Xenophrys zunhebotoensis,,终审:A3 排除-无省份且无坐标,记录类型无法判定（原表未标注且引用无线索）,"Yingyong Wang and Jian Zhao and Jianhuan Yang and Zhixin Zhou and Guoling Chen and Yang Liu (2014). Morphology, Molecular Genetics, and Bioacoustics Support Two New Sympatric Xenophrys Toads (Amphibia: Anura: Megophryidae) in Southeast China PLoS ONE, 9(4), e93075 https://doi.org/10.1371/journal.pone.0093075"
1360,,Xenophrys binchuanensis,,终审:A3 排除-无省份且无坐标,记录类型无法判定（原表未标注且引用无线索）,"Yingyong Wang and Jian Zhao and Jianhuan Yang and Zhixin Zhou and Guoling Chen and Yang Liu (2014). Morphology, Molecular Genetics, and Bioacoustics Support Two New Sympatric Xenophrys Toads (Amphibia: Anura: Megophryidae) in Southeast China PLoS ONE, 9(4), e93075 https://doi.org/10.1371/journal.pone.0093075"
1361,,Xenophrys pachyproctus,,终审:A3 排除-无省份且无坐标,记录类型无法判定（原表未标注且引用无线索）,"Yingyong Wang and Jian Zhao and Jianhuan Yang and Zhixin Zhou and Guoling Chen and Yang Liu (2014). Morphology, Molecular Genetics, and Bioacoustics Support Two New Sympatric Xenophrys Toads (Amphibia: Anura: Megophryidae) in Southeast China PLoS ONE, 9(4), e93075 https://doi.org/10.1371/journal.pone.0093075"
1362,巫山费氏蛙,Feirana quadranus,重庆、甘肃、湖北、四川、陕西,终审:A4 排除(建议)-伴随物种记录,新种描述文献中的伴随物种记录，非明确新纪录事件,"Xin YANG and Bin WANG and Junhua HU and Jianping JIANG (2011). A New Species of the Genus Feirana (Amphibia: Anura: Dicroglossidae) from the Western Qinling Mountains of China Asian Herpetological Research, 2(2), 72-86 https://doi.org/10.3724/SP.J.1245.2011.00072"
1363,宜昌壁虎,Gekko ichangensis,湖北,新种表,新种描述，转入 CHNR_new_species,"Jing CAO and Phuping SUCHARITAKUL and Minhua TIE and Chatmongkon SUWANNAPOOM and Fang YAN and Siriwadee CHOMDEJ (2025). A New Species of the Genus Gekko Laurenti, 1768 (Squamata: Gekkonidae) from Hubei, China Asian Herpetological Research, 16(1), 110–121 https://doi.org/10.3724/ahr.2095-0357.2024.0046"
1364,宜昌壁虎,Gekko ichangensis,湖北,新种表,新种描述，转入 CHNR_new_species,"Jing CAO and Phuping SUCHARITAKUL and Minhua TIE and Chatmongkon SUWANNAPOOM and Fang YAN and Siriwadee CHOMDEJ (2025). A New Species of the Genus Gekko Laurenti, 1768 (Squamata: Gekkonidae) from Hubei, China Asian Herpetological Research, 16(1), 110–121 https://doi.org/10.3724/ahr.2095-0357.2024.0046"
1365,门巴刘树蛙,Liurana menba,西藏,新种表,新种描述，转入 CHNR_new_species,"Haoqi YU and Yiheng LIN and Shengchao SHI and Bicheng ZHU and Bin WANG and Jianping JIANG and Feng XIE (2025). Liurana menba sp. nov., Another New Papilla-tongued Frog Species from Medog, China (Anura, Ceratobatrachidae) Asian Herpetological Research, 16(3), 272–280 https://doi.org/10.3724/ahr.2095-0357.2025.0014"
1366,大别山原矛头蝮,Protobothrops dabieshanensis,安徽,新种表,新种描述，转入 CHNR_new_species,"Xin HUANG and Tao PAN and Demin HAN and Liang ZHANG and Yinxu HOU and Lei YU and Heming ZHENG and Baowei ZHANG (2012). A New Species of the Genus Protobothrops (Squamata: Viperidae: Crotalinae) from the Dabie Mountains, Anhui, China Asian Herpetological Research, 3(3), 213–218 https://doi.org/10.3724/SP.J.1245.2012.00213"
1367,斯氏攀蜥,Japalura slowinskii,云南,新种表,新种描述，转入 CHNR_new_species,"Dingqi RAO and Jens V. VINDUM and Xiaohui MA and Mingxia FU and Jeffery A. WILKINSON (2017). A New Species of Japalura (Squamata, Agamidae) from the Nu River Valley in Southern Hengduan Mountains, Yunnan, China Asian Herpetological Research, 8(2), 86–95 https://doi.org/10.16373/j.cnki.ahr.160053"
1368,戴氏攀蜥,Japalura dymondi,云南,终审:A4 排除(建议)-伴随物种记录,新种描述文献中的伴随物种记录，非明确新纪录事件,"Dingqi RAO and Jens V. VINDUM and Xiaohui MA and Mingxia FU and Jeffery A. WILKINSON (2017). A New Species of Japalura (Squamata, Agamidae) from the Nu River Valley in Southern Hengduan Mountains, Yunnan, China Asian Herpetological Research, 8(2), 86–95 https://doi.org/10.16373/j.cnki.ahr.160053"
1369,,Xenophrys palpebralespinosa,,终审:A3 排除-无省份且无坐标,记录类型无法判定（原表未标注且引用无线索）,"Yingyong Wang and Jian Zhao and Jianhuan Yang and Zhixin Zhou and Guoling Chen and Yang Liu (2014). Morphology, Molecular Genetics, and Bioacoustics Support Two New Sympatric Xenophrys Toads (Amphibia: Anura: Megophryidae) in Southeast China PLoS ONE, 9(4), e93075 https://doi.org/10.1371/journal.pone.0093075"
1370,,Xenophrys parallela,,终审:A3 排除-无省份且无坐标,记录类型无法判定（原表未标注且引用无线索）,"Yingyong Wang and Jian Zhao and Jianhuan Yang and Zhixin Zhou and Guoling Chen and Yang Liu (2014). Morphology, Molecular Genetics, and Bioacoustics Support Two New Sympatric Xenophrys Toads (Amphibia: Anura: Megophryidae) in Southeast China PLoS ONE, 9(4), e93075 https://doi.org/10.1371/journal.pone.0093075"
1371,艾氏坭蛇,Trachischium apteii,西藏,终审:待人工-倾向转入事件表,记录类型无法判定（原表未标注且引用无线索）,"Guo, Peng and Liu, Qin and Jin, Jie Qiong and Shu, Fu and Wu, Ya Yong and Che, Jing (2024). Multilocus Molecular Phylogeny and Morphological Comparisons Provide New Insights into Systematics of the Genus Trachischium Günther, 1858 (Serpentes: Natricidae) Current Herpetology, 43(1), 7-21 https://doi.org/10.5358/hsj.43.7"
1372,蓝腹蝾螈,Cynops glaucus,广东,新种表,新种描述，转入 CHNR_new_species,"Zhiyong YUAN and Ke JIANG and Limin DING and Liang ZHANG and Jing CHE (2013). A New Newt of the Genus Cynops (Caudata: Salamandridae) from Guangdong, China Asian Herpetological Research, 4(2), 116–123 https://doi.org/10.3724/SP.J.1245.2013.00116"
1373,,Trachischium fuscum,,终审:B7 坐标在境内可反推省份,记录类型无法判定（原表未标注且引用无线索）,"Guo, Peng and Liu, Qin and Jin, Jie Qiong and Shu, Fu and Wu, Ya Yong and Che, Jing (2024). Multilocus Molecular Phylogeny and Morphological Comparisons Provide New Insights into Systematics of the Genus Trachischium Günther, 1858 (Serpentes: Natricidae) Current Herpetology, 43(1), 7-21 https://doi.org/10.5358/hsj.43.7"
1374,,Trachischium guentheri,,终审:B7 坐标在境内可反推省份,记录类型无法判定（原表未标注且引用无线索）,"Guo, Peng and Liu, Qin and Jin, Jie Qiong and Shu, Fu and Wu, Ya Yong and Che, Jing (2024). Multilocus Molecular Phylogeny and Morphological Comparisons Provide New Insights into Systematics of the Genus Trachischium Günther, 1858 (Serpentes: Natricidae) Current Herpetology, 43(1), 7-21 https://doi.org/10.5358/hsj.43.7"
1375,橄榄坭蛇,Trachischium laeve,,终审:B7 坐标在境内可反推省份,记录类型无法判定（原表未标注且引用无线索）,"Guo, Peng and Liu, Qin and Jin, Jie Qiong and Shu, Fu and Wu, Ya Yong and Che, Jing (2024). Multilocus Molecular Phylogeny and Morphological Comparisons Provide New Insights into Systematics of the Genus Trachischium Günther, 1858 (Serpentes: Natricidae) Current Herpetology, 43(1), 7-21 https://doi.org/10.5358/hsj.43.7"
1376,山坭蛇,Trachischium monticola,西藏,终审:待人工-倾向转入事件表,记录类型无法判定（原表未标注且引用无线索）,"Guo, Peng and Liu, Qin and Jin, Jie Qiong and Shu, Fu and Wu, Ya Yong and Che, Jing (2024). Multilocus Molecular Phylogeny and Morphological Comparisons Provide New Insights into Systematics of the Genus Trachischium Günther, 1858 (Serpentes: Natricidae) Current Herpetology, 43(1), 7-21 https://doi.org/10.5358/hsj.43.7"
1377,,Trachischium cf monticola,,排除,属级记录，非种级事件,"Guo, Peng and Liu, Qin and Jin, Jie Qiong and Shu, Fu and Wu, Ya Yong and Che, Jing (2024). Multilocus Molecular Phylogeny and Morphological Comparisons Provide New Insights into Systematics of the Genus Trachischium Günther, 1858 (Serpentes: Natricidae) Current Herpetology, 43(1), 7-21 https://doi.org/10.5358/hsj.43.7"
1378,墨脱角蟾,Megophrys medogensis,西藏,终审:A1/B1 排除-同种同省已收录(再记录),新种描述文献中的伴随物种记录，非明确新纪录事件,"Shengchao Shi and Meihua Zhang and Feng Xie and Jianping Jiang and Wulin Liu and Li Ding and Li Luan and Bin Wang (2020). Multiple data revealed two new species of the Asian horned toad Megophrys Kuhl & Van Hasselt, 1822 (Anura, Megophryidae) from the eastern corner of the Himalayas ZooKeys, 977, 101–161 https://doi.org/10.3897/zookeys.977.55693"
1379,粗肛角蟾,Megophrys pachyproctus,西藏,终审:A4 排除(建议)-伴随物种记录,新种描述文献中的伴随物种记录，非明确新纪录事件,"Shengchao Shi and Meihua Zhang and Feng Xie and Jianping Jiang and Wulin Liu and Li Ding and Li Luan and Bin Wang (2020). Multiple data revealed two new species of the Asian horned toad Megophrys Kuhl & Van Hasselt, 1822 (Anura, Megophryidae) from the eastern corner of the Himalayas ZooKeys, 977, 101–161 https://doi.org/10.3897/zookeys.977.55693"
1380,周氏角蟾,Megophrys zhoui,西藏,新种表,新种描述，转入 CHNR_new_species,"Shengchao Shi and Meihua Zhang and Feng Xie and Jianping Jiang and Wulin Liu and Li Ding and Li Luan and Bin Wang (2020). Multiple data revealed two new species of the Asian horned toad Megophrys Kuhl & Van Hasselt, 1822 (Anura, Megophryidae) from the eastern corner of the Himalayas ZooKeys, 977, 101–161 https://doi.org/10.3897/zookeys.977.55693"
1381,叶氏角蟾,Megophrys yeae,西藏,新种表,新种描述，转入 CHNR_new_species,"Shengchao Shi and Meihua Zhang and Feng Xie and Jianping Jiang and Wulin Liu and Li Ding and Li Luan and Bin Wang (2020). Multiple data revealed two new species of the Asian horned toad Megophrys Kuhl & Van Hasselt, 1822 (Anura, Megophryidae) from the eastern corner of the Himalayas ZooKeys, 977, 101–161 https://doi.org/10.3897/zookeys.977.55693"
1382,墨脱角蟾,Megophrys medogensis,西藏,终审:A1/B1 排除-同种同省已收录(再记录),新种描述文献中的伴随物种记录，非明确新纪录事件,"Shengchao Shi and Meihua Zhang and Feng Xie and Jianping Jiang and Wulin Liu and Li Ding and Li Luan and Bin Wang (2020). Multiple data revealed two new species of the Asian horned toad Megophrys Kuhl & Van Hasselt, 1822 (Anura, Megophryidae) from the eastern corner of the Himalayas ZooKeys, 977, 101–161 https://doi.org/10.3897/zookeys.977.55693"
1383,粗肛角蟾,Megophrys pachyproctus,西藏,终审:A4 排除(建议)-伴随物种记录,新种描述文献中的伴随物种记录，非明确新纪录事件,"Shengchao Shi and Meihua Zhang and Feng Xie and Jianping Jiang and Wulin Liu and Li Ding and Li Luan and Bin Wang (2020). Multiple data revealed two new species of the Asian horned toad Megophrys Kuhl & Van Hasselt, 1822 (Anura, Megophryidae) from the eastern corner of the Himalayas ZooKeys, 977, 101–161 https://doi.org/10.3897/zookeys.977.55693"
1384,周氏角蟾,Megophrys zhoui,西藏,新种表,新种描述，转入 CHNR_new_species,"Shengchao Shi and Meihua Zhang and Feng Xie and Jianping Jiang and Wulin Liu and Li Ding and Li Luan and Bin Wang (2020). Multiple data revealed two new species of the Asian horned toad Megophrys Kuhl & Van Hasselt, 1822 (Anura, Megophryidae) from the eastern corner of the Himalayas ZooKeys, 977, 101–161 https://doi.org/10.3897/zookeys.977.55693"
1385,叶氏角蟾,Megophrys yeae,西藏,新种表,新种描述，转入 CHNR_new_species,"Shengchao Shi and Meihua Zhang and Feng Xie and Jianping Jiang and Wulin Liu and Li Ding and Li Luan and Bin Wang (2020). Multiple data revealed two new species of the Asian horned toad Megophrys Kuhl & Van Hasselt, 1822 (Anura, Megophryidae) from the eastern corner of the Himalayas ZooKeys, 977, 101–161 https://doi.org/10.3897/zookeys.977.55693"
1386,素贞环蛇,Bungarus suzhenae,云南、克钦邦,新种表,新种描述，转入 CHNR_new_species,"Ze-Ning Chen and Sheng-Chao Shi and Gernot Vogel and Li Ding and Jing-Song Shi (2021). Multiple lines of evidence reveal a new species of Krait (Squamata, Elapidae, Bungarus) from Southwestern China and Northern Myanmar ZooKeys, 1025, 35–71 https://doi.org/10.3897/zookeys.1025.62305"
1387,银环蛇,Bungarus multicinctus,福建、台湾,终审:A4 排除(建议)-伴随物种记录,新种描述文献中的伴随物种记录，非明确新纪录事件,"Ze-Ning Chen and Sheng-Chao Shi and Gernot Vogel and Li Ding and Jing-Song Shi (2021). Multiple lines of evidence reveal a new species of Krait (Squamata, Elapidae, Bungarus) from Southwestern China and Northern Myanmar ZooKeys, 1025, 35–71 https://doi.org/10.3897/zookeys.1025.62305"
1388,茂兰疣螈,Tylototriton maolanensis,贵州,新种表,新种描述，转入 CHNR_new_species,"Shize LI and Gang WEI and Yanlin CHENG and Baowei ZHANG and Bin WANG (2020). Description of a New Species of the Asian Newt Genus Tylototriton sensu lato (Amphibia: Urodela: Salamandridae) from Southwest China Asian Herpetological Research, 11(4), 282–296 https://doi.org/10.16373/j.cnki.ahr.200026"
1389,北方狭口蛙,Kaloula borealis,上海,事件表,省级新纪录事件（1省）,"Wei ZHANG and Ben LI and Xiaoxiao SHU and Hanbin XIE and Enle PEI and Xiao YUAN and Yujie SUN and Tianhou WANG and Zhenghuan WANG (2015). A New Record of Kaloula (Amphibia: Anura: Microhylidae) in Shanghai, China Asian Herpetological Research, 6(3), 240–244 https://doi.org/10.16373/j.cnki.ahr.140070"
1390,赤纹颈槽蛇,Rhabdophis chiwen,四川,新种表,新种描述，转入 CHNR_new_species,"Yige PIAO and Zening CHEN and Yanqing WU and Shengchao SHI and Hirohiko TAKEUCHI and Teppei JONO and Masaya FUKUDA and Akira MORI and Yezhong TANG and Qin CHEN and Li DING (2020). A New Species of the Genus Rhabdophis Fitzinger, 1843 (Squamata: Colubridae) in Southwestern Sichuan, China Asian Herpetological Research, 11(2), 95–107 https://doi.org/10.16373/j.cnki.ahr.190068"
1391,五斑颈槽蛇,Rhabdophis pentasupralabialis,四川,终审:A4 排除(建议)-伴随物种记录,新种描述文献中的伴随物种记录，非明确新纪录事件,"Yige PIAO and Zening CHEN and Yanqing WU and Shengchao SHI and Hirohiko TAKEUCHI and Teppei JONO and Masaya FUKUDA and Akira MORI and Yezhong TANG and Qin CHEN and Li DING (2020). A New Species of the Genus Rhabdophis Fitzinger, 1843 (Squamata: Colubridae) in Southwestern Sichuan, China Asian Herpetological Research, 11(2), 95–107 https://doi.org/10.16373/j.cnki.ahr.190068"
1392,广东颈槽蛇,Rhabdophis guangdongensis,,终审:A3 排除-无省份且无坐标,新种描述文献中的伴随物种记录，非明确新纪录事件,"Yige PIAO and Zening CHEN and Yanqing WU and Shengchao SHI and Hirohiko TAKEUCHI and Teppei JONO and Masaya FUKUDA and Akira MORI and Yezhong TANG and Qin CHEN and Li DING (2020). A New Species of the Genus Rhabdophis Fitzinger, 1843 (Squamata: Colubridae) in Southwestern Sichuan, China Asian Herpetological Research, 11(2), 95–107 https://doi.org/10.16373/j.cnki.ahr.190068"
1393,王氏环蛇,Bungarus wanghaotingi,云南,终审:A4 排除(建议)-伴随物种记录,新种描述文献中的伴随物种记录，非明确新纪录事件,"Ze-Ning Chen and Sheng-Chao Shi and Gernot Vogel and Li Ding and Jing-Song Shi (2021). Multiple lines of evidence reveal a new species of Krait (Squamata, Elapidae, Bungarus) from Southwestern China and Northern Myanmar ZooKeys, 1025, 35–71 https://doi.org/10.3897/zookeys.1025.62305"
1394,素贞环蛇,Bungarus suzhenae,云南,新种表,新种描述，转入 CHNR_new_species,"Ze-Ning Chen and Sheng-Chao Shi and Gernot Vogel and Li Ding and Jing-Song Shi (2021). Multiple lines of evidence reveal a new species of Krait (Squamata, Elapidae, Bungarus) from Southwestern China and Northern Myanmar ZooKeys, 1025, 35–71 https://doi.org/10.3897/zookeys.1025.62305"
1395,银环蛇,Bungarus multicinctus,,终审:B7 坐标在境内可反推省份,新种描述文献中的伴随物种记录，非明确新纪录事件,"Ze-Ning Chen and Sheng-Chao Shi and Gernot Vogel and Li Ding and Jing-Song Shi (2021). Multiple lines of evidence reveal a new species of Krait (Squamata, Elapidae, Bungarus) from Southwestern China and Northern Myanmar ZooKeys, 1025, 35–71 https://doi.org/10.3897/zookeys.1025.62305"
1396,王氏环蛇,Bungarus wanghaotingi,,终审:B7 坐标在境内可反推省份,新种描述文献中的伴随物种记录，非明确新纪录事件,"Ze-Ning Chen and Sheng-Chao Shi and Gernot Vogel and Li Ding and Jing-Song Shi (2021). Multiple lines of evidence reveal a new species of Krait (Squamata, Elapidae, Bungarus) from Southwestern China and Northern Myanmar ZooKeys, 1025, 35–71 https://doi.org/10.3897/zookeys.1025.62305"
1397,界木溪蛙,Rana jiemuxiensis,安徽,事件表,省级新纪录事件（1省）,"Min TANG, Xing YU, Jiahui LI, Taiyue LI, Wenrui ZHU, Jing CHE, Jianjun LIU, Huaxing ZHOU and Liuwang NIE (2025). New Distribution Records of Rana jiemuxiensis in Anhui Province Asian Herpetological Research, 16(1), 122–124 https://doi.org/10.3724/ahr.2095-0357.2024.0018"
1398,雷山角蟾,Megophrys leishanensis,贵州,新种表,新种描述，转入 CHNR_new_species,"Shize LI and Ning XU and Jing LIU and Jianping JIANG and Gang WEI and Bin WANG (2018). A New Species of the Asian Toad Genus Megophrys sensu lato (Amphibia: Anura: Megophryidae) from Guizhou Province, China Asian Herpetological Research, 9(4), 224–239 https://doi.org/10.16373/j.cnki.ahr.180072"
1399,,Ablepharus sp. nov.,西藏,新种表,新种描述，转入 CHNR_new_species,"Peng GUO and Kai WANG and Songwen TAN and Yayong WU and Jing CHE (2025). A New Species of Ablepharus (Sauria: Scincidae) from Western Xizang, China Asian Herpetological Research, 16(3), 261–271 https://doi.org/10.3724/ahr.2095-0357.2025.0011"
1400,双斑狼蛇,Lycodon jara,云南,事件表,省级新纪录事件（1省）,"Tierui ZHANG and Li DING and Xinge WANG and Frank T. BURBRINK and Song HUANG and Zhihao JIANG and Zhangbo CUI and Zicheng SU and Beibei HE and Ruyi HUANG and Jinmin CHEN (2024). Confirmation of Distribution of Twin-spotted Wolf Snake, Lycodon jara (Shaw, 1802) (Serpentes, Colubridae) in China, with Detailed Morphological Description Asian Herpetological Research, 15(4), 225–231 https://doi.org/10.3724/ahr.2095-0357.2024.0020"
1401,老挝水龙蜥,Tropidophorus laotus,,终审:排除-国外记录,记录类型无法判定（原表未标注且引用无线索）,"Kai WANG and Ling LI and V. DEEPAK and Somphouthone PHIMMACHAK and Stéphane GROSJEAN and Nicolas VIDAL and Zhongxiong FU and Fenfei WANG and Guojin SHEN and Bryan L. STUART and Jing CHE (2025). Designation of the Lectotype for Tropidophorus laotus (Reptilia: Scincidae) and Description of A New Closely Related Species from Southern Yunnan Province, China Asian Herpetological Research, 16(1), 95–109 https://doi.org/10.3724/ahr.2095-0357.2024.0057"
1402,滇南棱蜥,Tropidophorus kouzhitongi,云南,新种表,新种描述，转入 CHNR_new_species,"Kai WANG and Ling LI and V. DEEPAK and Somphouthone PHIMMACHAK and Stéphane GROSJEAN and Nicolas VIDAL and Zhongxiong FU and Fenfei WANG and Guojin SHEN and Bryan L. STUART and Jing CHE (2025). Designation of the Lectotype for Tropidophorus laotus (Reptilia: Scincidae) and Description of A New Closely Related Species from Southern Yunnan Province, China Asian Herpetological Research, 16(1), 95–109 https://doi.org/10.3724/ahr.2095-0357.2024.0057"
1403,马来环蛇,Bungarus candidus,,终审:C 排除-坐标在境外,新种描述文献中的伴随物种记录，非明确新纪录事件,"Ze-Ning Chen and Sheng-Chao Shi and Gernot Vogel and Li Ding and Jing-Song Shi (2021). Multiple lines of evidence reveal a new species of Krait (Squamata, Elapidae, Bungarus) from Southwestern China and Northern Myanmar ZooKeys, 1025, 35–71 https://doi.org/10.3897/zookeys.1025.62305"
1404,鉛山壁虎,Gekko hokouensis,台北、彭佳屿、台东县,终审:C 排除-记录地为国外省区,新种描述文献中的伴随物种记录，非明确新纪录事件,"林俊聰 & 姚秋如 (2016). 臺灣宜蘭縣龜山島壁虎屬 (Gekko) (有鱗目:蜥蜴亞目: 壁虎科) 一新種 A New Species of the Genus Gekko (Squamata: Sauria: Gekkonidae) from Guishan Isle, Yilan County, Taiwan 國立臺灣博物館學刊, 69(2), 1-14 https://doi.org/10.6532/JNTM.2016.69(2).01"
1405,素贞环蛇,Bungarus suzhenae,云南,新种表,新种描述，转入 CHNR_new_species,"Ze-Ning Chen and Sheng-Chao Shi and Gernot Vogel and Li Ding and Jing-Song Shi (2021). Multiple lines of evidence reveal a new species of Krait (Squamata, Elapidae, Bungarus) from Southwestern China and Northern Myanmar ZooKeys, 1025, 35–71 https://doi.org/10.3897/zookeys.1025.62305"
1406,北仑小雨蛙,Microhyla beilunensis,浙江,新种表,新种描述，转入 CHNR_new_species,"Meihua ZHANG and Liang FEI and Changyuan YE and Yufan WANG and Bin Wang and Jianping JIANG (2018). A New Species of Genus Microhyla (Amphibia: Anura: Microhylidae) from Zhejiang Province, China Asian Herpetological Research, 9(3), 135–148 https://doi.org/10.16373/j.cnki.ahr.180032"
1407,银环蛇,Bungarus multicinctus,中国东部和南部,终审:A4 排除(建议)-伴随物种记录,新种描述文献中的伴随物种记录，非明确新纪录事件,"Ze-Ning Chen and Sheng-Chao Shi and Gernot Vogel and Li Ding and Jing-Song Shi (2021). Multiple lines of evidence reveal a new species of Krait (Squamata, Elapidae, Bungarus) from Southwestern China and Northern Myanmar ZooKeys, 1025, 35–71 https://doi.org/10.3897/zookeys.1025.62305"
1408,王氏环蛇,Bungarus wanghaotingi,中国南部、西南部,终审:A4 排除(建议)-伴随物种记录,新种描述文献中的伴随物种记录，非明确新纪录事件,"Ze-Ning Chen and Sheng-Chao Shi and Gernot Vogel and Li Ding and Jing-Song Shi (2021). Multiple lines of evidence reveal a new species of Krait (Squamata, Elapidae, Bungarus) from Southwestern China and Northern Myanmar ZooKeys, 1025, 35–71 https://doi.org/10.3897/zookeys.1025.62305"
1409,马来环蛇,Bungarus candidus,西爪哇、平福,终审:C 排除-记录地为国外省区,新种描述文献中的伴随物种记录，非明确新纪录事件,"Ze-Ning Chen and Sheng-Chao Shi and Gernot Vogel and Li Ding and Jing-Song Shi (2021). Multiple lines of evidence reveal a new species of Krait (Squamata, Elapidae, Bungarus) from Southwestern China and Northern Myanmar ZooKeys, 1025, 35–71 https://doi.org/10.3897/zookeys.1025.62305"
1410,台湾烙铁头蛇,Ovophis makazayazaya,,终审:A3 排除-无省份且无坐标,记录类型无法判定（原表未标注且引用无线索）,"Yang-Mei Zeng and Ke Li and Qin Liu and Ya-Yong Wu and Shao-Bing Hou and Gui-Gang Zhao and Sang Ngoc Nguyen and Peng Guo and Lei Shi (2023). New insights into the phylogeny and evolution of Chinese Ovophis (Serpentes, Viperidae): Inferred from multilocus data Zoologica Scripta, 52, 358-369 https://doi.org/10.1111/zsc.12589"
1411,山烙铁头蛇,Ovophis monticola,,终审:A3 排除-无省份且无坐标,记录类型无法判定（原表未标注且引用无线索）,"Yang-Mei Zeng and Ke Li and Qin Liu and Ya-Yong Wu and Shao-Bing Hou and Gui-Gang Zhao and Sang Ngoc Nguyen and Peng Guo and Lei Shi (2023). New insights into the phylogeny and evolution of Chinese Ovophis (Serpentes, Viperidae): Inferred from multilocus data Zoologica Scripta, 52, 358-369 https://doi.org/10.1111/zsc.12589"
1412,大头姬蛙,Microhyla pulchra,广东、永富,终审:A4 排除(建议)-伴随物种记录,新种描述文献中的伴随物种记录，非明确新纪录事件,"Meihua ZHANG and Liang FEI and Changyuan YE and Yufan WANG and Bin Wang and Jianping JIANG (2018). A New Species of Genus Microhyla (Amphibia: Anura: Microhylidae) from Zhejiang Province, China Asian Herpetological Research, 9(3), 135–148 https://doi.org/10.16373/j.cnki.ahr.180032"
1413,高栏岛角蟾,Boulenophrys gaolanensis,广东,新种表,新种描述，转入 CHNR_new_species,"Hanming SONG and Haotian WANG and Shuo QI and Ning WANG and Yingyong WANG (2024). A New Species of the Genus Boulenophrys (Anura: Megophryidae: Megophryinae) from Zhuhai, Guangdong, China Asian Herpetological Research, 15(4), 251–264 https://doi.org/10.3724/ahr.2095-0357.2024.0026"
1414,莲峰角蟾,Boulenophrys elongata,广东,新种表,新种描述，转入 CHNR_new_species,"Zhaochi ZENG and Jian WANG and Honghui CHEN and Weiwen XIAO and Binbin ZHAN and Yuanhang LI and Shishi LIN (2024). A New Species of the Genus Boulenophrys (Anura, Megophryidae) from Eastern Guangdong, China Asian Herpetological Research, 15(1), 12–21 https://doi.org/10.3724/ahr.2095-0357.2023.0038"
1415,,Ovophis sp. nov.,云南,新种表,新种描述，转入 CHNR_new_species,"Shuo Liu and Mian Hou and Mingzhong Mo and Mei Li and Biao Li and Xiong Luo and Dingqi Rao and Song Li (2024). A new species of the genus Ovophis Burger in Hoge & Romano-Hoge, 1981 (Serpentes, Viperidae) from southern Yunnan, China Yuanyang Guanyinshan Provincial Nature https://doi.org/10.3897/zookeys.1230.142967"
1416,山烙铁头,Ovophis monticola,云南,终审:A1/B1 排除-同种同省已收录(再记录),新种描述文献中的伴随物种记录，非明确新纪录事件,"Shuo Liu and Mian Hou and Mingzhong Mo and Mei Li and Biao Li and Xiong Luo and Dingqi Rao and Song Li (2024). A new species of the genus Ovophis Burger in Hoge & Romano-Hoge, 1981 (Serpentes, Viperidae) from southern Yunnan, China Yuanyang Guanyinshan Provincial Nature https://doi.org/10.3897/zookeys.1230.142967"
1417,,Ovophis taylori,,终审:A3 排除-无省份且无坐标,记录类型无法判定（原表未标注且引用无线索）,"Yang-Mei Zeng and Ke Li and Qin Liu and Ya-Yong Wu and Shao-Bing Hou and Gui-Gang Zhao and Sang Ngoc Nguyen and Peng Guo and Lei Shi (2023). New insights into the phylogeny and evolution of Chinese Ovophis (Serpentes, Viperidae): Inferred from multilocus data Zoologica Scripta, 52, 358-369 https://doi.org/10.1111/zsc.12589"
1418,棕黑腹链蛇,Hebius sauteri,台湾,终审:排除-分类学文献伴随,记录类型无法判定（原表未标注且引用无线索）,"Mao-Liang Li and Jin-Long Ren and Jun-Jie Huang and Zhi-Tong Lyu and Shuo Qi and Ke Jiang and Ying-Yong Wang and Jia-Tang Li (2022). On the validity of Hebius sauteri maximus (Malnate, 1962) (Squamata, Natricidae), with the redescription of H. maximus comb. nov. and H. sauteri (Boulenger, 1909) Life Science https://doi.org/10.3897/herpetozoa.35.e94920"
1419,华西腹链蛇,Hebius maximus,四川,新种表,新种描述，转入 CHNR_new_species,"Mao-Liang Li and Jin-Long Ren and Jun-Jie Huang and Zhi-Tong Lyu and Shuo Qi and Ke Jiang and Ying-Yong Wang and Jia-Tang Li (2022). On the validity of Hebius sauteri maximus (Malnate, 1962) (Squamata, Natricidae), with the redescription of H. maximus comb. nov. and H. sauteri (Boulenger, 1909) Life Science https://doi.org/10.3897/herpetozoa.35.e94920"
1420,饰纹姬蛙,Microhyla fissipes,,终审:排除-无省级信息（系统学/命名学文献）,记录类型无法判定（原表未标注且引用无线索）,"Zhi-Yong YUAN and Chatmongkon SUWANNAPOOM and Fang YAN and Nikolay A. POYARKOV and Sang Ngoc NGUYEN and Hong-man CHEN and Siriwadee CHOMDEJ and Robert W. MURPHY and Jing CHE (2016). Red River barrier and Pleistocene climatic fluctuations shaped the genetic structure of Microhyla fissipes complex (Anura: Microhylidae) in southern China and Indochina Life Science, 62 https://doi.org/10.1093/cz/zow042"
1421,穆氏姬蛙,Microhyla mukhlesuri,,终审:B7 坐标在境内可反推省份,记录类型无法判定（原表未标注且引用无线索）,"Zhi-Yong YUAN and Chatmongkon SUWANNAPOOM and Fang YAN and Nikolay A. POYARKOV and Sang Ngoc NGUYEN and Hong-man CHEN and Siriwadee CHOMDEJ and Robert W. MURPHY and Jing CHE (2016). Red River barrier and Pleistocene climatic fluctuations shaped the genetic structure of Microhyla fissipes complex (Anura: Microhylidae) in southern China and Indochina Life Science, 62 https://doi.org/10.1093/cz/zow042"
1422,小弧斑姬蛙,Microhyla heymonsi,,终审:A3 排除-无省份且无坐标,记录类型无法判定（原表未标注且引用无线索）,"Zhi-Yong YUAN and Chatmongkon SUWANNAPOOM and Fang YAN and Nikolay A. POYARKOV and Sang Ngoc NGUYEN and Hong-man CHEN and Siriwadee CHOMDEJ and Robert W. MURPHY and Jing CHE (2016). Red River barrier and Pleistocene climatic fluctuations shaped the genetic structure of Microhyla fissipes complex (Anura: Microhylidae) in southern China and Indochina Life Science, 62 https://doi.org/10.1093/cz/zow042"
1423,鼻臭蛙,Odorrana nasuta,,终审:A3 排除-无省份且无坐标,新种描述文献中的伴随物种记录，非明确新纪录事件,"Hanming SONG and Siyu ZHANG and Shuo QI and Zhitong LYU and Zhaochi ZENG and Yongheng ZHU and Minghai HUANG and Fuchen LUAN and Zufei SHU and Yuening GONG and Zhifa LIU and Yingyong WANG (2023). Redefinition of the Odorrana versabilis Group, with a New Species from China (Anura, Ranidae, Odorrana) Asian Herpetological Research, 14(4), 283–299 https://doi.org/10.3724/ahr.2095-0357.2023.0019"
1424,,Odorrana trankieni,,终审:A3 排除-无省份且无坐标,新种描述文献中的伴随物种记录，非明确新纪录事件,"Hanming SONG and Siyu ZHANG and Shuo QI and Zhitong LYU and Zhaochi ZENG and Yongheng ZHU and Minghai HUANG and Fuchen LUAN and Zufei SHU and Yuening GONG and Zhifa LIU and Yingyong WANG (2023). Redefinition of the Odorrana versabilis Group, with a New Species from China (Anura, Ranidae, Odorrana) Asian Herpetological Research, 14(4), 283–299 https://doi.org/10.3724/ahr.2095-0357.2023.0019"
1425,华甸掌突蟾,Glyphoglossus huadianensis,云南,新种表,新种描述，转入 CHNR_new_species,"Dongru ZHANG and Shuo LIU and Lixia ZHANG and Hong HUI and Heng XIAO and Dingqi RAO (2021). A New Species of Glyphoglossus Günther, 1869 (Anura: Microhylidae) from Western Yunnan, China Asian Herpetological Research, 12(4), 371–380 https://doi.org/10.16373/j.cnki.ahr.200106"
1426,云南掌突蟾,Glyphoglossus yunnanensis,云南,终审:A4 排除(建议)-伴随物种记录,新种描述文献中的伴随物种记录，非明确新纪录事件,"Dongru ZHANG and Shuo LIU and Lixia ZHANG and Hong HUI and Heng XIAO and Dingqi RAO (2021). A New Species of Glyphoglossus Günther, 1869 (Anura: Microhylidae) from Western Yunnan, China Asian Herpetological Research, 12(4), 371–380 https://doi.org/10.16373/j.cnki.ahr.200106"
1427,香格里拉温泉蛇,Thermophis shangrila,云南,新种表,新种描述，转入 CHNR_new_species,"Lifang PENG and Changhu LU and Song HUANG and Peng GUO and Yaping ZHANG (2014). A New Species of the Genus Thermophis (Serpentes: Colubridae) from Shangri-La, Northern Yunnan, China, with a Proposal for an Eclectic Rule for Species Delimitation Asian Herpetological Research, 5(4), 228–239 https://doi.org/10.3724/SP.J.1245.2014.00228"
1428,西藏温泉蛇,Thermophis baileyi,西藏,终审:A4 排除(建议)-伴随物种记录,新种描述文献中的伴随物种记录，非明确新纪录事件,"Lifang PENG and Changhu LU and Song HUANG and Peng GUO and Yaping ZHANG (2014). A New Species of the Genus Thermophis (Serpentes: Colubridae) from Shangri-La, Northern Yunnan, China, with a Proposal for an Eclectic Rule for Species Delimitation Asian Herpetological Research, 5(4), 228–239 https://doi.org/10.3724/SP.J.1245.2014.00228"
1429,安子山臭蛙,Odorrana yentuensis,广西,终审:A4 排除(建议)-伴随物种记录,新种描述文献中的伴随物种记录，非明确新纪录事件,"Hanming SONG and Siyu ZHANG and Shuo QI and Zhitong LYU and Zhaochi ZENG and Yongheng ZHU and Minghai HUANG and Fuchen LUAN and Zufei SHU and Yuening GONG and Zhifa LIU and Yingyong WANG (2023). Redefinition of the Odorrana versabilis Group, with a New Species from China (Anura, Ranidae, Odorrana) Asian Herpetological Research, 14(4), 283–299 https://doi.org/10.3724/ahr.2095-0357.2023.0019"
1430,盈江竹叶青,Trimeresurus yingjiangensis,云南,新种表,新种描述，转入 CHNR_new_species,"Zening CHEN and Liang ZHANG and Jingsong SHI and Yezhong TANG and Yuhong GUO and Zhaobin SONG and Li DING (2019). A New Species of the Genus Trimeresurus from Southwest China (Squamata: Viperidae) Asian Herpetological Research, 10(1), 13–23 https://doi.org/10.16373/j.cnki.ahr.180062"
1431,荔波角蟾,Xenophrys liboensis,贵州,新种表,新种描述，转入 CHNR_new_species,"Yanan ZHANG and Gang LI and Ning XIAO and Jiaqi LI and Tao PAN and Hui WANG and Baowei ZHANG and Jiang ZHOU (2017). A New Species of the Genus Xenophrys (Amphibia: Anura: Megophryidae) from Libo County, Guizhou, China Asian Herpetological Research, 8(2), 75–85 https://doi.org/10.16373/j.cnki.ahr.160041"
1432,桑植湍蛙,Amolops sangzhiensis,湖南,新种表,新种描述，转入 CHNR_new_species,"Tianyu QIAN and Jianjun XIANG and Jianping JIANG and Daode YANG and Jian GUI (2023). A New Species of the Amolops mantzorum Group (Anura: Ranidae: Amolops) from Northwestern Hunan Province, China Asian Herpetological Research, 14(1), 54–64 https://doi.org/10.16373/j.cnki.ahr.220063"
1433,,Odorrana amamiensis,,终审:B7 坐标在境内可反推省份,新种描述文献中的伴随物种记录，非明确新纪录事件,"Hanming SONG and Siyu ZHANG and Shuo QI and Zhitong LYU and Zhaochi ZENG and Yongheng ZHU and Minghai HUANG and Fuchen LUAN and Zufei SHU and Yuening GONG and Zhifa LIU and Yingyong WANG (2023). Redefinition of the Odorrana versabilis Group, with a New Species from China (Anura, Ranidae, Odorrana) Asian Herpetological Research, 14(4), 283–299 https://doi.org/10.3724/ahr.2095-0357.2023.0019"
1434,弹琴蛙,Nidirana adenopleura,福建,终审:A4 排除(建议)-伴随物种记录,新种描述文献中的伴随物种记录，非明确新纪录事件,"Hanming SONG and Siyu ZHANG and Shuo QI and Zhitong LYU and Zhaochi ZENG and Yongheng ZHU and Minghai HUANG and Fuchen LUAN and Zufei SHU and Yuening GONG and Zhifa LIU and Yingyong WANG (2023). Redefinition of the Odorrana versabilis Group, with a New Species from China (Anura, Ranidae, Odorrana) Asian Herpetological Research, 14(4), 283–299 https://doi.org/10.3724/ahr.2095-0357.2023.0019"
1435,,Nidirana,广东,排除,属级记录，非种级事件,"Hanming SONG and Siyu ZHANG and Shuo QI and Zhitong LYU and Zhaochi ZENG and Yongheng ZHU and Minghai HUANG and Fuchen LUAN and Zufei SHU and Yuening GONG and Zhifa LIU and Yingyong WANG (2023). Redefinition of the Odorrana versabilis Group, with a New Species from China (Anura, Ranidae, Odorrana) Asian Herpetological Research, 14(4), 283–299 https://doi.org/10.3724/ahr.2095-0357.2023.0019"
1436,条纹小头蛇,Oligodon hamptoni,曼德勒地区,排除,国外记录（省份字段为外国地名：曼德勒地区）,"Justin L. Lee and Jian-Huan Yang and Platon Yushchenko and Nikolay A. Poyarkov Jr (2021). Rediscovery and distribution extension of the rare Kukri Snake, Oligodon hamptoni Boulenger, 1918 (Reptilia, Serpentes, Colubridae), with the first record of this species from China Gaoligongshan Nature https://doi.org/10.3897/herpetozoa.34.e60875"
1437,武陵树蛙,Hyla annectans wulingensis,湖南,终审:A4 排除(建议)-伴随物种记录,新种描述文献中的伴随物种记录，非明确新纪录事件,"Tianyu QIAN and Jianjun XIANG and Jianping JIANG and Daode YANG and Jian GUI (2023). A New Species of the Amolops mantzorum Group (Anura: Ranidae: Amolops) from Northwestern Hunan Province, China Asian Herpetological Research, 14(1), 54–64 https://doi.org/10.16373/j.cnki.ahr.220063"
1438,条纹小头蛇,Oligodon hamptoni,云南,事件表,省级新纪录事件（1省）,"Justin L. Lee and Jian-Huan Yang and Platon Yushchenko and Nikolay A. Poyarkov Jr (2021). Rediscovery and distribution extension of the rare Kukri Snake, Oligodon hamptoni Boulenger, 1918 (Reptilia, Serpentes, Colubridae), with the first record of this species from China Gaoligongshan Nature https://doi.org/10.3897/herpetozoa.34.e60875"
1439,玉龙龙蜥,Japalura yulongensis,云南,排除,记录类型为'其他新纪录/再发现'等，未纳入省级新纪录事件表,"KAI WANG and JINLONG REN and KE JIANG and ZHIYONG YUAN and JING CHE and CAMERON D. SILER (2017). Rediscovery of the enigmatic Mountain Dragon, Japalura yulongensis (Reptilia: Sauria: Agamidae), with notes on its natural history and conservation Zootaxa, 4318(2), 351–363 https://doi.org/10.11646/zootaxa.4318.2.8"
1440,朱氏脊蛇,Achalinus juliani,广西,事件表,省级新纪录事件（1省）,"Yanyuan XIE and Ruigang YANG and Shengyuan LIU and Zhengjun WU and Zening CHEN (2025). First Record of Achalinus juliani Ziegler et al., 2019 (Serpentes: Xenodermidae) from China Asian Herpetological Research, 16(4), 392–394 https://doi.org/10.3724/ahr.2095-0357.2025.0012"
1441,喜山原矛头蝮,Protobothrops himalayanus,西藏,新种表,新种描述，转入 CHNR_new_species,"Hujun PAN and Basundhara CHETTRI and Daode YANG and Ke JIANG and Kai WANG and Liang ZHANG and Gernot VOGEL (2013). A New Species of the Genus Protobothrops (Squamata: Viperidae) from Southern Tibet, China and Sikkim, India Asian Herpetological Research, 4(2), 109–115 https://doi.org/10.3724/SP.J.1245.2013.00109"
1442,卡若蝮,Gloydius variegatus,西藏,新种表,新种描述，转入 CHNR_new_species,"Jinlong REN and Junjie HUANG and Wei WU and Ke JIANG and Jiatang LI (2025). One Mountain, Two Tigers: A New Species of Gloydius (Serpentes: Viperidae) from the Upper Lancang Valley in Xizang, China, with Comments on the Diagnostic Characters and Evolution of the G. strauchi (Bedriaga, 1912) Species Complex Asian Herpetological Research, 16(1), 1-19 https://doi.org/10.3724/ahr.2095-0357.2024.0059"
1443,黑斑维贾蛙,Wijayarana melasma,云南,事件表,省级新纪录事件（1省）,"Dongyi WU and Junkai HUANG and Yunhe WU and Xiaolong LIU and Jing CHE and Zhiyong YUAN (2023). First Record of the Genus Wijayarana (Anura, Ranidae) from Yunnan, China Asian Herpetological Research, 14(1), 116–120 https://doi.org/10.16373/j.cnki.ahr.220058"
1444,草绿攀蜥,Japalura flaviceps,,排除,记录类型为'其他新纪录/再发现'等，未纳入省级新纪录事件表,"KAI WANG and JINLONG REN and KE JIANG and ZHIYONG YUAN and JING CHE and CAMERON D. SILER (2017). Rediscovery of the enigmatic Mountain Dragon, Japalura yulongensis (Reptilia: Sauria: Agamidae), with notes on its natural history and conservation Zootaxa, 4318(2), 351–363 https://doi.org/10.11646/zootaxa.4318.2.8"
1445,巴塘攀蜥,Japalura batangensis,,排除,记录类型为'其他新纪录/再发现'等，未纳入省级新纪录事件表,"KAI WANG and JINLONG REN and KE JIANG and ZHIYONG YUAN and JING CHE and CAMERON D. SILER (2017). Rediscovery of the enigmatic Mountain Dragon, Japalura yulongensis (Reptilia: Sauria: Agamidae), with notes on its natural history and conservation Zootaxa, 4318(2), 351–363 https://doi.org/10.11646/zootaxa.4318.2.8"
1446,,Japalura zhaoermii,,排除,记录类型为'其他新纪录/再发现'等，未纳入省级新纪录事件表,"KAI WANG and JINLONG REN and KE JIANG and ZHIYONG YUAN and JING CHE and CAMERON D. SILER (2017). Rediscovery of the enigmatic Mountain Dragon, Japalura yulongensis (Reptilia: Sauria: Agamidae), with notes on its natural history and conservation Zootaxa, 4318(2), 351–363 https://doi.org/10.11646/zootaxa.4318.2.8"
1447,海河后棱蛇,Opisthotropis haihaensis,广西,事件表,省级新纪录事件（1省）,"Jian Wang and Zhi-Tong Lyu and Zhao-Chi Zeng and Chao-Yu Lin and Jian-Huan Yang and Truong Quang Nguyen and Minh D. Le and Thomas Ziegler and Ying-Yong Wang (2020). Re-examination of the Chinese record of Opisthotropis maculosa (Squamata, Natricidae), resulting in the first national record of O. haihaensis and description of a new species ZooKeys, 913, 141–159 https://doi.org/10.3897/zookeys.913.48622"
1448,张氏后棱蛇,Opisthotropis hungtai,广东,新种表,新种描述，转入 CHNR_new_species,"Jian Wang and Zhi-Tong Lyu and Zhao-Chi Zeng and Chao-Yu Lin and Jian-Huan Yang and Truong Quang Nguyen and Minh D. Le and Thomas Ziegler and Ying-Yong Wang (2020). Re-examination of the Chinese record of Opisthotropis maculosa (Squamata, Natricidae), resulting in the first national record of O. haihaensis and description of a new species ZooKeys, 913, 141–159 https://doi.org/10.3897/zookeys.913.48622"
1449,海河后棱蛇,Opisthotropis haihaensis,广西,事件表,省级新纪录事件（1省）,"Jian Wang and Zhi-Tong Lyu and Zhao-Chi Zeng and Chao-Yu Lin and Jian-Huan Yang and Truong Quang Nguyen and Minh D. Le and Thomas Ziegler and Ying-Yong Wang (2020). Re-examination of the Chinese record of Opisthotropis maculosa (Squamata, Natricidae), resulting in the first national record of O. haihaensis and description of a new species ZooKeys, 913, 141–159 https://doi.org/10.3897/zookeys.913.48622"
1450,张氏后棱蛇,Opisthotropis hungtai,广东,新种表,新种描述，转入 CHNR_new_species,"Jian Wang and Zhi-Tong Lyu and Zhao-Chi Zeng and Chao-Yu Lin and Jian-Huan Yang and Truong Quang Nguyen and Minh D. Le and Thomas Ziegler and Ying-Yong Wang (2020). Re-examination of the Chinese record of Opisthotropis maculosa (Squamata, Natricidae), resulting in the first national record of O. haihaensis and description of a new species ZooKeys, 913, 141–159 https://doi.org/10.3897/zookeys.913.48622"
1451,海河后棱蛇,Opisthotropis haihaensis,广西,事件表,省级新纪录事件（1省）,"Jian Wang and Zhi-Tong Lyu and Zhao-Chi Zeng and Chao-Yu Lin and Jian-Huan Yang and Truong Quang Nguyen and Minh D. Le and Thomas Ziegler and Ying-Yong Wang (2020). Re-examination of the Chinese record of Opisthotropis maculosa (Squamata, Natricidae), resulting in the first national record of O. haihaensis and description of a new species ZooKeys, 913, 141–159 https://doi.org/10.3897/zookeys.913.48622"
1452,张氏后棱蛇,Opisthotropis hungtai,广东,新种表,新种描述，转入 CHNR_new_species,"Jian Wang and Zhi-Tong Lyu and Zhao-Chi Zeng and Chao-Yu Lin and Jian-Huan Yang and Truong Quang Nguyen and Minh D. Le and Thomas Ziegler and Ying-Yong Wang (2020). Re-examination of the Chinese record of Opisthotropis maculosa (Squamata, Natricidae), resulting in the first national record of O. haihaensis and description of a new species ZooKeys, 913, 141–159 https://doi.org/10.3897/zookeys.913.48622"
1453,海河后棱蛇,Opisthotropis haihaensis,广西,事件表,省级新纪录事件（1省）,"Jian Wang and Zhi-Tong Lyu and Zhao-Chi Zeng and Chao-Yu Lin and Jian-Huan Yang and Truong Quang Nguyen and Minh D. Le and Thomas Ziegler and Ying-Yong Wang (2020). Re-examination of the Chinese record of Opisthotropis maculosa (Squamata, Natricidae), resulting in the first national record of O. haihaensis and description of a new species ZooKeys, 913, 141–159 https://doi.org/10.3897/zookeys.913.48622"
1454,宁陕颈棱蛇,Stichophanes ningshaanensis,陕西,事件表,省级新纪录事件（1省）,"Xiaohe WANG and Kevin MESSENGER and Ermi ZHAO and Chaodong ZHU (2014). Reclassification of Oligodon ningshaanensis Yuan, 1983 (Ophidia: Colubridae) into a New Genus, Stichophanes gen. nov. with Description on Its Malacophagous Behavior Asian Herpetological Research, 5(3), 137–149 https://doi.org/10.3724/SP.J.1245.2014.00137"
1455,安徽瘰螈,Tylototriton anhuiensis,安徽,新种表,新种描述，转入 CHNR_new_species,"Lifu QIAN and Xiaonan SUN and Jiaqi LI and Weibo GUO and Tao PAN and Xing KANG and Hui WANG and Jianping JIANG and Jun WU and Baowei ZHANG (2017). A New Species of the Genus Tylototriton (Amphibia: Urodela: Salamandridae) from the Southern Dabie Mountains in Anhui Province Asian Herpetological Research, 8(3), 151–164 https://doi.org/10.16373/j.cnki.ahr.170013"
1456,稻城龙蜥,Diploderma daochengense,四川,新种表,新种描述，转入 CHNR_new_species,"Bo CAI and Meihua ZHANG and Jing LI and Simeng DU and Feng XIE and Mian HOU and Huaming ZHOU and Jianping JIANG (2022). Three New Species of Diploderma Hallowell, 1861 (Reptilia: Squamata: Agamidae) from the Shaluli Mountains in Western Sichuan, China Asian Herpetological Research, 13(4), 205–223 https://doi.org/10.16373/j.cnki.ahr.220040"
1457,新龙龙蜥,Diploderma xinlongense,四川,新种表,新种描述，转入 CHNR_new_species,"Bo CAI and Meihua ZHANG and Jing LI and Simeng DU and Feng XIE and Mian HOU and Huaming ZHOU and Jianping JIANG (2022). Three New Species of Diploderma Hallowell, 1861 (Reptilia: Squamata: Agamidae) from the Shaluli Mountains in Western Sichuan, China Asian Herpetological Research, 13(4), 205–223 https://doi.org/10.16373/j.cnki.ahr.220040"
1458,康定龙蜥,Diploderma kangdingense,四川,新种表,新种描述，转入 CHNR_new_species,"Bo CAI and Meihua ZHANG and Jing LI and Simeng DU and Feng XIE and Mian HOU and Huaming ZHOU and Jianping JIANG (2022). Three New Species of Diploderma Hallowell, 1861 (Reptilia: Squamata: Agamidae) from the Shaluli Mountains in Western Sichuan, China Asian Herpetological Research, 13(4), 205–223 https://doi.org/10.16373/j.cnki.ahr.220040"
1459,云开棘蛙,Quasipaa yunkaiensis,广东,新种表,新种描述，转入 CHNR_new_species,"Shuo QI and Zhitong LYU and Hanming SONG and Haotian WANG and Zhuoyu LI and Youyu LI and Yingyong WANG (2025). A New Species of the Genus Quasipaa (Anura: Dicroglossidae) from Guangdong, China Asian Herpetological Research, 16(4), 319–330 https://doi.org/10.3724/ahr.2095-0357.2025.0031"
1460,镇海棘螈,Echinotriton chinhaiensis,浙江,终审:A4 排除(建议)-伴随物种记录,新种描述文献中的伴随物种记录，非明确新纪录事件,"MIAN HOU and YUNKE WU and KELIN YANG and SHENG ZHENG and ZHIYONG YUAN and PIPENG LI (2014). A missing geographic link in the distribution of the genus Echinotriton (Caudata: Salamandridae) with description of a new species from southern China Zootaxa, 3895(1), 089–102 https://doi.org/10.11646/zootaxa.3895.1.5"
1461,安德森棘螈,Echinotriton andersoni,,终审:B7 坐标在境内可反推省份,新种描述文献中的伴随物种记录，非明确新纪录事件,"MIAN HOU and YUNKE WU and KELIN YANG and SHENG ZHENG and ZHIYONG YUAN and PIPENG LI (2014). A missing geographic link in the distribution of the genus Echinotriton (Caudata: Salamandridae) with description of a new species from southern China Zootaxa, 3895(1), 089–102 https://doi.org/10.11646/zootaxa.3895.1.5"
1462,,Echinotriton sp. nov.,,新种表,新种描述，转入 CHNR_new_species,"MIAN HOU and YUNKE WU and KELIN YANG and SHENG ZHENG and ZHIYONG YUAN and PIPENG LI (2014). A missing geographic link in the distribution of the genus Echinotriton (Caudata: Salamandridae) with description of a new species from southern China Zootaxa, 3895(1), 089–102 https://doi.org/10.11646/zootaxa.3895.1.5"
1463,北方锄足蛙,Kaloula borealis,上海,事件表,省级新纪录事件（1省）,"Wei ZHANG and Ben LI and Xiaoxiao SHU and Hanbin XIE and Enle PEI and Xiao YUAN and Yujie SUN and Tianhou WANG and Zhenghuan WANG (2015). A New Record of Kaloula (Amphibia: Anura: Microhylidae) in Shanghai, China Asian Herpetological Research, 6(3), 240–244 https://doi.org/10.16373/j.cnki.ahr.140070"
1464,四川鼠蛇,Euprepiophis perlaceus,陕西,事件表,省级新纪录事件（1省）,"Shi-Yi Tang, Chen-Liang Li, Yu-Li Li, and Bao-Guo Li (2021). New records of the Endangered Szechwan Rat Snake, Euprepiophis perlaceus (Stejneger, 1929) (Squamata: Colubridae: Coronellini), from Shaanxi, China Amphibian & Reptile Conservation, 15(2), 23–30 https://doi.org/e279"
1465,玉斑锦蛇,Euprepiophis mandarinus,,排除,省级信息缺失且无法由坐标推定,"Shi-Yi Tang, Chen-Liang Li, Yu-Li Li, and Bao-Guo Li (2021). New records of the Endangered Szechwan Rat Snake, Euprepiophis perlaceus (Stejneger, 1929) (Squamata: Colubridae: Coronellini), from Shaanxi, China Amphibian & Reptile Conservation, 15(2), 23–30 https://doi.org/e279"
1466,日本锦蛇,Euprepiophis conspicillata,,排除,国外记录（坐标在中国境外）,"Shi-Yi Tang, Chen-Liang Li, Yu-Li Li, and Bao-Guo Li (2021). New records of the Endangered Szechwan Rat Snake, Euprepiophis perlaceus (Stejneger, 1929) (Squamata: Colubridae: Coronellini), from Shaanxi, China Amphibian & Reptile Conservation, 15(2), 23–30 https://doi.org/e279"
1467,张氏后棱蛇,Opisthotropis hungtai,广东,新种表,新种描述，转入 CHNR_new_species,"Jian Wang and Zhi-Tong Lyu and Zhao-Chi Zeng and Chao-Yu Lin and Jian-Huan Yang and Truong Quang Nguyen and Minh D. Le and Thomas Ziegler and Ying-Yong Wang (2020). Re-examination of the Chinese record of Opisthotropis maculosa (Squamata, Natricidae), resulting in the first national record of O. haihaensis and description of a new species ZooKeys, 913, 141–159 https://doi.org/10.3897/zookeys.913.48622"
1468,海河后棱蛇,Opisthotropis haihaensis,广西,事件表,省级新纪录事件（1省）,"Jian Wang and Zhi-Tong Lyu and Zhao-Chi Zeng and Chao-Yu Lin and Jian-Huan Yang and Truong Quang Nguyen and Minh D. Le and Thomas Ziegler and Ying-Yong Wang (2020). Re-examination of the Chinese record of Opisthotropis maculosa (Squamata, Natricidae), resulting in the first national record of O. haihaensis and description of a new species ZooKeys, 913, 141–159 https://doi.org/10.3897/zookeys.913.48622"
1469,张氏后棱蛇,Opisthotropis hungtai,广东,新种表,新种描述，转入 CHNR_new_species,"Jian Wang and Zhi-Tong Lyu and Zhao-Chi Zeng and Chao-Yu Lin and Jian-Huan Yang and Truong Quang Nguyen and Minh D. Le and Thomas Ziegler and Ying-Yong Wang (2020). Re-examination of the Chinese record of Opisthotropis maculosa (Squamata, Natricidae), resulting in the first national record of O. haihaensis and description of a new species ZooKeys, 913, 141–159 https://doi.org/10.3897/zookeys.913.48622"
1470,宽头短腿蟾,Brachytarsophrys platyparietus,云南,新种表,新种描述，转入 CHNR_new_species,"Yao Li and Dan-Dan Zhang and Zhi-Tong Lyu and Jian Wang and Yu-Long Li and Zu-Yao Liu and Hong-Hui Chen and Ding-Qi Rao and Zhi-Fang Jin and Chang-You Zhang and Ying-Yong Wang (2020). Review of the genus Brachytarsophrys (Anura: Megophryidae), with revalidation of Brachytarsophrys platyparietus and description of a new species from China Zoological Research https://doi.org/10.24272/j.issn.2095-8137.2020.033"
1471,广西肥螈,Pachytriton guangxiensis,广西,终审:排除-伴随物种（分类学文献检视标本）,记录类型无法判定（原表未标注且引用无线索）,"YUNKE WU and YUEZHAO WANG and KE JIANG and JAMES HANKEN (2010). A new newt of the genus Cynops (Caudata: Salamandridae) from Fujian Province, southeastern China Zootaxa, 2346, 42–52"
1472,越南肥螈,Pachytriton deloustali,永富,终审:C 排除-记录地为国外省区,记录类型无法判定（原表未标注且引用无线索）,"YUNKE WU and YUEZHAO WANG and KE JIANG and JAMES HANKEN (2010). A new newt of the genus Cynops (Caudata: Salamandridae) from Fujian Province, southeastern China Zootaxa, 2346, 42–52"
1473,东方短腿蟾,Brachytarsophrys orientalis,江西,新种表,新种描述，转入 CHNR_new_species,"Yao Li and Dan-Dan Zhang and Zhi-Tong Lyu and Jian Wang and Yu-Long Li and Zu-Yao Liu and Hong-Hui Chen and Ding-Qi Rao and Zhi-Fang Jin and Chang-You Zhang and Ying-Yong Wang (2020). Review of the genus Brachytarsophrys (Anura: Megophryidae), with revalidation of Brachytarsophrys platyparietus and description of a new species from China Zoological Research https://doi.org/10.24272/j.issn.2095-8137.2020.033"
1474,费氏短腿蟾,Brachytarsophrys feae,,终审:A3 排除-无省份且无坐标,新种描述文献中的伴随物种记录，非明确新纪录事件,"Yao Li and Dan-Dan Zhang and Zhi-Tong Lyu and Jian Wang and Yu-Long Li and Zu-Yao Liu and Hong-Hui Chen and Ding-Qi Rao and Zhi-Fang Jin and Chang-You Zhang and Ying-Yong Wang (2020). Review of the genus Brachytarsophrys (Anura: Megophryidae), with revalidation of Brachytarsophrys platyparietus and description of a new species from China Zoological Research https://doi.org/10.24272/j.issn.2095-8137.2020.033"
1475,中间短腿蟾,Brachytarsophrys intermedia,,终审:A3 排除-无省份且无坐标,新种描述文献中的伴随物种记录，非明确新纪录事件,"Yao Li and Dan-Dan Zhang and Zhi-Tong Lyu and Jian Wang and Yu-Long Li and Zu-Yao Liu and Hong-Hui Chen and Ding-Qi Rao and Zhi-Fang Jin and Chang-You Zhang and Ying-Yong Wang (2020). Review of the genus Brachytarsophrys (Anura: Megophryidae), with revalidation of Brachytarsophrys platyparietus and description of a new species from China Zoological Research https://doi.org/10.24272/j.issn.2095-8137.2020.033"
1476,川南短腿蟾,Brachytarsophrys chuannanensis,,终审:A3 排除-无省份且无坐标,新种描述文献中的伴随物种记录，非明确新纪录事件,"Yao Li and Dan-Dan Zhang and Zhi-Tong Lyu and Jian Wang and Yu-Long Li and Zu-Yao Liu and Hong-Hui Chen and Ding-Qi Rao and Zhi-Fang Jin and Chang-You Zhang and Ying-Yong Wang (2020). Review of the genus Brachytarsophrys (Anura: Megophryidae), with revalidation of Brachytarsophrys platyparietus and description of a new species from China Zoological Research https://doi.org/10.24272/j.issn.2095-8137.2020.033"
1477,广西拟瘰螈,Paramesotriton guangxiensis,广西,终审:排除-伴随物种（分类学文献检视标本）,记录类型无法判定（原表未标注且引用无线索）,"YUNKE WU and YUEZHAO WANG and KE JIANG and JAMES HANKEN (2010). A new newt of the genus Cynops (Caudata: Salamandridae) from Fujian Province, southeastern China Zootaxa, 2346, 42–52"
1478,越南拟瘰螈,Paramesotriton deloustali,永富,终审:C 排除-记录地为国外省区,记录类型无法判定（原表未标注且引用无线索）,"YUNKE WU and YUEZHAO WANG and KE JIANG and JAMES HANKEN (2010). A new newt of the genus Cynops (Caudata: Salamandridae) from Fujian Province, southeastern China Zootaxa, 2346, 42–52"
1479,宽头短腿蟾,Brachytarsophrys platyparietus,云南,新种表,新种描述，转入 CHNR_new_species,"Yao Li and Dan-Dan Zhang and Zhi-Tong Lyu and Jian Wang and Yu-Long Li and Zu-Yao Liu and Hong-Hui Chen and Ding-Qi Rao and Zhi-Fang Jin and Chang-You Zhang and Ying-Yong Wang (2020). Review of the genus Brachytarsophrys (Anura: Megophryidae), with revalidation of Brachytarsophrys platyparietus and description of a new species from China Zoological Research https://doi.org/10.24272/j.issn.2095-8137.2020.033"
1480,海南华珊瑚蛇,Sinomicrurus houi,海南,新种表,新种描述，转入 CHNR_new_species,"Lifang PENG and Lijun WANG and Li DING and Yiwu ZHU and Jian LUO and Diancheng YANG and Ruyi HUANG and Shunqing LU and Song HUANG (2018). A New Species of the Genus Sinomicrurus Slowinski, Boundy and Lawson, 2001 (Squamata: Elapidae) from Hainan Province, China Asian Herpetological Research, 9(2), 65–73 https://doi.org/10.16373/j.cnki.ahr.170090"
1481,福建华珊瑚蛇,Sinomicrurus kelloggi,云南、重庆、福建、广东、广西、贵州、海南、湖南、江西、浙江、安徽,终审:A4 排除(建议)-伴随物种记录,新种描述文献中的伴随物种记录，非明确新纪录事件,"Lifang PENG and Lijun WANG and Li DING and Yiwu ZHU and Jian LUO and Diancheng YANG and Ruyi HUANG and Shunqing LU and Song HUANG (2018). A New Species of the Genus Sinomicrurus Slowinski, Boundy and Lawson, 2001 (Squamata: Elapidae) from Hainan Province, China Asian Herpetological Research, 9(2), 65–73 https://doi.org/10.16373/j.cnki.ahr.170090"
1482,北江蝾螈,Cynops jiaoren,广东,新种表,新种描述，转入 CHNR_new_species,"Zhitong LYU and Shuo QI and Siyu ZHANG and Keyuan DAI and Yingyong WANG (2023). Two New Species of Fire-Bellied Newts (Caudata, Salamandridae, Cynops) from Southeastern China Asian Herpetological Research, 14(1), 41–53 https://doi.org/10.16373/j.cnki.ahr.220059"
1483,东方短腿蟾,Brachytarsophrys orientalis,江西,新种表,新种描述，转入 CHNR_new_species,"Yao Li and Dan-Dan Zhang and Zhi-Tong Lyu and Jian Wang and Yu-Long Li and Zu-Yao Liu and Hong-Hui Chen and Ding-Qi Rao and Zhi-Fang Jin and Chang-You Zhang and Ying-Yong Wang (2020). Review of the genus Brachytarsophrys (Anura: Megophryidae), with revalidation of Brachytarsophrys platyparietus and description of a new species from China Zoological Research https://doi.org/10.24272/j.issn.2095-8137.2020.033"
1484,黄连山滑蜥,Scincella fansipanensis,云南,事件表,省级新纪录事件（1省）,"Yuhao Xu and Chencan Liao and Nikolay Poyarkov and Shiyang Weng and Jundong Deng and Andrei Bragin and Tierui Zhang and Nguyen Van Tan and Lifang Peng (2025). First record of Scincella fansipanensis Okabe, Motokawa, Koizumi, Nguyen, Nguyen & Bui, 2024 (Squamata, Scincidae) from China Biodiversity Data Journal, 13 https://doi.org/10.3897/BDJ.13.e161782"
1485,缅甸须冠蜥,Calotes vindumbarbatus,云南,事件表,省级新纪录事件（1省）,"Shuo Liu and Changsheng Zuo and Fawang Yin and Hong Hui and Dingqi Rao (2022). First record of Calotes vindumbarbatus Wagner, Ihlow, Hartmann, Flecks, Schmitz & Böhme, 2021 (Squamata: Agamidae) from China, with revised diagnosis of this species Biodiversity Data Journal, 10 https://doi.org/10.3897/BDJ.10.e77963"
1486,费氏短腿蟾,Brachytarsophrys feae,,终审:A3 排除-无省份且无坐标,新种描述文献中的伴随物种记录，非明确新纪录事件,"Yao Li and Dan-Dan Zhang and Zhi-Tong Lyu and Jian Wang and Yu-Long Li and Zu-Yao Liu and Hong-Hui Chen and Ding-Qi Rao and Zhi-Fang Jin and Chang-You Zhang and Ying-Yong Wang (2020). Review of the genus Brachytarsophrys (Anura: Megophryidae), with revalidation of Brachytarsophrys platyparietus and description of a new species from China Zoological Research https://doi.org/10.24272/j.issn.2095-8137.2020.033"
1487,中间短腿蟾,Brachytarsophrys intermedia,,终审:A3 排除-无省份且无坐标,新种描述文献中的伴随物种记录，非明确新纪录事件,"Yao Li and Dan-Dan Zhang and Zhi-Tong Lyu and Jian Wang and Yu-Long Li and Zu-Yao Liu and Hong-Hui Chen and Ding-Qi Rao and Zhi-Fang Jin and Chang-You Zhang and Ying-Yong Wang (2020). Review of the genus Brachytarsophrys (Anura: Megophryidae), with revalidation of Brachytarsophrys platyparietus and description of a new species from China Zoological Research https://doi.org/10.24272/j.issn.2095-8137.2020.033"
1488,川南短腿蟾,Brachytarsophrys chuannanensis,,终审:A3 排除-无省份且无坐标,新种描述文献中的伴随物种记录，非明确新纪录事件,"Yao Li and Dan-Dan Zhang and Zhi-Tong Lyu and Jian Wang and Yu-Long Li and Zu-Yao Liu and Hong-Hui Chen and Ding-Qi Rao and Zhi-Fang Jin and Chang-You Zhang and Ying-Yong Wang (2020). Review of the genus Brachytarsophrys (Anura: Megophryidae), with revalidation of Brachytarsophrys platyparietus and description of a new species from China Zoological Research https://doi.org/10.24272/j.issn.2095-8137.2020.033"
1489,韩国爪鲵,Onychodactylus koreanus,,新种表,新种描述，转入 CHNR_new_species,"NIKOLAY A. POYARKOV, JR. & JING CHE & MI-SOOK MIN & MASAKI KURO-O & FANG YAN & CHENG LI & KOJI IIZUKA & DAVID R. VIEITES (2012). Review of the systematics, morphology and distribution of Asian Clawed Salamanders, genus Onychodactylus (Amphibia, Caudata: Hynobiidae), with the description of four new species Zootaxa, 3465, 1–106"
1490,雷氏掌突蟾,Leptolalax laui,香港,新种表,新种描述，转入 CHNR_new_species,"Yikhei SUNG and Jianhuan YANG and Yingyong WANG (2014). A New Species of Leptolalax (Anura: Megophryidae) from Southern China Asian Herpetological Research, 5(2), 80–90 https://doi.org/10.3724/SP.J.1245.2014.00080"
1491,景东腹链蛇,Hebius jingdongensis,云南,新种表,新种描述，转入 CHNR_new_species,"Shun MA and Shengchao SHI and Budian AYI and Jianping JIANG (2023). A New Species of the Genus Hebius Thompson, 1913 (Serpentes: Natricidae) from Yunnan, China Asian Herpetological Research, 14(3), 212–226 https://doi.org/10.3724/ahr.2095-0357.2023.0008"
1492,河口弯趾虎,Cyrtodactylus hekouensis,云南,新种表,新种描述，转入 CHNR_new_species,"Yinpeng ZHANG and Xiaolong LIU and Justin BERNSTEIN and Jian WANG and Zhiyong YUAN (2021). A New Species of Cyrtodactylus (Squamata: Gekkonidae) from the Karst Forests of Daweishan National Nature Reserve, Yunnan, China Asian Herpetological Research, 12(3), 261–270 https://doi.org/10.16373/j.cnki.ahr.200090"
1493,邦布掌突蟾,Leptobrachium bompu,西藏,事件表,省级新纪录事件（1省）,"Xixi LIANG and Wulin LIU and Bin WANG and Li DING and Jianpu WU and Feng XIE and Jianping JIANG (2017). Leptobrachium bompu (Amphibia, Anura, Megophryidae) Discovered in Upper Medog, Tibet, China with Descriptions of its Tadpoles, Advertisement Calls and Systematic Position Asian Herpetological Research, 8(2), 137–146 https://doi.org/10.16373/j.cnki.ahr.160023"
1494,十万大山琴蛙,Nidirana shiwandashanensis,广西,新种表,新种描述，转入 CHNR_new_species,"Weicai CHEN and Wanxiao PENG and Peng LI and Youjun LIU (2022). A New Species of Nidirana (Anura, Ranidae) from Southern Guangxi, China Asian Herpetological Research, 13(2), 109–116 https://doi.org/10.16373/j.cnki.ahr.210065"
1495,,Onychodactylus nipponoborealis,,新种表,新种描述，转入 CHNR_new_species,"NIKOLAY A. POYARKOV, JR. & JING CHE & MI-SOOK MIN & MASAKI KURO-O & FANG YAN & CHENG LI & KOJI IIZUKA & DAVID R. VIEITES (2012). Review of the systematics, morphology and distribution of Asian Clawed Salamanders, genus Onychodactylus (Amphibia, Caudata: Hynobiidae), with the description of four new species Zootaxa, 3465, 1–106"
1496,辽宁爪鲵,Onychodactylus zhaoermii,,新种表,新种描述，转入 CHNR_new_species,"NIKOLAY A. POYARKOV, JR. & JING CHE & MI-SOOK MIN & MASAKI KURO-O & FANG YAN & CHENG LI & KOJI IIZUKA & DAVID R. VIEITES (2012). Review of the systematics, morphology and distribution of Asian Clawed Salamanders, genus Onychodactylus (Amphibia, Caudata: Hynobiidae), with the description of four new species Zootaxa, 3465, 1–106"
1497,吉林爪鲵,Onychodactylus zhangyapingi,,新种表,新种描述，转入 CHNR_new_species,"NIKOLAY A. POYARKOV, JR. & JING CHE & MI-SOOK MIN & MASAKI KURO-O & FANG YAN & CHENG LI & KOJI IIZUKA & DAVID R. VIEITES (2012). Review of the systematics, morphology and distribution of Asian Clawed Salamanders, genus Onychodactylus (Amphibia, Caudata: Hynobiidae), with the description of four new species Zootaxa, 3465, 1–106"
1498,日本爪鲵,Onychodactylus japonicus,,终审:C 排除-坐标在境外,新种描述文献中的伴随物种记录，非明确新纪录事件,"NIKOLAY A. POYARKOV, JR. & JING CHE & MI-SOOK MIN & MASAKI KURO-O & FANG YAN & CHENG LI & KOJI IIZUKA & DAVID R. VIEITES (2012). Review of the systematics, morphology and distribution of Asian Clawed Salamanders, genus Onychodactylus (Amphibia, Caudata: Hynobiidae), with the description of four new species Zootaxa, 3465, 1–106"
1499,费氏爪鲵,Onychodactylus fischeri,,终审:C 排除-坐标在境外,新种描述文献中的伴随物种记录，非明确新纪录事件,"NIKOLAY A. POYARKOV, JR. & JING CHE & MI-SOOK MIN & MASAKI KURO-O & FANG YAN & CHENG LI & KOJI IIZUKA & DAVID R. VIEITES (2012). Review of the systematics, morphology and distribution of Asian Clawed Salamanders, genus Onychodactylus (Amphibia, Caudata: Hynobiidae), with the description of four new species Zootaxa, 3465, 1–106"
1500,韩国爪鲵,Onychodactylus koreanus,,新种表,新种描述，转入 CHNR_new_species,"NIKOLAY A. POYARKOV, JR. & JING CHE & MI-SOOK MIN & MASAKI KURO-O & FANG YAN & CHENG LI & KOJI IIZUKA & DAVID R. VIEITES (2012). Review of the systematics, morphology and distribution of Asian Clawed Salamanders, genus Onychodactylus (Amphibia, Caudata: Hynobiidae), with the description of four new species Zootaxa, 3465, 1–106"
1501,韩国爪鲵,Onychodactylus koreanus,,新种表,新种描述，转入 CHNR_new_species,"NIKOLAY A. POYARKOV, JR. & JING CHE & MI-SOOK MIN & MASAKI KURO-O & FANG YAN & CHENG LI & KOJI IIZUKA & DAVID R. VIEITES (2012). Review of the systematics, morphology and distribution of Asian Clawed Salamanders, genus Onychodactylus (Amphibia, Caudata: Hynobiidae), with the description of four new species Zootaxa, 3465, 1–106"
1502,,Onychodactylus nipponoborealis,,新种表,新种描述，转入 CHNR_new_species,"NIKOLAY A. POYARKOV, JR. & JING CHE & MI-SOOK MIN & MASAKI KURO-O & FANG YAN & CHENG LI & KOJI IIZUKA & DAVID R. VIEITES (2012). Review of the systematics, morphology and distribution of Asian Clawed Salamanders, genus Onychodactylus (Amphibia, Caudata: Hynobiidae), with the description of four new species Zootaxa, 3465, 1–106"
1503,辽宁爪鲵,Onychodactylus zhaoermii,,新种表,新种描述，转入 CHNR_new_species,"NIKOLAY A. POYARKOV, JR. & JING CHE & MI-SOOK MIN & MASAKI KURO-O & FANG YAN & CHENG LI & KOJI IIZUKA & DAVID R. VIEITES (2012). Review of the systematics, morphology and distribution of Asian Clawed Salamanders, genus Onychodactylus (Amphibia, Caudata: Hynobiidae), with the description of four new species Zootaxa, 3465, 1–106"
1504,思茅半叶趾虎,Hemiphyllodactylus tonywhitteni,云南,新种表,新种描述，转入 CHNR_new_species,"Ade Prasetyo Agung and Ada Chornelia and L. Lee Grismer and Jesse L. Grismer and Evan S. H. Quah and Jian-Mei Lu and Kyle W. Tomlinson and Alice C. Hughes (2022). Description of two new species of Hemiphyllodactylus (Reptilia: Gekkonidae) from karst landscapes in Yunnan, China, highlights complex conservation needs Article Open Access https://doi.org/10.24272/j.issn.2095-8137.2022.105"
1505,天林纤树蛙,Gracixalus tianlinensis,广西,新种表,新种描述，转入 CHNR_new_species,"Weicai CHEN and Yongjian BEI and Xiaowen LIAO and Shichu ZHOU and Yunming MO (2018). A New Species of Gracixalus (Anura: Rhacophoridae) from West Guangxi, China Asian Herpetological Research, 9(2), 74–84 https://doi.org/10.16373/j.cnki.ahr.170085"
1506,平龙树蛙,Rhacophorus pinglongensis,广西,新种表,新种描述，转入 CHNR_new_species,"Yunming MO and Weicai CHEN and Xiaowen LIAO and Shichu ZHOU (2016). A New Species of the Genus Rhacophorus (Anura: Rhacophoridae) from Southern China Asian Herpetological Research, 7(3), 139–150 https://doi.org/10.16373/j.cnki.ahr.150070"
1507,吉林爪鲵,Onychodactylus zhangyapingi,,新种表,新种描述，转入 CHNR_new_species,"NIKOLAY A. POYARKOV, JR. & JING CHE & MI-SOOK MIN & MASAKI KURO-O & FANG YAN & CHENG LI & KOJI IIZUKA & DAVID R. VIEITES (2012). Review of the systematics, morphology and distribution of Asian Clawed Salamanders, genus Onychodactylus (Amphibia, Caudata: Hynobiidae), with the description of four new species Zootaxa, 3465, 1–106"
1508,日本爪鲵,Onychodactylus japonicus,,终审:C 排除-坐标在境外,新种描述文献中的伴随物种记录，非明确新纪录事件,"NIKOLAY A. POYARKOV, JR. & JING CHE & MI-SOOK MIN & MASAKI KURO-O & FANG YAN & CHENG LI & KOJI IIZUKA & DAVID R. VIEITES (2012). Review of the systematics, morphology and distribution of Asian Clawed Salamanders, genus Onychodactylus (Amphibia, Caudata: Hynobiidae), with the description of four new species Zootaxa, 3465, 1–106"
1509,费氏爪鲵,Onychodactylus fischeri,,终审:C 排除-坐标在境外,新种描述文献中的伴随物种记录，非明确新纪录事件,"NIKOLAY A. POYARKOV, JR. & JING CHE & MI-SOOK MIN & MASAKI KURO-O & FANG YAN & CHENG LI & KOJI IIZUKA & DAVID R. VIEITES (2012). Review of the systematics, morphology and distribution of Asian Clawed Salamanders, genus Onychodactylus (Amphibia, Caudata: Hynobiidae), with the description of four new species Zootaxa, 3465, 1–106"
1510,,Onychodactylus nipponoborealis,,新种表,新种描述，转入 CHNR_new_species,"NIKOLAY A. POYARKOV, JR. & JING CHE & MI-SOOK MIN & MASAKI KURO-O & FANG YAN & CHENG LI & KOJI IIZUKA & DAVID R. VIEITES (2012). Review of the systematics, morphology and distribution of Asian Clawed Salamanders, genus Onychodactylus (Amphibia, Caudata: Hynobiidae), with the description of four new species Zootaxa, 3465, 1–106"
1511,辽宁爪鲵,Onychodactylus zhaoermii,,新种表,新种描述，转入 CHNR_new_species,"NIKOLAY A. POYARKOV, JR. & JING CHE & MI-SOOK MIN & MASAKI KURO-O & FANG YAN & CHENG LI & KOJI IIZUKA & DAVID R. VIEITES (2012). Review of the systematics, morphology and distribution of Asian Clawed Salamanders, genus Onychodactylus (Amphibia, Caudata: Hynobiidae), with the description of four new species Zootaxa, 3465, 1–106"
1512,吉林爪鲵,Onychodactylus zhangyapingi,,新种表,新种描述，转入 CHNR_new_species,"NIKOLAY A. POYARKOV, JR. & JING CHE & MI-SOOK MIN & MASAKI KURO-O & FANG YAN & CHENG LI & KOJI IIZUKA & DAVID R. VIEITES (2012). Review of the systematics, morphology and distribution of Asian Clawed Salamanders, genus Onychodactylus (Amphibia, Caudata: Hynobiidae), with the description of four new species Zootaxa, 3465, 1–106"
1513,日本爪鲵,Onychodactylus japonicus,,终审:C 排除-坐标在境外,新种描述文献中的伴随物种记录，非明确新纪录事件,"NIKOLAY A. POYARKOV, JR. & JING CHE & MI-SOOK MIN & MASAKI KURO-O & FANG YAN & CHENG LI & KOJI IIZUKA & DAVID R. VIEITES (2012). Review of the systematics, morphology and distribution of Asian Clawed Salamanders, genus Onychodactylus (Amphibia, Caudata: Hynobiidae), with the description of four new species Zootaxa, 3465, 1–106"
1514,里昂颈槽蛇,Rhabdophis leonardi,,终审:排除-无省级信息（系统学/命名学文献）,记录类型无法判定（原表未标注且引用无线索）,"Shi-Jun Yang and Alan H. Savitzky and David J. Gower and V. Deepak and Akira Mori and Rahul Khot and Jing-Song Shi and Li Ding and Mian Hou and Hai-Yuan Xu and Qin Wang and Guang-Xiang Zhu (2023). Identity of the holotype and type locality of Rhabdophis leonardi (Wall, 1923) (Colubridae: Natricinae), with notes on the morphology and natural history of the species in southwestern China Ecology and Evolution, 13, 1-18 https://doi.org/10.1002/ece3.10032"
1515,刘氏壁虎,Gekko liui,海南,新种表,新种描述，转入 CHNR_new_species,"Runbang ZHOU and Hongxin ZHOU and Hesheng WANG and Jialing LI and Dongru ZHANG and Xiuyan LI and Ziqi SHEN and Shuo LIU and Dingqi RAO (2025). Taxonomic Review of Gecko (Japonigekko) Species in Hainan Province and Description of a New Species Asian Herpetological Research, 16(2), 247–259 https://doi.org/10.3724/ahr.2095-0357.2024.0055"
1516,周开亚树蛙,Rhacophorus zhoukaiyae,安徽,新种表,新种描述，转入 CHNR_new_species,"Tao PAN and Yanan ZHANG and Hui WANG and Jun WU and Xing KANG and Lifu QIAN and Kai LI and Yu ZHANG and Jinyun CHEN and Dingqi RAO and Jianping JIANG and Baowei ZHANG (2017). A New Species of the Genus Rhacophorus (Anura: Rhacophoridae) from Dabie Mountains in East China Asian Herpetological Research, 8(1), 1-13 https://doi.org/10.16373/j.cnki.ahr.160064"
1517,费氏爪鲵,Onychodactylus fischeri,,终审:C 排除-坐标在境外,新种描述文献中的伴随物种记录，非明确新纪录事件,"NIKOLAY A. POYARKOV, JR. & JING CHE & MI-SOOK MIN & MASAKI KURO-O & FANG YAN & CHENG LI & KOJI IIZUKA & DAVID R. VIEITES (2012). Review of the systematics, morphology and distribution of Asian Clawed Salamanders, genus Onychodactylus (Amphibia, Caudata: Hynobiidae), with the description of four new species Zootaxa, 3465, 1–106"
1518,,Seuratascaris schmackeri,安徽,排除,非两爬/问题条目：非两爬/问题条目:蛙体内寄生线虫,"Ying Liu, Ji-Yong Fang, Na Zheng and Hai-Long Wu (2023). Seuratascaris schmackeri sp. nov. (Nematoda: Ascarididae) from the Chinese Frog Odorrana schmackeri Boettger, 1892 (Amphibia: Anura) Based on Morphological and Molecular Evidence Basic Medical Science, 55(4), 1621-1626 https://doi.org/10.17582/journal.pjz/20220525160559"
1519,,Seuratascaris numidica,,排除,非两爬/问题条目：非两爬/问题条目:蛙体内寄生线虫,"Ying Liu, Ji-Yong Fang, Na Zheng and Hai-Long Wu (2023). Seuratascaris schmackeri sp. nov. (Nematoda: Ascarididae) from the Chinese Frog Odorrana schmackeri Boettger, 1892 (Amphibia: Anura) Based on Morphological and Molecular Evidence Basic Medical Science, 55(4), 1621-1626 https://doi.org/10.17582/journal.pjz/20220525160559"
1520,青海沙蜥,Phrynocephalus vlangalii,,终审:A3 排除-无省份且无坐标,新种描述文献中的伴随物种记录，非明确新纪录事件,"Qianru Liang and Lei Shi (2024). Species divergence in valleys: the phylogeny of Phrynocephalus forsythii complex and description of a new species PeerJ, 12 https://doi.org/10.7717/peerj.17175"
1521,桓仁林蛙,Rana huanrenensis,,终审:A3 排除-无省份且无坐标,记录类型无法判定（原表未标注且引用无线索）,"Huijun SHEN and Mengyu XU and Xinyue YANG and Zhuo CHEN and Nengwen XIAO and Xiaohong CHEN (2022). A New Brown Frog of the Genus Rana (Anura, Ranidae) from North China, with a Taxonomic Revision of the R. chensinensis Species Group Asian Herpetological Research, 13(3), 145–158 https://doi.org/10.16373/j.cnki.ahr.210062"
1522,西藏沙蜥,Phrynocephalus theobaldi,,终审:A3 排除-无省份且无坐标,新种描述文献中的伴随物种记录，非明确新纪录事件,"Qianru Liang and Lei Shi (2024). Species divergence in valleys: the phylogeny of Phrynocephalus forsythii complex and description of a new species PeerJ, 12 https://doi.org/10.7717/peerj.17175"
1523,宽鼻沙蜥,Phrynocephalus nasatus,,终审:A3 排除-无省份且无坐标,新种描述文献中的伴随物种记录，非明确新纪录事件,"Qianru Liang and Lei Shi (2024). Species divergence in valleys: the phylogeny of Phrynocephalus forsythii complex and description of a new species PeerJ, 12 https://doi.org/10.7717/peerj.17175"
1524,叶城沙蜥,Phrynocephalus axillaris,,终审:A3 排除-无省份且无坐标,新种描述文献中的伴随物种记录，非明确新纪录事件,"Qianru Liang and Lei Shi (2024). Species divergence in valleys: the phylogeny of Phrynocephalus forsythii complex and description of a new species PeerJ, 12 https://doi.org/10.7717/peerj.17175"
1525,大耳沙蜥,Phrynocephalus mystaceus,,终审:A3 排除-无省份且无坐标,新种描述文献中的伴随物种记录，非明确新纪录事件,"Qianru Liang and Lei Shi (2024). Species divergence in valleys: the phylogeny of Phrynocephalus forsythii complex and description of a new species PeerJ, 12 https://doi.org/10.7717/peerj.17175"
1526,草绿攀蜥,Diploderma flaviceps,四川,终审:A4 排除(建议)-伴随物种记录,新种描述文献中的伴随物种记录，非明确新纪录事件,"Kai Wang and Jinlong Ren and Jiawei Wu and Ke Jiang and Jieqiong Jin and Shaobing Hou and Puyang Zheng and Feng Xie and Cameron D. Siler and Jing Che (2020). Systematic revision of mountain dragons (Reptilia: Agamidae: Diploderma) in China, with descriptions of six new species and discussion on their conservation J Zool Syst Evol Res, 67, 222–263 https://doi.org/10.1111/jzs.12414"
1527,,Diploderma sp. nov.,四川,新种表,新种描述，转入 CHNR_new_species,"Kai Wang and Jinlong Ren and Jiawei Wu and Ke Jiang and Jieqiong Jin and Shaobing Hou and Puyang Zheng and Feng Xie and Cameron D. Siler and Jing Che (2020). Systematic revision of mountain dragons (Reptilia: Agamidae: Diploderma) in China, with descriptions of six new species and discussion on their conservation J Zool Syst Evol Res, 67, 222–263 https://doi.org/10.1111/jzs.12414"
1528,意外湍蛙,Kurixalus inexpectatus,浙江,事件表,省级新纪录事件（1省）,"Dallin B. Kohler and Xiaoli Zhang and Kevin R. Messenger and Kenneth Chin Yu An and Deyatima Ghosh and Siti N. Othman and Zhenqi Wang and Hina Amin and Vishal Kumar Prasad and Zhichao Wu and Amaël Borzée (2024). At home in Jiangsu: Environmental niche modeling and new records for five species of amphibian and reptile in Jiangsu, China Life Science https://doi.org/10.3897/herpetozoa.37.e117370"
1529,疣背树蛙,Theloderma corticale,谅山,排除,国外记录（省份字段为外国地名：谅山）,"Hou Mian and Yu Guo-hua and Chen Hong-man and Liao Chang-le and Zhang Li and Chen Jin and Li Pi-peng and Nikolai L. Orlov (2017). THE TAXONOMIC STATUS AND DISTRIBUTION RANGE OF SIX Theloderma SPECIES (ANURA: RHACOPHORIDAE) WITH A NEW RECORD IN CHINA Folium Publishing Company Russian Journal, 24, 99-127"
1530,广西疣背树蛙,Theloderma kwangsiense,广西,事件表,省级新纪录事件（1省）,"Hou Mian and Yu Guo-hua and Chen Hong-man and Liao Chang-le and Zhang Li and Chen Jin and Li Pi-peng and Nikolai L. Orlov (2017). THE TAXONOMIC STATUS AND DISTRIBUTION RANGE OF SIX Theloderma SPECIES (ANURA: RHACOPHORIDAE) WITH A NEW RECORD IN CHINA Folium Publishing Company Russian Journal, 24, 99-127"
1531,草绿攀蜥,Diploderma flaviceps,四川,终审:A4 排除(建议)-伴随物种记录,新种描述文献中的伴随物种记录，非明确新纪录事件,"Kai Wang and Jinlong Ren and Jiawei Wu and Ke Jiang and Jieqiong Jin and Shaobing Hou and Puyang Zheng and Feng Xie and Cameron D. Siler and Jing Che (2020). Systematic revision of mountain dragons (Reptilia: Agamidae: Diploderma) in China, with descriptions of six new species and discussion on their conservation J Zool Syst Evol Res, 67, 222–263 https://doi.org/10.1111/jzs.12414"
1532,,Diploderma sp. nov. 1,四川,新种表,新种描述，转入 CHNR_new_species,"Kai Wang and Jinlong Ren and Jiawei Wu and Ke Jiang and Jieqiong Jin and Shaobing Hou and Puyang Zheng and Feng Xie and Cameron D. Siler and Jing Che (2020). Systematic revision of mountain dragons (Reptilia: Agamidae: Diploderma) in China, with descriptions of six new species and discussion on their conservation J Zool Syst Evol Res, 67, 222–263 https://doi.org/10.1111/jzs.12414"
1533,,Diploderma sp. nov. 2,四川,新种表,新种描述，转入 CHNR_new_species,"Kai Wang and Jinlong Ren and Jiawei Wu and Ke Jiang and Jieqiong Jin and Shaobing Hou and Puyang Zheng and Feng Xie and Cameron D. Siler and Jing Che (2020). Systematic revision of mountain dragons (Reptilia: Agamidae: Diploderma) in China, with descriptions of six new species and discussion on their conservation J Zool Syst Evol Res, 67, 222–263 https://doi.org/10.1111/jzs.12414"
1534,,Diploderma sp. nov. 3,云南,新种表,新种描述，转入 CHNR_new_species,"Kai Wang and Jinlong Ren and Jiawei Wu and Ke Jiang and Jieqiong Jin and Shaobing Hou and Puyang Zheng and Feng Xie and Cameron D. Siler and Jing Che (2020). Systematic revision of mountain dragons (Reptilia: Agamidae: Diploderma) in China, with descriptions of six new species and discussion on their conservation J Zool Syst Evol Res, 67, 222–263 https://doi.org/10.1111/jzs.12414"
1535,隐耳棱蜥,Sphenomorphus cryptotis,广西,事件表,省级新纪录事件（1省）,"Shuo Qi, Zhi-Tong Lyu, Wei-Liang Xie, Shao-Ping Wan, Wei Zhang, Jun Liu, Yun-Ming Mo, and Ying-Yong Wang (2022). FIRST NATIONAL RECORD OF Sphenomorphus cryptotis DAREVSKY, ORLOV ET HO, 2004 (SAURIA, SCINCIDAE) FROM CHINA Russian Journal of Herpetology, 29(2), 110-116 https://doi.org/10.30906/1026-2296-2022-29-2-110-116"
1536,,Diploderma sp. nov. 4,四川,新种表,新种描述，转入 CHNR_new_species,"Kai Wang and Jinlong Ren and Jiawei Wu and Ke Jiang and Jieqiong Jin and Shaobing Hou and Puyang Zheng and Feng Xie and Cameron D. Siler and Jing Che (2020). Systematic revision of mountain dragons (Reptilia: Agamidae: Diploderma) in China, with descriptions of six new species and discussion on their conservation J Zool Syst Evol Res, 67, 222–263 https://doi.org/10.1111/jzs.12414"
1537,,Diploderma sp. nov. 5,四川,新种表,新种描述，转入 CHNR_new_species,"Kai Wang and Jinlong Ren and Jiawei Wu and Ke Jiang and Jieqiong Jin and Shaobing Hou and Puyang Zheng and Feng Xie and Cameron D. Siler and Jing Che (2020). Systematic revision of mountain dragons (Reptilia: Agamidae: Diploderma) in China, with descriptions of six new species and discussion on their conservation J Zool Syst Evol Res, 67, 222–263 https://doi.org/10.1111/jzs.12414"
1538,,Diploderma sp. nov. 6,云南,新种表,新种描述，转入 CHNR_new_species,"Kai Wang and Jinlong Ren and Jiawei Wu and Ke Jiang and Jieqiong Jin and Shaobing Hou and Puyang Zheng and Feng Xie and Cameron D. Siler and Jing Che (2020). Systematic revision of mountain dragons (Reptilia: Agamidae: Diploderma) in China, with descriptions of six new species and discussion on their conservation J Zool Syst Evol Res, 67, 222–263 https://doi.org/10.1111/jzs.12414"
1539,大别山钝头蛇,Pareas dabieshanensis,安徽、湖北、河南,新种表,新种描述，转入 CHNR_new_species,"Cai-wen Zhang and Shi-hang Xu and Tao Luo and Chong Liu and Lei Yu and Jiang Zhou and Tao Pan and Bao-wei Zhang (2025). Taxonomic and distributional revision of Pareas boulengeri (Reptilia, Squamata, Pareidae), including two new species from eastern and central China Life Science, 101(4) https://doi.org/10.3897/zse.101.156697"
1540,华东钝头蛇,Pareas orientalis,安徽南部、江苏、江西、浙江,新种表,新种描述，转入 CHNR_new_species,"Cai-wen Zhang and Shi-hang Xu and Tao Luo and Chong Liu and Lei Yu and Jiang Zhou and Tao Pan and Bao-wei Zhang (2025). Taxonomic and distributional revision of Pareas boulengeri (Reptilia, Squamata, Pareidae), including two new species from eastern and central China Life Science, 101(4) https://doi.org/10.3897/zse.101.156697"
1541,老挝奇鳞蛇,Parafimbrios lao,云南,事件表,省级新纪录事件（1省）,"Bo Cai and Zening Chen and Jun Gao and Li Ding and Rong Dai (2020). NEW RECORD OF A GENUS AND SPECIES OF ODD-SCALED SNAKE (SERPENTES: XENODERMIDAE) FROM CHINA Russian Journal of Herpetology, 27(6), 348-352 https://doi.org/10.30906/1026-2296-2020-27-6-348-352"
1542,老挝异鳞蛇,Parafimbrios lao,云南,事件表,省级新纪录事件（1省）,"Bo Cai and Zening Chen and Jun Gao and Li Ding and Rong Dai (2020). NEW RECORD OF A GENUS AND SPECIES OF ODD-SCALED SNAKE (SERPENTES: XENODERMIDAE) FROM CHINA Russian Journal of Herpetology, 27(6), 348-352 https://doi.org/10.30906/1026-2296-2020-27-6-348-352"
1543,若尔盖蝮,Gloydius angusticeps,四川,新种表,新种描述，转入 CHNR_new_species,"Jingsong Shi and Diancheng Yang and Wuyuan Zhang and Lifang Peng and Nikolai L. Orlov and Fan Jiang and Li Ding and Mian Hou and Xinlei Huang and Song Huang and Pipeng Li (2018). A NEW SPECIES OF THE Gloydius strauchi COMPLEX (CROTALINAE: VIPERIDAE: SERPENTES) FROM QINGHAI, SICHUAN, AND GANSU, CHINA Russian Journal of Herpetology, 25(2), 126-138"
1544,沙巴腹链蛇,Hebius chapaensis,老街,排除,国外记录（省份字段为外国地名：老街）,"JIN-LONG REN and KAI WANG and TAO THIEN NGUYEN and CHUNG VAN HOANG and GUANG-HUI ZHONG and KE JIANG and PENG GUO and JIA-TANG LI (2018). Taxonomic re-evaluation of the monotypic genus Pararhabdophis Bourret, 1934 (Squamata: Colubridae: Natricinae) with discovery of its type species, P. chapaensis, from China Zootaxa, 4486(1), 031–056 https://doi.org/10.11646/zootaxa.4486.1.2"
1545,温泉蛇,Thermophis baileyi,西藏,终审:排除-伴随物种（系统发育文献）,记录类型无法判定（原表未标注且引用无线索）,"Miao He, Jin‐Chao Feng, Shao‐Ying Liu, Peng Guo & Er‐Mi Zhao (2009). The phylogenetic position of Thermophis (Serpentes: Colubridae), an endemic snake from the Qinghai‐Xizang Plateau, China Journal of Natural History, 43(7-8), 479-488 https://doi.org/10.1080/00222930802389825"
1546,赵尔宓温泉蛇,Thermophis zhaoermii,四川,新种表,新种描述，转入 CHNR_new_species,"Miao He, Jin‐Chao Feng, Shao‐Ying Liu, Peng Guo & Er‐Mi Zhao (2009). The phylogenetic position of Thermophis (Serpentes: Colubridae), an endemic snake from the Qinghai‐Xizang Plateau, China Journal of Natural History, 43(7-8), 479-488 https://doi.org/10.1080/00222930802389825"
1547,福建颈槽蛇,Plagiopholis styani,四川,终审:排除-伴随物种（系统发育文献）,记录类型无法判定（原表未标注且引用无线索）,"Miao He, Jin‐Chao Feng, Shao‐Ying Liu, Peng Guo & Er‐Mi Zhao (2009). The phylogenetic position of Thermophis (Serpentes: Colubridae), an endemic snake from the Qinghai‐Xizang Plateau, China Journal of Natural History, 43(7-8), 479-488 https://doi.org/10.1080/00222930802389825"
1548,沃氏腹链蛇,Hebius vogeli,富寿、宁平、广西,新种表,新种描述，转入 CHNR_new_species,"Tan Van NGUYEN and Maoliang LI and Junjie HUANG and Buying HAN and Duc Trong NGUYEN and Nikolay A. POYARKOV and Patrick DAVID and Jinlong REN (2025). Taxonomic Reassessment of Hebius optatus (Hu & Zhao, 1966) (Squamata: Natricidae), with the Description of a New Species from Vietnam and China Asian Herpetological Research, 16(4), 377–391 https://doi.org/10.3724/ahr.2095-0357.2025.0026"
1549,丽纹腹链蛇,Hebius optatus,,新种表,新种描述，转入 CHNR_new_species,"Tan Van NGUYEN and Maoliang LI and Junjie HUANG and Buying HAN and Duc Trong NGUYEN and Nikolay A. POYARKOV and Patrick DAVID and Jinlong REN (2025). Taxonomic Reassessment of Hebius optatus (Hu & Zhao, 1966) (Squamata: Natricidae), with the Description of a New Species from Vietnam and China Asian Herpetological Research, 16(4), 377–391 https://doi.org/10.3724/ahr.2095-0357.2025.0026"
1550,,Dinodon cancellatum,,终审:B7 坐标在境内可反推省份,新种描述文献中的伴随物种记录，非明确新纪录事件,"Tan Van Nguyen and Nikolay A. Poyarkov and Gernot Vogel (2025). Taxonomic reassessment of the Lycodon rufozonatus species complex (Serpentes, Colubridae), with re-evaluation of Dinodon rufozonatum walli, and description of a new species from north-central Vietnam ZooKeys https://doi.org/10.3897/zookeys.1251.157817"
1551,,Coronella striata,浙江,终审:A4 排除(建议)-伴随物种记录,新种描述文献中的伴随物种记录，非明确新纪录事件,"Tan Van Nguyen and Nikolay A. Poyarkov and Gernot Vogel (2025). Taxonomic reassessment of the Lycodon rufozonatus species complex (Serpentes, Colubridae), with re-evaluation of Dinodon rufozonatum walli, and description of a new species from north-central Vietnam ZooKeys https://doi.org/10.3897/zookeys.1251.157817"
1552,博窝龙蜥,Diploderma bowoense,四川,新种表,新种描述，转入 CHNR_new_species,"KAI WANG and WEI GAO and JIAWEI WU and WENJIE DONG and XIAOGANG FENG and WENJING SHEN and JIEQIONG JIN and XIUDONG SHI and YIN QI and CAMERON D. SILER and JING CHE (2021). Two New Species of Diploderma Hallowell, 1861 (Reptilia: Squamata: Agamidae) from the Hengduan Mountain Region in China and Rediscovery of D. brevicaudum Zootaxa, 4941(1), 001–032 https://doi.org/10.11646/zootaxa.4941.1.1"
1553,短尾龙蜥,Diploderma brevicaudum,云南,排除,记录类型为'其他新纪录/再发现'等，未纳入省级新纪录事件表,"KAI WANG and WEI GAO and JIAWEI WU and WENJIE DONG and XIAOGANG FENG and WENJING SHEN and JIEQIONG JIN and XIUDONG SHI and YIN QI and CAMERON D. SILER and JING CHE (2021). Two New Species of Diploderma Hallowell, 1861 (Reptilia: Squamata: Agamidae) from the Hengduan Mountain Region in China and Rediscovery of D. brevicaudum Zootaxa, 4941(1), 001–032 https://doi.org/10.11646/zootaxa.4941.1.1"
1554,赤链蛇,Dinodon rufozonatus var. formosana,台湾,新种表,新种描述，转入 CHNR_new_species,"Tan Van Nguyen and Nikolay A. Poyarkov and Gernot Vogel (2025). Taxonomic reassessment of the Lycodon rufozonatus species complex (Serpentes, Colubridae), with re-evaluation of Dinodon rufozonatum walli, and description of a new species from north-central Vietnam ZooKeys https://doi.org/10.3897/zookeys.1251.157817"
1555,重庆瘰螈,Paramesotriton chongqingensis,重庆,新种表,新种描述，转入 CHNR_new_species,"Qi Ma and Shi-Ze Li and Xiao Yang and Li-Peng Wan and Cheng-Cheng Ma and Sheng-Chao Shi and Zhi-Jian Wang (2025). Morphological and molecular evidence reveal a new species of the genus Paramesotriton (Caudata, Salamandridae) from Chongqing, China Food Science, 101(4) https://doi.org/10.3897/zse.101.168621"
1556,箭背树蛇,Boiga gocool,北方邦,排除,国外记录（省份字段为外国地名：北方邦）,"Unknown Author (2020). N, 80°62'26.55 Russian Journal"
1557,南迦巴瓦柳湍蛙,Liurana namchabarwa,西藏,新种表,新种描述，转入 CHNR_new_species,"Haoqi YU and Yiheng LIN and Yuxi WANG and Puyang ZHENG and Shengchao SHI and Bin WANG and Jianping JIANG and Zhaobin SONG and Feng XIE (2024). A New Species of the Genus Liurana (Anura: Ceratobatrachidae) from Medog, China Asian Herpetological Research, 15(3), 131–139 https://doi.org/10.3724/ahr.2095-0357.2024.0008"
1558,,Lycodon walli,石垣岛、八重山、琉球,排除,国外新种描述（省份为外国地名）,"Tan Van Nguyen and Nikolay A. Poyarkov and Gernot Vogel (2025). Taxonomic reassessment of the Lycodon rufozonatus species complex (Serpentes, Colubridae), with re-evaluation of Dinodon rufozonatum walli, and description of a new species from north-central Vietnam ZooKeys https://doi.org/10.3897/zookeys.1251.157817"
1559,,Lycodon duytan,义安、宁平,排除,国外新种描述（省份为外国地名）,"Tan Van Nguyen and Nikolay A. Poyarkov and Gernot Vogel (2025). Taxonomic reassessment of the Lycodon rufozonatus species complex (Serpentes, Colubridae), with re-evaluation of Dinodon rufozonatum walli, and description of a new species from north-central Vietnam ZooKeys https://doi.org/10.3897/zookeys.1251.157817"
1560,白斑石龙子,Plestiodon leucostictus,台东县,终审:C 排除-记录地为国外省区,记录类型无法判定（原表未标注且引用无线索）,"Kazuki Kurita and Yukiko Nakamura and Taku Okamoto and Si-Min Lin and Tsutomu Hikida (2017). Taxonomic reassessment of two subspecies of Chinese skink in Taiwan based on morphological and molecular investigations (Squamata, Scincidae) ZooKeys, 687, 131–148 https://doi.org/10.3897/zookeys.687.12742"
1561,中国石龙子,Plestiodon chinensis,浙江,终审:排除-伴随物种（系统分类文献）,记录类型无法判定（原表未标注且引用无线索）,"Kazuki Kurita and Yukiko Nakamura and Taku Okamoto and Si-Min Lin and Tsutomu Hikida (2017). Taxonomic reassessment of two subspecies of Chinese skink in Taiwan based on morphological and molecular investigations (Squamata, Scincidae) ZooKeys, 687, 131–148 https://doi.org/10.3897/zookeys.687.12742"
1562,白斑石龙子,Plestiodon leucostictus,台东县,终审:C 排除-记录地为国外省区,记录类型无法判定（原表未标注且引用无线索）,"Kazuki Kurita and Yukiko Nakamura and Taku Okamoto and Si-Min Lin and Tsutomu Hikida (2017). Taxonomic reassessment of two subspecies of Chinese skink in Taiwan based on morphological and molecular investigations (Squamata, Scincidae) ZooKeys, 687, 131–148 https://doi.org/10.3897/zookeys.687.12742"
1563,中国石龙子,Plestiodon chinensis,浙江,终审:排除-伴随物种（系统分类文献）,记录类型无法判定（原表未标注且引用无线索）,"Kazuki Kurita and Yukiko Nakamura and Taku Okamoto and Si-Min Lin and Tsutomu Hikida (2017). Taxonomic reassessment of two subspecies of Chinese skink in Taiwan based on morphological and molecular investigations (Squamata, Scincidae) ZooKeys, 687, 131–148 https://doi.org/10.3897/zookeys.687.12742"
1564,,Tylototriton anguliceps,越南,终审:C 排除-记录地为国外省区,记录类型无法判定（原表未标注且引用无线索）,"Kanto NISHIKAWA and Ding-Qi RAO and Masafumi MATSUI and Koshiro ETO (2015). Taxonomic relationship between Tylototriton daweishanensis Zhao, Rao, Liu, Li and Yuan, 2012 and T. yangi Hou, Li and Lu, 2012 (Amphibia: Urodela: Salamandridae) Current Herpetology, 34(1), 67–74 https://doi.org/10.5358/hsj.34.67"
1565,红瘰疣螈,Tylototriton verrucosus,,终审:A3 排除-无省份且无坐标,记录类型无法判定（原表未标注且引用无线索）,"Kanto NISHIKAWA and Ding-Qi RAO and Masafumi MATSUI and Koshiro ETO (2015). Taxonomic relationship between Tylototriton daweishanensis Zhao, Rao, Liu, Li and Yuan, 2012 and T. yangi Hou, Li and Lu, 2012 (Amphibia: Urodela: Salamandridae) Current Herpetology, 34(1), 67–74 https://doi.org/10.5358/hsj.34.67"
1566,崇安湍蛙,Amolops chunganensis,福建,新种表,新种描述，转入 CHNR_new_species,"Ke Jiang and Jin-Long Ren and Zhi-Tong Lyu and Dan Wang and Zeng Wang and Ke Lv and Jia-Wei Wu and Jia-Tang Li (2021). Taxonomic revision of Amolops chunganensis (Pope, 1929) (Amphibia: Anura) and description of a new species from southwestern China, with discussion on Amolops monticola group and assignment of species groups of the genus Amolops https://doi.org/10.24272/j.issn.2095-8137.2021.107"
1567,,Osornophryne simpsoni,帕斯塔萨,排除,国外新种描述（省份为外国地名）,"Diego J. Páez-Moscoso and Juan M. Guayasamin and Mario Yánez-Muñoz (2011). A new species of Andean toad (Bufonidae, Osornophryne) discovered using molecular and morphological data, with a taxonomic key for the genus ZooKeys, 108, 73–97 https://doi.org/10.3897/zookeys.108.1129"
1568,武夷湍蛙,Amolops wuyiensis,江西,终审:A4 排除(建议)-伴随物种记录,新种描述文献中的伴随物种记录，非明确新纪录事件,"Ke Jiang and Jin-Long Ren and Zhi-Tong Lyu and Dan Wang and Zeng Wang and Ke Lv and Jia-Wei Wu and Jia-Tang Li (2021). Taxonomic revision of Amolops chunganensis (Pope, 1929) (Amphibia: Anura) and description of a new species from southwestern China, with discussion on Amolops monticola group and assignment of species groups of the genus Amolops https://doi.org/10.24272/j.issn.2095-8137.2021.107"
1569,黄岗臭蛙,Odorrana huanggangensis,江西,终审:A4 排除(建议)-伴随物种记录,新种描述文献中的伴随物种记录，非明确新纪录事件,"Ke Jiang and Jin-Long Ren and Zhi-Tong Lyu and Dan Wang and Zeng Wang and Ke Lv and Jia-Wei Wu and Jia-Tang Li (2021). Taxonomic revision of Amolops chunganensis (Pope, 1929) (Amphibia: Anura) and description of a new species from southwestern China, with discussion on Amolops monticola group and assignment of species groups of the genus Amolops https://doi.org/10.24272/j.issn.2095-8137.2021.107"
1570,棘胸蛙,Quasipaa spinosa,江西,终审:A4 排除(建议)-伴随物种记录,新种描述文献中的伴随物种记录，非明确新纪录事件,"Ke Jiang and Jin-Long Ren and Zhi-Tong Lyu and Dan Wang and Zeng Wang and Ke Lv and Jia-Wei Wu and Jia-Tang Li (2021). Taxonomic revision of Amolops chunganensis (Pope, 1929) (Amphibia: Anura) and description of a new species from southwestern China, with discussion on Amolops monticola group and assignment of species groups of the genus Amolops https://doi.org/10.24272/j.issn.2095-8137.2021.107"
1571,福建竹叶青蛇,Trimeresurus stejnegeri,江西,终审:A4 排除(建议)-伴随物种记录,新种描述文献中的伴随物种记录，非明确新纪录事件,"Ke Jiang and Jin-Long Ren and Zhi-Tong Lyu and Dan Wang and Zeng Wang and Ke Lv and Jia-Wei Wu and Jia-Tang Li (2021). Taxonomic revision of Amolops chunganensis (Pope, 1929) (Amphibia: Anura) and description of a new species from southwestern China, with discussion on Amolops monticola group and assignment of species groups of the genus Amolops https://doi.org/10.24272/j.issn.2095-8137.2021.107"
1572,崇安湍蛙,Amolops chunganensis,福建,新种表,新种描述，转入 CHNR_new_species,"Ke Jiang and Jin-Long Ren and Zhi-Tong Lyu and Dan Wang and Zeng Wang and Ke Lv and Jia-Wei Wu and Jia-Tang Li (2021). Taxonomic revision of Amolops chunganensis (Pope, 1929) (Amphibia: Anura) and description of a new species from southwestern China, with discussion on Amolops monticola group and assignment of species groups of the genus Amolops Life Science https://doi.org/10.24272/j.issn.2095-8137.2021.107"
1573,武夷湍蛙,Amolops wuyiensis,江西,终审:A4 排除(建议)-伴随物种记录,新种描述文献中的伴随物种记录，非明确新纪录事件,"Ke Jiang and Jin-Long Ren and Zhi-Tong Lyu and Dan Wang and Zeng Wang and Ke Lv and Jia-Wei Wu and Jia-Tang Li (2021). Taxonomic revision of Amolops chunganensis (Pope, 1929) (Amphibia: Anura) and description of a new species from southwestern China, with discussion on Amolops monticola group and assignment of species groups of the genus Amolops Life Science https://doi.org/10.24272/j.issn.2095-8137.2021.107"
1574,黄岗臭蛙,Odorrana huanggangensis,江西,终审:A4 排除(建议)-伴随物种记录,新种描述文献中的伴随物种记录，非明确新纪录事件,"Ke Jiang and Jin-Long Ren and Zhi-Tong Lyu and Dan Wang and Zeng Wang and Ke Lv and Jia-Wei Wu and Jia-Tang Li (2021). Taxonomic revision of Amolops chunganensis (Pope, 1929) (Amphibia: Anura) and description of a new species from southwestern China, with discussion on Amolops monticola group and assignment of species groups of the genus Amolops Life Science https://doi.org/10.24272/j.issn.2095-8137.2021.107"
1575,,Hesperentomon yangi,江苏,排除,非两爬/问题条目：非两爬/问题条目:原尾虫(六足总纲),"Yi Bai and Yun Bu (2013). Hesperentomon yangi sp. n. from Jiangsu Province, Eastern China, with analyses of DNA barcodes (Protura, Acerentomata, Hesperentomidae) ZooKeys, 338, 29–37 https://doi.org/10.3897/zookeys.338.6099"
1576,棘胸蛙,Quasipaa spinosa,江西,终审:A4 排除(建议)-伴随物种记录,新种描述文献中的伴随物种记录，非明确新纪录事件,"Ke Jiang and Jin-Long Ren and Zhi-Tong Lyu and Dan Wang and Zeng Wang and Ke Lv and Jia-Wei Wu and Jia-Tang Li (2021). Taxonomic revision of Amolops chunganensis (Pope, 1929) (Amphibia: Anura) and description of a new species from southwestern China, with discussion on Amolops monticola group and assignment of species groups of the genus Amolops Life Science https://doi.org/10.24272/j.issn.2095-8137.2021.107"
1577,福建竹叶青蛇,Trimeresurus stejnegeri,江西,终审:A4 排除(建议)-伴随物种记录,新种描述文献中的伴随物种记录，非明确新纪录事件,"Ke Jiang and Jin-Long Ren and Zhi-Tong Lyu and Dan Wang and Zeng Wang and Ke Lv and Jia-Wei Wu and Jia-Tang Li (2021). Taxonomic revision of Amolops chunganensis (Pope, 1929) (Amphibia: Anura) and description of a new species from southwestern China, with discussion on Amolops monticola group and assignment of species groups of the genus Amolops Life Science https://doi.org/10.24272/j.issn.2095-8137.2021.107"
1578,,Rohanixalus sp.2,云南,新种表,新种描述，转入 CHNR_new_species,"Biju, Garg, Gokulakrishnan, Chandrakasan, Thammachoti, Ren, Gopika, Bisht, Hamidy and Shouche (2020). Taxonomic revision of genus Rohanixalus (Anura: Rhacophoridae) in China with description of one new species https://doi.org/10.24272/j.issn.2095-8137.2023.179"
1579,汉森侧条树蛙,Rohanixalus hansenae,,排除,记录类型为'其他新纪录/再发现'等，未纳入省级新纪录事件表,"Biju, Garg, Gokulakrishnan, Chandrakasan, Thammachoti, Ren, Gopika, Bisht, Hamidy and Shouche (2020). Taxonomic revision of genus Rohanixalus (Anura: Rhacophoridae) in China with description of one new species https://doi.org/10.24272/j.issn.2095-8137.2023.179"
1580,喜山侧条树蛙,Rohanixalus shyamrupus,云南,事件表,省级新纪录事件（1省）,"Biju, Garg, Gokulakrishnan, Chandrakasan, Thammachoti, Ren, Gopika, Bisht, Hamidy and Shouche (2020). Taxonomic revision of genus Rohanixalus (Anura: Rhacophoridae) in China with description of one new species https://doi.org/10.24272/j.issn.2095-8137.2023.179"
1581,侧条树蛙,Rohanixalus vittatus,,终审:A3 排除-无省份且无坐标,新种描述文献中的伴随物种记录，非明确新纪录事件,"Biju, Garg, Gokulakrishnan, Chandrakasan, Thammachoti, Ren, Gopika, Bisht, Hamidy and Shouche (2020). Taxonomic revision of genus Rohanixalus (Anura: Rhacophoridae) in China with description of one new species https://doi.org/10.24272/j.issn.2095-8137.2023.179"
1582,杨氏纤树蛙,Kurixalus yangi,云南,新种表,新种描述，转入 CHNR_new_species,"Guohua Yu and Hong Hui and Dingqi Rao and Junxing Yang (2018). A new species of Kurixalus from western Yunnan, China (Anura, Rhacophoridae) ZooKeys, 770, 211–226 https://doi.org/10.3897/zookeys.770.23526"
1583,攀枝花脊蛇,Achalinus panzhihuaensis,四川,终审:转入新种表(建议·待复核),记录类型无法判定（原表未标注且引用无线索）,"Yuhao Xu and Shun Ma and Bo Cai and Diancheng Yang and Tianyou Zhang and Tianxuan Gu and Fengcheng Zhu and Song Huang and Lifang Peng (2024). Taxonomic Revision of Ningshan Odd-Scaled Snake, Achalinus ningshanensis (Serpentes, Xenodermidae), with Description of a New Subspecies from Western China Animals, 14, 3425 https://doi.org/10.3390/ani14233425"
1584,屏边脊蛇,Achalinus pingbianensis,云南,终审:转入新种表(建议·待复核),记录类型无法判定（原表未标注且引用无线索）,"Yuhao Xu and Shun Ma and Bo Cai and Diancheng Yang and Tianyou Zhang and Tianxuan Gu and Fengcheng Zhu and Song Huang and Lifang Peng (2024). Taxonomic Revision of Ningshan Odd-Scaled Snake, Achalinus ningshanensis (Serpentes, Xenodermidae), with Description of a New Subspecies from Western China Animals, 14, 3425 https://doi.org/10.3390/ani14233425"
1585,中华湍蛙,Amolops sinensis,广东,新种表,新种描述，转入 CHNR_new_species,"Zhi-Tong Lyu and Lin-Sheng Huang and Jian Wang and Yuan-Qiu Li and Hong-Hui Chen and Shuo Qi and Ying-Yong Wang (2019). Description of two cryptic species of the Amolops ricketti group (Anura, Ranidae) from southeastern China ZooKeys, 812, 133–156 https://doi.org/10.3897/zookeys.812.29956"
1586,,Stoliczkia vanhnuailianai,,终审:A3 排除-无省份且无坐标,记录类型无法判定（原表未标注且引用无线索）,"Yuhao Xu and Shun Ma and Bo Cai and Diancheng Yang and Tianyou Zhang and Tianxuan Gu and Fengcheng Zhu and Song Huang and Lifang Peng (2024). Taxonomic Revision of Ningshan Odd-Scaled Snake, Achalinus ningshanensis (Serpentes, Xenodermidae), with Description of a New Subspecies from Western China Animals, 14, 3425 https://doi.org/10.3390/ani14233425"
1587,勐海灌树蛙,Raorchestes hillisi,云南,新种表,新种描述，转入 CHNR_new_species,"Ke JIANG and Jinlong REN and Jian WANG and Junfeng GUO and Zeng WANG and Yonghong LIU and Dechun JIANG and Jiatang LI (2020). Taxonomic Revision of Raorchestes menglaensis (Kou, 1990) (Amphibia: Anura), with Descriptions of Two New Species from Yunnan, China Asian Herpetological Research, 11(4), 263–281 https://doi.org/10.16373/j.cnki.ahr.200018"
1588,黄连山灌树蛙,Raorchestes huanglianshan,云南,新种表,新种描述，转入 CHNR_new_species,"Ke JIANG and Jinlong REN and Jian WANG and Junfeng GUO and Zeng WANG and Yonghong LIU and Dechun JIANG and Jiatang LI (2020). Taxonomic Revision of Raorchestes menglaensis (Kou, 1990) (Amphibia: Anura), with Descriptions of Two New Species from Yunnan, China Asian Herpetological Research, 11(4), 263–281 https://doi.org/10.16373/j.cnki.ahr.200018"
1589,泰诺大头娃,Limnonectes taylori,,排除,省级信息缺失且无法由坐标推定,"CHATMONGKON SUWANNAPOOM & ZHI-YONG YUAN & JIN-MIN CHEN & MIAN HOU & HAI-PENG ZHAO & LI-JUN WANG & TRUONG SON NGUYEN & TRUONG Q. NGUYEN & ROBERT W. MURPHY & JAQUELINE SULLIVAN & DAVID S. MCLEOD & JING CHE (2016). Taxonomic revision of the Chinese Limnonectes (Anura, Dicroglossidae) with the description of a new species from China and Myanmar Zootaxa, 4093(2), 181–200 https://doi.org/10.11646/zootaxa.4093.2.2"
1590,福建大头蛙,Limnonectes fujianensis,,终审:A3 排除-无省份且无坐标,新种描述文献中的伴随物种记录，非明确新纪录事件,"CHATMONGKON SUWANNAPOOM & ZHI-YONG YUAN & JIN-MIN CHEN & MIAN HOU & HAI-PENG ZHAO & LI-JUN WANG & TRUONG SON NGUYEN & TRUONG Q. NGUYEN & ROBERT W. MURPHY & JAQUELINE SULLIVAN & DAVID S. MCLEOD & JING CHE (2016). Taxonomic revision of the Chinese Limnonectes (Anura, Dicroglossidae) with the description of a new species from China and Myanmar Zootaxa, 4093(2), 181–200 https://doi.org/10.11646/zootaxa.4093.2.2"
1591,脆皮大头蛙,Limnonectes fragilis,,终审:A3 排除-无省份且无坐标,新种描述文献中的伴随物种记录，非明确新纪录事件,"CHATMONGKON SUWANNAPOOM & ZHI-YONG YUAN & JIN-MIN CHEN & MIAN HOU & HAI-PENG ZHAO & LI-JUN WANG & TRUONG SON NGUYEN & TRUONG Q. NGUYEN & ROBERT W. MURPHY & JAQUELINE SULLIVAN & DAVID S. MCLEOD & JING CHE (2016). Taxonomic revision of the Chinese Limnonectes (Anura, Dicroglossidae) with the description of a new species from China and Myanmar Zootaxa, 4093(2), 181–200 https://doi.org/10.11646/zootaxa.4093.2.2"
1592,西藏拟髭蟾,Liurana xizangensis,西藏,事件表,省级新纪录事件（1省）,"Fang YAN and Ke JIANG and Kai WANG and Jie-Qiong JIN and Chatmongkon SUWANNAPOOM and Cheng LI and Jens V. VINDUM and Rafe M. BROWN and Jing CHE (2016). The Australasian frog family Ceratobatrachidae in China, Myanmar and Thailand: discovery of a new Himalayan forest frog clade ZOOLOGICAL RESEARCH, 37(1), 7-14 https://doi.org/10.13918/j.issn.2095-8137.2016.1.7"
1593,高山舌突蛙,Liurana alpine,西藏,事件表,省级新纪录事件（1省）,"Fang YAN and Ke JIANG and Kai WANG and Jie-Qiong JIN and Chatmongkon SUWANNAPOOM and Cheng LI and Jens V. VINDUM and Rafe M. BROWN and Jing CHE (2016). The Australasian frog family Ceratobatrachidae in China, Myanmar and Thailand: discovery of a new Himalayan forest frog clade ZOOLOGICAL RESEARCH, 37(1), 7-14 https://doi.org/10.13918/j.issn.2095-8137.2016.1.7"
1594,云南纤树蛙,Gracixalus yunnanensis,云南,新种表,新种描述，转入 CHNR_new_species,"Guohua Yu and Hong Hui and Jian Wang and Dingqi Rao and Zhengjun Wu and Junxing Yang (2019). A new species of Gracixalus (Anura, Rhacophoridae) from Yunnan, China ZooKeys, 851, 91–111 https://doi.org/10.3897/zookeys.851.32157"
1595,瑶山琴蛙,Nidirana yaoica,广西,新种表,新种描述，转入 CHNR_new_species,"Zhi-Tong Lyu and Yun-Ming Mo and Han Wan and Yu-Long Li and Hong Pang and Ying-Yong Wang (2019). Description of a new species of Music frogs (Anura, Ranidae, Nidirana) from Mt Dayao, southern China ZooKeys, 858, 109–126 https://doi.org/10.3897/zookeys.858.34363"
1596,,Alcalus tasanae,,排除,国外记录（坐标在中国境外）,"Fang YAN and Ke JIANG and Kai WANG and Jie-Qiong JIN and Chatmongkon SUWANNAPOOM and Cheng LI and Jens V. VINDUM and Rafe M. BROWN and Jing CHE (2016). The Australasian frog family Ceratobatrachidae in China, Myanmar and Thailand: discovery of a new Himalayan forest frog clade ZOOLOGICAL RESEARCH, 37(1), 7-14 https://doi.org/10.13918/j.issn.2095-8137.2016.1.7"
1597,北小跳蛙,Ingerana borealis,西藏,终审:待人工-倾向转入事件表,记录类型无法判定（原表未标注且引用无线索）,"Fang YAN and Ke JIANG and Kai WANG and Jie-Qiong JIN and Chatmongkon SUWANNAPOOM and Cheng LI and Jens V. VINDUM and Rafe M. BROWN and Jing CHE (2016). The Australasian frog family Ceratobatrachidae in China, Myanmar and Thailand: discovery of a new Himalayan forest frog clade ZOOLOGICAL RESEARCH, 37(1), 7-14 https://doi.org/10.13918/j.issn.2095-8137.2016.1.7"
1598,越南瘰螈,Paramesotriton deloustali,云南,事件表,省级新纪录事件（1省）,"Mingwang Zhang and Fuyao Han and Jiang Ye and Qingyong Ni and Ying Li and Yongfang Yao and Huailiang Xu (2018). The entire mitochondrial genome of Vietnam Warty Newt Paramesotriton deloustali (Salamandridae: Paramesotriton) with a new distribution record from China Conservation Genet Resour, 10(2), 551–554 https://doi.org/10.1007/s12686-017-0804-3"
1599,越南瘰螈,Paramesotriton deloustali,云南,事件表,省级新纪录事件（1省）,"Mingwang Zhang and Fuyao Han and Jiang Ye and Qingyong Ni and Ying Li and Yongfang Yao and Huailiang Xu (2018). The entire mitochondrial genome of Vietnam Warty Newt Paramesotriton deloustali (Salamandridae: Paramesotriton) with a new distribution record from China Conservation Genet Resour, 10(2), 551–554 https://doi.org/10.1007/s12686-017-0804-3"
1600,腹斑掌突蟾,Leptobrachella ventripunctata,广西,事件表,省级新纪录事件（1省）,"Wei-Cai Chen and Peng Li and Wan-Xiao Peng and You-Jun Liu and Yong Huang (2023). The fourth species of Leptobrachella (Anura, Megophryidae) found at Shiwandashan National Nature Reserve, Guangxi, China Shiwandashan National Nature https://doi.org/10.3897/zookeys.1192.98352"
1601,十万大山掌突蟾,Leptobrachella shiwandashanensis,广西,终审:转入新种表(建议·待复核),记录类型无法判定（原表未标注且引用无线索）,"Wei-Cai Chen and Peng Li and Wan-Xiao Peng and You-Jun Liu and Yong Huang (2023). The fourth species of Leptobrachella (Anura, Megophryidae) found at Shiwandashan National Nature Reserve, Guangxi, China Shiwandashan National Nature https://doi.org/10.3897/zookeys.1192.98352"
1602,广东睑虎,Goniurosaurus gollum,广东,新种表,新种描述，转入 CHNR_new_species,"Shuo Qi and Jian Wang and L. Lee Grismer and Hong-Hui Chen and Zhi-Tong Lyu and Ying-Yong Wang (2020). The Stoor Hobbit of Guangdong: Goniurosaurus gollum sp. nov., a cave-dwelling Leopard Gecko (Squamata, Eublepharidae) from South China ZooKeys, 991, 137–153 https://doi.org/10.3897/zookeys.991.54935"
1603,广东睑虎,Goniurosaurus gollum,广东,新种表,新种描述，转入 CHNR_new_species,"Shuo Qi and Jian Wang and L. Lee Grismer and Hong-Hui Chen and Zhi-Tong Lyu and Ying-Yong Wang (2020). The Stoor Hobbit of Guangdong: Goniurosaurus gollum sp. nov., a cave-dwelling Leopard Gecko (Squamata, Eublepharidae) from South China ZooKeys, 991, 137–153 https://doi.org/10.3897/zookeys.991.54935"
1604,英德睑虎,Goniurosaurus yingdeensis,广东,终审:A4 排除(建议)-伴随物种记录,新种描述文献中的伴随物种记录，非明确新纪录事件,"Shuo Qi and Jian Wang and L. Lee Grismer and Hong-Hui Chen and Zhi-Tong Lyu and Ying-Yong Wang (2020). The Stoor Hobbit of Guangdong: Goniurosaurus gollum sp. nov., a cave-dwelling Leopard Gecko (Squamata, Eublepharidae) from South China ZooKeys, 991, 137–153 https://doi.org/10.3897/zookeys.991.54935"
1605,龙门山齿蟾,Oreolalax longmenmontis,四川,新种表,新种描述，转入 CHNR_new_species,"Yinmeng Hou and Shengchao Shi and Daming Hu and Yue Deng and Jianping Jiang and Feng Xie and Bin Wang (2020). A new species of the toothed toad Oreolalax (Anura, Megophryidae) from Sichuan Province, China ZooKeys, 929, 93–115 https://doi.org/10.3897/zookeys.929.49748"
1606,大齿蟾,Oreolalax major,四川,终审:A4 排除(建议)-伴随物种记录,新种描述文献中的伴随物种记录，非明确新纪录事件,"Yinmeng Hou and Shengchao Shi and Daming Hu and Yue Deng and Jianping Jiang and Feng Xie and Bin Wang (2020). A new species of the toothed toad Oreolalax (Anura, Megophryidae) from Sichuan Province, China ZooKeys, 929, 93–115 https://doi.org/10.3897/zookeys.929.49748"
1607,南江齿蟾,Oreolalax nanjiangensis,四川,终审:A4 排除(建议)-伴随物种记录,新种描述文献中的伴随物种记录，非明确新纪录事件,"Yinmeng Hou and Shengchao Shi and Daming Hu and Yue Deng and Jianping Jiang and Feng Xie and Bin Wang (2020). A new species of the toothed toad Oreolalax (Anura, Megophryidae) from Sichuan Province, China ZooKeys, 929, 93–115 https://doi.org/10.3897/zookeys.929.49748"
1608,峨眉齿蟾,Oreolalax omeimontis,四川,终审:A4 排除(建议)-伴随物种记录,新种描述文献中的伴随物种记录，非明确新纪录事件,"Yinmeng Hou and Shengchao Shi and Daming Hu and Yue Deng and Jianping Jiang and Feng Xie and Bin Wang (2020). A new species of the toothed toad Oreolalax (Anura, Megophryidae) from Sichuan Province, China ZooKeys, 929, 93–115 https://doi.org/10.3897/zookeys.929.49748"
1609,川北齿蟾,Oreolalax chuanbeiensis,四川,终审:A4 排除(建议)-伴随物种记录,新种描述文献中的伴随物种记录，非明确新纪录事件,"Yinmeng Hou and Shengchao Shi and Daming Hu and Yue Deng and Jianping Jiang and Feng Xie and Bin Wang (2020). A new species of the toothed toad Oreolalax (Anura, Megophryidae) from Sichuan Province, China ZooKeys, 929, 93–115 https://doi.org/10.3897/zookeys.929.49748"
1610,九岭林蛙,Rana jiulingensis,湖南、江西,新种表,新种描述，转入 CHNR_new_species,"Han Wan and Zhi-Tong Lyu and Shuo Qi and Jian Zhao and Pi-Peng Li and Ying-Yong Wang (2020). A new species of the Rana japonica group (Anura, Ranidae, Rana) from China, with a taxonomic proposal for the R. johnsi group ZooKeys, 942, 141–158 https://doi.org/10.3897/zookeys.942.46928"
1611,双色棱皮树蛙,Theloderma bicolor,云南,事件表,省级新纪录事件（1省）,"Hou Mian and Yu Guo-hua and Chen Hong-man and Liao Chang-le and Zhang Li and Chen Jin and Li Pi-peng and Nikolai L. Orlov (2017). THE TAXONOMIC STATUS AND DISTRIBUTION RANGE OF SIX Theloderma SPECIES (ANURA: RHACOPHORIDAE) WITH A NEW RECORD IN CHINA Folium Publishing Company Russian Journal, 24, 99-127"
1612,,Theloderma andersoni,,排除,省级信息缺失且无法由坐标推定,"Hou Mian and Yu Guo-hua and Chen Hong-man and Liao Chang-le and Zhang Li and Chen Jin and Li Pi-peng and Nikolai L. Orlov (2017). THE TAXONOMIC STATUS AND DISTRIBUTION RANGE OF SIX Theloderma SPECIES (ANURA: RHACOPHORIDAE) WITH A NEW RECORD IN CHINA Folium Publishing Company Russian Journal, 24, 99-127"
1613,白斑棱皮树蛙,Theloderma albopunctatum,云南,事件表,省级新纪录事件（1省）,"Hou Mian and Yu Guo-hua and Chen Hong-man and Liao Chang-le and Zhang Li and Chen Jin and Li Pi-peng and Nikolai L. Orlov (2017). THE TAXONOMIC STATUS AND DISTRIBUTION RANGE OF SIX Theloderma SPECIES (ANURA: RHACOPHORIDAE) WITH A NEW RECORD IN CHINA Folium Publishing Company Russian Journal, 24, 99-127"
1614,白斑棱皮树蛙,Theloderma asperum,彭亨州,排除,国外记录（省份字段为外国地名：彭亨州）,"Hou Mian and Yu Guo-hua and Chen Hong-man and Liao Chang-le and Zhang Li and Chen Jin and Li Pi-peng and Nikolai L. Orlov (2017). THE TAXONOMIC STATUS AND DISTRIBUTION RANGE OF SIX Theloderma SPECIES (ANURA: RHACOPHORIDAE) WITH A NEW RECORD IN CHINA Folium Publishing Company Russian Journal, 24, 99-127"
1615,,Amolops macrophthalmus,砂拉越,排除,国外新种描述（省份为外国地名）,"Masafumi Matsui (1986). Three New Species of Amolops from Borneo (Amphibia, Anura, Ranidae) Copeia, 1986(3), 623-630 https://doi.org/1444943"
1616,,Amolops orphnocnemis,沙巴,排除,国外新种描述（省份为外国地名）,"Masafumi Matsui (1986). Three New Species of Amolops from Borneo (Amphibia, Anura, Ranidae) Copeia, 1986(3), 623-630 https://doi.org/1444943"
1617,,Amolops amoropalamus,,新种表,新种描述，转入 CHNR_new_species,"Masafumi Matsui (1986). Three New Species of Amolops from Borneo (Amphibia, Anura, Ranidae) Copeia, 1986(3), 623-630 https://doi.org/1444943"
1618,,Amolops macrophthalmus,砂拉越,排除,国外新种描述（省份为外国地名）,"Masafumi Matsui (1986). Three New Species of Amolops from Borneo (Amphibia, Anura, Ranidae) Copeia, 1986(3), 623-630 https://doi.org/1444943"
1619,,Amolops orphnocnemis,沙巴,排除,国外新种描述（省份为外国地名）,"Masafumi Matsui (1986). Three New Species of Amolops from Borneo (Amphibia, Anura, Ranidae) Copeia, 1986(3), 623-630 https://doi.org/1444943"
1620,,Amolops amoropalamus,,新种表,新种描述，转入 CHNR_new_species,"Masafumi Matsui (1986). Three New Species of Amolops from Borneo (Amphibia, Anura, Ranidae) Copeia, 1986(3), 623-630 https://doi.org/1444943"
1621,黎明龙蜥,Diploderma limingense,云南,新种表,新种描述，转入 CHNR_new_species,"Shuo Liu, Mian Hou, Dingqi Rao and Natalia B. Ananjeva (2022). Three new species of Diploderma Hallowell, 1861 (Squamata, Agamidae) from the Hengduan Mountain Region, south-western China ZooKeys, 1131, 1–30 https://doi.org/10.3897/zookeys.1131.86644"
1622,硕曲龙蜥,Diploderma shuoquense,四川,新种表,新种描述，转入 CHNR_new_species,"Shuo Liu, Mian Hou, Dingqi Rao and Natalia B. Ananjeva (2022). Three new species of Diploderma Hallowell, 1861 (Squamata, Agamidae) from the Hengduan Mountain Region, south-western China ZooKeys, 1131, 1–30 https://doi.org/10.3897/zookeys.1131.86644"
1623,永胜龙蜥,Diploderma yongshengense,云南,新种表,新种描述，转入 CHNR_new_species,"Shuo Liu, Mian Hou, Dingqi Rao and Natalia B. Ananjeva (2022). Three new species of Diploderma Hallowell, 1861 (Squamata, Agamidae) from the Hengduan Mountain Region, south-western China ZooKeys, 1131, 1–30 https://doi.org/10.3897/zookeys.1131.86644"
1624,黎明龙蜥,Diploderma limingense,云南,新种表,新种描述，转入 CHNR_new_species,"Shuo Liu, Mian Hou, Dingqi Rao and Natalia B. Ananjeva (2022). Three new species of Diploderma Hallowell, 1861 (Squamata, Agamidae) from the Hengduan Mountain Region, south-western China ZooKeys, 1131, 1–30 https://doi.org/10.3897/zookeys.1131.86644"
1625,硕曲龙蜥,Diploderma shuoquense,四川,新种表,新种描述，转入 CHNR_new_species,"Shuo Liu, Mian Hou, Dingqi Rao and Natalia B. Ananjeva (2022). Three new species of Diploderma Hallowell, 1861 (Squamata, Agamidae) from the Hengduan Mountain Region, south-western China ZooKeys, 1131, 1–30 https://doi.org/10.3897/zookeys.1131.86644"
1626,永胜龙蜥,Diploderma yongshengense,云南,新种表,新种描述，转入 CHNR_new_species,"Shuo Liu, Mian Hou, Dingqi Rao and Natalia B. Ananjeva (2022). Three new species of Diploderma Hallowell, 1861 (Squamata, Agamidae) from the Hengduan Mountain Region, south-western China ZooKeys, 1131, 1–30 https://doi.org/10.3897/zookeys.1131.86644"
1627,黎明龙蜥,Diploderma limingense,云南,新种表,新种描述，转入 CHNR_new_species,"Shuo Liu, Mian Hou, Dingqi Rao and Natalia B. Ananjeva (2022). Three new species of Diploderma Hallowell, 1861 (Squamata, Agamidae) from the Hengduan Mountain Region, south-western China ZooKeys, 1131, 1–30 https://doi.org/10.3897/zookeys.1131.86644"
1628,硕曲龙蜥,Diploderma shuoquense,四川,新种表,新种描述，转入 CHNR_new_species,"Shuo Liu, Mian Hou, Dingqi Rao and Natalia B. Ananjeva (2022). Three new species of Diploderma Hallowell, 1861 (Squamata, Agamidae) from the Hengduan Mountain Region, south-western China ZooKeys, 1131, 1–30 https://doi.org/10.3897/zookeys.1131.86644"
1629,永胜龙蜥,Diploderma yongshengense,云南,新种表,新种描述，转入 CHNR_new_species,"Shuo Liu, Mian Hou, Dingqi Rao and Natalia B. Ananjeva (2022). Three new species of Diploderma Hallowell, 1861 (Squamata, Agamidae) from the Hengduan Mountain Region, south-western China ZooKeys, 1131, 1–30 https://doi.org/10.3897/zookeys.1131.86644"
1630,黎明龙蜥,Diploderma limingense,云南,新种表,新种描述，转入 CHNR_new_species,"Shuo Liu, Mian Hou, Dingqi Rao and Natalia B. Ananjeva (2022). Three new species of Diploderma Hallowell, 1861 (Squamata, Agamidae) from the Hengduan Mountain Region, south-western China ZooKeys, 1131, 1–30 https://doi.org/10.3897/zookeys.1131.86644"
1631,黑环蛇,Bungarus niger,,终审:A3 排除-无省份且无坐标,新种描述文献中的伴随物种记录，非明确新纪录事件,"Ze-Ning Chen and Sheng-Chao Shi and Gernot Vogel and Li Ding and Jing-Song Shi (2021). Multiple lines of evidence reveal a new species of Krait (Squamata, Elapidae, Bungarus) from Southwestern China and Northern Myanmar ZooKeys, 1025, 35–71 https://doi.org/10.3897/zookeys.1025.62305"
1632,大斑环蛇,Bungarus magnimaculatus,,终审:A3 排除-无省份且无坐标,新种描述文献中的伴随物种记录，非明确新纪录事件,"Ze-Ning Chen and Sheng-Chao Shi and Gernot Vogel and Li Ding and Jing-Song Shi (2021). Multiple lines of evidence reveal a new species of Krait (Squamata, Elapidae, Bungarus) from Southwestern China and Northern Myanmar ZooKeys, 1025, 35–71 https://doi.org/10.3897/zookeys.1025.62305"
1633,,Pachypaederus kongshuhensis,云南,排除,非两爬/问题条目：非两爬/问题条目:昆虫(隐翅虫),"Xiaoyan Li and Yanpeng Cai and Haifeng Chen (2021). The third species of the genus Pachypaederus Fagel, 1958 (Coleoptera, Staphylinidae, Paederinae) from the Oriental region ZooKeys, 1037, 15–22 https://doi.org/10.3897/zookeys.1037.67300"
1634,硕曲龙蜥,Diploderma shuoquense,四川,新种表,新种描述，转入 CHNR_new_species,"Shuo Liu, Mian Hou, Dingqi Rao and Natalia B. Ananjeva (2022). Three new species of Diploderma Hallowell, 1861 (Squamata, Agamidae) from the Hengduan Mountain Region, south-western China ZooKeys, 1131, 1–30 https://doi.org/10.3897/zookeys.1131.86644"
1635,紫点锦蛇,Elaphe anomala,安徽,终审:A4 排除(建议)-伴随物种记录,新种描述文献中的伴随物种记录，非明确新纪录事件,"Shuo Qi and Jing-Song Shi and Yan-Bo Ma and Yi-Fei Gao and Shu-Hai Bu and L. Lee Grismer and Pi-Peng Li and Ying-Yong Wang (2021). A sheep in wolf's clothing: Elaphe xiphodonta sp. nov. (Squamata, Colubridae) and its possible mimicry to Protobothrops jerdonii ZooKeys, 1048, 23–47 https://doi.org/10.3897/zookeys.1048.65650"
1636,永胜龙蜥,Diploderma yongshengense,云南,新种表,新种描述，转入 CHNR_new_species,"Shuo Liu, Mian Hou, Dingqi Rao and Natalia B. Ananjeva (2022). Three new species of Diploderma Hallowell, 1861 (Squamata, Agamidae) from the Hengduan Mountain Region, south-western China ZooKeys, 1131, 1–30 https://doi.org/10.3897/zookeys.1131.86644"
1637,莽山烙铁头,Protobothrops jerdonii,,新种表,新种描述，转入 CHNR_new_species,"Shuo Qi and Jing-Song Shi and Yan-Bo Ma and Yi-Fei Gao and Shu-Hai Bu and L. Lee Grismer and Pi-Peng Li and Ying-Yong Wang (2021). A sheep in wolf's clothing: Elaphe xiphodonta sp. nov. (Squamata, Colubridae) and its possible mimicry to Protobothrops jerdonii ZooKeys, 1048, 23–47 https://doi.org/10.3897/zookeys.1048.65650"
1638,秦岭蝮,Gloydius qinlingensis,,终审:A3 排除-无省份且无坐标,新种描述文献中的伴随物种记录，非明确新纪录事件,"Shuo Qi and Jing-Song Shi and Yan-Bo Ma and Yi-Fei Gao and Shu-Hai Bu and L. Lee Grismer and Pi-Peng Li and Ying-Yong Wang (2021). A sheep in wolf's clothing: Elaphe xiphodonta sp. nov. (Squamata, Colubridae) and its possible mimicry to Protobothrops jerdonii ZooKeys, 1048, 23–47 https://doi.org/10.3897/zookeys.1048.65650"
1639,广西琴蛙,Nidirana guangxiensis,广西,新种表,新种描述，转入 CHNR_new_species,"Zhi-Tong Lyu and Zhong Huang and Xiao-Wen Liao and Li Lin and Yong Huang and Ying-Yong Wang and Yun-Ming Mo (2021). A new species of Music frog (Anura, Ranidae, Nidirana) from Mt Daming, Guangxi, China ZooKeys, 1059, 35–56 https://doi.org/10.3897/zookeys.1059.68140"
1640,李丕鹏蝮,Gloydius lipipengi,西藏,新种表,新种描述，转入 CHNR_new_species,"Jing-Song Shi and Jin-Cheng Liu and Rohit Giri and John Benjamin Owens and Vishal Santra and Sourish Kuttalam and Melvin Selvan and Ke-Ji Guo and Anita Malhotra (2021). Molecular phylogenetic analysis of the genus Gloydius (Squamata, Viperidae, Crotalinae), with description of two new alpine species from Qinghai-Tibet Plateau, China ZooKeys, 1061, 87–108 https://doi.org/10.3897/zookeys.1061.70420"
1641,黎明龙蜥,Diploderma limingense,云南,新种表,新种描述，转入 CHNR_new_species,"Shuo Liu, Mian Hou, Dingqi Rao and Natalia B. Ananjeva (2022). Three new species of Diploderma Hallowell, 1861 (Squamata, Agamidae) from the Hengduan Mountain Region, south-western China ZooKeys, 1131, 1–30 https://doi.org/10.3897/zookeys.1131.86644"
1642,硕曲龙蜥,Diploderma shuoquense,四川,新种表,新种描述，转入 CHNR_new_species,"Shuo Liu, Mian Hou, Dingqi Rao and Natalia B. Ananjeva (2022). Three new species of Diploderma Hallowell, 1861 (Squamata, Agamidae) from the Hengduan Mountain Region, south-western China ZooKeys, 1131, 1–30 https://doi.org/10.3897/zookeys.1131.86644"
1643,永胜龙蜥,Diploderma yongshengense,云南,新种表,新种描述，转入 CHNR_new_species,"Shuo Liu, Mian Hou, Dingqi Rao and Natalia B. Ananjeva (2022). Three new species of Diploderma Hallowell, 1861 (Squamata, Agamidae) from the Hengduan Mountain Region, south-western China ZooKeys, 1131, 1–30 https://doi.org/10.3897/zookeys.1131.86644"
1644,黎明龙蜥,Diploderma limingense,云南,新种表,新种描述，转入 CHNR_new_species,"Shuo Liu, Mian Hou, Dingqi Rao and Natalia B. Ananjeva (2022). Three new species of Diploderma Hallowell, 1861 (Squamata, Agamidae) from the Hengduan Mountain Region, south-western China ZooKeys, 1131, 1–30 https://doi.org/10.3897/zookeys.1131.86644"
1645,硕曲龙蜥,Diploderma shuoquense,四川,新种表,新种描述，转入 CHNR_new_species,"Shuo Liu, Mian Hou, Dingqi Rao and Natalia B. Ananjeva (2022). Three new species of Diploderma Hallowell, 1861 (Squamata, Agamidae) from the Hengduan Mountain Region, south-western China ZooKeys, 1131, 1–30 https://doi.org/10.3897/zookeys.1131.86644"
1646,永胜龙蜥,Diploderma yongshengense,云南,新种表,新种描述，转入 CHNR_new_species,"Shuo Liu, Mian Hou, Dingqi Rao and Natalia B. Ananjeva (2022). Three new species of Diploderma Hallowell, 1861 (Squamata, Agamidae) from the Hengduan Mountain Region, south-western China ZooKeys, 1131, 1–30 https://doi.org/10.3897/zookeys.1131.86644"
1647,,Rana bolavensis,占巴塞,排除,国外新种描述（省份为外国地名）,"Stuart, Bryan L., and Bain, Raoul H. (2005). THREE NEW SPECIES OF SPINULE-BEARING FROGS ALLIED TO RANA MEGATYMPANUM BAIN, LATHROP, MURPHY, ORLOV AND HO, 2003 FROM LAOS AND VIETNAM Herpetologica, 61(4), 478-492 https://doi.org/10.1655/05-06.1"
1648,,Rana megatympanum,义安、宣光,排除,国外新种描述（省份为外国地名）,"Stuart, Bryan L., and Bain, Raoul H. (2005). THREE NEW SPECIES OF SPINULE-BEARING FROGS ALLIED TO RANA MEGATYMPANUM BAIN, LATHROP, MURPHY, ORLOV AND HO, 2003 FROM LAOS AND VIETNAM Herpetologica, 61(4), 478-492 https://doi.org/10.1655/05-06.1"
1649,,Rana tabaca,河江,终审:C 排除-记录地为国外省区,新种描述文献中的伴随物种记录，非明确新纪录事件,"Stuart, Bryan L., and Bain, Raoul H. (2005). THREE NEW SPECIES OF SPINULE-BEARING FROGS ALLIED TO RANA MEGATYMPANUM BAIN, LATHROP, MURPHY, ORLOV AND HO, 2003 FROM LAOS AND VIETNAM Herpetologica, 61(4), 478-492 https://doi.org/10.1655/05-06.1"
1650,安龙臭蛙,Rana anlungensis,,终审:A3 排除-无省份且无坐标,新种描述文献中的伴随物种记录，非明确新纪录事件,"Stuart, Bryan L., and Bain, Raoul H. (2005). THREE NEW SPECIES OF SPINULE-BEARING FROGS ALLIED TO RANA MEGATYMPANUM BAIN, LATHROP, MURPHY, ORLOV AND HO, 2003 FROM LAOS AND VIETNAM Herpetologica, 61(4), 478-492 https://doi.org/10.1655/05-06.1"
1651,,Rana livida,,终审:A3 排除-无省份且无坐标,新种描述文献中的伴随物种记录，非明确新纪录事件,"Stuart, Bryan L., and Bain, Raoul H. (2005). THREE NEW SPECIES OF SPINULE-BEARING FROGS ALLIED TO RANA MEGATYMPANUM BAIN, LATHROP, MURPHY, ORLOV AND HO, 2003 FROM LAOS AND VIETNAM Herpetologica, 61(4), 478-492 https://doi.org/10.1655/05-06.1"
1652,滇南臭蛙,Rana tiannanensis,,终审:A3 排除-无省份且无坐标,新种描述文献中的伴随物种记录，非明确新纪录事件,"Stuart, Bryan L., and Bain, Raoul H. (2005). THREE NEW SPECIES OF SPINULE-BEARING FROGS ALLIED TO RANA MEGATYMPANUM BAIN, LATHROP, MURPHY, ORLOV AND HO, 2003 FROM LAOS AND VIETNAM Herpetologica, 61(4), 478-492 https://doi.org/10.1655/05-06.1"
1653,合江臭蛙,Rana hejiangensis,,终审:A3 排除-无省份且无坐标,新种描述文献中的伴随物种记录，非明确新纪录事件,"Stuart, Bryan L., and Bain, Raoul H. (2005). THREE NEW SPECIES OF SPINULE-BEARING FROGS ALLIED TO RANA MEGATYMPANUM BAIN, LATHROP, MURPHY, ORLOV AND HO, 2003 FROM LAOS AND VIETNAM Herpetologica, 61(4), 478-492 https://doi.org/10.1655/05-06.1"
1654,,Huia absita,塞公,排除,国外新种描述（省份为外国地名）,"Stuart, Bryan L. and Chan-ard, Tanya (2005). Two new Huia (Amphibia: Ranidae) from Laos and Thailand Copeia, 2005(2), 279-289 https://doi.org/10.1643/CH-04-137R3"
1655,侧纹蝮,Gloydius lateralis,四川,新种表,新种描述，转入 CHNR_new_species,"Mei-Hua Zhang and Sheng-Chao Shi and Cheng Li and Peng Yan and Ping Wang and Li Ding and Jie Du and Anđelka Plenković-Moraj and Jian-Ping Jiang and Jing-Song Shi (2022). Exploring cryptic biodiversity in a world heritage site: a new pitviper (Squamata, Viperidae, Crotalinae) from Jiuzhaigou, Aba, Sichuan, China ZooKeys, 1114, 59–76 https://doi.org/10.3897/zookeys.1114.79709"
1656,斯氏亚洲蝮,Gloydius strauchi,四川,排除,区系/多样性调查类文献的物种清单行，非新纪录事件,"Mei-Hua Zhang and Sheng-Chao Shi and Cheng Li and Peng Yan and Ping Wang and Li Ding and Jie Du and Anđelka Plenković-Moraj and Jian-Ping Jiang and Jing-Song Shi (2022). Exploring cryptic biodiversity in a world heritage site: a new pitviper (Squamata, Viperidae, Crotalinae) from Jiuzhaigou, Aba, Sichuan, China ZooKeys, 1114, 59–76 https://doi.org/10.3897/zookeys.1114.79709"
1657,红斑亚洲蝮,Gloydius rubromaculatus,四川,排除,区系/多样性调查类文献的物种清单行，非新纪录事件,"Mei-Hua Zhang and Sheng-Chao Shi and Cheng Li and Peng Yan and Ping Wang and Li Ding and Jie Du and Anđelka Plenković-Moraj and Jian-Ping Jiang and Jing-Song Shi (2022). Exploring cryptic biodiversity in a world heritage site: a new pitviper (Squamata, Viperidae, Crotalinae) from Jiuzhaigou, Aba, Sichuan, China ZooKeys, 1114, 59–76 https://doi.org/10.3897/zookeys.1114.79709"
1658,狭头亚洲蝮,Gloydius angusticeps,四川,排除,区系/多样性调查类文献的物种清单行，非新纪录事件,"Mei-Hua Zhang and Sheng-Chao Shi and Cheng Li and Peng Yan and Ping Wang and Li Ding and Jie Du and Anđelka Plenković-Moraj and Jian-Ping Jiang and Jing-Song Shi (2022). Exploring cryptic biodiversity in a world heritage site: a new pitviper (Squamata, Viperidae, Crotalinae) from Jiuzhaigou, Aba, Sichuan, China ZooKeys, 1114, 59–76 https://doi.org/10.3897/zookeys.1114.79709"
1659,斯威尔德亚洲蝮,Gloydius swild,四川,排除,区系/多样性调查类文献的物种清单行，非新纪录事件,"Mei-Hua Zhang and Sheng-Chao Shi and Cheng Li and Peng Yan and Ping Wang and Li Ding and Jie Du and Anđelka Plenković-Moraj and Jian-Ping Jiang and Jing-Song Shi (2022). Exploring cryptic biodiversity in a world heritage site: a new pitviper (Squamata, Viperidae, Crotalinae) from Jiuzhaigou, Aba, Sichuan, China ZooKeys, 1114, 59–76 https://doi.org/10.3897/zookeys.1114.79709"
1660,尖吻蝮,Deinagkistrodon acutus,福建,排除,区系/多样性调查类文献的物种清单行，非新纪录事件,"Mei-Hua Zhang and Sheng-Chao Shi and Cheng Li and Peng Yan and Ping Wang and Li Ding and Jie Du and Anđelka Plenković-Moraj and Jian-Ping Jiang and Jing-Song Shi (2022). Exploring cryptic biodiversity in a world heritage site: a new pitviper (Squamata, Viperidae, Crotalinae) from Jiuzhaigou, Aba, Sichuan, China ZooKeys, 1114, 59–76 https://doi.org/10.3897/zookeys.1114.79709"
1661,吻斑雨林蛙,Huia melasma,泰国西部,排除,国外新种描述（省份为外国地名）,"Stuart, Bryan L. and Chan-ard, Tanya (2005). Two new Huia (Amphibia: Ranidae) from Laos and Thailand Copeia, 2005(2), 279-289 https://doi.org/10.1643/CH-04-137R3"
1662,,Huia masonii,爪哇岛,终审:C 排除-记录地为国外省区,记录类型无法判定（原表未标注且引用无线索）,"Stuart, Bryan L. and Chan-ard, Tanya (2005). Two new Huia (Amphibia: Ranidae) from Laos and Thailand Copeia, 2005(2), 279-289 https://doi.org/10.1643/CH-04-137R3"
1663,观雾小鲵,Hynobius fuca,台北县,新种表,新种描述，转入 CHNR_new_species,JUNE-SHIANG LAI AND KUANG-YANG LUE (2004). TWO NEW HYNOBIUS (CAUDATA: HYNOBIIDAE) SALAMANDERS FROM TAIWAN
1664,南湖小鲵,Hynobius glacialis,,新种表,新种描述，转入 CHNR_new_species,JUNE-SHIANG LAI AND KUANG-YANG LUE (2004). TWO NEW HYNOBIUS (CAUDATA: HYNOBIIDAE) SALAMANDERS FROM TAIWAN
1665,台湾小鲵,Hynobius formosanus,,终审:B7 坐标在境内可反推省份,记录类型无法判定（原表未标注且引用无线索）,JUNE-SHIANG LAI AND KUANG-YANG LUE (2004). TWO NEW HYNOBIUS (CAUDATA: HYNOBIIDAE) SALAMANDERS FROM TAIWAN
1666,楚南小鲵,Hynobius sonani,,终审:B7 坐标在境内可反推省份,记录类型无法判定（原表未标注且引用无线索）,JUNE-SHIANG LAI AND KUANG-YANG LUE (2004). TWO NEW HYNOBIUS (CAUDATA: HYNOBIIDAE) SALAMANDERS FROM TAIWAN
1667,阿里山小鲵,Hynobius arisanensis,,终审:B7 坐标在境内可反推省份,记录类型无法判定（原表未标注且引用无线索）,JUNE-SHIANG LAI AND KUANG-YANG LUE (2004). TWO NEW HYNOBIUS (CAUDATA: HYNOBIIDAE) SALAMANDERS FROM TAIWAN
1668,黄连山掌突蟾,Leptobrachella aspera,云南,新种表,新种描述，转入 CHNR_new_species,"Jian Wang and Zhi-Tong Lyu and Shuo Qi and Zhao-Chi Zeng and Wen-Xiang Zhang and Long-Shan Lu and Ying-Yong Wang (2020). Two new Leptobrachella species (Anura, Megophryidae) from the Yunnan-Guizhou Plateau, southwestern China ZooKeys, 995, 97–125 https://doi.org/10.3897/zookeys.955.55939"
1669,水城掌突蟾,Leptobrachella dorsospina,贵州,新种表,新种描述，转入 CHNR_new_species,"Jian Wang and Zhi-Tong Lyu and Shuo Qi and Zhao-Chi Zeng and Wen-Xiang Zhang and Long-Shan Lu and Ying-Yong Wang (2020). Two new Leptobrachella species (Anura, Megophryidae) from the Yunnan-Guizhou Plateau, southwestern China ZooKeys, 995, 97–125 https://doi.org/10.3897/zookeys.955.55939"
1670,湖南脊蛇,Achalinus hunanensis,湖南,新种表,新种描述，转入 CHNR_new_species,"Shun Ma and Sheng-Chao Shi and Sun-Jun Xiang and Fu Shu and Jian-Ping Jiang (2023). A new species of Achalinus Peters, 1869 (Squamata, Xenodermidae) from Hunan Province, China Huaping Nature https://doi.org/10.3897/zookeys.1166.103055"
1671,武鸣掌突蟾,Leptobrachella wumingensis,广西,新种表,新种描述，转入 CHNR_new_species,"Wei-Cai Chen and Wan-Xiao Peng and Peng Li and Gui-Dong Yu (2023). A new species of the genus Leptobrachella Smith 1925 (Amphibia, Anura, Megophryidae) from Guangxi, China Damingshan National Nature https://doi.org/10.3897/zookeys.1178.106038"
1672,沈氏脊蛇,Achalinus sheni,湖南,新种表,新种描述，转入 CHNR_new_species,"Shun Ma and Yu-Hao Xu and Shuo Qi and Ying-Yong Wang and Shan-Shan Tang and Song Huang and Jian-Ping Jiang (2023). Discovery of a new cryptic Achalinus Peters, 1869 (Serpentes, Xenodermidae) species from Hunan Province, China 9 https://doi.org/10.3897/zookeys.1181.109462"
1673,黄连山掌突蟾,Leptobrachella aspera,云南,新种表,新种描述，转入 CHNR_new_species,"Jian Wang and Zhi-Tong Lyu and Shuo Qi and Zhao-Chi Zeng and Wen-Xiang Zhang and Long-Shan Lu and Ying-Yong Wang (2020). Two new Leptobrachella species (Anura, Megophryidae) from the Yunnan-Guizhou Plateau, southwestern China ZooKeys, 995, 97–125 https://doi.org/10.3897/zookeys.955.55939"
1674,王氏攀蜥,Calotes wangi,,排除,国外新种描述（坐标在中国境外）,"Yong Huang and Hongyu Li and Yilin Wang and Maojin Li and Mian Hou and Bo Cai (2023). Taxonomic review of the Calotes versicolor complex (Agamidae, Sauria, Squamata) in China, with description of a new species and subspecies Histoire Nature https://doi.org/10.3897/zookeys.1187.110704"
1675,变色攀蜥,Calotes versicolor,云南、广东、广西、海南、湖南、福建,新种表,新种描述，转入 CHNR_new_species,"Yong Huang and Hongyu Li and Yilin Wang and Maojin Li and Mian Hou and Bo Cai (2023). Taxonomic review of the Calotes versicolor complex (Agamidae, Sauria, Squamata) in China, with description of a new species and subspecies Histoire Nature https://doi.org/10.3897/zookeys.1187.110704"
1676,伊洛瓦底攀蜥,Calotes irawadi,,终审:A3 排除-无省份且无坐标,新种描述文献中的伴随物种记录，非明确新纪录事件,"Yong Huang and Hongyu Li and Yilin Wang and Maojin Li and Mian Hou and Bo Cai (2023). Taxonomic review of the Calotes versicolor complex (Agamidae, Sauria, Squamata) in China, with description of a new species and subspecies Histoire Nature https://doi.org/10.3897/zookeys.1187.110704"
1677,南山脊蛇,Achalinus nanshanensis,湖南,新种表,新种描述，转入 CHNR_new_species,"Hui Li and Le-Qiang Zhu and Bei Xiao and Jie Huang and Shao-Wu Wu and Li-Xun Yang and Zhi-Qiang Zhang and Xiao-Yang Mo (2023). A new species of the genus Achalinus (Squamata, Xenodermatidae) from southwest Hunan Province, China Life Science https://doi.org/10.3897/zookeys.1189.112784"
1678,河口树蛙,Raorchestes hekouensis,云南,新种表,新种描述，转入 CHNR_new_species,"Lingyun Du and Yuhan Xu and Shuo Liu and Guohua Yu (2024). A new species of Raorchestes (Anura, Rhacophoridae) from Yunnan Province, China Life Science https://doi.org/10.3897/zookeys.1192.106013"
1679,水城掌突蟾,Leptobrachella dorsospina,贵州,新种表,新种描述，转入 CHNR_new_species,"Jian Wang and Zhi-Tong Lyu and Shuo Qi and Zhao-Chi Zeng and Wen-Xiang Zhang and Long-Shan Lu and Ying-Yong Wang (2020). Two new Leptobrachella species (Anura, Megophryidae) from the Yunnan-Guizhou Plateau, southwestern China ZooKeys, 995, 97–125 https://doi.org/10.3897/zookeys.955.55939"
1680,黄连山掌突蟾,Leptobrachella aspera,云南,新种表,新种描述，转入 CHNR_new_species,"Jian Wang and Zhi-Tong Lyu and Shuo Qi and Zhao-Chi Zeng and Wen-Xiang Zhang and Long-Shan Lu and Ying-Yong Wang (2020). Two new Leptobrachella species (Anura, Megophryidae) from the Yunnan-Guizhou Plateau, southwestern China ZooKeys, 995, 97–125 https://doi.org/10.3897/zookeys.955.55939"
1681,水城掌突蟾,Leptobrachella dorsospina,贵州,新种表,新种描述，转入 CHNR_new_species,"Jian Wang and Zhi-Tong Lyu and Shuo Qi and Zhao-Chi Zeng and Wen-Xiang Zhang and Long-Shan Lu and Ying-Yong Wang (2020). Two new Leptobrachella species (Anura, Megophryidae) from the Yunnan-Guizhou Plateau, southwestern China ZooKeys, 995, 97–125 https://doi.org/10.3897/zookeys.955.55939"
1682,,Euspondylus chasqui,阿亚库乔大区拉马尔,排除,国外新种描述（省份为外国地名）,"Germán Chávez and Karen Siu-Ting and Vilma Duran and Pablo J Venegas (2011). Two new species of Andean gymnophthalmid lizards of the genus Euspondylus (Reptilia, Squamata) from central and southern Peru ZooKeys, 109, 1–17 https://doi.org/10.3897/zookeys.109.1304"
1683,,Euspondylus oreades,,新种表,新种描述，转入 CHNR_new_species,"Germán Chávez and Karen Siu-Ting and Vilma Duran and Pablo J Venegas (2011). Two new species of Andean gymnophthalmid lizards of the genus Euspondylus (Reptilia, Squamata) from central and southern Peru ZooKeys, 109, 1–17 https://doi.org/10.3897/zookeys.109.1304"
1684,,Euspondylus spinalis,,终审:A3 排除-无省份且无坐标,新种描述文献中的伴随物种记录，非明确新纪录事件,"Germán Chávez and Karen Siu-Ting and Vilma Duran and Pablo J Venegas (2011). Two new species of Andean gymnophthalmid lizards of the genus Euspondylus (Reptilia, Squamata) from central and southern Peru ZooKeys, 109, 1–17 https://doi.org/10.3897/zookeys.109.1304"
1685,,Euspondylus caideni,,终审:A3 排除-无省份且无坐标,新种描述文献中的伴随物种记录，非明确新纪录事件,"Germán Chávez and Karen Siu-Ting and Vilma Duran and Pablo J Venegas (2011). Two new species of Andean gymnophthalmid lizards of the genus Euspondylus (Reptilia, Squamata) from central and southern Peru ZooKeys, 109, 1–17 https://doi.org/10.3897/zookeys.109.1304"
1686,,Euspondylus rahmi,,终审:A3 排除-无省份且无坐标,新种描述文献中的伴随物种记录，非明确新纪录事件,"Germán Chávez and Karen Siu-Ting and Vilma Duran and Pablo J Venegas (2011). Two new species of Andean gymnophthalmid lizards of the genus Euspondylus (Reptilia, Squamata) from central and southern Peru ZooKeys, 109, 1–17 https://doi.org/10.3897/zookeys.109.1304"
1687,黄岗山肥螈,Hypselotriton huanggangensis,江西,新种表,新种描述，转入 CHNR_new_species,"Zhihao Jiang and Song Huang and Qiangyong Fan and Lin Cheng and Yanan Gong and Zhangbo Cui and Tierui Zhang and Wenjun Lan and Zhian Zou and Xuanzhi Huang and Jean Raffaëlli and Jinmin Chen (2024). A new species of the newt genus Hypselotriton (Amphibia, Urodela, Salamandridae) from Jiangxi Province, southeastern China Life Science https://doi.org/10.3897/zookeys.1208.126092"
1688,福鼎肥螈,Hypselotriton fudingensis,福建,终审:A4 排除(建议)-伴随物种记录,新种描述文献中的伴随物种记录，非明确新纪录事件,"Zhihao Jiang and Song Huang and Qiangyong Fan and Lin Cheng and Yanan Gong and Zhangbo Cui and Tierui Zhang and Wenjun Lan and Zhian Zou and Xuanzhi Huang and Jean Raffaëlli and Jinmin Chen (2024). A new species of the newt genus Hypselotriton (Amphibia, Urodela, Salamandridae) from Jiangxi Province, southeastern China Life Science https://doi.org/10.3897/zookeys.1208.126092"
1689,东方肥螈,Hypselotriton orientalis,浙江,终审:A4 排除(建议)-伴随物种记录,新种描述文献中的伴随物种记录，非明确新纪录事件,"Zhihao Jiang and Song Huang and Qiangyong Fan and Lin Cheng and Yanan Gong and Zhangbo Cui and Tierui Zhang and Wenjun Lan and Zhian Zou and Xuanzhi Huang and Jean Raffaëlli and Jinmin Chen (2024). A new species of the newt genus Hypselotriton (Amphibia, Urodela, Salamandridae) from Jiangxi Province, southeastern China Life Science https://doi.org/10.3897/zookeys.1208.126092"
1690,,Euspondylus simonsii,,终审:A3 排除-无省份且无坐标,新种描述文献中的伴随物种记录，非明确新纪录事件,"Germán Chávez and Karen Siu-Ting and Vilma Duran and Pablo J Venegas (2011). Two new species of Andean gymnophthalmid lizards of the genus Euspondylus (Reptilia, Squamata) from central and southern Peru ZooKeys, 109, 1–17 https://doi.org/10.3897/zookeys.109.1304"
1691,,Proctoporus bolivianus,,终审:A3 排除-无省份且无坐标,新种描述文献中的伴随物种记录，非明确新纪录事件,"Germán Chávez and Karen Siu-Ting and Vilma Duran and Pablo J Venegas (2011). Two new species of Andean gymnophthalmid lizards of the genus Euspondylus (Reptilia, Squamata) from central and southern Peru ZooKeys, 109, 1–17 https://doi.org/10.3897/zookeys.109.1304"
1692,翡翠攀蜥,Japalura iadina,西藏,新种表,新种描述，转入 CHNR_new_species,"Kai WANG and Ke JIANG and Da-Hu ZOU and Fang YAN and Cameron D. SILER and Jing CHE (2016). Two new species of Japalura (Squamata: Agamidae) from the Hengduan Mountain Range, China Zoological Research, 37(1), 41-56 https://doi.org/10.13918/j.issn.2095-8137.2016.1.41"
1693,草绿攀蜥,Japalura flaviceps,四川,终审:A4 排除(建议)-伴随物种记录,新种描述文献中的伴随物种记录，非明确新纪录事件,"Kai WANG and Ke JIANG and Da-Hu ZOU and Fang YAN and Cameron D. SILER and Jing CHE (2016). Two new species of Japalura (Squamata: Agamidae) from the Hengduan Mountain Range, China Zoological Research, 37(1), 41-56 https://doi.org/10.13918/j.issn.2095-8137.2016.1.41"
1694,盐源齿蟾,Oreolalax yanyuanensis,四川,新种表,新种描述，转入 CHNR_new_species,"Yin Meng Hou and Pu Yang Zheng and Hao Qi Yu and Bin Wang and Xiao Hong Chen and Feng Xie (2020). A new toad of Oreolalax Myers & Leviton, 1962 (Anura, Megophryidae) from Sichuan Province, southwest China Life Science https://doi.org/10.3897/zookeys.1212.122222"
1695,高山壁虎,Gekko alpinus,西藏、四川,新种表,新种描述，转入 CHNR_new_species,"Shun Ma, Sheng-Chao Shi, Cheng Shen, Li-Ming Chang, and Jian-Ping Jiang (2024). Discovery of a new species of the subgenus Japonigekko (Squamata, Gekkonidae, Gekko) from the Hengduan Mountains, southwestern China: the best Japonigekko mountaineer ZooKeys https://doi.org/10.3897/zookeys.1215.125043"
1696,巴塘攀蜥,Japalura batangensis,,终审:A3 排除-无省份且无坐标,新种描述文献中的伴随物种记录，非明确新纪录事件,"Kai WANG and Ke JIANG and Da-Hu ZOU and Fang YAN and Cameron D. SILER and Jing CHE (2016). Two new species of Japalura (Squamata: Agamidae) from the Hengduan Mountain Range, China Zoological Research, 37(1), 41-56 https://doi.org/10.13918/j.issn.2095-8137.2016.1.41"
1697,丽纹攀蜥,Japalura splendida,重庆,终审:A4 排除(建议)-伴随物种记录,新种描述文献中的伴随物种记录，非明确新纪录事件,"Kai WANG and Ke JIANG and Da-Hu ZOU and Fang YAN and Cameron D. SILER and Jing CHE (2016). Two new species of Japalura (Squamata: Agamidae) from the Hengduan Mountain Range, China Zoological Research, 37(1), 41-56 https://doi.org/10.13918/j.issn.2095-8137.2016.1.41"
1698,翡翠攀蜥,Japalura iadina,西藏,新种表,新种描述，转入 CHNR_new_species,"Kai WANG and Ke JIANG and Da-Hu ZOU and Fang YAN and Cameron D. SILER and Jing CHE (2016). Two new species of Japalura (Squamata: Agamidae) from the Hengduan Mountain Range, China Zoological Research, 37(1), 41-56 https://doi.org/10.13918/j.issn.2095-8137.2016.1.41"
1699,南滚河裸趾虎,Cyrtodactylus nangunhe,云南,新种表,新种描述，转入 CHNR_new_species,"Shuo Liu and Zhimin Li and Wenguang Duan and Mian Hou and Dingqi Rao (2024). A new species of Cyrtodactylus Gray, 1827 (Squamata, Gekkonidae) from Yunnan Nangunhe National Nature Reserve, China Yunnan Nangunhe National Nature https://doi.org/10.3897/zookeys.1223.137184"
1700,红唇棘蜥,Acanthosaura rubrilabris,云南,终审:A4 排除(建议)-伴随物种记录,新种描述文献中的伴随物种记录，非明确新纪录事件,"Shuo Liu and Zhimin Li and Wenguang Duan and Mian Hou and Dingqi Rao (2024). A new species of Cyrtodactylus Gray, 1827 (Squamata, Gekkonidae) from Yunnan Nangunhe National Nature Reserve, China Yunnan Nangunhe National Nature https://doi.org/10.3897/zookeys.1223.137184"
1701,多斑金花蛇,Boiga multomaculata,云南,终审:A4 排除(建议)-伴随物种记录,新种描述文献中的伴随物种记录，非明确新纪录事件,"Shuo Liu and Zhimin Li and Wenguang Duan and Mian Hou and Dingqi Rao (2024). A new species of Cyrtodactylus Gray, 1827 (Squamata, Gekkonidae) from Yunnan Nangunhe National Nature Reserve, China Yunnan Nangunhe National Nature https://doi.org/10.3897/zookeys.1223.137184"
1702,艾玛树蜥,Calotes emma,云南,终审:A4 排除(建议)-伴随物种记录,新种描述文献中的伴随物种记录，非明确新纪录事件,"Shuo Liu and Zhimin Li and Wenguang Duan and Mian Hou and Dingqi Rao (2024). A new species of Cyrtodactylus Gray, 1827 (Squamata, Gekkonidae) from Yunnan Nangunhe National Nature Reserve, China Yunnan Nangunhe National Nature https://doi.org/10.3897/zookeys.1223.137184"
1703,加氏半叶趾虎,Hemidactylus garnotii,云南,终审:A4 排除(建议)-伴随物种记录,新种描述文献中的伴随物种记录，非明确新纪录事件,"Shuo Liu and Zhimin Li and Wenguang Duan and Mian Hou and Dingqi Rao (2024). A new species of Cyrtodactylus Gray, 1827 (Squamata, Gekkonidae) from Yunnan Nangunhe National Nature Reserve, China Yunnan Nangunhe National Nature https://doi.org/10.3897/zookeys.1223.137184"
1704,横纹丽纹蛇,Lycodon fasciatus,云南,终审:A4 排除(建议)-伴随物种记录,新种描述文献中的伴随物种记录，非明确新纪录事件,"Shuo Liu and Zhimin Li and Wenguang Duan and Mian Hou and Dingqi Rao (2024). A new species of Cyrtodactylus Gray, 1827 (Squamata, Gekkonidae) from Yunnan Nangunhe National Nature Reserve, China Yunnan Nangunhe National Nature https://doi.org/10.3897/zookeys.1223.137184"
1705,草绿攀蜥,Japalura flaviceps,四川,终审:A4 排除(建议)-伴随物种记录,新种描述文献中的伴随物种记录，非明确新纪录事件,"Kai WANG and Ke JIANG and Da-Hu ZOU and Fang YAN and Cameron D. SILER and Jing CHE (2016). Two new species of Japalura (Squamata: Agamidae) from the Hengduan Mountain Range, China Zoological Research, 37(1), 41-56 https://doi.org/10.13918/j.issn.2095-8137.2016.1.41"
1706,古道湍蛙,Amolops gudao,云南,新种表,新种描述，转入 CHNR_new_species,"Yun-He Wu and Zhong-Bin Yu and Felista Kasyoka Kilunda and Chen-Qi Lu and Jia-Hua Li and Yun-Peng Li and Yi-Juan Shi and Jing Che (2023). A new species of the genus Amolops (Anura, Ranidae) from the Gaoligong Mountains, China Life Science https://doi.org/10.3897/zookeys.1227.131357"
1707,石垣岛侧褶蛙,Nidirana okinavana,,终审:B7 坐标在境内可反推省份,记录类型无法判定（原表未标注且引用无线索）,"Chun-Fu Lin and Chunwen Chang and Masafumi Matsui and Chin-Chia Shen and Atsushi Tominaga and Si-Min Lin (2025). Description of a new music frog (Anura, Ranidae, Nidirana) critically endangered in Taiwan Life Science https://doi.org/10.3897/zookeys.1229.139344"
1708,徐黄侧褶蛙,Nidirana shyhhuangi,南投县,新种表,新种描述，转入 CHNR_new_species,"Chun-Fu Lin and Chunwen Chang and Masafumi Matsui and Chin-Chia Shen and Atsushi Tominaga and Si-Min Lin (2025). Description of a new music frog (Anura, Ranidae, Nidirana) critically endangered in Taiwan Life Science https://doi.org/10.3897/zookeys.1229.139344"
1709,双江口攀蜥,Diploderma bifluviale,四川,新种表,新种描述，转入 CHNR_new_species,"Fengjing Liu and Yayong Wu and Jindong Zhang and Guang Yang and Shuo Liu and Xue Chen and Jiang Chang and Qiang Xie and Bo Cai (2023). A new species of Diploderma Hallowell, 1861 (Squamata, Agamidae) discovered in the upper Dadu River valley of the Hengduan Mountains, Sichuan, China Life Science https://doi.org/10.3897/zookeys.1251.153705"
1710,红纹滞卵蛇,Lycodon rufozonatus,浙江,新种表,新种描述，转入 CHNR_new_species,"Tan Van Nguyen and Nikolay A. Poyarkov and Gernot Vogel (2025). Taxonomic reassessment of the Lycodon rufozonatus species complex (Serpentes, Colubridae), with re-evaluation of Dinodon rufozonatum walli, and description of a new species from north-central Vietnam ZooKeys https://doi.org/10.3897/zookeys.1251.157817"
1711,巴塘攀蜥,Japalura batangensis,,终审:A3 排除-无省份且无坐标,新种描述文献中的伴随物种记录，非明确新纪录事件,"Kai WANG and Ke JIANG and Da-Hu ZOU and Fang YAN and Cameron D. SILER and Jing CHE (2016). Two new species of Japalura (Squamata: Agamidae) from the Hengduan Mountain Range, China Zoological Research, 37(1), 41-56 https://doi.org/10.13918/j.issn.2095-8137.2016.1.41"
1712,丽纹攀蜥,Japalura splendida,重庆,终审:A4 排除(建议)-伴随物种记录,新种描述文献中的伴随物种记录，非明确新纪录事件,"Kai WANG and Ke JIANG and Da-Hu ZOU and Fang YAN and Cameron D. SILER and Jing CHE (2016). Two new species of Japalura (Squamata: Agamidae) from the Hengduan Mountain Range, China Zoological Research, 37(1), 41-56 https://doi.org/10.13918/j.issn.2095-8137.2016.1.41"
1713,,Nanorana yunnanensis,,终审:A3 排除-无省份且无坐标,新种描述文献中的伴随物种记录，非明确新纪录事件,"Shuo Liu and Chao Bu and Mian Hou and Jing Chen and Yanfei Feng and Lue Ma and JiShan Wang and Dingqi Rao (2025). Two new species of Nanorana Günther, 1896 (Anura, Dicroglossidae) from Yunnan, China Yunnan Wenshan National Nature https://doi.org/10.3897/zookeys.1276.179415"
1714,倭蛙,Nanorana pleskei,,终审:A3 排除-无省份且无坐标,新种描述文献中的伴随物种记录，非明确新纪录事件,"Shuo Liu and Chao Bu and Mian Hou and Jing Chen and Yanfei Feng and Lue Ma and JiShan Wang and Dingqi Rao (2025). Two new species of Nanorana Günther, 1896 (Anura, Dicroglossidae) from Yunnan, China Yunnan Wenshan National Nature https://doi.org/10.3897/zookeys.1276.179415"
1715,,Nanorana quadranus,,终审:A3 排除-无省份且无坐标,新种描述文献中的伴随物种记录，非明确新纪录事件,"Shuo Liu and Chao Bu and Mian Hou and Jing Chen and Yanfei Feng and Lue Ma and JiShan Wang and Dingqi Rao (2025). Two new species of Nanorana Günther, 1896 (Anura, Dicroglossidae) from Yunnan, China Yunnan Wenshan National Nature https://doi.org/10.3897/zookeys.1276.179415"
1716,大老岭角蟾,Boulenophrys dalaolingensis,湖北,新种表,新种描述，转入 CHNR_new_species,"Ruiqi Wang and Lu Chen and Jinliang Chen and Haochen Huang and Gangzhi Peng and Honglin Peng and Xinzhang Gao and Bangqing Chen and Naiyi Liu (2025). A new horned toad of Boulenophrys (Anura, Megophryidae) was discovered in Hubei Province, China Hubei Broad Nature https://doi.org/10.3897/zookeys.1253.154757"
1717,基诺两头蛇,Calamaria synergis,云南,新种表,新种描述，转入 CHNR_new_species,"Tierui Zhang and Yuhao Xu and Tan Van Nguyen and Nikolay A. Poyarkov and Gernot Vogel and Xinge Wang and Song Huang (2023). A new species of the genus Calamaria H. Boie in F. Boie, 1827 (Squamata, Calamariidae) from Xishuangbanna, Yunnan Province, China Life Science https://doi.org/10.3897/zookeys.1253.161412"
1718,,Nanorana unculuanus,,终审:A3 排除-无省份且无坐标,新种描述文献中的伴随物种记录，非明确新纪录事件,"Shuo Liu and Chao Bu and Mian Hou and Jing Chen and Yanfei Feng and Lue Ma and JiShan Wang and Dingqi Rao (2025). Two new species of Nanorana Günther, 1896 (Anura, Dicroglossidae) from Yunnan, China Yunnan Wenshan National Nature https://doi.org/10.3897/zookeys.1276.179415"
1719,,Nanorana sp. nov. (Clade A),云南,新种表,新种描述，转入 CHNR_new_species,"Shuo Liu and Chao Bu and Mian Hou and Jing Chen and Yanfei Feng and Lue Ma and JiShan Wang and Dingqi Rao (2025). Two new species of Nanorana Günther, 1896 (Anura, Dicroglossidae) from Yunnan, China Yunnan Wenshan National Nature https://doi.org/10.3897/zookeys.1276.179415"
1720,细纹滑蜥,Scincella tenuistriata,贵州,新种表,新种描述，转入 CHNR_new_species,"Yuhao Xu and Zhonghao Gong and Tan Van Nguyen and Jundong Deng and Andrey M. Bragin and Shiyang Weng and Tierui Zhang and Nikolay A. Poyarkov and Lifang Peng (2025). A new species of the genus Scincella Mittleman, 1950 (Squamata, Scincidae) from Guizhou Province, southwest China Russia Tropical Science https://doi.org/10.3897/zookeys.1258.161382"
1721,,Nanorana sp. nov. (Clade B),云南,新种表,新种描述，转入 CHNR_new_species,"Shuo Liu and Chao Bu and Mian Hou and Jing Chen and Yanfei Feng and Lue Ma and JiShan Wang and Dingqi Rao (2025). Two new species of Nanorana Günther, 1896 (Anura, Dicroglossidae) from Yunnan, China Yunnan Wenshan National Nature https://doi.org/10.3897/zookeys.1276.179415"
1722,,Goniurosaurus kadoorieorum,广西,新种表,新种描述，转入 CHNR_new_species,"JIAN-HUAN YANG & BOSCO PUI-LOK CHAN (2015). Two new species of the genus Goniurosaurus (Squamata: Sauria: Eublepharidae) from southern China Zootaxa, 3980(1), 067–080 https://doi.org/10.11646/zootaxa.3980.1.4"
1723,广西睑虎,Goniurosaurus kwangsiensis,广西,新种表,新种描述，转入 CHNR_new_species,"JIAN-HUAN YANG & BOSCO PUI-LOK CHAN (2015). Two new species of the genus Goniurosaurus (Squamata: Sauria: Eublepharidae) from southern China Zootaxa, 3980(1), 067–080 https://doi.org/10.11646/zootaxa.3980.1.4"
1724,红蹼树蛙,Rhacophorus rhodopus,云南,新种表,新种描述，转入 CHNR_new_species,"Shangjing Tang and Fanrong Xiao and Shuo Liu and Lijun Wang and Guohua Yu and Lina Du (2024). Underestimated species diversity within the Rhacophorus rhodopus and Rhacophorus bipunctatus complexes (Anura, Rhacophoridae), with a description of a new species from Hainan, China Life Science, 100(2) https://doi.org/10.3897/zse.100.118879"
1725,双斑树蛙,Rhacophorus bipunctatus,米佐拉姆邦,排除,国外新种描述（省份为外国地名）,"Shangjing Tang and Fanrong Xiao and Shuo Liu and Lijun Wang and Guohua Yu and Lina Du (2024). Underestimated species diversity within the Rhacophorus rhodopus and Rhacophorus bipunctatus complexes (Anura, Rhacophoridae), with a description of a new species from Hainan, China Life Science, 100(2) https://doi.org/10.3897/zse.100.118879"
1726,那坡树蛙,Rhacophorus napoensis,广西,终审:A4 排除(建议)-伴随物种记录,新种描述文献中的伴随物种记录，非明确新纪录事件,"Shangjing Tang and Fanrong Xiao and Shuo Liu and Lijun Wang and Guohua Yu and Lina Du (2024). Underestimated species diversity within the Rhacophorus rhodopus and Rhacophorus bipunctatus complexes (Anura, Rhacophoridae), with a description of a new species from Hainan, China Life Science, 100(2) https://doi.org/10.3897/zse.100.118879"
1727,红蹼树蛙,Rhacophorus rhodopus,云南,新种表,新种描述，转入 CHNR_new_species,"Shangjing Tang and Fanrong Xiao and Shuo Liu and Lijun Wang and Guohua Yu and Lina Du (2024). Underestimated species diversity within the Rhacophorus rhodopus and Rhacophorus bipunctatus complexes (Anura, Rhacophoridae), with a description of a new species from Hainan, China Life Science, 100(2) https://doi.org/10.3897/zse.100.118879"
1728,那坡树蛙,Rhacophorus napoensis,广西,终审:A4 排除(建议)-伴随物种记录,新种描述文献中的伴随物种记录，非明确新纪录事件,"Shangjing Tang and Fanrong Xiao and Shuo Liu and Lijun Wang and Guohua Yu and Lina Du (2024). Underestimated species diversity within the Rhacophorus rhodopus and Rhacophorus bipunctatus complexes (Anura, Rhacophoridae), with a description of a new species from Hainan, China Life Science, 100(2) https://doi.org/10.3897/zse.100.118879"
1729,双斑树蛙,Rhacophorus bipunctatus,印度东北部,排除,国外新种描述（省份为外国地名）,"Shangjing Tang and Fanrong Xiao and Shuo Liu and Lijun Wang and Guohua Yu and Lina Du (2024). Underestimated species diversity within the Rhacophorus rhodopus and Rhacophorus bipunctatus complexes (Anura, Rhacophoridae), with a description of a new species from Hainan, China Life Science, 100(2) https://doi.org/10.3897/zse.100.118879"
1730,黑蹼树蛙,Rhacophorus kio,丰沙里,排除,国外新种描述（省份为外国地名）,"Annemarie Ohler and Magali Delorme (2006). Well known does not mean well studied: Morphological and molecular support for existence of sibling species in the Javanese gliding frog Rhacophorus reinwardtii (Amphibia, Anura) C. R. Biologies, 329, 86–97 https://doi.org/10.1016/j.crvi.2005.11.001"
1731,,Rhacophorus reinwardtii,,终审:排除-无省级信息（系统学/命名学文献）,记录类型无法判定（原表未标注且引用无线索）,"Annemarie Ohler and Magali Delorme (2006). Well known does not mean well studied: Morphological and molecular support for existence of sibling species in the Javanese gliding frog Rhacophorus reinwardtii (Amphibia, Anura) C. R. Biologies, 329, 86–97 https://doi.org/10.1016/j.crvi.2005.11.001"
1732,齐格勒氏扁趾虎,Hemiphyllodactylus ziegleri,山罗,排除,国外新种描述（省份为外国地名）,"Anh Van Pham and Truong Quang Nguyen and Cuong The Pham and Hanh Thi Ngo and Minh Duc Le (2019). Hemiphyllodactylus ziegleri sp. nov. (Squamata, Gekkonidae), a new karst-dwelling gecko species from Son La Province, Vietnam Environmental Science https://doi.org/10.3897/zookeys.1268.174678"
1733,孟闻琴蛙,Nidirana mangveni,安徽,事件表,省级新纪录事件（1省）,"洪飞、方杰 (2023). 安徽省两栖类新纪录——孟闻琴蛙 Chinese Journal of Wildlife, 44(4), 945-948 https://doi.org/10.12375/ysdwxb.20230429"
1734,孟闻琴蛙,Nidirana mangveni,安徽,事件表,省级新纪录事件（1省）,"洪飞、方杰 (2023). 安徽省两栖类新纪录——孟闻琴蛙 Chinese Journal of Wildlife, 44(4), 945-948 https://doi.org/10.12375/ysdwxb.20230429"
1735,孟闻琴蛙,Nidirana mangveni,安徽,事件表,省级新纪录事件（1省）,"洪飞、方杰 (2023). 安徽省两栖类新纪录——孟闻琴蛙 Chinese Journal of Wildlife, 44(4), 945-948 https://doi.org/10.12375/ysdwxb.20230429"
1736,锯尾蜥虎,Hemidactylus garnotii,福建,事件表,省级新纪录事件（1省）,"郭淳鹏、钟茂君、汪晓意、杨胜男、唐科、贾乐乐、张春兰、胡军华 (2022). 福建省两栖、爬行动物更新名录 生物多样性, 30(8), 1-10 https://doi.org/10.17520/biods.2022090"
1737,独山半叶趾虎,Hemiphyllodactylus dushanensis,福建,排除,记录类型为'其他新纪录/再发现'等，未纳入省级新纪录事件表,"郭淳鹏、钟茂君、汪晓意、杨胜男、唐科、贾乐乐、张春兰、胡军华 (2022). 福建省两栖、爬行动物更新名录 生物多样性, 30(8), 1-10 https://doi.org/10.17520/biods.2022090"
1738,香港半叶趾虎,Hemiphyllodactylus hongkongensis,福建,事件表,省级新纪录事件（1省）,"马良、罗萧、周承源、曾文昊、吴锦平、汤小明、陈世品 (2025). 福建省爬行动物新记录——香港半叶趾虎 四川动物, 44(3), 299-304 https://doi.org/10.11984/j.issn.1000-7083.20250008"
1739,小褶蛙,Occidozyga diminutiva,塔威塔威,终审:C 排除-记录地为国外省区,记录类型无法判定（原表未标注且引用无线索）,"Unknown Author (2020). Molecular systematic investigation of Philippine puddle frogs (Anura: Dicroglossidae: Occidozyga Kuhl and Van Hasselt, 1822) reveals new candidate species and a novel pattern of species dyads Philippine Journal of Systematic Biology, 14(2) https://doi.org/10.26757/pjsb2020b14007"
1740,光滑褶蛙,Occidozyga laevis,塔威塔威,终审:C 排除-记录地为国外省区,记录类型无法判定（原表未标注且引用无线索）,"Unknown Author (2020). Molecular systematic investigation of Philippine puddle frogs (Anura: Dicroglossidae: Occidozyga Kuhl and Van Hasselt, 1822) reveals new candidate species and a novel pattern of species dyads Philippine Journal of Systematic Biology, 14(2) https://doi.org/10.26757/pjsb2020b14007"
1741,,Occidozyga sumatrana,,终审:B7 坐标在境内可反推省份,记录类型无法判定（原表未标注且引用无线索）,"Unknown Author (2020). Molecular systematic investigation of Philippine puddle frogs (Anura: Dicroglossidae: Occidozyga Kuhl and Van Hasselt, 1822) reveals new candidate species and a novel pattern of species dyads Philippine Journal of Systematic Biology, 14(2) https://doi.org/10.26757/pjsb2020b14007"
1742,奥斯汀龙蜥,Japalura austeniana,阿鲁纳恰尔邦,终审:C 排除-记录地为国外省区,记录类型无法判定（原表未标注且引用无线索）,"Unknown Author (2010). MAJOR ARTICLE 1 TAPROBANICA VOL. Natural Science, 13, 1-8 https://doi.org/10.47605/tapro.v13i1.317"
1743,新种龙蜥,Japalura mictophola,阿鲁纳恰尔邦,排除,国外新种描述（省份为外国地名）,"Unknown Author (2010). MAJOR ARTICLE 1 TAPROBANICA VOL. Natural Science, 13, 1-8 https://doi.org/10.47605/tapro.v13i1.317"
1744,,Vietnamophryne,嘉莱,排除,国外新种描述（省份为外国地名）,"Nikolay A. Poyarkov, Jr. and Chatmongkon Suwannapoom and Parinya Pawangkhanant and Akrachai Aksornneam and Tang Van Duong and Dmitriy V. Korost and Jing Che (2018). A new genus and three new species of miniaturized microhylid frogs from Indochina (Amphibia: Anura: Microhylidae: Asterophryinae) ZOOLOGICAL RESEARCH https://doi.org/10.24272/j.issn.2095-8137.2018.019"
1745,香港半叶趾虎,Hemiphyllodactylus hongkongensis,福建,事件表,省级新纪录事件（1省）,"马良、罗萧、周承源、曾文昊、吴锦平、汤小明、陈世品 (2025). 福建省爬行动物新记录——香港半叶趾虎 四川动物, 44(3), 299-304 https://doi.org/10.11984/j.issn.1000-7083.20250008"
1746,独山半叶趾虎,Hemiphyllodactylus dushanensis,福建,事件表,省级新纪录事件（1省）,"马良、罗萧、周承源、曾文昊、吴锦平、汤小明、陈世品 (2025). 福建省爬行动物新记录——香港半叶趾虎 四川动物, 44(3), 299-304 https://doi.org/10.11984/j.issn.1000-7083.20250008"
1747,陈氏后棱蛇,Opisthotropis cheni,湖南、广东,排除,记录类型为'其他新纪录/再发现'等，未纳入省级新纪录事件表,"LI Cao and LIU Qin and GUO Peng (2010). Expanded Description of a Chinese Endemic Snake Opisthotropis cheni (Serpentes: Colubridae: Natricinae) Asian Herpetological Research, 1(1), 57-60 https://doi.org/10.3724/SP.J.1245.2010.00057"
1748,蒙侧褶蛙,Pelophylax mongolius,甘肃、青海,事件表,省级新纪录事件（2省）,"田瑞、张得宁、袁智勇、周炜帏 (2024). 甘肃和青海发现蒙侧褶蛙两栖类新纪录 西南林业大学学报(自然科学), 44(6), 209–214 https://doi.org/10.11929/j.swfu.202401011"
1749,蒙侧褶蛙,Pelophylax mongolius,甘肃、青海,事件表,省级新纪录事件（2省）,"田瑞、张得宁、袁智勇、周炜帏 (2024). 甘肃和青海发现蒙侧褶蛙两栖类新纪录 西南林业大学学报(自然科学), 44(6), 209–214 https://doi.org/10.11929/j.swfu.202401011"
1750,新疆岩蜥阿尔泰亚种,Laudakia stoliczkana altaica,甘肃,事件表,省级新纪录事件（1省）,"赵海斌、龚大洁、李晓军、李万江、刘开明 (2016). 甘肃马鬃山发现新疆岩蜥 干旱区研究, 33(2), 431-433 https://doi.org/10.13866/j.azr.2016.02.27"
1751,新疆岩蜥阿尔泰亚种,Laudakia stoliczkana altaica,甘肃,事件表,省级新纪录事件（1省）,"赵海斌、龚大洁、李晓军、李万江、刘开明 (2016). 甘肃马鬃山发现新疆岩蜥 干旱区研究, 33(2), 431-433 https://doi.org/10.13866/j.azr.2016.02.27"
1752,侗掌突蟾,Leptobrachella dong,广西,事件表,省级新纪录事件（1省）,"曹宇阳、伍春莲、吴云鹤 (2024). 广西掌突蟾属新纪录——侗掌突蟾 Chinese Journal of Wildlife, 45(2), 456-460 https://doi.org/10.12375/ysdwxb.20240228"
1753,侗掌突蟾,Leptobrachella dong,广西,事件表,省级新纪录事件（1省）,"曹宇阳、伍春莲、吴云鹤 (2024). 广西掌突蟾属新纪录——侗掌突蟾 Chinese Journal of Wildlife, 45(2), 456-460 https://doi.org/10.12375/ysdwxb.20240228"
1754,中国棱蜥,Tropidophorus sinicus,贵州,事件表,省级新纪录事件（1省）,"胡政坤、黄勇、姚忠祎、蔡波 (2022). 贵州江口和福建连江分别发现中国棱蜥和变色树蜥 动物学杂志, 57(1), 112-116 https://doi.org/10.13859/j.cjz.202201011"
1755,变色树蜥,Calotes versicolor,福建,事件表,省级新纪录事件（1省）,"胡政坤、黄勇、姚忠祎、蔡波 (2022). 贵州江口和福建连江分别发现中国棱蜥和变色树蜥 动物学杂志, 57(1), 112-116 https://doi.org/10.13859/j.cjz.202201011"
1756,中国棱蜥,Tropidophorus sinicus,贵州,事件表,省级新纪录事件（1省）,"胡政坤、黄勇、姚忠祎、蔡波 (2022). 贵州江口和福建连江分别发现中国棱蜥和变色树蜥 动物学杂志, 57(1), 112-116 https://doi.org/10.13859/j.cjz.202201011"
1757,变色树蜥,Calotes versicolor,福建,事件表,省级新纪录事件（1省）,"胡政坤、黄勇、姚忠祎、蔡波 (2022). 贵州江口和福建连江分别发现中国棱蜥和变色树蜥 动物学杂志, 57(1), 112-116 https://doi.org/10.13859/j.cjz.202201011"
1758,缅甸钝头蛇,Pareas hamptoni,贵州,事件表,省级新纪录事件（1省）,"伍律、李德俊、须润华、黄谋、刘积深 (1978). 贵州爬行动物新纪录及一新种 贵州爬行动物新纪录及一新种, 105"
1759,福建钝头蛇,Pareas stanleyi,贵州,事件表,省级新纪录事件（1省）,"伍律、李德俊、须润华、黄谋、刘积深 (1978). 贵州爬行动物新纪录及一新种 贵州爬行动物新纪录及一新种, 105"
1760,双全白环蛇,Lycodon fasciatus,贵州,事件表,省级新纪录事件（1省）,"伍律、李德俊、须润华、黄谋、刘积深 (1978). 贵州爬行动物新纪录及一新种 贵州爬行动物新纪录及一新种, 105"
1761,黑线乌梢蛇,Zaocys nigromarginatus,贵州,事件表,省级新纪录事件（1省）,"伍律、李德俊、须润华、黄谋、刘积深 (1978). 贵州爬行动物新纪录及一新种 贵州爬行动物新纪录及一新种, 105"
1762,紫沙蛇,Psammodynastes pulverulentus,贵州,事件表,省级新纪录事件（1省）,"伍律、李德俊、须润华、黄谋、刘积深 (1978). 贵州爬行动物新纪录及一新种 贵州爬行动物新纪录及一新种, 105"
1763,福建颈斑蛇,Plagiopholis styani,贵州,事件表,省级新纪录事件（1省）,"张勇、彭丽芳、朱毅武、黄松 (2020). 贵州省发现福建颈斑蛇 Plagiopholis styani (Boulenger, 1899) Found in Guizhou Province, China 动物学杂志 Chinese Journal of Zoology, 55(3), 412 https://doi.org/10.13859/j.cjz.202003018"
1764,福建颈斑蛇,Plagiopholis styani,贵州,事件表,省级新纪录事件（1省）,"张勇、彭丽芳、朱毅武、黄松 (2020). 贵州省发现福建颈斑蛇 Plagiopholis styani (Boulenger, 1899) Found in Guizhou Province, China 动物学杂志 Chinese Journal of Zoology, 55(3), 412 https://doi.org/10.13859/j.cjz.202003018"
1765,龙胜小头蛇,Oligodon lungshenensis,贵州,排除,记录类型为'其他新纪录/再发现'等，未纳入省级新纪录事件表,"冉辉、梅杰、禹真、张雷 (2012). 贵州省佛顶山自然保护区蛇类新纪录———龙胜小头蛇 安徽农业科学, 40(1), 199-200 https://doi.org/10.13989/j.cnki.0517-6611.2012.01.008"
1766,龙胜小头蛇,Oligodon lungshenensis,贵州,排除,记录类型为'其他新纪录/再发现'等，未纳入省级新纪录事件表,"冉辉、梅杰、禹真、张雷 (2012). 贵州省佛顶山自然保护区蛇类新纪录———龙胜小头蛇 安徽农业科学, 40(1), 199-200 https://doi.org/10.13989/j.cnki.0517-6611.2012.01.008"
1767,缅甸棱蜥,Tropidophorus berdmorei,贵州,事件表,省级新纪录事件（1省）,"冉辉、米小其、王成、杨天友 (2022). 贵州省爬行动物新纪录——缅甸棱蜥 野生动物学报, 43(2), 576-578 https://doi.org/10.12375/ysdwxb.20220243"
1768,缅甸棱蜥,Tropidophorus berdmorei,贵州,事件表,省级新纪录事件（1省）,"冉辉、米小其、王成、杨天友 (2022). 贵州省爬行动物新纪录——缅甸棱蜥 野生动物学报, 43(2), 576-578 https://doi.org/10.12375/ysdwxb.20220243"
1769,小弧斑姬蛙,Microhyla heymonsi,河南,事件表,省级新纪录事件（1省）,"石灵、侯名根、王新卫、陶立奎、陈晓虹 (2011). 河南省金岗台自然保护区两栖动物资源及保护 四川动物, 30(5), 828-830 https://doi.org/10.3969/j.issn.1000-7083.2011.05.042"
1770,大鲵,Andrias davidianus,河南,排除,区系/多样性调查类文献的物种清单行，非新纪录事件,"李磊、张建设、陈晓虹、王丽、陶娟 (2010). 河南省老君山自然保护区两栖动物多样性与保护 四川动物, 29(1), 134-136"
1771,中国林蛙,Rana chensinensis,河南,排除,区系/多样性调查类文献的物种清单行，非新纪录事件,"李磊、张建设、陈晓虹、王丽、陶娟 (2010). 河南省老君山自然保护区两栖动物多样性与保护 四川动物, 29(1), 134-136"
1772,缅甸疣树蛙,Theloderma pyaukkya,云南,事件表,省级新纪录事件（1省）,"Unknown Author (2020). First record of Theloderma pyaukkya Dever, 2017 (Anura: Rhacophoridae) in China, with range extension of Theloderma moloch (Annandale, 1912) to Yunnan National Natural Science https://doi.org/10.24272/j.issn.2095-8137.2020.083"
1773,黑斑侧褶蛙,Pelophylax nigromaculatus,河南,排除,区系/多样性调查类文献的物种清单行，非新纪录事件,"李磊、张建设、陈晓虹、王丽、陶娟 (2010). 河南省老君山自然保护区两栖动物多样性与保护 四川动物, 29(1), 134-136"
1774,白点疣树蛙,Theloderma albopunctatum,,排除,省级信息缺失且无法由坐标推定,"Unknown Author (2020). First record of Theloderma pyaukkya Dever, 2017 (Anura: Rhacophoridae) in China, with range extension of Theloderma moloch (Annandale, 1912) to Yunnan National Natural Science https://doi.org/10.24272/j.issn.2095-8137.2020.083"
1775,北方狭口蛙,Kaloula borealis,河南,排除,区系/多样性调查类文献的物种清单行，非新纪录事件,"李磊、张建设、陈晓虹、王丽、陶娟 (2010). 河南省老君山自然保护区两栖动物多样性与保护 四川动物, 29(1), 134-136"
1776,大鲵,Andrias davidianus,湖北,排除,区系/多样性调查类文献的物种清单行，非新纪录事件,"戴宗兴、张洪茂、周权、刘绪生 (2011). 湖北省两栖动物资源概况 四川动物, 30(1), 144-147 https://doi.org/10.3969/j.issn.1000-7083.2011.01.036"
1777,细痣疣螈,Tylototriton asperrimus,湖北,事件表,省级新纪录事件（1省）,"戴宗兴、张洪茂、周权、刘绪生 (2011). 湖北省两栖动物资源概况 四川动物, 30(1), 144-147 https://doi.org/10.3969/j.issn.1000-7083.2011.01.036"
1778,淡肩角蟾,Boulenophrys boettgeri,湖北,事件表,省级新纪录事件（1省）,"戴宗兴、张洪茂、周权、刘绪生 (2011). 湖北省两栖动物资源概况 四川动物, 30(1), 144-147 https://doi.org/10.3969/j.issn.1000-7083.2011.01.036"
1779,短肢角蟾,Boulenophrys brachykolos,湖北,事件表,省级新纪录事件（1省）,"戴宗兴、张洪茂、周权、刘绪生 (2011). 湖北省两栖动物资源概况 四川动物, 30(1), 144-147 https://doi.org/10.3969/j.issn.1000-7083.2011.01.036"
1780,淡肩角蟾,Megophrys boettgeri,湖北,事件表,省级新纪录事件（1省）,"戴宗兴、李神斌、郑志章、龚仁琥、刘绪生 (2009). 湖北省两栖类新纪录———淡肩角蟾、短肢角蟾 四川动物, 28(2), 291-291"
1781,百色后棱蛇,Pareas baiseensis,广西,新种表,新种描述，转入 CHNR_new_species,"Yanan Gong and Jiaxiang Wu and Song Huang and Yuhao Xu and Diancheng Yang and Yongjin Liu and Shengming Liang and Pingshin Lee (2023). A New Species of Pareas (Squamata, Pareidae) from Guangxi Province, China Animals, 13, 2233 https://doi.org/10.3390/ani13132233"
1782,文山短腿蟾,Brachytarsophrys wenshanensis,云南,新种表,新种描述，转入 CHNR_new_species,"Yanhong HE and Renda AI and Junkai HUANG and Xianqi LI and Xiaolong LIU and Junlin LAN and Jinmin CHEN and Zhiyong YUAN (2024). Morphological and Molecular Data Revealed One New Species of the Short-legged Toads Brachytarsophrys Tian and Hu, 1983 (Anura, Megophryidae) from Yunnan, China Asian Herpetological Research, 15(1), 22–30 https://doi.org/10.3724/ahr.2095-0357.2023.0042"
1783,,Leptolalax,湖南,新种表,新种描述，转入 CHNR_new_species,"YINMENG HOU, MENGFEI ZHANG, FEI HU, SIYUAN LI, SHENGCHAO SHI, JUN CHEN, XIAOYANG MO & BIN WANG (2018). A new species of the genus Leptolalax (Anura, Megophryidae) from Hunan, China Zootaxa, 4444, 247–266 https://doi.org/10.11646/zootaxa.4483.3.11"
1784,短肢角蟾,Megophrys brachykolos,湖北,事件表,省级新纪录事件（1省）,"戴宗兴、李神斌、郑志章、龚仁琥、刘绪生 (2009). 湖北省两栖类新纪录———淡肩角蟾、短肢角蟾 四川动物, 28(2), 291-291"
1785,齐氏疣螈,Tylototriton ziegleri,云南,事件表,省级新纪录事件（1省）,"Ye Jiang and Zhimin Wei and Fuyao Han and Qingyong Ni and Yongfang Yao and Huailiang Xu and Ying Li and Dingqi Rao and Mingwang Zhang (2017). The complete mitogenome sequence of Tylototriton ziegleri (Amphibia: Caudata) Conservation Genet Resour, 9, 503–506 https://doi.org/10.1007/s12686-017-0710-8"
1786,大别山原矛头蝮,Protobothrops dabieshanensis,湖北,事件表,省级新纪录事件（1省）,"齐硕、张武元、陆宇燕、孔平、杨尧、李丕鹏 (2019). 湖北省蛇类新纪录———大别山原矛头蝮 野生动物学报, 40(3), 817-820 https://doi.org/10.19711/j.cnki.issn2310-1490.2019.03.035"
1787,大别山原矛头蝮,Protobothrops dabieshanensis,湖北,事件表,省级新纪录事件（1省）,"齐硕、张武元、陆宇燕、孔平、杨尧、李丕鹏 (2019). 湖北省蛇类新纪录———大别山原矛头蝮 野生动物学报, 40(3), 817-820 https://doi.org/10.19711/j.cnki.issn2310-1490.2019.03.035"
1788,隐耳蟾蜍,Bufo cryptotympanicus,湖南,事件表,省级新纪录事件（1省）,"肖蓓、李辉、朱乐强、唐旭芬、张荣华、兰晓明、莫小阳 (2025). 湖南城步发现隐耳蟾蜍 动物学杂志, 60(1), 105-114 https://doi.org/10.13859/j.cjz.202424123"
1789,隐耳蟾蜍,Bufo cryptotympanicus,湖南,事件表,省级新纪录事件（1省）,"肖蓓、李辉、朱乐强、唐旭芬、张荣华、兰晓明、莫小阳 (2025). 湖南城步发现隐耳蟾蜍 动物学杂志, 60(1), 105-114 https://doi.org/10.13859/j.cjz.202424123"
1790,隐耳蟾蜍,Bufo cryptotympanicus,湖南,事件表,省级新纪录事件（1省）,"肖蓓、李辉、朱乐强、唐旭芬、张荣华、兰晓明、莫小阳 (2025). 湖南城步发现隐耳蟾蜍 动物学杂志, 60(1), 105-114 https://doi.org/10.13859/j.cjz.202424123"
1791,潮钦湍蛙,Amolops chaochin,四川,新种表,新种描述，转入 CHNR_new_species,"Ke Jiang and Jin-Long Ren and Zhi-Tong Lyu and Dan Wang and Zeng Wang and Ke Lv and Jia-Wei Wu and Jia-Tang Li (2021). Taxonomic revision of Amolops chunganensis (Pope, 1929) (Amphibia: Anura) and description of a new species from southwestern China, with discussion on Amolops monticola group and assignment of species groups of the genus Amolops Life Science https://doi.org/10.24272/j.issn.2095-8137.2021.107"
1792,桂北琴蛙,Nidirana guibeiensis,湖南,事件表,省级新纪录事件（1省）,"程彦林、刘京、周铝、周军健、李仕泽 (2024). 湖南省两栖动物新纪录——桂北琴蛙 Chinese Journal of Wildlife, 45(2), 448-455 https://doi.org/10.12375/ysdwxb.20240227"
1793,桂北琴蛙,Nidirana guibeiensis,湖南,事件表,省级新纪录事件（1省）,"程彦林、刘京、周铝、周军健、李仕泽 (2024). 湖南省两栖动物新纪录——桂北琴蛙 Chinese Journal of Wildlife, 45(2), 448-455 https://doi.org/10.12375/ysdwxb.20240227"
1794,龙胜臭蛙,Odorrana lungshengensis,湖南,事件表,省级新纪录事件（1省）,"刘钊、石胜超、舒服、柳勇、王璐、邓学建 (2018). 湖南省两栖类新纪录——龙胜臭蛙 生命科学研究, 22(5), 375-376 https://doi.org/10.16605/j.cnki.1007-7847.2018.05.005"
1795,龙胜臭蛙,Odorrana lungshengensis,湖南,事件表,省级新纪录事件（1省）,"刘钊、石胜超、舒服、柳勇、王璐、邓学建 (2018). 湖南省两栖类新纪录——龙胜臭蛙 生命科学研究, 22(5), 375-376 https://doi.org/10.16605/j.cnki.1007-7847.2018.05.005"
1796,华西腹链蛇,Hebius maximus,湖南,事件表,省级新纪录事件（1省）,"黄杰、张自亮、李辉、杨鑫宇、胡小龙、唐依萍、刘昕、刘慧、张佑祥、吴涛 (2024). 湖南省爬行动物新纪录——华西腹链蛇及其系统发育分析 生命科学研究, 28(2), 165-170 https://doi.org/10.16605/j.cnki.1007-7847.2023.07.0177"
1797,华西腹链蛇,Hebius maximus,湖南,事件表,省级新纪录事件（1省）,"黄杰、张自亮、李辉、杨鑫宇、胡小龙、唐依萍、刘昕、刘慧、张佑祥、吴涛 (2024). 湖南省爬行动物新纪录——华西腹链蛇及其系统发育分析 生命科学研究, 28(2), 165-170 https://doi.org/10.16605/j.cnki.1007-7847.2023.07.0177"
1798,东亚腹链蛇,Hebius vibakari,江苏,事件表,省级新纪录事件（1省）,"叶琳、朱文启、章铁睿、虞磊、高国富、包浩然 (2024). 江苏省蛇类新纪录——东亚腹链蛇 Chinese Journal of Wildlife, 45(1), 216-221 https://doi.org/10.12375/ysdwxb.20240129"
1799,台湾中国石龙子福尔摩沙亚种,Plestiodon chinensis formosensis,新北,终审:C 排除-记录地为国外省区,记录类型无法判定（原表未标注且引用无线索）,"Kazuki Kurita and Yukiko Nakamura and Taku Okamoto and Si-Min Lin and Tsutomu Hikida (2017). Taxonomic reassessment of two subspecies of Chinese skink in Taiwan based on morphological and molecular investigations (Squamata, Scincidae) ZooKeys, 687, 131–148 https://doi.org/10.3897/zookeys.687.12742"
1800,东亚腹链蛇,Hebius vibakari,江苏,事件表,省级新纪录事件（1省）,"叶琳、朱文启、章铁睿、虞磊、高国富、包浩然 (2024). 江苏省蛇类新纪录——东亚腹链蛇 Chinese Journal of Wildlife, 45(1), 216-221 https://doi.org/10.12375/ysdwxb.20240129"
1801,东亚腹链蛇,Hebius vibakari,江苏,事件表,省级新纪录事件（1省）,"叶琳、朱文启、章铁睿、虞磊、高国富、包浩然 (2024). 江苏省蛇类新纪录——东亚腹链蛇 Chinese Journal of Wildlife, 45(1), 216-221 https://doi.org/10.12375/ysdwxb.20240129"
1802,东亚腹链蛇,Hebius vibakari,江苏,事件表,省级新纪录事件（1省）,"叶琳、朱文启、章铁睿、虞磊、高国富、包浩然 (2024). 江苏省蛇类新纪录——东亚腹链蛇 Chinese Journal of Wildlife, 45(1), 216-221 https://doi.org/10.12375/ysdwxb.20240129"
1803,东亚腹链蛇,Hebius vibakari,江苏,事件表,省级新纪录事件（1省）,"叶琳、朱文启、章铁睿、虞磊、高国富、包浩然 (2024). 江苏省蛇类新纪录——东亚腹链蛇 Chinese Journal of Wildlife, 45(1), 216-221 https://doi.org/10.12375/ysdwxb.20240129"
1804,东亚腹链蛇,Hebius vibakari,江苏,事件表,省级新纪录事件（1省）,"叶琳、朱文启、章铁睿、虞磊、高国富、包浩然 (2024). 江苏省蛇类新纪录——东亚腹链蛇 Chinese Journal of Wildlife, 45(1), 216-221 https://doi.org/10.12375/ysdwxb.20240129"
1805,黑头剑蛇,Sibynophis chinensis,辽宁,事件表,省级新纪录事件（1省）,"邱显淳、周圣博、齐硕、王小平、王昊天、王锦泽、史静耸、李丕鹏 (2023). 辽宁省爬行动物名录及地理区划更新 动物学杂志, 58(4), 523-539 https://doi.org/10.13859/j.cjz.202304006"
1806,黑眉锦蛇,Elaphe taeniura,辽宁,排除,记录类型为'其他新纪录/再发现'等，未纳入省级新纪录事件表,"邱显淳、周圣博、齐硕、王小平、王昊天、王锦泽、史静耸、李丕鹏 (2023). 辽宁省爬行动物名录及地理区划更新 动物学杂志, 58(4), 523-539 https://doi.org/10.13859/j.cjz.202304006"
1807,王锦蛇,Elaphe carinata,辽宁,终审:B2 排除-调查/名录条目,记录类型无法判定（原表未标注且引用无线索）,"邱显淳、周圣博、齐硕、王小平、王昊天、王锦泽、史静耸、李丕鹏 (2023). 辽宁省爬行动物名录及地理区划更新 动物学杂志, 58(4), 523-539 https://doi.org/10.13859/j.cjz.202304006"
1808,山地麻蜥,Eremias brenchleyi,辽宁,事件表,省级新纪录事件（1省）,"王超、田应洲、谷晓明 (2014). 辽宁省蜥蜴类新纪录———山地麻蜥 四川动物, 33(3), 383-387"
1809,弗氏张树蛙,Zhangixalus franki,云南,事件表,省级新纪录事件（1省）,"Shuo Liu and Hong Hui and Dingqi Rao (2020). First record of Zhangixalus franki Ninh, Nguyen, Orlov, Nguyen & Ziegler, 2020 (Anura, Rhacophoridae) from China Laoshan Nature https://doi.org/10.3897/herpetozoa.33.e59114"
1810,新种针鲜蛇,Pareas sp. nov.,云南,新种表,新种描述，转入 CHNR_new_species,"Shuo Liu and Mingjing Yang and Jingqiu Rao and Yuhong Guo and Dingqi Rao (2023). A New Species of Pareas Wagler, 1830 (Squamata, Pareidae) from Northwestern Yunnan, China Taxonomy, 3, 169–182 https://doi.org/10.3390/taxonomy3020013"
1811,,Pareas kaduri,,终审:A3 排除-无省份且无坐标,新种描述文献中的伴随物种记录，非明确新纪录事件,"Shuo Liu and Mingjing Yang and Jingqiu Rao and Yuhong Guo and Dingqi Rao (2023). A New Species of Pareas Wagler, 1830 (Squamata, Pareidae) from Northwestern Yunnan, China Taxonomy, 3, 169–182 https://doi.org/10.3390/taxonomy3020013"
1812,云南针鲜蛇,Pareas yunnanensis,,终审:A3 排除-无省份且无坐标,新种描述文献中的伴随物种记录，非明确新纪录事件,"Shuo Liu and Mingjing Yang and Jingqiu Rao and Yuhong Guo and Dingqi Rao (2023). A New Species of Pareas Wagler, 1830 (Squamata, Pareidae) from Northwestern Yunnan, China Taxonomy, 3, 169–182 https://doi.org/10.3390/taxonomy3020013"
1813,虎纹针鲜蛇,Pareas tigerinus,云南,终审:A4 排除(建议)-伴随物种记录,新种描述文献中的伴随物种记录，非明确新纪录事件,"Shuo Liu and Mingjing Yang and Jingqiu Rao and Yuhong Guo and Dingqi Rao (2023). A New Species of Pareas Wagler, 1830 (Squamata, Pareidae) from Northwestern Yunnan, China Taxonomy, 3, 169–182 https://doi.org/10.3390/taxonomy3020013"
1814,铜壁关腹链蛇,Herpetoreas abros,云南,新种表,新种描述，转入 CHNR_new_species,"Shuo Liu and Mian Hou and Hongxin Zhou and Changsheng Zuo and Fawang Yin and Dingqi Rao (2024). A New Species of Herpetoreas Günther, 1860 (Serpentes: Natricidae) from Yunnan, China Diversity, 16, 768 https://doi.org/10.3390/d16120768"
1815,红腹斑蟾,Bufo rubroventromaculatus,广西,事件表,省级新纪录事件（1省）,"Shuo Liu and Mian Hou and Mingzhong Mo and Dingqi Rao (2024). First confirmed record of Bufo rubroventromaculatus Orlov, Ananjeva, Ermakov, Lukonina, Ninh & Nguyen, 2024 (Anura, Bufonidae) from China, with supplementary description of this species Biodiversity Data Journal, 12 https://doi.org/10.3897/BDJ.12.e134392"
1816,山罗湍蛙,Amolops truongi,云南,事件表,省级新纪录事件（1省）,"Shuo Liu and Mingzhong Mo and Jimin Guo and Yi Lu and Wen Wang and Wenxiang Zhang and Dingqi Rao and Song Li (2024). First record of Amolops truongi Pham, Pham, Ngo, Sung, Ziegler & Le, 2023 (Anura, Ranidae) from China Yunnan Huanglianshan National Nature https://doi.org/10.3897/herpetozoa.37.e121610"
1817,山地麻蜥,Eremias brenchleyi,辽宁,事件表,省级新纪录事件（1省）,"王超、田应洲、谷晓明 (2014). 辽宁省蜥蜴类新纪录———山地麻蜥 四川动物, 33(3), 383-387"
1818,巴塘龙蜥,Diploderma batangense,西藏,事件表,省级新纪录事件（1省）,"王剀、任金龙、蒋珂、巫嘉伟、杨春华、徐会明、Kevin Messanger、雷开明、余辉亮、杨敬元、Cameron D. Siler、李家堂、车静 (2019). 龙蜥属Diploderma( 爬行纲Reptilia: 鬣蜥科Agamidae)部分物种的分类及分布记录修订 四川动物, 38(5), 481-495 https://doi.org/10.11984/j.issn.1000-7083.20180405"
1819,米仓山龙蜥,Diploderma micangshanense,湖北,事件表,省级新纪录事件（1省）,"王剀、任金龙、蒋珂、巫嘉伟、杨春华、徐会明、Kevin Messanger、雷开明、余辉亮、杨敬元、Cameron D. Siler、李家堂、车静 (2019). 龙蜥属Diploderma( 爬行纲Reptilia: 鬣蜥科Agamidae)部分物种的分类及分布记录修订 四川动物, 38(5), 481-495 https://doi.org/10.11984/j.issn.1000-7083.20180405"
1820,沙坝龙蜥,Diploderma chapaense,云南,终审:转入事件表,记录类型无法判定（原表未标注且引用无线索）,"王剀、任金龙、蒋珂、巫嘉伟、杨春华、徐会明、Kevin Messanger、雷开明、余辉亮、杨敬元、Cameron D. Siler、李家堂、车静 (2019). 龙蜥属Diploderma( 爬行纲Reptilia: 鬣蜥科Agamidae)部分物种的分类及分布记录修订 四川动物, 38(5), 481-495 https://doi.org/10.11984/j.issn.1000-7083.20180405"
1821,墨脱高山麻蜥,Altiphylax medogense,,终审:A3 排除-无省份且无坐标,新种描述文献中的伴随物种记录，非明确新纪录事件,"Shun Ma and Sheng‐Chao Shi and Tian‐Yu Qian and Lu‐Lu Sui and Bin Wang and Jian‐Ping Jiang (2024). A New Species of Cyrtodactylus tibetanus Group (Reptilia: Squamata: Gekkonidae) from Xizang Autonomous Region, China Animals, 14, 2384 https://doi.org/10.3390/ani14162384"
1822,重庆琴蛙,Nidirana chongqingensis,重庆,新种表,新种描述，转入 CHNR_new_species,"Qi Ma and Zhijian Wang (2023). A new species of Nidirana Dubois, 1992 (Anura, Ranidae) from Chongqing Municipality, China Biodiversity Data Journal, 11 https://doi.org/10.3897/BDJ.11.e101986"
1823,沙坝龙蜥,Diploderma chapaense,云南,终审:排除-再记录（与行1820同事件）,记录类型无法判定（原表未标注且引用无线索）,"王剀、任金龙、蒋珂、巫嘉伟、杨春华、徐会明、Kevin Messanger、雷开明、余辉亮、杨敬元、Cameron D. Siler、李家堂、车静 (2019). 龙蜥属Diploderma( 爬行纲Reptilia: 鬣蜥科Agamidae)部分物种的分类及分布记录修订 四川动物, 38(5), 481-495 https://doi.org/10.11984/j.issn.1000-7083.20180405"
1824,双斑锦蛇,Elaphe bimaculata,内蒙古,事件表,省级新纪录事件（1省）,"杨婧、李春华、姜秀丽、穆丽光、乌力吉、向昌林、张书理、鲍伟东 (2019). 陆生野生动物长期监测简报 野生动物学报, 40(1), 173-176 https://doi.org/10.19711/j.cnki.issn2310-1490.2019.01.028"
1825,大围山树蛙,Zhangixalus daweishanensis,云南,新种表,新种描述，转入 CHNR_new_species,"Yuanqiang Pan and Shuo Liu and Ju Chen and Guohua Yu (2025). Underestimated species diversity in Zhangixalus (Anura, Rhacophoridae) with a description of two cryptic species from southern China Life Science, 101(2) https://doi.org/10.3897/zse.101.144060"
1826,黑点树蛙,Zhangixalus nigropunctatus,湖南,新种表,新种描述，转入 CHNR_new_species,"Yuanqiang Pan and Shuo Liu and Ju Chen and Guohua Yu (2025). Underestimated species diversity in Zhangixalus (Anura, Rhacophoridae) with a description of two cryptic species from southern China Life Science, 101(2) https://doi.org/10.3897/zse.101.144060"
1827,乌苏里蝮,Gloydius ussuriensis,内蒙古,排除,记录类型为'其他新纪录/再发现'等，未纳入省级新纪录事件表,"杨婧、李春华、姜秀丽、穆丽光、乌力吉、向昌林、张书理、鲍伟东 (2019). 陆生野生动物长期监测简报 野生动物学报, 40(1), 173-176 https://doi.org/10.19711/j.cnki.issn2310-1490.2019.01.028"
1828,大别山脊蛇,Achalinus dabieshanensis,河南,事件表,省级新纪录事件（1省）,"刘清熔, 侯银梦, 陈卓, & 陈晓虹 (2024). 河南发现大别山脊蛇 动物学杂志, 59(6), 974-980 https://doi.org/10.13859/j.cjz.202424019"
1829,云雾角蟾,Boulenophrys nebulosa,江西,新种表,新种描述，转入 CHNR_new_species,"Deming Shen and Haiying Zhou and Chaoyang Wang and Jun Xu and Shi Xu and Yifeng Zhong and Zhenyu Wang and Hao Cai and Yahui Wu and Meicai Wei and Yankuo Li (2025). A new species of Boulenophrys (Anura, Megophryidae) from northern Jiangxi, China Life Science, 101(4) https://doi.org/10.3897/zse.101.166556"
1830,龙里瘰螈,Paramesotriton longliensis,贵州,新种表,新种描述，转入 CHNR_new_species,"李松、田应洲、谷晓明、熊荣川 (2008). 瘰螈属一新种——龙里瘰螈(有尾目:蝾螈科) 动物学研究, 29(3), 313-317 https://doi.org/10.3724/SP.J.1141.2008.03313"
1831,尾斑瘰螈,Paramesotriton caudopunctatus,,终审:A3 排除-无省份且无坐标,新种描述文献中的伴随物种记录，非明确新纪录事件,"李松、田应洲、谷晓明、熊荣川 (2008). 瘰螈属一新种——龙里瘰螈(有尾目:蝾螈科) 动物学研究, 29(3), 313-317 https://doi.org/10.3724/SP.J.1141.2008.03313"
1832,中国瘰螈,Paramesotriton chinensis,,终审:A3 排除-无省份且无坐标,新种描述文献中的伴随物种记录，非明确新纪录事件,"李松、田应洲、谷晓明、熊荣川 (2008). 瘰螈属一新种——龙里瘰螈(有尾目:蝾螈科) 动物学研究, 29(3), 313-317 https://doi.org/10.3724/SP.J.1141.2008.03313"
1833,广西瘰螈,Trituroides guangxiensis,,终审:A3 排除-无省份且无坐标,新种描述文献中的伴随物种记录，非明确新纪录事件,"李松、田应洲、谷晓明、熊荣川 (2008). 瘰螈属一新种——龙里瘰螈(有尾目:蝾螈科) 动物学研究, 29(3), 313-317 https://doi.org/10.3724/SP.J.1141.2008.03313"
1834,龙里瘰螈,Paramesotriton longliensis,贵州,新种表,新种描述，转入 CHNR_new_species,"李松、田应洲、谷晓明、熊荣川 (2008). 瘰螈属一新种——龙里瘰螈(有尾目:蝾螈科) 动物学研究, 29(3), 313-317"
1835,混淆臭蛙,Odorrana confusa,贵州,新种表,新种描述，转入 CHNR_new_species,"Hanming SONG and Siyu ZHANG and Shuo QI and Zhitong LYU and Zhaochi ZENG and Yongheng ZHU and Minghai HUANG and Fuchen LUAN and Zufei SHU and Yuening GONG and Zhifa LIU and Yingyong WANG (2023). Redefinition of the Odorrana versabilis Group, with a New Species from China (Anura, Ranidae, Odorrana) Asian Herpetological Research, 14(4), 283–299 https://doi.org/10.3724/ahr.2095-0357.2023.0019"
1836,截趾虎,Gehyra mutilata,,排除,国外记录（坐标在中国境外）,"钱天宇、齐硕、李丕鹏、陆宇燕、莫燕妮、杨振洲、刘武汉 (2019). 南海永兴岛的壁虎,兼记二新记录种 四川动物, 38(2), 179-184 https://doi.org/10.11984/j.issn.1000-7083.20180308"
1837,原尾蜥虎,Hemidactylus bowringii,,排除,国外记录（坐标在中国境外）,"钱天宇、齐硕、李丕鹏、陆宇燕、莫燕妮、杨振洲、刘武汉 (2019). 南海永兴岛的壁虎,兼记二新记录种 四川动物, 38(2), 179-184 https://doi.org/10.11984/j.issn.1000-7083.20180308"
1838,疣尾蜥虎,Hemidactylus frenatus,,排除,国外记录（坐标在中国境外）,"钱天宇、齐硕、李丕鹏、陆宇燕、莫燕妮、杨振洲、刘武汉 (2019). 南海永兴岛的壁虎,兼记二新记录种 四川动物, 38(2), 179-184 https://doi.org/10.11984/j.issn.1000-7083.20180308"
1839,无斑山溪鲵,Batrachuperus karlschmidti,青海,事件表,省级新纪录事件（1省）,"丁义晶、王贵虎、陈振宁、石长宏、马永贵、许升全 (2014). 青海省发现两栖纲小鲵科无斑山溪鲵 动物学杂志, 49(3), 428-431 https://doi.org/10.13859/j.cjz.201403016"
1840,无斑山溪鲵,Batrachuperus karlschmidti,青海,事件表,省级新纪录事件（1省）,"丁义晶、王贵虎、陈振宁、石长宏、马永贵、许升全 (2014). 青海省发现两栖纲小鲵科无斑山溪鲵 动物学杂志, 49(3), 428-431 https://doi.org/10.13859/j.cjz.201403016"
1841,北滑蜥,Scincella modesta septentrionalis,山东,事件表,省级新纪录事件（1省）,"陆宇燕、李丕鹏 (2002). 山东省爬行动物新记录———北滑蜥 四川动物, 21(3), 187-188"
1842,石灰臭蛙,Odorrana calciphila,广东,新种表,新种描述，转入 CHNR_new_species,"Han-Ming Song and Shuo Qi and Hao-Tian Wang and Yue-Ning Gong and Yang Liu and Ying-Yong Wang (2025). Definition and taxonomic revision of the karst-associated Odorrana lipuensis group (Anura, Ranidae), with a new species from Guangdong, China Life Science, 101(3), 1-10 https://doi.org/10.3897/zse.101.142746"
1843,龙胜小头蛇,Oligodon lungshenensis,四川,事件表,省级新纪录事件（1省）,"刘帆、刘洋、刘芹、郭鹏、吴亚勇 (2025). 四川泸州发现龙胜小头蛇 动物学杂志, 60(4), 613-618 https://doi.org/10.13859/j.cjz.202524241"
1844,龙胜小头蛇,Oligodon lungshenensis,四川,事件表,省级新纪录事件（1省）,"刘帆、刘洋、刘芹、郭鹏、吴亚勇 (2025). 四川泸州发现龙胜小头蛇 动物学杂志, 60(4), 613-618 https://doi.org/10.13859/j.cjz.202524241"
1845,龙胜小头蛇,Oligodon lungshenensis,四川,事件表,省级新纪录事件（1省）,"刘帆、刘洋、刘芹、郭鹏、吴亚勇 (2025). 四川泸州发现龙胜小头蛇 动物学杂志, 60(4), 613-618 https://doi.org/10.13859/j.cjz.202524241"
1846,琼崖树蛙,Rhacophorus qiongica,海南,新种表,新种描述，转入 CHNR_new_species,"Shangjing Tang and Fanrong Xiao and Shuo Liu and Lijun Wang and Guohua Yu and Lina Du (2024). Underestimated species diversity within the Rhacophorus rhodopus and Rhacophorus bipunctatus complexes (Anura, Rhacophoridae), with a description of a new species from Hainan, China Life Science, 100(2) https://doi.org/10.3897/zse.100.118879"
1847,龜山壁虎,Gekko guishanicus,宜兰县,新种表,新种描述，转入 CHNR_new_species,"林俊聰 & 姚秋如 (2016). 臺灣宜蘭縣龜山島壁虎屬 (Gekko) (有鱗目:蜥蜴亞目: 壁虎科) 一新種 A New Species of the Genus Gekko (Squamata: Sauria: Gekkonidae) from Guishan Isle, Yilan County, Taiwan 國立臺灣博物館學刊, 69(2), 1-14 https://doi.org/10.6532/JNTM.2016.69(2).01"
1848,龜山壁虎,Gekko guishanicus,宜兰县,新种表,新种描述，转入 CHNR_new_species,"林俊聰 & 姚秋如 and Jun-Tsong Lin and Chiou-Ju Yao (2016). 臺灣宜蘭縣龜山島壁虎屬 (Gekko) (有鱗目:蜥蜴亞目: 壁虎科) 一新種 A New Species of the Genus Gekko (Squamata: Sauria: Gekkonidae) from Guishan Isle, Yilan County, Taiwan 國立臺灣博物館學刊, 69(2), 1-14 https://doi.org/10.6532/JNTM.2016.69(2).01"
1849,黑头剑蛇指名亚种,Sibynophis chinensis chinensis,天津,事件表,省级新纪录事件（1省）,"齐 硕、史静耸、李丕鹏 (2012). 天津市蛇类新记录———黑头剑蛇指名亚种 蛇志, 24(4), 385-386 https://doi.org/10.3969/j.issn.1001-5639.2012.04.025"
1850,黑头剑蛇指名亚种,Sibynophis chinensis chinensis,天津,事件表,省级新纪录事件（1省）,"齐 硕、史静耸、李丕鹏 (2012). 天津市蛇类新记录———黑头剑蛇指名亚种 蛇志, 24(4), 385-386 https://doi.org/10.3969/j.issn.1001-5639.2012.04.025"
1851,高山掌突蟾,Leptolalax alpinus,广西,事件表,省级新纪录事件（1省）,"莫运明、周天福、谢志明 (2004). 我国三种两栖动物在广西的新分布 动物学杂志, 39(4), 92-94"
1852,景东角蟾,Megophrys jingdongensis,广西,事件表,省级新纪录事件（1省）,"莫运明、周天福、谢志明 (2004). 我国三种两栖动物在广西的新分布 动物学杂志, 39(4), 92-94"
1853,大绿臭蛙,Buergeria otai,,新种表,新种描述，转入 CHNR_new_species,"Ying-Han Wang and Yu-Wei Hsiao and Ko-Huan Lee and Hui-Yun Tseng and Yen-Po Lin and Shohei Komaki and Si-Min Lin (2018). Correction: Acoustic differentiation and behavioral response reveals cryptic species within Buergeria treefrogs (Anura, Rhacophoridae) from Taiwan PLoS ONE, 13(2) https://doi.org/10.1371/journal.pone.0193040"
1854,乡城原矛头蝮,Protobothrops xiangchengensis,西藏,事件表,省级新纪录事件（1省）,"石胜超、石秀东、姚忠祎、齐银、江建平 (2022). 西藏八宿、左贡和芒康两栖爬行动物多样性调查报告 动物学杂志, 57(2), 236-246 https://doi.org/10.13859/j.cjz.202202009"
1855,王锦蛇,Elaphe carinata,西藏,排除,记录类型为'其他新纪录/再发现'等，未纳入省级新纪录事件表,"石胜超、石秀东、姚忠祎、齐银、江建平 (2022). 西藏八宿、左贡和芒康两栖爬行动物多样性调查报告 动物学杂志, 57(2), 236-246 https://doi.org/10.13859/j.cjz.202202009"
1856,沙坝链蛇,Lycodon chapaensis,云南,新种表,新种描述，转入 CHNR_new_species,"Kai Wang and Zhong-Bin Yu and Gernot Vogel and Jing Che (2020). Contribution to the taxonomy of the genus Lycodon H. Boie in Fitzinger, 1827 (Reptilia: Squamata: Colubridae) in China, with description of two new species and resurrection and elevation of Dinodon septentrionale chapaense Angel, Bourret, 1933 Zoological Research https://doi.org/10.24272/j.issn.2095-8137.2020.286"
1857,帆背龙蜥,Diploderma vela,西藏,排除,区系/多样性调查类文献的物种清单行，非新纪录事件,"石胜超、石秀东、姚忠祎、齐银、江建平 (2022). 西藏八宿、左贡和芒康两栖爬行动物多样性调查报告 动物学杂志, 57(2), 236-246 https://doi.org/10.13859/j.cjz.202202009"
1858,巴塘龙蜥,Diploderma batangense,西藏,排除,区系/多样性调查类文献的物种清单行，非新纪录事件,"石胜超、石秀东、姚忠祎、齐银、江建平 (2022). 西藏八宿、左贡和芒康两栖爬行动物多样性调查报告 动物学杂志, 57(2), 236-246 https://doi.org/10.13859/j.cjz.202202009"
1859,滑腹龙蜥,Diploderma laeviventre,西藏,排除,区系/多样性调查类文献的物种清单行，非新纪录事件,"石胜超、石秀东、姚忠祎、齐银、江建平 (2022). 西藏八宿、左贡和芒康两栖爬行动物多样性调查报告 动物学杂志, 57(2), 236-246 https://doi.org/10.13859/j.cjz.202202009"
1860,察隅湍蛙,Amolops chayuensis,西藏,排除,区系/多样性调查类文献的物种清单行，非新纪录事件,"石胜超、石秀东、姚忠祎、齐银、江建平 (2022). 西藏八宿、左贡和芒康两栖爬行动物多样性调查报告 动物学杂志, 57(2), 236-246 https://doi.org/10.13859/j.cjz.202202009"
1861,高原林蛙,Rana kukunoris,西藏,排除,区系/多样性调查类文献的物种清单行，非新纪录事件,"石胜超、石秀东、姚忠祎、齐银、江建平 (2022). 西藏八宿、左贡和芒康两栖爬行动物多样性调查报告 动物学杂志, 57(2), 236-246 https://doi.org/10.13859/j.cjz.202202009"
1862,高山倭蛙,Nanorana parkeri,西藏,排除,区系/多样性调查类文献的物种清单行，非新纪录事件,"石胜超、石秀东、姚忠祎、齐银、江建平 (2022). 西藏八宿、左贡和芒康两栖爬行动物多样性调查报告 动物学杂志, 57(2), 236-246 https://doi.org/10.13859/j.cjz.202202009"
1863,中华蟾蜍,Bufo gargarizans,西藏,排除,区系/多样性调查类文献的物种清单行，非新纪录事件,"石胜超、石秀东、姚忠祎、齐银、江建平 (2022). 西藏八宿、左贡和芒康两栖爬行动物多样性调查报告 动物学杂志, 57(2), 236-246 https://doi.org/10.13859/j.cjz.202202009"
1864,澜沧蝮,Gloydius huangi,西藏,排除,区系/多样性调查类文献的物种清单行，非新纪录事件,"石胜超、石秀东、姚忠祎、齐银、江建平 (2022). 西藏八宿、左贡和芒康两栖爬行动物多样性调查报告 动物学杂志, 57(2), 236-246 https://doi.org/10.13859/j.cjz.202202009"
1865,黑眉锦蛇,Elaphe taeniura,西藏,排除,区系/多样性调查类文献的物种清单行，非新纪录事件,"石胜超、石秀东、姚忠祎、齐银、江建平 (2022). 西藏八宿、左贡和芒康两栖爬行动物多样性调查报告 动物学杂志, 57(2), 236-246 https://doi.org/10.13859/j.cjz.202202009"
1866,乡城原矛头蝮,Protobothrops xiangchengensis,西藏,事件表,省级新纪录事件（1省）,"石胜超、石秀东、姚忠祎、齐银、江建平 (2022). 西藏八宿、左贡和芒康两栖爬行动物多样性调查报告 动物学杂志, 57(2), 236-246 https://doi.org/10.13859/j.cjz.202202009"
1867,乡城原矛头蝮,Protobothrops xiangchengensis,西藏,事件表,省级新纪录事件（1省）,"石胜超、石秀东、姚忠祎、齐银、江建平 (2022). 西藏八宿、左贡和芒康两栖爬行动物多样性调查报告 动物学杂志, 57(2), 236-246 https://doi.org/10.13859/j.cjz.202202009"
1868,王锦蛇,Elaphe carinata,西藏,排除,记录类型为'其他新纪录/再发现'等，未纳入省级新纪录事件表,"石胜超、石秀东、姚忠祎、齐银、江建平 (2022). 西藏八宿、左贡和芒康两栖爬行动物多样性调查报告 动物学杂志, 57(2), 236-246 https://doi.org/10.13859/j.cjz.202202009"
1869,帆背龙蜥,Diploderma vela,西藏,终审:B2 排除-调查/名录条目,新种描述文献中的伴随物种记录，非明确新纪录事件,"石胜超、石秀东、姚忠祎、齐银、江建平 (2022). 西藏八宿、左贡和芒康两栖爬行动物多样性调查报告 动物学杂志, 57(2), 236-246 https://doi.org/10.13859/j.cjz.202202009"
1870,墨脱树蛙,Rhacophorus medogensis,西藏,新种表,新种描述，转入 CHNR_new_species,"Shiyang Weng and Xiaolong Liu and Jianchuan Li and Guohua Yu and Junkai Huang (2025). A new species of Rhacophorus (Anura, Rhacophoridae) from Xizang, China, with a revision of the distribution of R. bipunctatus Integrative Science, 101(2) https://doi.org/10.3897/zse.101.142297"
1871,双斑树蛙,Rhacophorus bipunctatus,梅加拉亚邦,排除,国外新种描述（省份为外国地名）,"Shiyang Weng and Xiaolong Liu and Jianchuan Li and Guohua Yu and Junkai Huang (2025). A new species of Rhacophorus (Anura, Rhacophoridae) from Xizang, China, with a revision of the distribution of R. bipunctatus Integrative Science, 101(2) https://doi.org/10.3897/zse.101.142297"
1872,巴塘龙蜥,Diploderma batangense,西藏,排除,区系/多样性调查类文献的物种清单行，非新纪录事件,"石胜超、石秀东、姚忠祎、齐银、江建平 (2022). 西藏八宿、左贡和芒康两栖爬行动物多样性调查报告 动物学杂志, 57(2), 236-246 https://doi.org/10.13859/j.cjz.202202009"
1873,滑腹龙蜥,Diploderma laeviventre,西藏,终审:B2 排除-调查/名录条目,新种描述文献中的伴随物种记录，非明确新纪录事件,"石胜超、石秀东、姚忠祎、齐银、江建平 (2022). 西藏八宿、左贡和芒康两栖爬行动物多样性调查报告 动物学杂志, 57(2), 236-246 https://doi.org/10.13859/j.cjz.202202009"
1874,铜壁关角蟾,Xenophrys tongbiguanensis,云南,新种表,新种描述，转入 CHNR_new_species,"Yun-He Wu and An-Ru Zuo and Shen-Pin Yang and Ding-Can Zhang and Zheng-Pan Duan and Felista Kasyoka Kilunda and Zhong-Bin Yu and Jing Che (2025). Morphological and molecular data reveal one new species of the genus Xenophrys Günther, 1864 (Anura, Megophryidae) from Yunnan, China Life Science, 101(4) https://doi.org/10.3897/zse.101.158027"
1875,澜沧蝮,Gloydius huangi,西藏,终审:B2 排除-调查/名录条目,新种描述文献中的伴随物种记录，非明确新纪录事件,"石胜超、石秀东、姚忠祎、齐银、江建平 (2022). 西藏八宿、左贡和芒康两栖爬行动物多样性调查报告 动物学杂志, 57(2), 236-246 https://doi.org/10.13859/j.cjz.202202009"
1876,湖南脊蛇,Achalinus hunanensis,广西,事件表,省级新纪录事件（1省）,"Yanyuan Xie and Yuhui Li and Zhengjun Wu and Zening Chen (2025). First record of Achalinus hunanensis Ma, Shi, Xiang, Shu & Jiang, 2023 (Serpentes, Xenodermidae) in Guangxi, China, with supplementary morphological information Biodiversity Data Journal, 13 https://doi.org/10.3897/BDJ.13.e168622"
1877,红脊蛇,Achalinus rufescens,香港,事件表,省级新纪录事件（1省）,"Yanyuan Xie and Yuhui Li and Zhengjun Wu and Zening Chen (2025). First record of Achalinus hunanensis Ma, Shi, Xiang, Shu & Jiang, 2023 (Serpentes, Xenodermidae) in Guangxi, China, with supplementary morphological information Biodiversity Data Journal, 13 https://doi.org/10.3897/BDJ.13.e168622"
1878,脊鳞蛇,Achalinus spinalis,湖南,事件表,省级新纪录事件（1省）,"Yanyuan Xie and Yuhui Li and Zhengjun Wu and Zening Chen (2025). First record of Achalinus hunanensis Ma, Shi, Xiang, Shu & Jiang, 2023 (Serpentes, Xenodermidae) in Guangxi, China, with supplementary morphological information Biodiversity Data Journal, 13 https://doi.org/10.3897/BDJ.13.e168622"
1879,四爪陆龟,Testudo horsfieldii,,终审:A3 排除-无省份且无坐标,记录类型无法判定（原表未标注且引用无线索）,"巴特乔龙, 杨长乐, 姚书印, 牛忠泽, 柴永斌, & 徐峰 (2019). 新疆艾比湖湿地国家级自然保护区发现四爪陆龟 动物学杂志, 54(6), 859 https://doi.org/10.13859/j.cjz.201906024"
1880,景颇拟树蜥,Pseudocalotes jingpo,云南,新种表,新种描述，转入 CHNR_new_species,"Yuhao Xu and Yanan Gong and Mian Hou and Shiyang Weng and Shuo Liu and Jundong Deng and Junkang Hu and Lifang Peng (2024). A New Species of the Genus Pseudocalotes (Squamata: Agamidae) from Southwest Yunnan, China Animals, 14, 826 https://doi.org/10.3390/ani14060826"
1881,宁陕脊蛇指名亚种,Achalinus ningshanensis ningshanensis,陕西,新种表,新种描述，转入 CHNR_new_species,"Yuhao Xu and Shun Ma and Bo Cai and Diancheng Yang and Tianyou Zhang and Tianxuan Gu and Fengcheng Zhu and Song Huang and Lifang Peng (2024). Taxonomic Revision of Ningshan Odd-Scaled Snake, Achalinus ningshanensis (Serpentes, Xenodermidae), with Description of a New Subspecies from Western China Animals, 14, 3425 https://doi.org/10.3390/ani14233425"
1882,宁陕脊蛇西部亚种,Achalinus ningshanensis occidentalis,四川、陕西,新种表,新种描述，转入 CHNR_new_species,"Yuhao Xu and Shun Ma and Bo Cai and Diancheng Yang and Tianyou Zhang and Tianxuan Gu and Fengcheng Zhu and Song Huang and Lifang Peng (2024). Taxonomic Revision of Ningshan Odd-Scaled Snake, Achalinus ningshanensis (Serpentes, Xenodermidae), with Description of a New Subspecies from Western China Animals, 14, 3425 https://doi.org/10.3390/ani14233425"
1883,伯仲钝头蛇,Pareas geminatus,云南,新种表,新种描述，转入 CHNR_new_species,"王馨、雷蕾、丁利、陈泽柠、戴蓉 (2023). 云南江城县爬行动物多样性与保护现状 动物学杂志, 58(3), 366-380 https://doi.org/10.13859/j.cjz.202303006"
1884,滇南竹叶青蛇,Trimeresurus goui,云南,新种表,新种描述，转入 CHNR_new_species,"王馨、雷蕾、丁利、陈泽柠、戴蓉 (2023). 云南江城县爬行动物多样性与保护现状 动物学杂志, 58(3), 366-380 https://doi.org/10.13859/j.cjz.202303006"
1885,老挝拟须唇蛇,Parafimbrios lao,云南,事件表,省级新纪录事件（1省）,"王馨、雷蕾、丁利、陈泽柠、戴蓉 (2023). 云南江城县爬行动物多样性与保护现状 动物学杂志, 58(3), 366-380 https://doi.org/10.13859/j.cjz.202303006"
1886,爪哇异盾蛇,Xenodermus javanicus,,终审:A3 排除-无省份且无坐标,记录类型无法判定（原表未标注且引用无线索）,"Yuhao Xu and Shun Ma and Bo Cai and Diancheng Yang and Tianyou Zhang and Tianxuan Gu and Fengcheng Zhu and Song Huang and Lifang Peng (2024). Taxonomic Revision of Ningshan Odd-Scaled Snake, Achalinus ningshanensis (Serpentes, Xenodermidae), with Description of a New Subspecies from Western China Animals, 14, 3425 https://doi.org/10.3390/ani14233425"
1887,崇安斜鳞蛇,Pseudoxenodon karlschmidti,云南,排除,记录类型为'其他新纪录/再发现'等，未纳入省级新纪录事件表,"王馨、雷蕾、丁利、陈泽柠、戴蓉 (2023). 云南江城县爬行动物多样性与保护现状 动物学杂志, 58(3), 366-380 https://doi.org/10.13859/j.cjz.202303006"
1888,伯仲钝头蛇,Pareas geminatus,云南,新种表,新种描述，转入 CHNR_new_species,"王馨、雷蕾、丁利、陈泽柠、戴蓉 (2023). 云南江城县爬行动物多样性与保护现状 动物学杂志, 58(3), 366-380 https://doi.org/10.13859/j.cjz.202303006"
1889,滇南竹叶青蛇,Trimeresurus goui,云南,新种表,新种描述，转入 CHNR_new_species,"王馨、雷蕾、丁利、陈泽柠、戴蓉 (2023). 云南江城县爬行动物多样性与保护现状 动物学杂志, 58(3), 366-380 https://doi.org/10.13859/j.cjz.202303006"
1890,四川费氏蛙,Feirana quadranus,重庆、甘肃、湖北、四川、陕西,终审:A4 排除(建议)-伴随物种记录,新种描述文献中的伴随物种记录，非明确新纪录事件,"Xin YANG and Bin WANG and Junhua HU and Jianping JIANG (2011). A New Species of the Genus Feirana (Amphibia: Anura: Dicroglossidae) from the Western Qinling Mountains of China Asian Herpetological Research, 2(2), 72-86 https://doi.org/10.3724/SP.J.1245.2011.00072"
1891,浏阳瘰螈,Tylototriton liuyangensis,湖南,新种表,新种描述，转入 CHNR_new_species,"Daode YANG and Jianping JIANG and Youhui SHEN and Dongbo FEI (2014). A New Species of the Genus Tylototriton (Urodela: Salamandridae) from Northeastern Hunan Province, China Asian Herpetological Research, 5(1), 1-11 https://doi.org/10.3724/SP.J.1245.2014.00001"
1892,滇南竹叶青蛇,Trimeresurus goui,云南,新种表,新种描述，转入 CHNR_new_species,"王馨、雷蕾、丁利、陈泽柠、戴蓉 (2023). 云南江城县爬行动物多样性与保护现状 动物学杂志, 58(3), 366-380 https://doi.org/10.13859/j.cjz.202303006"
1893,老挝拟须唇蛇,Parafimbrios lao,云南,事件表,省级新纪录事件（1省）,"王馨、雷蕾、丁利、陈泽柠、戴蓉 (2023). 云南江城县爬行动物多样性与保护现状 动物学杂志, 58(3), 366-380 https://doi.org/10.13859/j.cjz.202303006"
1894,老挝拟须唇蛇,Parafimbrios lao,云南,事件表,省级新纪录事件（1省）,"王馨、雷蕾、丁利、陈泽柠、戴蓉 (2023). 云南江城县爬行动物多样性与保护现状 动物学杂志, 58(3), 366-380 https://doi.org/10.13859/j.cjz.202303006"
1895,大理瘰螈,Tylototriton taliangensis,,终审:A3 排除-无省份且无坐标,新种描述文献中的伴随物种记录，非明确新纪录事件,"Daode YANG and Jianping JIANG and Youhui SHEN and Dongbo FEI (2014). A New Species of the Genus Tylototriton (Urodela: Salamandridae) from Northeastern Hunan Province, China Asian Herpetological Research, 5(1), 1-11 https://doi.org/10.3724/SP.J.1245.2014.00001"
1896,贵州瘰螈,Tylototriton kweichowensis,,终审:A3 排除-无省份且无坐标,新种描述文献中的伴随物种记录，非明确新纪录事件,"Daode YANG and Jianping JIANG and Youhui SHEN and Dongbo FEI (2014). A New Species of the Genus Tylototriton (Urodela: Salamandridae) from Northeastern Hunan Province, China Asian Herpetological Research, 5(1), 1-11 https://doi.org/10.3724/SP.J.1245.2014.00001"
1897,崇安斜鳞蛇,Pseudoxenodon karlschmidti,云南,排除,记录类型为'其他新纪录/再发现'等，未纳入省级新纪录事件表,"王馨、雷蕾、丁利、陈泽柠、戴蓉 (2023). 云南江城县爬行动物多样性与保护现状 动物学杂志, 58(3), 366-380 https://doi.org/10.13859/j.cjz.202303006"
1898,崇安斜鳞蛇,Pseudoxenodon karlschmidti,云南,排除,记录类型为'其他新纪录/再发现'等，未纳入省级新纪录事件表,"王馨、雷蕾、丁利、陈泽柠、戴蓉 (2023). 云南江城县爬行动物多样性与保护现状 动物学杂志, 58(3), 366-380 https://doi.org/10.13859/j.cjz.202303006"
1899,盈江棱鼻树蛙,Nasutixalus yingjiangensis,云南,新种表,新种描述，转入 CHNR_new_species,"JIAN-HUAN YANG & BOSCO PUI-LOK CHAN (2018). A new phytotelm-breeding treefrog of the genus Nasutixalus (Rhacophoridae) from western Yunnan of China Zootaxa, 4388(2), 191–206 https://doi.org/10.11646/zootaxa.4388.2.3"
1900,越南趾沟蛙,Rana johnsi,云南,事件表,省级新纪录事件（1省）,"杨云、刘小龙、饶静秋、贺艳红、韩克国、王剑、袁智勇 (2022). 云南省发现越南趾沟蛙 野生动物学报, 43(2), 533-537 https://doi.org/10.12375/ysdwxb.20220235"
1901,越南趾沟蛙,Rana johnsi,云南,事件表,省级新纪录事件（1省）,"杨云、刘小龙、饶静秋、贺艳红、韩克国、王剑、袁智勇 (2022). 云南省发现越南趾沟蛙 野生动物学报, 43(2), 533-537 https://doi.org/10.12375/ysdwxb.20220235"
1902,棘短腿蟾,Brachytarsophrys carinense,,终审:A3 排除-无省份且无坐标,新种描述文献中的伴随物种记录，非明确新纪录事件,"Yao Li and Dan-Dan Zhang and Zhi-Tong Lyu and Jian Wang and Yu-Long Li and Zu-Yao Liu and Hong-Hui Chen and Ding-Qi Rao and Zhi-Fang Jin and Chang-You Zhang and Ying-Yong Wang (2020). Review of the genus Brachytarsophrys (Anura: Megophryidae), with revalidation of Brachytarsophrys platyparietus and description of a new species from China Zoological Research https://doi.org/10.24272/j.issn.2095-8137.2020.033"
1903,黑背白环蛇,Lycodon ruhstrati,云南,事件表,省级新纪录事件（1省）,"郭克疾、米小其、邓学建 (2007). 云南省蛇类新记录---黑背白环蛇 河南师范大学学报(自然科学版), 35(4), 189-190 https://doi.org/10.16366/j.cnki.1000-2367.2007.04.022"
1904,黑背白环蛇,Lycodon ruhstrati,云南,事件表,省级新纪录事件（1省）,"郭克疾、米小其、邓学建 (2007). 云南省蛇类新记录---黑背白环蛇 河南师范大学学报(自然科学版), 35(4), 189-190 https://doi.org/10.16366/j.cnki.1000-2367.2007.04.022"
1905,黑背白环蛇,Lycodon ruhstrati,云南,事件表,省级新纪录事件（1省）,"郭克疾、米小其、邓学建 (2007). 云南省蛇类新记录---黑背白环蛇 河南师范大学学报(自然科学版), 35(4), 189-190 https://doi.org/10.16366/j.cnki.1000-2367.2007.04.022"
1906,波氏短腿蟾,Brachytarsophrys popei,,终审:A3 排除-无省份且无坐标,新种描述文献中的伴随物种记录，非明确新纪录事件,"Yao Li and Dan-Dan Zhang and Zhi-Tong Lyu and Jian Wang and Yu-Long Li and Zu-Yao Liu and Hong-Hui Chen and Ding-Qi Rao and Zhi-Fang Jin and Chang-You Zhang and Ying-Yong Wang (2020). Review of the genus Brachytarsophrys (Anura: Megophryidae), with revalidation of Brachytarsophrys platyparietus and description of a new species from China Zoological Research https://doi.org/10.24272/j.issn.2095-8137.2020.033"
1907,腾冲掌突蟾,Leptobrachella tengchongensis,云南,事件表,省级新纪录事件（1省）,"闻苡、张蔚、丁利、张宇、慕震、贾炬初、成功、戴蓉 (2021). 云南腾冲北海湿地自然保护区两栖动物多样性现状 动物学杂志, 56(6), 844-855 https://doi.org/10.13859/j.cjz.202106006"
1908,红蹼树蛙,Rhacophorus rhodopus,云南,事件表,省级新纪录事件（1省）,"闻苡、张蔚、丁利、张宇、慕震、贾炬初、成功、戴蓉 (2021). 云南腾冲北海湿地自然保护区两栖动物多样性现状 动物学杂志, 56(6), 844-855 https://doi.org/10.13859/j.cjz.202106006"
1909,鼻棱皮树蛙,Kurixalus naso,,终审:A3 排除-无省份且无坐标,新种描述文献中的伴随物种记录，非明确新纪录事件,"Guohua Yu and Hong Hui and Dingqi Rao and Junxing Yang (2018). A new species of Kurixalus from western Yunnan, China (Anura, Rhacophoridae) ZooKeys, 770, 211–226 https://doi.org/10.3897/zookeys.770.23526"
1910,海南棱皮树蛙,Kurixalus hainanus,,终审:A3 排除-无省份且无坐标,新种描述文献中的伴随物种记录，非明确新纪录事件,"Guohua Yu and Hong Hui and Dingqi Rao and Junxing Yang (2018). A new species of Kurixalus from western Yunnan, China (Anura, Rhacophoridae) ZooKeys, 770, 211–226 https://doi.org/10.3897/zookeys.770.23526"
1911,齿腿棱皮树蛙,Kurixalus odontotarsus,,终审:A3 排除-无省份且无坐标,新种描述文献中的伴随物种记录，非明确新纪录事件,"Guohua Yu and Hong Hui and Dingqi Rao and Junxing Yang (2018). A new species of Kurixalus from western Yunnan, China (Anura, Rhacophoridae) ZooKeys, 770, 211–226 https://doi.org/10.3897/zookeys.770.23526"
1912,特莱树蛙,Polypedates teraiensis,云南,事件表,省级新纪录事件（1省）,"Zhong-Bin Yu and Felista Kasyoka Kilunda and Kai Wang and Yu-Yang Cao and Chun-Lian Wu and Zheng-Pan Duan and Chang-Sheng Zuo and Ding-Can Zhang and Yun-He Wu and Jing Che (2024). The first discovery of Polypedates teraiensis (Dubois, 1987) (Rhacophoridae, Anura) in China Biodiversity Data Journal, 12 https://doi.org/10.3897/BDJ.12.e127029"
1913,黄家岭脊蛇,Achalinus huangjietaangi,浙江,事件表,省级新纪录事件（1省）,"陈传武、张财文、丁国骅、张保卫、王彦平 (2022). 浙江蛇类新纪录———黄家岭脊蛇 野生动物学报, 43(4), 1149-1150 https://doi.org/10.12375/ysdwx b.20220435"
1914,王锦蛇,Elaphe carinata,浙江,事件表,省级新纪录事件（1省）,"陈传武、张财文、丁国骅、张保卫、王彦平 (2022). 浙江蛇类新纪录———黄家岭脊蛇 野生动物学报, 43(4), 1149-1150 https://doi.org/10.12375/ysdwx b.20220435"
1915,翠青蛇,Cyclophiops major,浙江,事件表,省级新纪录事件（1省）,"陈传武、张财文、丁国骅、张保卫、王彦平 (2022). 浙江蛇类新纪录———黄家岭脊蛇 野生动物学报, 43(4), 1149-1150 https://doi.org/10.12375/ysdwx b.20220435"
1916,团结湍蛙,Amolops tuanjieensis,云南,新种表,新种描述，转入 CHNR_new_species,"DEAR EDITOR (2019). A new species of the genus Amolops (Anura: Ranidae) from Yunnan, China National Natural Science, 2 https://doi.org/10.24272/j.issn.2095-8137.2020.018"
1917,桑植角蟾,Megophrys sangzhiensis,湖南,新种表,新种描述，转入 CHNR_new_species,"江建平、叶昌媛、费梁 (2008). 中国湖南角蟾科一新种——桑植角蟾 动物学研究, 29(2), 219-222"
1918,峨眉角蟾,Megophrys omeimontis,,终审:A3 排除-无省份且无坐标,新种描述文献中的伴随物种记录，非明确新纪录事件,"江建平、叶昌媛、费梁 (2008). 中国湖南角蟾科一新种——桑植角蟾 动物学研究, 29(2), 219-222"
1919,景东角蟾,Megophrys jingdongensis,,终审:A3 排除-无省份且无坐标,新种描述文献中的伴随物种记录，非明确新纪录事件,"江建平、叶昌媛、费梁 (2008). 中国湖南角蟾科一新种——桑植角蟾 动物学研究, 29(2), 219-222"
1920,德氏棘蛙,Quasipaa delacouri,云南,事件表,省级新纪录事件（1省）,"贺艳红、艾仁达、黄镇杨、张洋、刘小龙、袁智勇 (2023). 中国两栖类物种新纪录——德氏棘蛙 Chinese Journal of Wildlife, 44(3), 708-714 https://doi.org/10.12375/ysdwxb.20230328"
1921,德氏棘蛙,Quasipaa delacouri,云南,事件表,省级新纪录事件（1省）,"贺艳红、艾仁达、黄镇杨、张洋、刘小龙、袁智勇 (2023). 中国两栖类物种新纪录——德氏棘蛙 Chinese Journal of Wildlife, 44(3), 708-714 https://doi.org/10.12375/ysdwxb.20230328"
1922,花臭蛙,Odorrana schmackeri,重庆,终审:A4 排除(建议)-伴随物种记录,新种描述文献中的伴随物种记录，非明确新纪录事件,"费梁、叶昌媛、谢锋、江建平 (2007). 中国四川省蛙科一新种——南江臭蛙 (两栖纲:无尾目) 动物学研究, 28(5), 551-555"
1923,中国瘰螈,Paramesotriton chinensis,重庆,事件表,省级新纪录事件（1省）,"谢锋、何学福、温涛 (2004). 重庆地区有尾两栖动物两新记录 四川动物, 23(3), 215-216"
1924,尾斑瘰螈,Paramesotriton caudopunctatus,重庆,事件表,省级新纪录事件（1省）,"谢锋、何学福、温涛 (2004). 重庆地区有尾两栖动物两新记录 四川动物, 23(3), 215-216"
1925,绞花林蛇,Boiga kraeplini,重庆,事件表,省级新纪录事件（1省）,"罗键、高红英、周元媛 (2004). 重庆市爬行动物物种多样性研究及保护 四川动物, 23(3), 249-256"
1926,双全白环蛇,Lycodon fasciatus,重庆,事件表,省级新纪录事件（1省）,"罗键、高红英、周元媛 (2004). 重庆市爬行动物物种多样性研究及保护 四川动物, 23(3), 249-256"
1927,黑背白环蛇,Lycodon ruhstrati,重庆,事件表,省级新纪录事件（1省）,"罗键、高红英、周元媛 (2004). 重庆市爬行动物物种多样性研究及保护 四川动物, 23(3), 249-256"
1928,福建颈斑蛇,Plagiopholis styani,重庆,事件表,省级新纪录事件（1省）,"罗键、高红英、周元媛 (2004). 重庆市爬行动物物种多样性研究及保护 四川动物, 23(3), 249-256"
1929,莽山角蟾,Megophrys mangshanensis,广东,事件表,省级新纪录事件（1省）,
1930,布氏后棱蛇,Pareas boulengeri,贵州,新种表,新种描述，转入 CHNR_new_species,"Cai-wen Zhang and Shi-hang Xu and Tao Luo and Chong Liu and Lei Yu and Jiang Zhou and Tao Pan and Bao-wei Zhang (2025). Taxonomic and distributional revision of Pareas boulengeri (Reptilia, Squamata, Pareidae), including two new species from eastern and central China Life Science, 101(4) https://doi.org/10.3897/zse.101.156697"
1931,小棘蛙,Quasipaa exilispinosa,广东,事件表,省级新纪录事件（1省）,
1932,中国林蛙,Rana chensinensis,吉林,终审:排除(建议)-无引用且该省为已知分布,记录类型无法判定（原表未标注且引用无线索）,
1933,东北林蛙,Rana dybowskii,吉林,终审:排除(建议)-无引用且该省为已知分布,记录类型无法判定（原表未标注且引用无线索）,
1934,细痣疣螈,Tylototriton asperrimus,安徽,事件表,省级新纪录事件（1省）,
1935,黑点树蛙,Rhacophorus nigropunctatus,安徽,事件表,省级新纪录事件（1省）,
1936,乌苏里蝮,Gloydius ussuriensis,黑龙江,终审:排除(建议)-无引用且该省为已知分布,记录类型无法判定（原表未标注且引用无线索）,
1937,阳春布角蟾,Boulenophrys yangchunensis,广东,新种表,新种描述，转入 CHNR_new_species,"Yi-Yang Zhao and Shi-Shi Lin and Yuan-Hang Li and Zhi-Tong Lyu and Ke Zheng and Zhao-Chi Zeng and Amaël Borzée and Jian Wang (2025). A new species of Chinese horned toad (Anura, Megophryidae, Boulenophrys) from western Guangdong Province, China, with recommendations for extinction risk assessments for several related congeners Guangdong Yangchun Ehuangzhang Provincial Nature, 065-066 https://doi.org/10.3897/herpetozoa.38.e171400"
1938,尖布角蟾,Boulenophrys acuta,广东,事件表,省级新纪录事件（1省）,"Yi-Yang Zhao and Shi-Shi Lin and Yuan-Hang Li and Zhi-Tong Lyu and Ke Zheng and Zhao-Chi Zeng and Amaël Borzée and Jian Wang (2025). A new species of Chinese horned toad (Anura, Megophryidae, Boulenophrys) from western Guangdong Province, China, with recommendations for extinction risk assessments for several related congeners Guangdong Yangchun Ehuangzhang Provincial Nature, 065-066 https://doi.org/10.3897/herpetozoa.38.e171400"
1939,云开布角蟾,Boulenophrys yunkaiensis,广东,事件表,省级新纪录事件（1省）,"Yi-Yang Zhao and Shi-Shi Lin and Yuan-Hang Li and Zhi-Tong Lyu and Ke Zheng and Zhao-Chi Zeng and Amaël Borzée and Jian Wang (2025). A new species of Chinese horned toad (Anura, Megophryidae, Boulenophrys) from western Guangdong Province, China, with recommendations for extinction risk assessments for several related congeners Guangdong Yangchun Ehuangzhang Provincial Nature, 065-066 https://doi.org/10.3897/herpetozoa.38.e171400"
1940,高栏布角蟾,Boulenophrys gaolanensis,广东,终审:A4 排除(建议)-伴随物种记录,新种描述文献中的伴随物种记录，非明确新纪录事件,"Yi-Yang Zhao and Shi-Shi Lin and Yuan-Hang Li and Zhi-Tong Lyu and Ke Zheng and Zhao-Chi Zeng and Amaël Borzée and Jian Wang (2025). A new species of Chinese horned toad (Anura, Megophryidae, Boulenophrys) from western Guangdong Province, China, with recommendations for extinction risk assessments for several related congeners Guangdong Yangchun Ehuangzhang Provincial Nature, 065-066 https://doi.org/10.3897/herpetozoa.38.e171400"
1941,,,,排除,"非两爬/问题条目：非两爬/问题条目:仅有引用信息的空条目,建议溯源补齐或删除",Unknown Author (2010). https://doi.org/10.19711/j.cnki.issn2310-1490.2010.01.017
1942,滕氏蜥虎,Hemidactylus tenkatei,广东,事件表,省级新纪录事件（1省）,
1943,武夷林蛙,Rana wuyiensis,福建,新种表,新种描述，转入 CHNR_new_species,
1944,古氏草蜥,Takydromus kuehnei,福建,排除,记录类型为'其他新纪录/再发现'等，未纳入省级新纪录事件表,
1945,丽水树蛙,Zhangixalus lishuiensis,浙江,新种表,新种描述，转入 CHNR_new_species,
1946,四爪陆龟,Testudo horsfieldii,新疆,事件表,省级新纪录事件（1省）,"巴特乔龙, 杨长乐, 姚书印, 牛忠泽, 柴永斌, & 徐峰 (2019). 新疆艾比湖湿地国家级自然保护区发现四爪陆龟 动物学杂志, 54(6), 859 https://doi.org/10.13859/j.cjz.201906024"
1947,花坪角蟾,Boulenophrys mirabilis,湖南,事件表,省级新纪录事件（1省）,"张志强, 周琳, 刘佳昱, 李辉, 莫小阳, 王建军, & 杨盛东 (2024). 湖南南山国家公园发现花坪角蟾 动物学杂志, 59(2), 269-275 https://doi.org/10.13859/j.cjz.202423123"
1948,寒露林蛙,Rana hanluica,浙江,事件表,省级新纪录事件（1省）,
1949,角原矛头蝮,Protobothrops cornutus,浙江,事件表,省级新纪录事件（1省）,
1950,中华湍蛙,Amolops sinensis,湖北,事件表,省级新纪录事件（1省）,
1951,贵师掌突蟾,Leptobrachella yunyangensis,湖北,事件表,省级新纪录事件（1省）,
1952,桑植角蟾,Boulenophrys sangzhiensis,湖北,事件表,省级新纪录事件（1省）,
1953,宜章臭蛙,Odorrana yizhangensis,湖北,终审:排除-分布确认（非首次记录）,记录类型无法判定（原表未标注且引用无线索）,
1954,龙胜小头蛇,Oligodon lungshenensis,湖南,事件表,省级新纪录事件（1省）,
1955,望舒睑虎,Goniurosaurus wangshu,广东,新种表,新种描述，转入 CHNR_new_species,"XIAO-YU ZHU (朱笑愚) and SHI-YANG WU (吴诗阳) and YI-JIAO LIU (刘一娇) and YUN BAI (白芸) and CRISTIAN ROMÁN-PALACIOS and ZHENG LI (李峥) & ZHU-QING HE (何祝清) (2022). Goniurosaurus wangshu sp. nov., a new species of Tiger Gecko from Guangdong, China (Squamata: Eublepharidae) Zootaxa, 5188(6), 544–558 https://doi.org/10.11646/zootaxa.5188.6.3"
1956,鳄蜥,Shinisaurus crocodilurus,北江省和广宁,终审:C 排除-记录地为国外省区,记录类型无法判定（原表未标注且引用无线索）,"Mona van Schingen and Minh Duc Le and Hanh Thi Ngo and Cuong The Pham and Quynh Quy Ha and Truong Quang Nguyen and Thomas Ziegler (2016). Is there more than one Crocodile Lizard? An Integrative Taxonomic Approach Reveals Vietnamese and Chinese Shinisaurus crocodilurus Represent Separate Conservation and Taxonomic Units Zool. Garten N.F., 85, 240–260"
1957,越南鳄蜥,Shinisaurus crocodilurus vietnamensis,北江省和广宁,排除,国外新种描述（省份为外国地名）,"Mona van Schingen and Minh Duc Le and Hanh Thi Ngo and Cuong The Pham and Quynh Quy Ha and Truong Quang Nguyen and Thomas Ziegler (2016). Is there more than one Crocodile Lizard? An Integrative Taxonomic Approach Reveals Vietnamese and Chinese Shinisaurus crocodilurus Represent Separate Conservation and Taxonomic Units Zool. Garten N.F., 85, 240–260"
1958,中国大鲵,Andrias davidianus,,终审:A3 排除-无省份且无坐标,记录类型无法判定（原表未标注且引用无线索）,"Fang Yan、Jingcai Lü、Baolin Zhang、Zhiyong Yuan、Haipeng Zhao、Song Huang、Gang Wei、Xue Mi、Dahu Zou、Wei Xu、Shu Chen、Jie Wang、Feng Xie、Minyao Wu、Hanbin Xiao、Zhiqiang Liang、Jieqiong Jin、Shifang Wu、CunShuan Xu、Benjamin Tapley、Samuel T. Turvey、Theodore J. Papenfuss、Andrew A. Cunningham、Robert W. Murphy、Yaping Zhang、and Jing Che (2018). The Chinese giant salamander exemplifies the hidden extinction of cryptic species Life Science, 92 https://doi.org/10.1016/j."
1959,日本大鲵,Andrias japonicus,,终审:A3 排除-无省份且无坐标,记录类型无法判定（原表未标注且引用无线索）,"Fang Yan、Jingcai Lü、Baolin Zhang、Zhiyong Yuan、Haipeng Zhao、Song Huang、Gang Wei、Xue Mi、Dahu Zou、Wei Xu、Shu Chen、Jie Wang、Feng Xie、Minyao Wu、Hanbin Xiao、Zhiqiang Liang、Jieqiong Jin、Shifang Wu、CunShuan Xu、Benjamin Tapley、Samuel T. Turvey、Theodore J. Papenfuss、Andrew A. Cunningham、Robert W. Murphy、Yaping Zhang、and Jing Che (2018). The Chinese giant salamander exemplifies the hidden extinction of cryptic species Life Science, 92 https://doi.org/10.1016/j."
1960,中介蝮,Gloydius intermedius,北京,事件表,省级新纪录事件（1省）,林宣龙、郭冬生 (2012) 动物学杂志
1961,北滑蜥,Scincella huanrenensis,山东,事件表,省级新纪录事件（1省）,
1962,开远颈槽蛇,Rhabdophis kaiyuanensis,云南,新种表,新种描述，转入 CHNR_new_species,"Qin Liu and Bing Lyu and Xinhong Xie and Yangmei Zeng and Peng Guo (2023). Genomic evidence sheds new light on phylogeny of Rhabdophis nuchalis (sensu lato) complex (Serpentes: Natricidae) Molecular Phylogenetics and Evolution, 189 https://doi.org/107893"
1963,新疆漠虎,Alsophylax przewalskii,甘肃,事件表,省级新纪录事件（1省）,
1964,侗掌突蟾,Paramegophrys dong,湖南,新种表,新种描述，转入 CHNR_new_species,
1965,大头龟,Platysternon megacephalum,,终审:A3 排除-无省份且无坐标,记录类型无法判定（原表未标注且引用无线索）,"Shiping Gong and Chatmongkon Suwannapoom and Minh Le and Truong Quang Nguyen and Yan Ge and Yufeng Wei and Yangchun Gao (2023). Genomic analyses reveal three phylogenetic species and their evolutionary histories in the big-headed turtle iScience, 26 https://doi.org/10.1016/j.isci.2023.107343"
1966,衡山角蟾,Boulenophrys hengshanensis,湖南,新种表,新种描述，转入 CHNR_new_species,
1967,桑植湍蛙,Amolops sangzhiensis,湖南,新种表,新种描述，转入 CHNR_new_species,
1968,广西华珊瑚蛇,Sinomicrurus peinani,湖南,事件表,省级新纪录事件（1省）,
1969,臭蛙,Odorrana schmackeri,安徽,新种表,新种描述，转入 CHNR_new_species,"Ying Liu, Ji-Yong Fang, Na Zheng and Hai-Long Wu (2023). Seuratascaris schmackeri sp. nov. (Nematoda: Ascarididae) from the Chinese Frog Odorrana schmackeri Boettger, 1892 (Amphibia: Anura) Based on Morphological and Molecular Evidence Basic Medical Science, 55(4), 1621-1626 https://doi.org/10.17582/journal.pjz/20220525160559"
1970,卓龙,Japalura drukdaypo,西藏,新种表,新种描述，转入 CHNR_new_species,"KAI WANG, KE JIANG, JINLONG REN, DAHU ZOU, JIAWEI WU, JING CHE & CAMERON D. SILER (2019). A new species of Dwarf Japalura sensu lato (Reptilia: Squamata: Agamidae) from the upper Mekong River in Eastern Tibet, China, with notes on morphological variation, distribution, and conservation of two congeners along the same river Zootaxa, 4544(4), 505–522 https://doi.org/10.11646/zootaxa.4544.4.3"
1971,股鳞蜓蜥,Sphenomorphus incognitus,福建,事件表,省级新纪录事件（1省）,
1972,福清链蛇,Lycodon futsingensis,福建,事件表,省级新纪录事件（1省）,
1973,卓龙蜥,Japalura drukdaypo,西藏,新种表,新种描述，转入 CHNR_new_species,"KAI WANG and KE JIANG and JINLONG REN and DAHU ZOU and JIAWEI WU and JING CHE and CAMERON D. SILER (2019). A new species of Dwarf Japalura sensu lato (Reptilia: Squamata: Agamidae) from the upper Mekong River in Eastern Tibet, China, with notes on morphological variation, distribution, and conservation of two congeners along the same river Zootaxa, 4544(4), 505–522 https://doi.org/10.11646/zootaxa.4544.4.3"
1974,腹斑掌突蟾,Leptolalax ventripunctatus,贵州,事件表,省级新纪录事件（1省）,
1975,太行林蛙,Rana taihangensis,宁夏,事件表,省级新纪录事件（1省）,
1976,德化脊蛇,Achalinus dehuaensis,福建,新种表,新种描述，转入 CHNR_new_species,"KE LI and YA-YONG WU and RUI-YING XU and FEI ZHU and JIN-LONG REN and PENG GUO & BING-JUN DONG (2021). A new species of the Achalinus rufescens complex (Xenodermidae: Achalinus) from Fujian Province, China Zootaxa, 5026(2), 239–254 https://doi.org/10.11646/zootaxa.5026.2.5"
1977,高山棘螈,Echinotriton maxiquadratus,,终审:A3 排除-无省份且无坐标,记录类型无法判定（原表未标注且引用无线索）,"JIAN WANG and ZHAO-CHI ZENG and ZHI-TONG LYU and SHUO QI and ZU-YAO LIU and HONG-HUI CHEN and YU-HONG LU and HUI-WEN XIAO and CAN-RONG LIN and KAI CHEN & YING-YONG WANG (2022). Description of three new Boulenophrys species from eastern Guangdong, China, emphasizing the urgency of ecological conservation in this region (Anura, Megophryidae) Zootaxa, 5099(1), 091–119 https://doi.org/10.11646/zootaxa.5099.1.4"
1978,南澳岛角蟾,Boulenophrys insularis,,终审:A3 排除-无省份且无坐标,记录类型无法判定（原表未标注且引用无线索）,"JIAN WANG and ZHAO-CHI ZENG and ZHI-TONG LYU and SHUO QI and ZU-YAO LIU and HONG-HUI CHEN and YU-HONG LU and HUI-WEN XIAO and CAN-RONG LIN and KAI CHEN & YING-YONG WANG (2022). Description of three new Boulenophrys species from eastern Guangdong, China, emphasizing the urgency of ecological conservation in this region (Anura, Megophryidae) Zootaxa, 5099(1), 091–119 https://doi.org/10.11646/zootaxa.5099.1.4"
1979,三明角蟾,Boulenophrys sanmingensis,,终审:A3 排除-无省份且无坐标,记录类型无法判定（原表未标注且引用无线索）,"JIAN WANG and ZHAO-CHI ZENG and ZHI-TONG LYU and SHUO QI and ZU-YAO LIU and HONG-HUI CHEN and YU-HONG LU and HUI-WEN XIAO and CAN-RONG LIN and KAI CHEN & YING-YONG WANG (2022). Description of three new Boulenophrys species from eastern Guangdong, China, emphasizing the urgency of ecological conservation in this region (Anura, Megophryidae) Zootaxa, 5099(1), 091–119 https://doi.org/10.11646/zootaxa.5099.1.4"
1980,潮州湍蛙,Amolops teochew,,终审:A3 排除-无省份且无坐标,记录类型无法判定（原表未标注且引用无线索）,"JIAN WANG and ZHAO-CHI ZENG and ZHI-TONG LYU and SHUO QI and ZU-YAO LIU and HONG-HUI CHEN and YU-HONG LU and HUI-WEN XIAO and CAN-RONG LIN and KAI CHEN & YING-YONG WANG (2022). Description of three new Boulenophrys species from eastern Guangdong, China, emphasizing the urgency of ecological conservation in this region (Anura, Megophryidae) Zootaxa, 5099(1), 091–119 https://doi.org/10.11646/zootaxa.5099.1.4"
1981,丰顺角蟾,Boulenophrys fengshunensis,广东,新种表,新种描述，转入 CHNR_new_species,"JIAN WANG and ZHAO-CHI ZENG and ZHI-TONG LYU and SHUO QI and ZU-YAO LIU and HONG-HUI CHEN and YU-HONG LU and HUI-WEN XIAO and CAN-RONG LIN and KAI CHEN & YING-YONG WANG (2022). Description of three new Boulenophrys species from eastern Guangdong, China, emphasizing the urgency of ecological conservation in this region (Anura, Megophryidae) Zootaxa, 5099(1), 091–119 https://doi.org/10.11646/zootaxa.5099.1.4"
1982,太行林蛙,Rana taihangensis,山东,事件表,省级新纪录事件（1省）,
1983,太行林蛙,Rana taihangensis,辽宁,排除,记录类型为'其他新纪录/再发现'等，未纳入省级新纪录事件表,
1984,东莞角蟾,Boulenophrys dongguanensis,,终审:A3 排除-无省份且无坐标,记录类型无法判定（原表未标注且引用无线索）,"JIAN WANG and ZHAO-CHI ZENG and ZHI-TONG LYU and SHUO QI and ZU-YAO LIU and HONG-HUI CHEN and YU-HONG LU and HUI-WEN XIAO and CAN-RONG LIN and KAI CHEN & YING-YONG WANG (2022). Description of three new Boulenophrys species from eastern Guangdong, China, emphasizing the urgency of ecological conservation in this region (Anura, Megophryidae) Zootaxa, 5099(1), 091–119 https://doi.org/10.11646/zootaxa.5099.1.4"
1985,挂墩角蟾,Boulenophrys kuatunensis,,终审:A3 排除-无省份且无坐标,记录类型无法判定（原表未标注且引用无线索）,"JIAN WANG and ZHAO-CHI ZENG and ZHI-TONG LYU and SHUO QI and ZU-YAO LIU and HONG-HUI CHEN and YU-HONG LU and HUI-WEN XIAO and CAN-RONG LIN and KAI CHEN & YING-YONG WANG (2022). Description of three new Boulenophrys species from eastern Guangdong, China, emphasizing the urgency of ecological conservation in this region (Anura, Megophryidae) Zootaxa, 5099(1), 091–119 https://doi.org/10.11646/zootaxa.5099.1.4"
1986,云开角蟾,Boulenophrys yunkaiensis,,终审:A3 排除-无省份且无坐标,记录类型无法判定（原表未标注且引用无线索）,"JIAN WANG and ZHAO-CHI ZENG and ZHI-TONG LYU and SHUO QI and ZU-YAO LIU and HONG-HUI CHEN and YU-HONG LU and HUI-WEN XIAO and CAN-RONG LIN and KAI CHEN & YING-YONG WANG (2022). Description of three new Boulenophrys species from eastern Guangdong, China, emphasizing the urgency of ecological conservation in this region (Anura, Megophryidae) Zootaxa, 5099(1), 091–119 https://doi.org/10.11646/zootaxa.5099.1.4"
1987,陈氏肥螈,Pachytriton cheni,安徽,新种表,新种描述，转入 CHNR_new_species,"Zhirong HE and Jiaqi LI and Siyu WU and Shanqing WANG and Na ZHAO and Li Ma and Jianping JIANG and Xiaobing WU and Supen WANG (2024). A New Species of Pachytriton from Anhui, China (Amphibia: Caudata: Salamandridae) bioRxiv preprint https://doi.org/10.1101/2024.05.08.592934"
1988,太行林蛙,Rana taihangensis,内蒙古,排除,记录类型为'其他新纪录/再发现'等，未纳入省级新纪录事件表,
1989,白头蝰,Azemiops feae,广东,事件表,省级新纪录事件（1省）,
1990,白头蝰,Azemiops feae,广东,事件表,省级新纪录事件（1省）,
1991,白头蝰,Azemiops feae,广东,事件表,省级新纪录事件（1省）,
1992,姬林蛙,Rana minuscula,浙江,新种表,新种描述，转入 CHNR_new_species,"Baoquan LIU and Yufan WANG and Junkai HUANG and Xiaolong LIU and Zhiyong YUAN and Jing CHE (2024). Description of a New Species of Rana (Anura: Ranidae) from Zhejiang, China Based on Morphological and Molecular Data Asian Herpetological Research, 15(4), 232–240 https://doi.org/10.3724/ahr.2095-0357.2024.0022"
1993,大围山瘰螈,Tylototriton daweishanensis,,新种表,新种描述，转入 CHNR_new_species,"Kanto NISHIKAWA and Ding-Qi RAO and Masafumi MATSUI and Koshiro ETO (2015). Taxonomic relationship between Tylototriton daweishanensis Zhao, Rao, Liu, Li and Yuan, 2012 and T. yangi Hou, Li and Lu, 2012 (Amphibia: Urodela: Salamandridae) Current Herpetology, 34(1), 67–74 https://doi.org/10.5358/hsj.34.67"
1994,杨氏瘰螈,Tylototriton yangi,云南,新种表,新种描述，转入 CHNR_new_species,"Kanto NISHIKAWA and Ding-Qi RAO and Masafumi MATSUI and Koshiro ETO (2015). Taxonomic relationship between Tylototriton daweishanensis Zhao, Rao, Liu, Li and Yuan, 2012 and T. yangi Hou, Li and Lu, 2012 (Amphibia: Urodela: Salamandridae) Current Herpetology, 34(1), 67–74 https://doi.org/10.5358/hsj.34.67"
1995,白头蝰,Azemiops feae,广东,排除,记录类型为'其他新纪录/再发现'等，未纳入省级新纪录事件表,
1996,疣背瘰螈,Tylototriton asperrimus,,终审:A3 排除-无省份且无坐标,记录类型无法判定（原表未标注且引用无线索）,"Kanto NISHIKAWA and Ding-Qi RAO and Masafumi MATSUI and Koshiro ETO (2015). Taxonomic relationship between Tylototriton daweishanensis Zhao, Rao, Liu, Li and Yuan, 2012 and T. yangi Hou, Li and Lu, 2012 (Amphibia: Urodela: Salamandridae) Current Herpetology, 34(1), 67–74 https://doi.org/10.5358/hsj.34.67"
1997,白头蝰,Azemiops feae,广东,排除,记录类型为'其他新纪录/再发现'等，未纳入省级新纪录事件表,
1998,琉球棘螈,Echinotriton andersoni,,终审:A3 排除-无省份且无坐标,记录类型无法判定（原表未标注且引用无线索）,"Kanto NISHIKAWA and Ding-Qi RAO and Masafumi MATSUI and Koshiro ETO (2015). Taxonomic relationship between Tylototriton daweishanensis Zhao, Rao, Liu, Li and Yuan, 2012 and T. yangi Hou, Li and Lu, 2012 (Amphibia: Urodela: Salamandridae) Current Herpetology, 34(1), 67–74 https://doi.org/10.5358/hsj.34.67"
1999,瓦氏肋突螈,Pleurodeles waltl,,终审:A3 排除-无省份且无坐标,记录类型无法判定（原表未标注且引用无线索）,"Kanto NISHIKAWA and Ding-Qi RAO and Masafumi MATSUI and Koshiro ETO (2015). Taxonomic relationship between Tylototriton daweishanensis Zhao, Rao, Liu, Li and Yuan, 2012 and T. yangi Hou, Li and Lu, 2012 (Amphibia: Urodela: Salamandridae) Current Herpetology, 34(1), 67–74 https://doi.org/10.5358/hsj.34.67"
2000,绿纹钝口螈,Notophthalmus viridescens,,终审:A3 排除-无省份且无坐标,记录类型无法判定（原表未标注且引用无线索）,"Kanto NISHIKAWA and Ding-Qi RAO and Masafumi MATSUI and Koshiro ETO (2015). Taxonomic relationship between Tylototriton daweishanensis Zhao, Rao, Liu, Li and Yuan, 2012 and T. yangi Hou, Li and Lu, 2012 (Amphibia: Urodela: Salamandridae) Current Herpetology, 34(1), 67–74 https://doi.org/10.5358/hsj.34.67"
2001,滕氏蜥虎,Hemidactylus tenkatei,广东,事件表,省级新纪录事件（1省）,
2002,股鳞蜓蜥,Sphenomorphus incognitus,浙江,事件表,省级新纪录事件（1省）,
2003,股鳞蜓蜥,Sphenomorphus incognitus,浙江,事件表,省级新纪录事件（1省）,
2004,股鳞蜓蜥,Sphenomorphus incognitus,江西,事件表,省级新纪录事件（1省）,
2005,鼻疣纤树蛙,Kurixalus naso,,终审:A3 排除-无省份且无坐标,新种描述文献中的伴随物种记录，非明确新纪录事件,"Guohua Yu and Hong Hui and Dingqi Rao and Junxing Yang (2018). A new species of Kurixalus from western Yunnan, China (Anura, Rhacophoridae) ZooKeys, 770, 211–226 https://doi.org/10.3897/zookeys.770.23526"
2006,海南纤树蛙,Kurixalus hainanus,,终审:A3 排除-无省份且无坐标,新种描述文献中的伴随物种记录，非明确新纪录事件,"Guohua Yu and Hong Hui and Dingqi Rao and Junxing Yang (2018). A new species of Kurixalus from western Yunnan, China (Anura, Rhacophoridae) ZooKeys, 770, 211–226 https://doi.org/10.3897/zookeys.770.23526"
2007,齿跗纤树蛙,Kurixalus odontotarsus,,终审:A3 排除-无省份且无坐标,新种描述文献中的伴随物种记录，非明确新纪录事件,"Guohua Yu and Hong Hui and Dingqi Rao and Junxing Yang (2018). A new species of Kurixalus from western Yunnan, China (Anura, Rhacophoridae) ZooKeys, 770, 211–226 https://doi.org/10.3897/zookeys.770.23526"
2008,股鳞蜓蜥,Sphenomorphus incognitus,江西,事件表,省级新纪录事件（1省）,
2009,股鳞蜓蜥,Sphenomorphus incognitus,江西,事件表,省级新纪录事件（1省）,
2010,股鳞蜓蜥,Sphenomorphus incognitus,江西,事件表,省级新纪录事件（1省）,
2011,中华湍蛙,Amolops sinensis,湖北,事件表,省级新纪录事件（1省）,
2012,贵师掌突蟾,Leptobrachella yunyangensis,湖北,事件表,省级新纪录事件（1省）,
2013,桑植角蟾,Boulenophrys sangzhiensis,湖北,事件表,省级新纪录事件（1省）,
2014,宜章臭蛙,Odorrana yizhangensis,湖北,终审:排除-分布确认（非首次记录）,记录类型无法判定（原表未标注且引用无线索）,
2015,西藏拟髭蟾,Leptobrachium banae,西藏,事件表,省级新纪录事件（1省）,
2016,墨脱角蟾,Xenophrys medogensis,西藏,事件表,省级新纪录事件（1省）,
2017,棘皮树蛙,Theloderma moloch,西藏,终审:待人工-倾向核对（西藏记录）,记录类型无法判定（原表未标注且引用无线索）,"Ke JIANG and Fang YAN and Kai WANG and Da-Hu ZOU and Cheng LI and Jing CHE (2016). A new genus and species of treefrog from Medog, southeastern Tibet, China (Anura, Rhacophoridae) Zoological Research, 37(1), 15-20 https://doi.org/10.13918/j.issn.2095-8137.2016.1.15"
2018,高山倭蛙,Nanorana parkeri,西藏,排除,记录类型为'其他新纪录/再发现'等，未纳入省级新纪录事件表,
2019,北草蜥,Takydromus septentrionalis,河北,事件表,省级新纪录事件（1省）,
2020,股鳞蜓蜥,Sphenomorphus incognitus,浙江,事件表,省级新纪录事件（1省）,
2021,股鳞蜓蜥,Sphenomorphus incognitus,浙江,事件表,省级新纪录事件（1省）,
2022,林芝湍蛙,Amolops nyingchiensis,西藏,新种表,新种描述，转入 CHNR_new_species,"Ke JIANG and Kai WANG and Fang YAN and Jiang XIE and Da-Hu ZOU and Wu-Lin LIU and Jian-Ping JIANG and Cheng LI and Jing CHE (2016). A new species of the genus Amolops (Amphibia: Ranidae) from southeastern Tibet, China Zoological Research, 37(1), 31-40 https://doi.org/10.13918/j.issn.2095-8137.2016.1.31"
2023,股鳞蜓蜥,Sphenomorphus incognitus,江西,事件表,省级新纪录事件（1省）,
2024,林芝齿蟾,Scutiger nyingchiensis,,终审:A3 排除-无省份且无坐标,新种描述文献中的伴随物种记录，非明确新纪录事件,"Ke JIANG and Kai WANG and Da-Hu ZOU and Fang YAN and Pi-Peng LI and Jing CHE (2016). A new species of the genus Scutiger (Anura: Megophryidae) from Medog of southeastern Tibet, China Zoological Research, 37(1), 21-30 https://doi.org/10.13918/j.issn.2095-8137.2016.1.21"
2025,宝兴齿蟾,Scutiger boulengeri,甘肃、西藏,终审:A4 排除(建议)-伴随物种记录,新种描述文献中的伴随物种记录，非明确新纪录事件,"Ke JIANG and Kai WANG and Da-Hu ZOU and Fang YAN and Pi-Peng LI and Jing CHE (2016). A new species of the genus Scutiger (Anura: Megophryidae) from Medog of southeastern Tibet, China Zoological Research, 37(1), 21-30 https://doi.org/10.13918/j.issn.2095-8137.2016.1.21"
2026,斑纹齿蟾,Scutiger maculatus,,终审:A3 排除-无省份且无坐标,新种描述文献中的伴随物种记录，非明确新纪录事件,"Ke JIANG and Kai WANG and Da-Hu ZOU and Fang YAN and Pi-Peng LI and Jing CHE (2016). A new species of the genus Scutiger (Anura: Megophryidae) from Medog of southeastern Tibet, China Zoological Research, 37(1), 21-30 https://doi.org/10.13918/j.issn.2095-8137.2016.1.21"
2027,股鳞蜓蜥,Sphenomorphus incognitus,江西,事件表,省级新纪录事件（1省）,
2028,股鳞蜓蜥,Sphenomorphus incognitus,江西,事件表,省级新纪录事件（1省）,
2029,昌宁半叶趾虎,Hemiphyllodactylus changningensis,云南,新种表,新种描述，转入 CHNR_new_species,"WEIBO GUO and KAIYA ZHOU and JIE YAN & PENG LI (2015). A new species of Hemiphyllodactylus Bleeker, 1860 (Squamata: Gekkonidae) from western Yunnan, China Zootaxa, 3974(3), 377–390 https://doi.org/10.11646/zootaxa.3974.3.5"
2030,股鳞蜓蜥,Sphenomorphus incognitus,江西,事件表,省级新纪录事件（1省）,
2031,斑姬啄木鸟,Picumnus innominatus,山东,排除,名录归鸟纲，非两栖爬行动物,
2032,斑姬啄木鸟,Picumnus innominatus,山东,排除,名录归鸟纲，非两栖爬行动物,
2033,北草蜥,Takydromus septentrionalis,,终审:A3 排除-无省份且无坐标,记录类型无法判定（原表未标注且引用无线索）,
2034,崇安草蜥,Takydromus sylvaticus,,终审:A3 排除-无省份且无坐标,记录类型无法判定（原表未标注且引用无线索）,
2035,原尾蜥虎,Hemidactylus bowringii,海南,终审:排除(建议)-无引用且该省为已知分布,记录类型无法判定（原表未标注且引用无线索）,
2036,锯尾蜥虎,Hemidactylus garnotii,海南,终审:排除(建议)-无引用且该省为已知分布,记录类型无法判定（原表未标注且引用无线索）,
2037,疣尾蜥虎,Hemidactylus frenatus,海南,终审:排除(建议)-无引用且该省为已知分布,记录类型无法判定（原表未标注且引用无线索）,
2038,截趾虎,Gehyra mutilata,海南,终审:排除(建议)-无引用且该省为已知分布,记录类型无法判定（原表未标注且引用无线索）,
2039,香港瘰螈,Paramesotriton hongkongensis,香港、广东,终审:A4 排除(建议)-伴随物种记录,新种描述文献中的伴随物种记录，非明确新纪录事件,"ZHIYONG YUAN and YUNKE WU and JIAJUN ZHOU & JING CHE (2016). A new species of the genus Paramesotriton (Caudata: Salamandridae) from Fujian, southeastern China Zootaxa, 4205(6), 549–563 https://doi.org/10.11646/zootaxa.4205.6.3"
2040,福建瘰螈,Paramesotriton fuzhongensis,广西,终审:A4 排除(建议)-伴随物种记录,新种描述文献中的伴随物种记录，非明确新纪录事件,"ZHIYONG YUAN and YUNKE WU and JIAJUN ZHOU & JING CHE (2016). A new species of the genus Paramesotriton (Caudata: Salamandridae) from Fujian, southeastern China Zootaxa, 4205(6), 549–563 https://doi.org/10.11646/zootaxa.4205.6.3"
2041,丽水树蛙,Rhacophorus lishuiensis,福建,事件表,省级新纪录事件（1省）,
2042,宽唇瘰螈,Paramesotriton labiatus,广西,终审:A1/B1 排除-同种同省已收录(再记录),新种描述文献中的伴随物种记录，非明确新纪录事件,"ZHIYONG YUAN and YUNKE WU and JIAJUN ZHOU & JING CHE (2016). A new species of the genus Paramesotriton (Caudata: Salamandridae) from Fujian, southeastern China Zootaxa, 4205(6), 549–563 https://doi.org/10.11646/zootaxa.4205.6.3"
2043,短肢肥螈,Pachytriton brevipes,江西,终审:A4 排除(建议)-伴随物种记录,新种描述文献中的伴随物种记录，非明确新纪录事件,"ZHIYONG YUAN and YUNKE WU and JIAJUN ZHOU & JING CHE (2016). A new species of the genus Paramesotriton (Caudata: Salamandridae) from Fujian, southeastern China Zootaxa, 4205(6), 549–563 https://doi.org/10.11646/zootaxa.4205.6.3"
2044,大别山脊蛇,Achalinus dabieshanensis,安徽,新种表,新种描述，转入 CHNR_new_species,"Caiwen Zhang and Kai Liu and Ruyi Huang and Tingli Hu and Lei Yu and Ruolei Sun and Yucai Zhang and Jing Wen and Baowei Zhang (2023). A New Species of the Genus Achalinus (Squamata: Xenodermidae) from the Dabie Mountains, Anhui, China Animals, 13, 708 https://doi.org/10.3390/ani13040708"
2045,布氏泛树蛙,Polypedates braueri,福建,排除,记录类型为'其他新纪录/再发现'等，未纳入省级新纪录事件表,
2046,崇安草蜥,Takydromus sylvaticus,福建,排除,记录类型为'其他新纪录/再发现'等，未纳入省级新纪录事件表,
2047,铜蜓蜥,Sphenomorphus hainanensis,福建,排除,记录类型为'其他新纪录/再发现'等，未纳入省级新纪录事件表,
2048,崇安斜鳞蛇,Pseudoxenodon karlschmidti,福建,排除,记录类型为'其他新纪录/再发现'等，未纳入省级新纪录事件表,
2049,腹斑掌突蟾,Leptolalax ventripunctatus,贵州,事件表,省级新纪录事件（1省）,
2050,北滑蜥,Scincella septentrionalis,辽宁,终审:排除(建议)-无引用且该省为已知分布,记录类型无法判定（原表未标注且引用无线索）,
2051,宜章臭蛙,Odorrana yizhangensis,广东,事件表,省级新纪录事件（1省）,杨剑焕、李云、张天度、张冰、王英永 (2011) 动物学杂志
2052,锯尾蜥虎,Hemidactylus garnotii,广东,事件表,省级新纪录事件（1省）,杨剑焕、李云、张天度、张冰、王英永 (2011) 动物学杂志
2053,莽山角蟾,Xenophrys mangshanensis,江西,事件表,省级新纪录事件（1省）,杨剑焕、洪元华、赵健、张昌友、王英永 (2013) 动物学杂志
2054,崇安湍蛙,Amolops chunganensis,江西,事件表,省级新纪录事件（1省）,杨剑焕、洪元华、赵健、张昌友、王英永 (2013) 动物学杂志
2055,凹耳臭蛙,Odorrana tormota,江西,事件表,省级新纪录事件（1省）,杨剑焕、洪元华、赵健、张昌友、王英永 (2013) 动物学杂志
2056,宜章臭蛙,Odorrana yizhangensis,江西,事件表,省级新纪录事件（1省）,杨剑焕、洪元华、赵健、张昌友、王英永 (2013) 动物学杂志
2057,黑头剑蛇,Sibynophis chinensis,北京,事件表,省级新纪录事件（1省）,
2058,黑头剑蛇,Sibynophis chinensis,北京,事件表,省级新纪录事件（1省）,
2059,中介蝮,Gloydius intermedius,北京,事件表,省级新纪录事件（1省）,林宣龙、郭冬生 (2012) 动物学杂志
2060,红斑蟾蜍,Bufo rubroventromaculatus,广东,事件表,省级新纪录事件（1省）,黄忠、王昊天、齐硕、宋晗铭、邓振海、李友余、莫运明、王英永 (2025) 动物学杂志 Chinese Journal of Zoology 10.13859/j.cjz.202525035
2061,红斑蟾蜍,Bufo rubroventromaculatus,广东,事件表,省级新纪录事件（1省）,黄忠、王昊天、齐硕、宋晗铭、邓振海、李友余、莫运明、王英永 (2025) 动物学杂志 Chinese Journal of Zoology 10.13859/j.cjz.202525035
2062,湘南角蟾,Boulenophrys xiangnanensis,广东,事件表,省级新纪录事件（1省）,宋晗铭、王昊天、林泽花、郑寿松、周志恩、龚粤宁、刘志发、李友余、齐硕、王英永 (2024) 动物学杂志 10.13859/j.cjz.202424014
2063,杨氏鱼螈,Ichthyophis yangi,云南,新种表,新种描述，转入 CHNR_new_species,"Dingqi RAO and Hongxin ZHOU and Mingzhong MO and Zhiyong YU and Xiuyan LI and Shuo LIU (2024). The Second Species of Caecilian in China Asian Herpetological Research, 15(4), 279–288 https://doi.org/10.3724/ahr.2095-0357.2024.0043"
2064,务川臭蛙,Odorrana wuchuanensis,广东,事件表,省级新纪录事件（1省）,宋晗铭、王昊天、林泽花、郑寿松、周志恩、龚粤宁、刘志发、李友余、齐硕、王英永 (2024) 动物学杂志 10.13859/j.cjz.202424014
2065,南蹼趾壁虎,Gekko palmatus,广东,事件表,省级新纪录事件（1省）,宋晗铭、王昊天、林泽花、郑寿松、周志恩、龚粤宁、刘志发、李友余、齐硕、王英永 (2024) 动物学杂志 10.13859/j.cjz.202424014
2066,福建钝头蛇,Pareas stanleyi,广东,事件表,省级新纪录事件（1省）,宋晗铭、王昊天、林泽花、郑寿松、周志恩、龚粤宁、刘志发、李友余、齐硕、王英永 (2024) 动物学杂志 10.13859/j.cjz.202424014
2067,大绿树蛙,Buergeria otai,,新种表,新种描述，转入 CHNR_new_species,"Ying-Han Wang and Yu-Wei Hsiao and Ko-Huan Lee and Hui-Yun Tseng and Yen-Po Lin and Shohei Komaki and Si-Min Lin (2018). Correction: Acoustic differentiation and behavioral response reveals cryptic species within Buergeria treefrogs (Anura, Rhacophoridae) from Taiwan PLoS ONE, 13(2) https://doi.org/10.1371/journal.pone.0193040"
2068,南迦巴瓦舌突蛙,Liurana namchabarwa,西藏,新种表,新种描述，转入 CHNR_new_species,"Haoqi YU and Yiheng LIN and Yuxi WANG and Puyang ZHENG and Shengchao SHI and Bin WANG and Jianping JIANG and Zhaobin SONG and Feng XIE (2024). A New Species of the Genus Liurana (Anura: Ceratobatrachidae) from Medog, China Asian Herpetological Research, 15(3), 131–139 https://doi.org/10.3724/ahr.2095-0357.2024.0008"
2069,斑蜓蜥,Sphenomorphus maculatus,广东,事件表,省级新纪录事件（1省）,
2070,斑蜓蜥,Sphenomorphus maculatus,广西,事件表,省级新纪录事件（1省）,
2071,黑眶蟾蜍,Duttaphrynus melanostictus,澳门,终审:排除-伴随物种（调查背景种）,记录类型无法判定（原表未标注且引用无线索）,黄继展、葛研、龚世平、简汉彪、李志锐、吴作谦 (2015) 动物学杂志 10.13859/j.cjz.201502016
2072,斑腿泛树蛙,Polypedates megacephalus,澳门,终审:排除-伴随物种（调查背景种）,记录类型无法判定（原表未标注且引用无线索）,黄继展、葛研、龚世平、简汉彪、李志锐、吴作谦 (2015) 动物学杂志 10.13859/j.cjz.201502016
2073,饰纹姬蛙,Microhyla fissipes,澳门,终审:排除-伴随物种（调查背景种）,记录类型无法判定（原表未标注且引用无线索）,黄继展、葛研、龚世平、简汉彪、李志锐、吴作谦 (2015) 动物学杂志 10.13859/j.cjz.201502016
2074,白唇竹叶青蛇,Trimeresurus albolabris,澳门,终审:排除-伴随物种（调查背景种）,记录类型无法判定（原表未标注且引用无线索）,黄继展、葛研、龚世平、简汉彪、李志锐、吴作谦 (2015) 动物学杂志 10.13859/j.cjz.201502016
2075,中国水蛇,Enhydris chinensis,澳门,终审:排除-伴随物种（调查背景种）,记录类型无法判定（原表未标注且引用无线索）,黄继展、葛研、龚世平、简汉彪、李志锐、吴作谦 (2015) 动物学杂志 10.13859/j.cjz.201502016
2076,冈氏绿蝮,Viridovipera gumprechti,云南,排除,区系/多样性调查类文献的物种清单行，非新纪录事件,"Peng Guo, Qin Liu, Guanghui Zhong, Fei Zhu, Fang Yan, Ting Tang, Rong Xiao, Min Fang, Ping Wang, Xin Fu (2015). Cryptic diversity of green pitvipers in Yunnan, South-west China (Squamata, Viperidae) Amphibia-Reptilia, 36, 265-276 https://doi.org/10.1163/15685381-00003004"
2077,坡普蝮,Popeia popeiorum,云南,事件表,省级新纪录事件（1省）,"Peng Guo, Qin Liu, Guanghui Zhong, Fei Zhu, Fang Yan, Ting Tang, Rong Xiao, Min Fang, Ping Wang, Xin Fu (2015). Cryptic diversity of green pitvipers in Yunnan, South-west China (Squamata, Viperidae) Amphibia-Reptilia, 36, 265-276 https://doi.org/10.1163/15685381-00003004"
2078,凹耳臭蛙,Odorrana tormota,福建,事件表,省级新纪录事件（1省）,王臻祺、仇志欣、梁涛、沈伟、鲁长虎 (2022) 动物学杂志 10.13859/j.cjz.202202017
2079,棘胸蛙,Quasipaa spinosa,,终审:A3 排除-无省份且无坐标,记录类型无法判定（原表未标注且引用无线索）,王臻祺、仇志欣、梁涛、沈伟、鲁长虎 (2022) 动物学杂志 10.13859/j.cjz.202202017
2080,泽陆蛙,Fejervarya multistriata,,终审:A3 排除-无省份且无坐标,记录类型无法判定（原表未标注且引用无线索）,王臻祺、仇志欣、梁涛、沈伟、鲁长虎 (2022) 动物学杂志 10.13859/j.cjz.202202017
2081,中华蟾蜍,Bufo gargarizans,,终审:A3 排除-无省份且无坐标,记录类型无法判定（原表未标注且引用无线索）,王臻祺、仇志欣、梁涛、沈伟、鲁长虎 (2022) 动物学杂志 10.13859/j.cjz.202202017
2082,阔褶水蛙,Hylarana latouchii,,终审:A3 排除-无省份且无坐标,记录类型无法判定（原表未标注且引用无线索）,王臻祺、仇志欣、梁涛、沈伟、鲁长虎 (2022) 动物学杂志 10.13859/j.cjz.202202017
2083,武夷湍蛙,Amolops wuyiensis,,终审:A3 排除-无省份且无坐标,记录类型无法判定（原表未标注且引用无线索）,王臻祺、仇志欣、梁涛、沈伟、鲁长虎 (2022) 动物学杂志 10.13859/j.cjz.202202017
2084,寒露林蛙,Rana hanluica,福建,事件表,省级新纪录事件（1省）,冯金英、王鹤霖、王臻祺、钟鸿辉、林清贤、周晓平 (2025) 动物学杂志 10.13859/j.cjz.202525007
2085,广东纤树蛙,Gracixalus guangdongensis,福建,事件表,省级新纪录事件（1省）,冯金英、王鹤霖、王臻祺、钟鸿辉、林清贤、周晓平 (2025) 动物学杂志 10.13859/j.cjz.202525007
2086,角原矛头蝮,Protobothrops cornutus,广东,排除,记录类型为'其他新纪录/再发现'等，未纳入省级新纪录事件表,
2087,张氏肥螈,Pachytriton changi,,新种表,新种描述，转入 CHNR_new_species,"Nishikawa, Kanto and Matsui, Masafumi and Jiang, Jian-Ping (2012). A New Species of Pachytriton from China (Amphibia: Urodela: Salamandridae) Current Herpetology, 31(1), 21-27 https://doi.org/10.5358/hsj.31.21"
2088,角原矛头蝮,Protobothrops cornutus,广东,排除,记录类型为'其他新纪录/再发现'等，未纳入省级新纪录事件表,
2089,角原矛头蝮,Protobothrops cornutus,广东,排除,记录类型为'其他新纪录/再发现'等，未纳入省级新纪录事件表,
2090,海南棱蜥,Tropidophorus hainanus,广东,事件表,省级新纪录事件（1省）,饶纪腾、潘虎君、蒋珂、胡慧建、张亮 (2011) 动物学杂志
2091,福清白环蛇,Lycodon futsingensis,,排除,省级信息缺失且无法由坐标推定,
2092,钝尾两头蛇,Calamaria septentrionalis,,终审:A3 排除-无省份且无坐标,记录类型无法判定（原表未标注且引用无线索）,
2093,翠青蛇,Cyclophiops major,,终审:A3 排除-无省份且无坐标,记录类型无法判定（原表未标注且引用无线索）,
2094,聂拉木坭蛇,Trachischium nyalamense,西藏,新种表,新种描述，转入 CHNR_new_species,"Guo, Peng and Liu, Qin and Jin, Jie Qiong and Shu, Fu and Wu, Ya Yong and Che, Jing (2024). Multilocus Molecular Phylogeny and Morphological Comparisons Provide New Insights into Systematics of the Genus Trachischium Günther, 1858 (Serpentes: Natricidae) Current Herpetology, 43(1), 7-21 https://doi.org/10.5358/hsj.43.7"
2095,小弧斑姬蛙,Microhyla heymonsi,,终审:A3 排除-无省份且无坐标,记录类型无法判定（原表未标注且引用无线索）,
2096,双全白环蛇,Lycodon fasciatus,广东,事件表,省级新纪录事件（1省）,
2097,双全白环蛇,Lycodon fasciatus,广东,事件表,省级新纪录事件（1省）,
2098,双全白环蛇,Lycodon fasciatus,广东,事件表,省级新纪录事件（1省）,
2099,福清链蛇,Lycodon futsingensis,广西,事件表,省级新纪录事件（1省）,彭丽芳、张亮、鲁长虎、田园、黄松 (2015) 动物学杂志 Chinese Journal of Zoology 10.13859/j.cjz.201506016
2100,福清链蛇,Lycodon futsingensis,浙江,事件表,省级新纪录事件（1省）,彭丽芳、张亮、鲁长虎、田园、黄松 (2015) 动物学杂志 Chinese Journal of Zoology 10.13859/j.cjz.201506016
2101,龙川棘胸蛙,Limnonectes longchuanensis,云南,新种表,新种描述，转入 CHNR_new_species,"CHATMONGKON SUWANNAPOOM & ZHI-YONG YUAN & JIN-MIN CHEN & MIAN HOU & HAI-PENG ZHAO & LI-JUN WANG & TRUONG SON NGUYEN & TRUONG Q. NGUYEN & ROBERT W. MURPHY & JAQUELINE SULLIVAN & DAVID S. MCLEOD & JING CHE (2016). Taxonomic revision of the Chinese Limnonectes (Anura, Dicroglossidae) with the description of a new species from China and Myanmar Zootaxa, 4093(2), 181–200 https://doi.org/10.11646/zootaxa.4093.2.2"
2102,福清链蛇,Lycodon futsingensis,江西,事件表,省级新纪录事件（1省）,彭丽芳、张亮、鲁长虎、田园、黄松 (2015) 动物学杂志 Chinese Journal of Zoology 10.13859/j.cjz.201506016
2103,桑植蛙,Rana sangzhiensis,广西,事件表,省级新纪录事件（1省）,陈慧玲、邹同祥、杨瑞刚、武正军、陈泽柠 (2025) 动物学杂志 Chinese Journal of Zoology 10.13859/j.cjz.202525004
2104,桑植蛙,Rana sangzhiensis,广西,事件表,省级新纪录事件（1省）,陈慧玲、邹同祥、杨瑞刚、武正军、陈泽柠 (2025) 动物学杂志 Chinese Journal of Zoology 10.13859/j.cjz.202525004
2105,独龙湍蛙,Odorrana dulongensis,云南,新种表,新种描述，转入 CHNR_new_species,"XIAOLONG LIU and YANHONG HE and YUFAN WANG and WOUTER BEUKEMA and SHAOBIN HOU and YINGCUN LI and JING CHE and ZHIYONG YUAN (2021). A new frog species of the genus Odorrana (Anura: Ranidae) from Yunnan, China Zootaxa, 4908(2), 263–275 https://doi.org/10.11646/zootaxa.4908.2.7"
2106,赵氏后棱蛇,Opisthotropis zhaoermii,广西,事件表,省级新纪录事件（1省）,陈慧玲、杨瑞刚、杨志刚、武正军、陈泽柠 (2025) 动物学杂志 10.13859/j.cjz.202524276
2107,福建竹叶青蛇,Trimeresurus stejnegeri,,终审:A3 排除-无省份且无坐标,记录类型无法判定（原表未标注且引用无线索）,陈慧玲、杨瑞刚、杨志刚、武正军、陈泽柠 (2025) 动物学杂志 10.13859/j.cjz.202524276
2108,锦白环蛇,Lycodon pictus,贵州,事件表,省级新纪录事件（1省）,徐宇浩、龚宴安、田胜尼、朱毅武、杨典成、黄汝怡 (2023) 动物学杂志 10.13859/j.cjz.202322333
2109,阿敦齿突蟾,Scutiger adungensis,,排除,国外新种描述（坐标在中国境外）,"Alain DUBOIS (1979). Une espèce nouvelle de Scutiger (Amphibiens, Anoures) du nord de la Birmanie Revue suisse Zool., 86(3), 631-640"
2110,戈登疣树蛙,Theloderma gordoni,云南,事件表,省级新纪录事件（1省）,"Qi Shuo and Yu Guo-hua and Lei Bo and Fan Yi and Zhang Deng-lin and Dong Zhi-wei and Li Pi-peng and Nikolai L. Orlov and Hou Mian (2018). FIRST RECORD OF Theloderma gordoni TAYLOR, 1962 FROM YUNNAN PROVINCE, CHINA Russian Journal of Herpetology, 25(1), 43-50"
2111,锦白环蛇,Lycodon pictus,贵州,事件表,省级新纪录事件（1省）,徐宇浩、龚宴安、田胜尼、朱毅武、杨典成、黄汝怡 (2023) 动物学杂志 10.13859/j.cjz.202322333
2112,细痣疣螈,Tylototriton asperrimus,湖北,事件表,省级新纪录事件（1省）,
2113,棘胸短腿蟾,Brachytarsophrys carinense,,终审:A3 排除-无省份且无坐标,新种描述文献中的伴随物种记录，非明确新纪录事件,"Yao Li and Dan-Dan Zhang and Zhi-Tong Lyu and Jian Wang and Yu-Long Li and Zu-Yao Liu and Hong-Hui Chen and Ding-Qi Rao and Zhi-Fang Jin and Chang-You Zhang and Ying-Yong Wang (2020). Review of the genus Brachytarsophrys (Anura: Megophryidae), with revalidation of Brachytarsophrys platyparietus and description of a new species from China Zoological Research https://doi.org/10.24272/j.issn.2095-8137.2020.033"
2114,中国瘰螈,Paramesotriton chinensis,湖北,事件表,省级新纪录事件（1省）,
2115,中国瘰螈,Paramesotriton chinensis,湖北,事件表,省级新纪录事件（1省）,
2116,中国瘰螈,Paramesotriton chinensis,湖北,事件表,省级新纪录事件（1省）,
2117,波普短腿蟾,Brachytarsophrys popei,,终审:A3 排除-无省份且无坐标,新种描述文献中的伴随物种记录，非明确新纪录事件,"Yao Li and Dan-Dan Zhang and Zhi-Tong Lyu and Jian Wang and Yu-Long Li and Zu-Yao Liu and Hong-Hui Chen and Ding-Qi Rao and Zhi-Fang Jin and Chang-You Zhang and Ying-Yong Wang (2020). Review of the genus Brachytarsophrys (Anura: Megophryidae), with revalidation of Brachytarsophrys platyparietus and description of a new species from China Zoological Research https://doi.org/10.24272/j.issn.2095-8137.2020.033"
2118,锦白环蛇,Lycodon pictus,高平,排除,记录类型为'其他新纪录/再发现'等，未纳入省级新纪录事件表,"Helen Yvonne Janssen, Ren Jin-Long, Li Jia-Tang, Wang Zeng, Tao Thien Nguyen, Truong Quang Nguyen, Quynh Thi Thuy Bui, Hanh Thi Ngo, Minh Duc Le & Thomas Ziegler (2020). Range extension and extended diagnosis of Lycodon pictus: First country record from China Revue suisse de Zoologie, 127(2), 413-422 https://doi.org/10.35929/RSZ.0030"
2119,中国瘰螈,Paramesotriton chinensis,湖北,事件表,省级新纪录事件（1省）,
2120,灰腹绿蛇,Rhadinophis frenatus,湖北,事件表,省级新纪录事件（1省）,崔继法、吉晟男、王志先、高学斌、陈健、李俊峰、周友兵 (2018) 动物学杂志 Chinese Journal of Zoology 10.13859/j.cjz.201804019
2121,康苏沙蜥,Phrynocephalus kangsuensis,新疆,新种表,新种描述，转入 CHNR_new_species,"Qianru Liang and Lei Shi (2024). Species divergence in valleys: the phylogeny of Phrynocephalus forsythii complex and description of a new species PeerJ, 12 https://doi.org/10.7717/peerj.17175"
2122,福氏沙蜥,Phrynocephalus forsythii,,新种表,新种描述，转入 CHNR_new_species,"Qianru Liang and Lei Shi (2024). Species divergence in valleys: the phylogeny of Phrynocephalus forsythii complex and description of a new species PeerJ, 12 https://doi.org/10.7717/peerj.17175"
2123,灰腹绿蛇,Rhadinophis frenatus,湖北,事件表,省级新纪录事件（1省）,崔继法、吉晟男、王志先、高学斌、陈健、李俊峰、周友兵 (2018) 动物学杂志 Chinese Journal of Zoology 10.13859/j.cjz.201804019
2124,灰腹绿蛇,Rhadinophis frenatus,湖北,事件表,省级新纪录事件（1省）,崔继法、吉晟男、王志先、高学斌、陈健、李俊峰、周友兵 (2018) 动物学杂志 Chinese Journal of Zoology 10.13859/j.cjz.201804019
2125,棘胸蛙,Paaspinosa,,终审:A3 排除-无省份且无坐标,记录类型无法判定（原表未标注且引用无线索）,
2126,双团棘胸蛙,Paas yunnanensis,,终审:A3 排除-无省份且无坐标,记录类型无法判定（原表未标注且引用无线索）,
2127,铜蜓蜥,Sphenomorphus indicus,,终审:A3 排除-无省份且无坐标,记录类型无法判定（原表未标注且引用无线索）,
2128,白刺湍蛙,Amolops albispinus,广东,新种表,新种描述，转入 CHNR_new_species,"YIK-HEI SUNG, PING HU, JIAN WANG, HAI-JUN LIU & YING-YONG WANG (2016). A new species of Amolops (Anura: Ranidae) from southern China Zootaxa, 4170(3), 525–538 https://doi.org/10.11646/zootaxa.4170.3.6"
2129,香港湍蛙,Amolops hongkongensis,香港,终审:A4 排除(建议)-伴随物种记录,新种描述文献中的伴随物种记录，非明确新纪录事件,"YIK-HEI SUNG, PING HU, JIAN WANG, HAI-JUN LIU & YING-YONG WANG (2016). A new species of Amolops (Anura: Ranidae) from southern China Zootaxa, 4170(3), 525–538 https://doi.org/10.11646/zootaxa.4170.3.6"
2130,戴云湍蛙,Amolops daiyunensis,福建,终审:A4 排除(建议)-伴随物种记录,新种描述文献中的伴随物种记录，非明确新纪录事件,"YIK-HEI SUNG, PING HU, JIAN WANG, HAI-JUN LIU & YING-YONG WANG (2016). A new species of Amolops (Anura: Ranidae) from southern China Zootaxa, 4170(3), 525–538 https://doi.org/10.11646/zootaxa.4170.3.6"
2131,棘胸湍蛙,Amolops ricketti,江西、福建,终审:A4 排除(建议)-伴随物种记录,新种描述文献中的伴随物种记录，非明确新纪录事件,"YIK-HEI SUNG, PING HU, JIAN WANG, HAI-JUN LIU & YING-YONG WANG (2016). A new species of Amolops (Anura: Ranidae) from southern China Zootaxa, 4170(3), 525–538 https://doi.org/10.11646/zootaxa.4170.3.6"
2132,中国石龙子,Eumeces chinensis,,终审:A3 排除-无省份且无坐标,记录类型无法判定（原表未标注且引用无线索）,
2133,黑背白环蛇,Lycodon ruhstrati,,终审:A3 排除-无省份且无坐标,记录类型无法判定（原表未标注且引用无线索）,
2134,百花锦蛇,Elaphe moellendorffi,贵州,事件表,省级新纪录事件（1省）,
2135,翡翠树蛙,Kurixalus berylliniris,台东县,新种表,新种描述，转入 CHNR_new_species,"Shu-Ping Wu and Chuan-Chin Huang and Chi-Li Tsai and Te-En Lin and Jhih-Jia Jhang and Sheng-Hai Wu (2016). Systematic revision of the Taiwanese genus Kurixalus members with a description of two new endemic species (Anura, Rhacophoridae) ZooKeys, 557, 121–153 https://doi.org/10.3897/zookeys.557.6131"
2136,王氏树蛙,Kurixalus wangi,,新种表,新种描述，转入 CHNR_new_species,"Shu-Ping Wu and Chuan-Chin Huang and Chi-Li Tsai and Te-En Lin and Jhih-Jia Jhang and Sheng-Hai Wu (2016). Systematic revision of the Taiwanese genus Kurixalus members with a description of two new endemic species (Anura, Rhacophoridae) ZooKeys, 557, 121–153 https://doi.org/10.3897/zookeys.557.6131"
2137,艾氏树蛙,Kurixalus eiffingeri,,终审:B7 坐标在境内可反推省份,记录类型无法判定（原表未标注且引用无线索）,"Shu-Ping Wu and Chuan-Chin Huang and Chi-Li Tsai and Te-En Lin and Jhih-Jia Jhang and Sheng-Hai Wu (2016). Systematic revision of the Taiwanese genus Kurixalus members with a description of two new endemic species (Anura, Rhacophoridae) ZooKeys, 557, 121–153 https://doi.org/10.3897/zookeys.557.6131"
2138,台北树蛙,Kurixalus idiootocus,,终审:B7 坐标在境内可反推省份,记录类型无法判定（原表未标注且引用无线索）,"Shu-Ping Wu and Chuan-Chin Huang and Chi-Li Tsai and Te-En Lin and Jhih-Jia Jhang and Sheng-Hai Wu (2016). Systematic revision of the Taiwanese genus Kurixalus members with a description of two new endemic species (Anura, Rhacophoridae) ZooKeys, 557, 121–153 https://doi.org/10.3897/zookeys.557.6131"
2139,百花锦蛇,Elaphe moellendorffi,贵州,事件表,省级新纪录事件（1省）,
2140,台湾中国石龙子,Plestiodon chinensis formosensis,新北,终审:C 排除-记录地为国外省区,记录类型无法判定（原表未标注且引用无线索）,"Kazuki Kurita and Yukiko Nakamura and Taku Okamoto and Si-Min Lin and Tsutomu Hikida (2017). Taxonomic reassessment of two subspecies of Chinese skink in Taiwan based on morphological and molecular investigations (Squamata, Scincidae) ZooKeys, 687, 131–148 https://doi.org/10.3897/zookeys.687.12742"
2141,百花锦蛇,Elaphe moellendorffi,贵州,事件表,省级新纪录事件（1省）,
2142,百花锦蛇,Elaphe moellendorffi,贵州,事件表,省级新纪录事件（1省）,
2143,墨脱拟髭蟾,Liurana medogensis,西藏,事件表,省级新纪录事件（1省）,"Fang YAN and Ke JIANG and Kai WANG and Jie-Qiong JIN and Chatmongkon SUWANNAPOOM and Cheng LI and Jens V. VINDUM and Rafe M. BROWN and Jing CHE (2016). The Australasian frog family Ceratobatrachidae in China, Myanmar and Thailand: discovery of a new Himalayan forest frog clade ZOOLOGICAL RESEARCH, 37(1), 7-14 https://doi.org/10.13918/j.issn.2095-8137.2016.1.7"
2144,高山拟髭蟾,Liurana alpina,西藏,事件表,省级新纪录事件（1省）,"Fang YAN and Ke JIANG and Kai WANG and Jie-Qiong JIN and Chatmongkon SUWANNAPOOM and Cheng LI and Jens V. VINDUM and Rafe M. BROWN and Jing CHE (2016). The Australasian frog family Ceratobatrachidae in China, Myanmar and Thailand: discovery of a new Himalayan forest frog clade ZOOLOGICAL RESEARCH, 37(1), 7-14 https://doi.org/10.13918/j.issn.2095-8137.2016.1.7"
2145,北方印蛙,Ingerana borealis,西藏,终审:待人工-倾向转入事件表,记录类型无法判定（原表未标注且引用无线索）,"Fang YAN and Ke JIANG and Kai WANG and Jie-Qiong JIN and Chatmongkon SUWANNAPOOM and Cheng LI and Jens V. VINDUM and Rafe M. BROWN and Jing CHE (2016). The Australasian frog family Ceratobatrachidae in China, Myanmar and Thailand: discovery of a new Himalayan forest frog clade ZOOLOGICAL RESEARCH, 37(1), 7-14 https://doi.org/10.13918/j.issn.2095-8137.2016.1.7"
2146,塔萨纳印蛙,Alcalus tasanae,,排除,国外记录（坐标在中国境外）,"Fang YAN and Ke JIANG and Kai WANG and Jie-Qiong JIN and Chatmongkon SUWANNAPOOM and Cheng LI and Jens V. VINDUM and Rafe M. BROWN and Jing CHE (2016). The Australasian frog family Ceratobatrachidae in China, Myanmar and Thailand: discovery of a new Himalayan forest frog clade ZOOLOGICAL RESEARCH, 37(1), 7-14 https://doi.org/10.13918/j.issn.2095-8137.2016.1.7"
2147,百花锦蛇,Elaphe moellendorffi,贵州,事件表,省级新纪录事件（1省）,
2148,黑带腹链蛇,Amphiesma bitaeniata,贵州,事件表,省级新纪录事件（1省）,
2149,黑带腹链蛇,Amphiesma bitaeniata,贵州,事件表,省级新纪录事件（1省）,
2150,凹耳臭蛙,Odorrana tormota,江苏,事件表,省级新纪录事件（1省）,陈智强、王远飞、樊晓丽、丁国骅、林植华 (2018) 动物学杂志 Chinese Journal of Zoology 10.13859/j.cjz.201806017
2151,版纳蹼趾虎,Ptychozoon bannaense,云南,新种表,新种描述，转入 CHNR_new_species,"YING-YONG WANG and JIAN WANG and ZU-YAO LIU (2016). Description of a new species of the genus Ptychozoon (Squamata: Gekkonidae), representing a new national record of this genus from southern Yunnan Province, China Zootaxa, 4084(3), 406–420 https://doi.org/10.11646/zootaxa.4084.3.6"
2152,深圳后棱蛇,Opisthotropis shenzhenensis,广东,新种表,新种描述，转入 CHNR_new_species,"YING-YONG WANG and QIANG GUO and ZU-YAO LIU and ZHI-TONG LYU and JIAN WANG and LIN LUO and YAN-JUN SUN and YAN-WU ZHANG (2017). Revisions of two poorly known species of Opisthotropis Günther, 1872 (Squamata: Colubridae: Natricinae) with description of a new species from China Zootaxa, 4247(4), 391–412 https://doi.org/10.11646/zootaxa.4247.4.3"
2153,安氏后棱蛇,Opisthotropis andersonii,,终审:B7 坐标在境内可反推省份,新种描述文献中的伴随物种记录，非明确新纪录事件,"YING-YONG WANG and QIANG GUO and ZU-YAO LIU and ZHI-TONG LYU and JIAN WANG and LIN LUO and YAN-JUN SUN and YAN-WU ZHANG (2017). Revisions of two poorly known species of Opisthotropis Günther, 1872 (Squamata: Colubridae: Natricinae) with description of a new species from China Zootaxa, 4247(4), 391–412 https://doi.org/10.11646/zootaxa.4247.4.3"
2154,麦氏后棱蛇,Opisthotropis maxwelli,福建,终审:A4 排除(建议)-伴随物种记录,新种描述文献中的伴随物种记录，非明确新纪录事件,"YING-YONG WANG and QIANG GUO and ZU-YAO LIU and ZHI-TONG LYU and JIAN WANG and LIN LUO and YAN-JUN SUN and YAN-WU ZHANG (2017). Revisions of two poorly known species of Opisthotropis Günther, 1872 (Squamata: Colubridae: Natricinae) with description of a new species from China Zootaxa, 4247(4), 391–412 https://doi.org/10.11646/zootaxa.4247.4.3"
2155,棘胸蛙,Quasipaa spinosa,,终审:A3 排除-无省份且无坐标,记录类型无法判定（原表未标注且引用无线索）,陈智强、王远飞、樊晓丽、丁国骅、林植华 (2018) 动物学杂志 Chinese Journal of Zoology 10.13859/j.cjz.201806017
2156,泽陆蛙,Fejervarya multistriata,,终审:A3 排除-无省份且无坐标,记录类型无法判定（原表未标注且引用无线索）,陈智强、王远飞、樊晓丽、丁国骅、林植华 (2018) 动物学杂志 Chinese Journal of Zoology 10.13859/j.cjz.201806017
2157,中华蟾蜍,Bufo gargarizans,,终审:A3 排除-无省份且无坐标,记录类型无法判定（原表未标注且引用无线索）,陈智强、王远飞、樊晓丽、丁国骅、林植华 (2018) 动物学杂志 Chinese Journal of Zoology 10.13859/j.cjz.201806017
2158,费氏小树蛙,Liuixalus feii,广东,新种表,新种描述，转入 CHNR_new_species,"JIAN-HUAN YANG, DING-QI RAO & YING-YONG WANG (2015). A new species of the genus Liuixalus (Anura: Rhacophoridae) from southern China Zootaxa, 3990(2), 247–258 https://doi.org/10.11646/zootaxa.3990.2.5"
2159,武夷湍蛙,Amolops wuyiensis,,终审:A3 排除-无省份且无坐标,记录类型无法判定（原表未标注且引用无线索）,陈智强、王远飞、樊晓丽、丁国骅、林植华 (2018) 动物学杂志 Chinese Journal of Zoology 10.13859/j.cjz.201806017
2160,寒露林蛙,Rana hanluica,江西,事件表,省级新纪录事件（1省）,杨道德、刘松、费冬波、喻兴雷、谷颖乐、卢何军、陈辉敏、朱家椿 (2008) 动物学杂志
2161,单后颞鳞腹链蛇,Plagiopholis unipostocularis,云南,终审:待人工-倾向转入事件表,记录类型无法判定（原表未标注且引用无线索）,"GUANG HUI ZHONG and WEN DE CHEN and QIN LIU and FEI ZHU and PEI HAO PENG & PENG GUO (2015). Valid or not? Yunnan mountain snake Plagiopholis unipostocularis (Serpentes: Colubridae: Pseudoxenodontinae) Zootaxa, 4020(2), 390–396 https://doi.org/10.11646/zootaxa.4020.2.9"
2162,布莱克威腹链蛇,Plagiopholis blakewayi,云南,终审:待人工-倾向转入事件表,记录类型无法判定（原表未标注且引用无线索）,"GUANG HUI ZHONG and WEN DE CHEN and QIN LIU and FEI ZHU and PEI HAO PENG & PENG GUO (2015). Valid or not? Yunnan mountain snake Plagiopholis unipostocularis (Serpentes: Colubridae: Pseudoxenodontinae) Zootaxa, 4020(2), 390–396 https://doi.org/10.11646/zootaxa.4020.2.9"
2163,福建钝头蛇,Pareas stanleyi,江西,排除,记录类型为'其他新纪录/再发现'等，未纳入省级新纪录事件表,杨道德、刘松、费冬波、喻兴雷、谷颖乐、卢何军、陈辉敏、朱家椿 (2008) 动物学杂志
2164,海南棱蜥,Tropidophorus hainanus,江西,终审:排除-非省级首次记录,记录类型无法判定（原表未标注且引用无线索）,杨道德、刘松、费冬波、喻兴雷、谷颖乐、卢何军、陈辉敏、朱家椿 (2008) 动物学杂志
2165,福建华珊瑚蛇,Sinomicrurus kelloggi,江西,终审:排除-非省级首次记录,记录类型无法判定（原表未标注且引用无线索）,杨道德、刘松、费冬波、喻兴雷、谷颖乐、卢何军、陈辉敏、朱家椿 (2008) 动物学杂志
2166,龙胜臭蛙,Odorrana lungshengensis,湖北,事件表,省级新纪录事件（1省）,戴宗兴、王美芳、唐登奎、舒实、王芊芊、左杰、刘绪生 (2008) 动物学杂志
2167,崇安湍蛙,Amolops chunganensis,湖北,事件表,省级新纪录事件（1省）,戴宗兴、王美芳、唐登奎、舒实、王芊芊、左杰、刘绪生 (2008) 动物学杂志
2168,中华湍蛙,Amolops sinensis,湖南,终审:排除-伴随物种（比较种）,记录类型无法判定（原表未标注且引用无线索）,高志伟、齐硕、钱天宇、黄太福、康祖杰、杨道德 (2023) 动物学杂志 Chinese Journal of Zoology 10.13859/j.cjz.202302012
2169,崇安湍蛙,Amolops,湖南,终审:排除-伴随物种（比较种）,记录类型无法判定（原表未标注且引用无线索）,高志伟、齐硕、钱天宇、黄太福、康祖杰、杨道德 (2023) 动物学杂志 Chinese Journal of Zoology 10.13859/j.cjz.202302012
2170,大明山臭蛙,Odorrana damingshanensis,广西,新种表,新种描述，转入 CHNR_new_species,"Wei-Cai Chen and Yun-Ming Mo and Li Lin and Kun Qin (2024). A new species of Odorrana Fei, Ye & Huang, 1990 (Amphibia, Anura, Ranidae) from central Guangxi, China with a discussion of the taxonomy of Odorrana (Bamburana) ZooKeys https://doi.org/10.3897/zookeys.1190.109886"
2171,福建竹叶青蛇,Trimeresurus stejnegeri,湖南,终审:排除-伴随物种（比较种）,记录类型无法判定（原表未标注且引用无线索）,高志伟、齐硕、钱天宇、黄太福、康祖杰、杨道德 (2023) 动物学杂志 Chinese Journal of Zoology 10.13859/j.cjz.202302012
2172,越南臭蛙,Odorrana yentuensis,广西,终审:A4 排除(建议)-伴随物种记录,新种描述文献中的伴随物种记录，非明确新纪录事件,"Wei-Cai Chen and Yun-Ming Mo and Li Lin and Kun Qin (2024). A new species of Odorrana Fei, Ye & Huang, 1990 (Amphibia, Anura, Ranidae) from central Guangxi, China with a discussion of the taxonomy of Odorrana (Bamburana) ZooKeys https://doi.org/10.3897/zookeys.1190.109886"
2173,小臭蛙,Odorrana exiliversabilis,福建,终审:A4 排除(建议)-伴随物种记录,新种描述文献中的伴随物种记录，非明确新纪录事件,"Wei-Cai Chen and Yun-Ming Mo and Li Lin and Kun Qin (2024). A new species of Odorrana Fei, Ye & Huang, 1990 (Amphibia, Anura, Ranidae) from central Guangxi, China with a discussion of the taxonomy of Odorrana (Bamburana) ZooKeys https://doi.org/10.3897/zookeys.1190.109886"
2174,云开脊蛇,Achalinus yunkaiensis,湖南,事件表,省级新纪录事件（1省）,马舜、石胜超、江建平 (2023) 动物学杂志 10.13859/j.cjz.202305010
2175,刘氏臭蛙,Odorrana grahami,云南,终审:A4 排除(建议)-伴随物种记录,新种描述文献中的伴随物种记录，非明确新纪录事件,"Wei-Cai Chen and Yun-Ming Mo and Li Lin and Kun Qin (2024). A new species of Odorrana Fei, Ye & Huang, 1990 (Amphibia, Anura, Ranidae) from central Guangxi, China with a discussion of the taxonomy of Odorrana (Bamburana) ZooKeys https://doi.org/10.3897/zookeys.1190.109886"
2176,草臭蛙,Odorrana graminea,海南,终审:A4 排除(建议)-伴随物种记录,新种描述文献中的伴随物种记录，非明确新纪录事件,"Wei-Cai Chen and Yun-Ming Mo and Li Lin and Kun Qin (2024). A new species of Odorrana Fei, Ye & Huang, 1990 (Amphibia, Anura, Ranidae) from central Guangxi, China with a discussion of the taxonomy of Odorrana (Bamburana) ZooKeys https://doi.org/10.3897/zookeys.1190.109886"
2177,棕脊蛇,Achalinus rufescens,,终审:B7 坐标在境内可反推省份,记录类型无法判定（原表未标注且引用无线索）,马舜、石胜超、江建平 (2023) 动物学杂志 10.13859/j.cjz.202305010
2178,海南棱蜥,Tropidophorus hainanus,湖南,事件表,省级新纪录事件（1省）,费冬波、杨道德、宋玉成、傅祺、杨相伦 (2010) 动物学杂志
2179,高砂蛇,Pareas komaii,,排除,区系/多样性调查类文献的物种清单行，非新纪录事件,"CHUNG-WEI YOU and NIKOLAY A. POYARKOV JR & SI-MIN LIN (2015). Diversity of the snail-eating snakes Pareas (Serpentes, Pareatidae) from Taiwan Zoologica Scripta, 44, 349–361 https://doi.org/10.1111/zsc.12111"
2180,台湾钝头蛇,Pareas formosensis,,排除,区系/多样性调查类文献的物种清单行，非新纪录事件,"CHUNG-WEI YOU and NIKOLAY A. POYARKOV JR & SI-MIN LIN (2015). Diversity of the snail-eating snakes Pareas (Serpentes, Pareatidae) from Taiwan Zoologica Scripta, 44, 349–361 https://doi.org/10.1111/zsc.12111"
2181,岩崎氏钝头蛇,Pareas iwasakii,,排除,区系/多样性调查类文献的物种清单行，非新纪录事件,"CHUNG-WEI YOU and NIKOLAY A. POYARKOV JR & SI-MIN LIN (2015). Diversity of the snail-eating snakes Pareas (Serpentes, Pareatidae) from Taiwan Zoologica Scripta, 44, 349–361 https://doi.org/10.1111/zsc.12111"
2182,,Pareas sp. nov.,,新种表,新种描述，转入 CHNR_new_species,"CHUNG-WEI YOU and NIKOLAY A. POYARKOV JR & SI-MIN LIN (2015). Diversity of the snail-eating snakes Pareas (Serpentes, Pareatidae) from Taiwan Zoologica Scripta, 44, 349–361 https://doi.org/10.1111/zsc.12111"
2183,黑带腹链蛇,Amphiesma bitaeniata,湖南,事件表,省级新纪录事件（1省）,费冬波、杨道德、宋玉成、傅祺、杨相伦 (2010) 动物学杂志
2184,花臭蛙,Odorrana schmackeri,湖南,终审:排除-分类修订（非新纪录）,记录类型无法判定（原表未标注且引用无线索）,何玉晓、朱艳军、冯琦琦、李真、陈卓、陈晓虹 (2017) 动物学杂志 Chinese Journal of Zoology 10.13859/j.cjz.201704008
2185,黄岗臭蛙,Odorrana huanggangensis,湖南,事件表,省级新纪录事件（1省）,何玉晓、朱艳军、冯琦琦、李真、陈卓、陈晓虹 (2017) 动物学杂志 Chinese Journal of Zoology 10.13859/j.cjz.201704008
2186,西藏拟湍蛙,Liurana xizangensis,西藏,事件表,省级新纪录事件（1省）,"Fang YAN and Ke JIANG and Kai WANG and Jie-Qiong JIN and Chatmongkon SUWANNAPOOM and Cheng LI and Jens V. VINDUM and Rafe M. BROWN and Jing CHE (2016). The Australasian frog family Ceratobatrachidae in China, Myanmar and Thailand: discovery of a new Himalayan forest frog clade ZOOLOGICAL RESEARCH, 37(1), 7-14 https://doi.org/10.13918/j.issn.2095-8137.2016.1.7"
2187,墨脱拟湍蛙,Liurana medogensis,西藏,事件表,省级新纪录事件（1省）,"Fang YAN and Ke JIANG and Kai WANG and Jie-Qiong JIN and Chatmongkon SUWANNAPOOM and Cheng LI and Jens V. VINDUM and Rafe M. BROWN and Jing CHE (2016). The Australasian frog family Ceratobatrachidae in China, Myanmar and Thailand: discovery of a new Himalayan forest frog clade ZOOLOGICAL RESEARCH, 37(1), 7-14 https://doi.org/10.13918/j.issn.2095-8137.2016.1.7"
2188,中华湍蛙,Amolops sinensis,四川,事件表,省级新纪录事件（1省）,彭希睿、杨超、黄燕 (2025) 动物学杂志 Chinese Journal of Zoology 10.13859/j.cjz.202524174
2189,僜湍蛙,Amolops deng,云南,事件表,省级新纪录事件（1省）,于中斌、侯绍兵、陈天恩、安东、赵海鹏、柳青、熊云、朱林、吴云鹤、车静 (2022) 动物学杂志 10.13859/j.cjz.202205008
2190,赵尔宓后棱蛇,Opisthotropis zhaoermii,湖南,新种表,新种描述，转入 CHNR_new_species,"Jin-Long Ren and Kai Wang and Ke Jiang and Peng Guo and Jia-Tang Li (2017). A new species of the Southeast Asian genus Opisthotropis (Serpentes: Colubridae: Natricinae) from western Hunan, China ZOOLOGICAL RESEARCH, 38(5), 251-263 https://doi.org/10.24272/j.issn.2095-8137.2017.068"
2191,杨氏龙蜥,Diploderma yangi,西藏,新种表,新种描述，转入 CHNR_new_species,"KAI WANG & YINPENG ZHANG & XIANQI LI (2022). A New Species of Diploderma (Reptilia: Squamata: Agamidae) from the upper Salween River in Eastern Tibet, China Zootaxa, 5099(2), 201–220 https://doi.org/10.11646/zootaxa.5099.2.3"
2192,察隅湍蛙,Amolops chayuensis,云南,事件表,省级新纪录事件（1省）,于中斌、侯绍兵、陈天恩、安东、赵海鹏、柳青、熊云、朱林、吴云鹤、车静 (2022) 动物学杂志 10.13859/j.cjz.202205008
2193,小弧斑姬蛙,Microhyla heymonsi,河南,事件表,省级新纪录事件（1省）,陈晓虹、陶立奎、夏中荣 (2005) 动物学杂志
2194,德化脊蛇,Achalinus dehuaensis,浙江,事件表,省级新纪录事件（1省）,黄汝怡、杨典成、吴军、朱滨清、黄松、李晨虹 (2024) 动物学杂志 10.13859/j.cjz.202423202
2195,德化脊蛇,Achalinus dehuaensis,浙江,事件表,省级新纪录事件（1省）,黄汝怡、杨典成、吴军、朱滨清、黄松、李晨虹 (2024) 动物学杂志 10.13859/j.cjz.202423202
2196,长肢林蛙,Rana longicrus,浙江,事件表,省级新纪录事件（1省）,赵玉瑞、朱滨清、高朔、王乐、吴延庆 (2023) 动物学杂志 Chinese Journal of Zoology 10.13859/j.cjz.202304013
2197,镇海林蛙,Rana zhenhaiensis,,终审:A3 排除-无省份且无坐标,记录类型无法判定（原表未标注且引用无线索）,赵玉瑞、朱滨清、高朔、王乐、吴延庆 (2023) 动物学杂志 Chinese Journal of Zoology 10.13859/j.cjz.202304013
2198,八沙掌突蟾,Leptobrachella bashaensis,贵州,新种表,新种描述，转入 CHNR_new_species,"Jing-Cai Lyu and Liang-Liang Dai and Ping-Fan Wei and Yan-Hong He and Zhi-Yong Yuan and Wen-Li Shi and Sheng-Lun Zhou and Si-Yu Ran and Zhong-Fan Kuang and Xuan Guo and Gang Wei and Guo Yuan (2020). A new species of the genus Leptobrachella Smith, 1925 (Anura, Megophryidae) from Guizhou, China ZooKeys, 1008, 139–157 https://doi.org/10.3897/zookeys.1008.56412"
2199,寒露林蛙,Rana hanluica,,终审:A3 排除-无省份且无坐标,记录类型无法判定（原表未标注且引用无线索）,赵玉瑞、朱滨清、高朔、王乐、吴延庆 (2023) 动物学杂志 Chinese Journal of Zoology 10.13859/j.cjz.202304013
2200,丽水树蛙,Zhangixalus lishuiensis,,新种表,新种描述，转入 CHNR_new_species,赵玉瑞、朱滨清、高朔、王乐、吴延庆 (2023) 动物学杂志 Chinese Journal of Zoology 10.13859/j.cjz.202304013
2201,橙脊瘰螈,Paramesotriton aurantius,,终审:A3 排除-无省份且无坐标,记录类型无法判定（原表未标注且引用无线索）,赵玉瑞、朱滨清、高朔、王乐、吴延庆 (2023) 动物学杂志 Chinese Journal of Zoology 10.13859/j.cjz.202304013
2202,寒露林蛙,Rana hanluica,浙江,事件表,省级新纪录事件（1省）,金伟、王聿凡、蒋珂、刘宝权、周佳俊、许济南 (2017) 动物学杂志 10.13859/j.cjz.201706014
2203,镇海林蛙,Rana zhenhaiensis,,终审:A3 排除-无省份且无坐标,记录类型无法判定（原表未标注且引用无线索）,金伟、王聿凡、蒋珂、刘宝权、周佳俊、许济南 (2017) 动物学杂志 10.13859/j.cjz.201706014
2204,中华蟾蜍,Bufo gargarizans,,终审:A3 排除-无省份且无坐标,记录类型无法判定（原表未标注且引用无线索）,金伟、王聿凡、蒋珂、刘宝权、周佳俊、许济南 (2017) 动物学杂志 10.13859/j.cjz.201706014
2205,古氏草蜥,Takydromus kuehnei,浙江,事件表,省级新纪录事件（1省）,陈静怡、胡华丽、丁国骅、张振华、曹铭昌 (2022) 动物学杂志 Chinese Journal of Zoology 10.13859/j.cjz.202206018
2206,古氏草蜥,Takydromus kuehnei,浙江,事件表,省级新纪录事件（1省）,陈静怡、胡华丽、丁国骅、张振华、曹铭昌 (2022) 动物学杂志 Chinese Journal of Zoology 10.13859/j.cjz.202206018
2207,云开脊蛇,Achalinus yunkaiensis,浙江,事件表,省级新纪录事件（1省）,陈健、罗洪雨、钟俊杰、郭坤、马月 (2024) 动物学杂志 10.13859/j.cjz.202423164
2208,黄家岭脊蛇,Achalinus huangjietangi,浙江,排除,记录类型为'其他新纪录/再发现'等，未纳入省级新纪录事件表,陈健、罗洪雨、钟俊杰、郭坤、马月 (2024) 动物学杂志 10.13859/j.cjz.202423164
2209,福建颈斑蛇,Plagiopholis styani,贵州,事件表,省级新纪录事件（1省）,"张勇、彭丽芳、朱毅武、黄松 (2020). 贵州省发现福建颈斑蛇 Plagiopholis styani (Boulenger, 1899) Found in Guizhou Province, China 动物学杂志 Chinese Journal of Zoology, 55(3), 412 https://doi.org/10.13859/j.cjz.202003018"
2210,合江棘蛙,Paa robertingeri,重庆,事件表,省级新纪录事件（1省）,"黄静,罗键,宋劲秋,等.重庆市两栖类两新纪录——合江棘蛙和合江臭蛙[J].动物学杂志,2010,45(2):158-161.DOI:10.13859/j.cjz.2010.02.010."
2211,合江臭蛙,Odorrana hejiangensis,重庆,事件表,省级新纪录事件（1省）,"黄静,罗键,宋劲秋,等.重庆市两栖类两新纪录——合江棘蛙和合江臭蛙[J].动物学杂志,2010,45(2):158-161.DOI:10.13859/j.cjz.2010.02.010."
2212,光雾臭蛙,Odorrana kuangwuensis,重庆,事件表,省级新纪录事件（1省）,易建华、甘小平、黄自豪、于丽娟、黄静、罗键、王志坚 (2013) 动物学杂志
2213,南江臭蛙,Odorrana nankiangensis,重庆,事件表,省级新纪录事件（1省）,
2214,滇南竹叶青,Trimeresurus guoi,云南,新种表,新种描述，转入 CHNR_new_species,"Zening CHEN and Shengchao SHI and Jun GAO and Gernot VOGEL and Zhaobin SONG and Li DING and Rong DAI (2021). A New Species of Trimeresurus Lacépède, 1804 (Squamata: Viperidae) from Southwestern China, Vietnam, Thailand and Myanmar Asian Herpetological Research, 12(2), 167–177 https://doi.org/10.16373/j.cnki.ahr.200084"
2215,务川臭蛙,Odorrana wuchuanensis,重庆,事件表,省级新纪录事件（1省）,马琦、黄静、万里鹏、侯明、袁智勇、王志坚 (2023) 动物学杂志 10.13859/j.cjz.202304015
2216,大方湍蛙,Amolops dafangensis,贵州,新种表,新种描述，转入 CHNR_new_species,"Shi-Ze Li and Jing Liu and Xiao-Cong Ke and Gang Cheng and Bin Wang (2023). A new species of Amolops (Amphibia, Anura, Ranidae) from Guizhou Province, China Food Science https://doi.org/10.3897/zookeys.1189.115621"
2217,铅山壁虎,Gekko hokouensis,,终审:A3 排除-无省份且无坐标,新种描述文献中的伴随物种记录，非明确新纪录事件,"林俊聰 & 姚秋如 and Jun-Tsong Lin and Chiou-Ju Yao (2016). 臺灣宜蘭縣龜山島壁虎屬 (Gekko) (有鱗目:蜥蜴亞目: 壁虎科) 一新種 A New Species of the Genus Gekko (Squamata: Sauria: Gekkonidae) from Guishan Isle, Yilan County, Taiwan 國立臺灣博物館學刊, 69(2), 1-14 https://doi.org/10.6532/JNTM.2016.69(2).01"
2218,雷山臭蛙,Odorrana leishanensis,贵州,新种表,新种描述，转入 CHNR_new_species,"Shi-Ze Li and Ji-Jun Chen and Hai-Jun Su and Jing Liu and Xiu-Jun Tang and Bin Wang (2024). A new odorous frog species of Odorrana (Amphibia, Anura, Ranidae) from Guizhou Province, China Food Science https://doi.org/10.3897/zookeys.1192.114315"
2219,杨氏臭蛙,Odorrana yangi,云南,新种表,新种描述，转入 CHNR_new_species,"Shuo Liu and Chao Bu and Yanfei Feng and Mian Hou and Dingqi Rao and Song Li (2025). A new species of the genus Odorrana Fei, Ye & Huang, 1990 (Anura, Ranidae) from southeastern Yunnan, China Yunnan Wenshan National Nature https://doi.org/10.3897/zookeys.1275.186067"
2220,新疆漠虎,Teratoscincus przewalskii,甘肃,事件表,省级新纪录事件（1省）,
2221,藏南拟髭蟾,Leptobrachium bompu,阿鲁纳恰尔邦,排除,国外新种描述（省份为外国地名）,Unknown Author (2011). Magnolia Press Zootaxa
2222,观音山后棱蛇,Pareas guanyinshanensis,云南,新种表,新种描述，转入 CHNR_new_species,"Shuo Liu and Mingzhong Mo and Mei Li and Biao Li and Xiong Luo and Dingqi Rao and Song Li (2024). Description of a New Species of the Pareas hamptoni Complex from Yunnan, China, with Confirmation of P. hamptoni Sensu Stricto in China (Squamata, Pareidae) Animals, 14, 421 https://doi.org/10.3390/ani14030421"
2223,汉普顿后棱蛇,Pareas hamptoni,云南,排除,记录类型为'其他新纪录/再发现'等，未纳入省级新纪录事件表,"Shuo Liu and Mingzhong Mo and Mei Li and Biao Li and Xiong Luo and Dingqi Rao and Song Li (2024). Description of a New Species of the Pareas hamptoni Complex from Yunnan, China, with Confirmation of P. hamptoni Sensu Stricto in China (Squamata, Pareidae) Animals, 14, 421 https://doi.org/10.3390/ani14030421"
2224,老君山倭蛙,Nanorana laojunshanensis,云南,新种表,新种描述，转入 CHNR_new_species,"Shangjing Tang and Shuo Liu and Guohua Yu (2023). A New Species of Nanorana (Anura: Dicroglossidae) from Northwestern Yunnan, China, with Comments on the Taxonomy of Nanorana arunachalensis and Allopaa Animals, 13, 3427 https://doi.org/10.3390/ani13213427"
2225,从江角蟾,Panophrys congjiangensis,贵州,新种表,新种描述，转入 CHNR_new_species,"Tao Luo and Yali Wang and Siwei Wang and Xueli Lu and Weifeng Wang and Huaiqing Deng and Jiang Zhou (2021). A species of the genus Panophrys (Anura, Megophryidae) from southeastern Guizhou Province, China ZooKeys, 1047, 27–60 https://doi.org/10.3897/zookeys.1047.61097"
2226,雷山角蟾,Panophrys leishanensis,贵州,终审:排除-新种表已收录,记录类型无法判定（原表未标注且引用无线索）,"Tao Luo and Yali Wang and Siwei Wang and Xueli Lu and Weifeng Wang and Huaiqing Deng and Jiang Zhou (2021). A species of the genus Panophrys (Anura, Megophryidae) from southeastern Guizhou Province, China ZooKeys, 1047, 27–60 https://doi.org/10.3897/zookeys.1047.61097"
2227,荔波角蟾,Panophrys liboensis,贵州,终审:排除-新种表已收录,记录类型无法判定（原表未标注且引用无线索）,"Tao Luo and Yali Wang and Siwei Wang and Xueli Lu and Weifeng Wang and Huaiqing Deng and Jiang Zhou (2021). A species of the genus Panophrys (Anura, Megophryidae) from southeastern Guizhou Province, China ZooKeys, 1047, 27–60 https://doi.org/10.3897/zookeys.1047.61097"
2228,大方湍蛙,Amolops dafangensis,贵州,新种表,新种描述，转入 CHNR_new_species,"Shi-Ze Li and Jing Liu and Xiao-Cong Ke and Gang Cheng and Bin Wang (2023). A new species of Amolops (Amphibia, Anura, Ranidae) from Guizhou Province, China Food Science https://doi.org/10.3897/zookeys.1189.115621"
2229,安龙角蟾,Megophrys anlongensis,贵州,新种表,新种描述，转入 CHNR_new_species,"Shi-Ze Li and Ning-Ning Lu and Jing Liu and Bin Wang (2020). Description of a new Megophrys Kuhl & Van Hasselt, 1822 (Anura, Megophryidae) from Guizhou Province, China ZooKeys, 986, 101–126 https://doi.org/10.3897/zookeys.986.57119"
2231,雪林倭蛙,Nanorana xuelinensis,云南,新种表,新种描述，转入 CHNR_new_species,"Shuo Liu and Peisong Zhang and Dingqi Rao (2021). A new species of Nanorana Günther, 1896 (Anura, Dicroglossidae) from Yunnan, China ZooKeys, 1048, 49–67 https://doi.org/10.3897/zookeys.1048.65620"
2232,雷山臭蛙,Odorrana leishanensis,贵州,新种表,新种描述，转入 CHNR_new_species,"Shi-Ze Li and Ji-Jun Chen and Hai-Jun Su and Jing Liu and Xiu-Jun Tang and Bin Wang (2024). A new odorous frog species of Odorrana (Amphibia, Anura, Ranidae) from Guizhou Province, China Food Science https://doi.org/10.3897/zookeys.1192.114315"
