Source_row,Species_key,Source_citation,Source_publication_year,Resolution_status
554,Acanthosaura liui,"Shuo Liu and Mian Hou and Mingzhong Mo and Dingqi Rao (2020). A new species of the genus Acanthosaura (Squamata, Agamidae) from Yunnan, China, with comments on its conservation status ZooKeys, 959, 113–135 https://doi.org/10.3897/zookeys.959.54601",2020,removed_duplicate_new_species_row
572,Acanthosaura tongbiguanensis,"Shuo Liu and Dingqi Rao (2019). A new species of the genus Acanthosaura from Yunnan, China (Squamata, Agamidae) ZooKeys, 888, 105–132 https://doi.org/10.3897/zookeys.888.38491",2019,removed_duplicate_new_species_row
1670,Achalinus hunanensis,"Shun Ma and Sheng-Chao Shi and Sun-Jun Xiang and Fu Shu and Jian-Ping Jiang (2023). A new species of Achalinus Peters, 1869 (Squamata, Xenodermidae) from Hunan Province, China Huaping Nature https://doi.org/10.3897/zookeys.1166.103055",2023,removed_duplicate_new_species_row
1677,Achalinus nanshanensis,"Hui Li and Le-Qiang Zhu and Bei Xiao and Jie Huang and Shao-Wu Wu and Li-Xun Yang and Zhi-Qiang Zhang and Xiao-Yang Mo (2023). A new species of the genus Achalinus (Squamata, Xenodermatidae) from southwest Hunan Province, China Life Science https://doi.org/10.3897/zookeys.1189.112784",2023,removed_duplicate_new_species_row
1882,Achalinus ningshanensis,"Yuhao Xu and Shun Ma and Bo Cai and Diancheng Yang and Tianyou Zhang and Tianxuan Gu and Fengcheng Zhu and Song Huang and Lifang Peng (2024). Taxonomic Revision of Ningshan Odd-Scaled Snake, Achalinus ningshanensis (Serpentes, Xenodermidae), with Description of a New Subspecies from Western China Animals, 14, 3425 https://doi.org/10.3390/ani14233425",2024,removed_duplicate_new_species_row
1672,Achalinus sheni,"Shun Ma and Yu-Hao Xu and Shuo Qi and Ying-Yong Wang and Shan-Shan Tang and Song Huang and Jian-Ping Jiang (2023). Discovery of a new cryptic Achalinus Peters, 1869 (Serpentes, Xenodermidae) species from Hunan Province, China 9 https://doi.org/10.3897/zookeys.1181.109462",2023,removed_duplicate_new_species_row
1116,Alcalus sp. nov.,"Zhongbin YU and Kai WANG and Tianen CHEN and Ling LI and Felista Kasyoka KILUNDA and Haipeng ZHAO and Yayong WU and Shenpin YANG and Zhengpan DUAN and Anru ZUO and Dingcan ZHANG and Robert W. MURPHY and Yunhe WU and Jing CHE (2025). First Record of the Genus Alcalus (Anura, Ceratobatrachidae) and Describe a New Species from Yunnan, China Asian Herpetological Research, 16(2), 160–168 https://doi.org/10.3724/ahr.2095-0357.2024.0035",2025,removed_duplicate_new_species_row
217,Amolops ailao,"Shangjing Tang and Tao Sun and Shuo Liu and Sangdi Luo and Guohua Yu and Lina Du (2023). A new species of cascade frog (Anura: Ranidae: Amolops) from central Yunnan, China Zoological Letters, 9, 15 https://doi.org/10.1186/s40851-023-00214-9",2023,removed_duplicate_new_species_row
1620,Amolops amoropalamus,"Masafumi Matsui (1986). Three New Species of Amolops from Borneo (Amphibia, Anura, Ranidae) Copeia, 1986(3), 623-630 https://doi.org/1444943",1986,removed_duplicate_new_species_row
1791,Amolops chaochin,"Ke Jiang and Jin-Long Ren and Zhi-Tong Lyu and Dan Wang and Zeng Wang and Ke Lv and Jia-Wei Wu and Jia-Tang Li (2021). Taxonomic revision of Amolops chunganensis (Pope, 1929) (Amphibia: Anura) and description of a new species from southwestern China, with discussion on Amolops monticola group and assignment of species groups of the genus Amolops Life Science https://doi.org/10.24272/j.issn.2095-8137.2021.107",2021,removed_duplicate_new_species_row
1572,Amolops chunganensis,"Ke Jiang and Jin-Long Ren and Zhi-Tong Lyu and Dan Wang and Zeng Wang and Ke Lv and Jia-Wei Wu and Jia-Tang Li (2021). Taxonomic revision of Amolops chunganensis (Pope, 1929) (Amphibia: Anura) and description of a new species from southwestern China, with discussion on Amolops monticola group and assignment of species groups of the genus Amolops Life Science https://doi.org/10.24272/j.issn.2095-8137.2021.107",2021,removed_duplicate_new_species_row
2228,Amolops dafangensis,"Shi-Ze Li and Jing Liu and Xiao-Cong Ke and Gang Cheng and Bin Wang (2023). A new species of Amolops (Amphibia, Anura, Ranidae) from Guizhou Province, China Food Science https://doi.org/10.3897/zookeys.1189.115621",2023,removed_duplicate_new_species_row
491,Amolops mengdingensis,"GUOHUA YU, ZHENGJUN WU & JUNXING YANG (2019). A new species of the Amolops monticola group (Anura: Ranidae) from southwestern Yunnan, China Zootaxa, 4577(3), 548–560 https://doi.org/10.11646/zootaxa.4577.3.8",2019,removed_duplicate_new_species_row
887,Amolops mengdingensis,"GUOHUA YU, ZHENGJUN WU & JUNXING YANG (2019). A new species of the Amolops monticola group (Anura: Ranidae) from southwestern Yunnan, China Zootaxa, 4577(3), 548–560 https://doi.org/10.11646/zootaxa.4577.3.8",2019,removed_duplicate_new_species_row
1967,Amolops sangzhiensis,,2024,removed_duplicate_new_species_row
17,Amolops shihaitaoi,"Jian Wang and Jing Li and Lingyun Du and Mian Hou and Guohua Yu (2022). A cryptic species of the Amolops ricketti species group (Anura, Ranidae) from China–Vietnam border regions ZooKeys, 1112, 139–159 https://doi.org/10.3897/zookeys.1112.82551",2022,removed_duplicate_new_species_row
583,Amolops yangi,"Yun-He Wu and Zhong-Bin Yu and Chen-Qi Lu and Yin-Peng Zhang and Wen-Jie Dong and Xiao-Long Liu and Felista Kasyoka Kilunda and Yun Xiong and Yun-Fang Jiang and Hong Ouyang and Zhong-Xiong Fu and Yun-Biao He and Zhi-Yong Yuan and Jing Che (2024). A new species of the genus Amolops (Amphibia: Ranidae) and the first national record of Amolops vitreus from China Vertebrate Zoology, 74, 343–357 https://doi.org/10.3897/vz.74.e108013",2024,removed_duplicate_new_species_row
585,Amolops yangi,"Yun-He Wu and Zhong-Bin Yu and Chen-Qi Lu and Yin-Peng Zhang and Wen-Jie Dong and Xiao-Long Liu and Felista Kasyoka Kilunda and Yun Xiong and Yun-Fang Jiang and Hong Ouyang and Zhong-Xiong Fu and Yun-Biao He and Zhi-Yong Yuan and Jing Che (2024). A new species of the genus Amolops (Amphibia: Ranidae) and the first national record of Amolops vitreus from China Vertebrate Zoology, 74, 343–357 https://doi.org/10.3897/vz.74.e108013",2024,removed_duplicate_new_species_row
587,Amolops yangi,"Yun-He Wu and Zhong-Bin Yu and Chen-Qi Lu and Yin-Peng Zhang and Wen-Jie Dong and Xiao-Long Liu and Felista Kasyoka Kilunda and Yun Xiong and Yun-Fang Jiang and Hong Ouyang and Zhong-Xiong Fu and Yun-Biao He and Zhi-Yong Yuan and Jing Che (2024). A new species of the genus Amolops (Amphibia: Ranidae) and the first national record of Amolops vitreus from China Vertebrate Zoology, 74, 343–357 https://doi.org/10.3897/vz.74.e108013",2024,removed_duplicate_new_species_row
595,Amolops yangi,"Yun-He Wu and Zhong-Bin Yu and Chen-Qi Lu and Yin-Peng Zhang and Wen-Jie Dong and Xiao-Long Liu and Felista Kasyoka Kilunda and Yun Xiong and Yun-Fang Jiang and Hong Ouyang and Zhong-Xiong Fu and Yun-Biao He and Zhi-Yong Yuan and Jing Che (2024). A new species of the genus Amolops (Amphibia: Ranidae) and the first national record of Amolops vitreus from China Vertebrate Zoology, 74, 343–357 https://doi.org/10.3897/vz.74.e108013",2024,removed_duplicate_new_species_row
598,Batrachuperus daochengensis,Fu & Zeng (2008). A new species of the genus Batrachuperus (Urodela: Hynobiidae) from Southwestern China National Natural Science https://doi.org/10.24272/j.issn.2095-8137.2020.129,2008,removed_duplicate_new_species_row
894,Boulenophrys chishuiensis,"Ning Xu and Shi-Ze Li and Jing Liu and Gang Wei and Bin Wang (2020). A new species of the horned toad Megophrys Kuhl & Van Hasselt, 1822 (Anura, Megophryidae) from southwest China ZooKeys, 943, 119–144 https://doi.org/10.3897/zookeys.943.50343",2020,removed_duplicate_new_species_row
895,Boulenophrys chishuiensis,"Ning Xu and Shi-Ze Li and Jing Liu and Gang Wei and Bin Wang (2020). A new species of the horned toad Megophrys Kuhl & Van Hasselt, 1822 (Anura, Megophryidae) from southwest China ZooKeys, 943, 119–144 https://doi.org/10.3897/zookeys.943.50343",2020,removed_duplicate_new_species_row
1074,Boulenophrys dongguanensis,"Jian Wang and Zhi-Tong Lyu and Zu-Yao Liu and Cheng-Kai Liao and Zhao-Chi Zeng and Jian Zhao and Yu-Long Li and Ying-Yong Wang (2019). Description of six new species of the subgenus Panophrys within the genus Megophrys (Anura, Megophryidae) from southeastern China based on molecular and morphological data ZooKeys, 851, 113–164 https://doi.org/10.3897/zookeys.851.29107",2019,removed_duplicate_new_species_row
1080,Boulenophrys dongguanensis,"Jian Wang and Zhi-Tong Lyu and Zu-Yao Liu and Cheng-Kai Liao and Zhao-Chi Zeng and Jian Zhao and Yu-Long Li and Ying-Yong Wang (2019). Description of six new species of the subgenus Panophrys within the genus Megophrys (Anura, Megophryidae) from southeastern China based on molecular and morphological data ZooKeys, 851, 113–164 https://doi.org/10.3897/zookeys.851.29107",2019,removed_duplicate_new_species_row
1086,Boulenophrys dongguanensis,"Jian Wang and Zhi-Tong Lyu and Zu-Yao Liu and Cheng-Kai Liao and Zhao-Chi Zeng and Jian Zhao and Yu-Long Li and Ying-Yong Wang (2019). Description of six new species of the subgenus Panophrys within the genus Megophrys (Anura, Megophryidae) from southeastern China based on molecular and morphological data ZooKeys, 851, 113–164 https://doi.org/10.3897/zookeys.851.29107",2019,removed_duplicate_new_species_row
1966,Boulenophrys hengshanensis,,2024,removed_duplicate_new_species_row
1077,Boulenophrys jiulianensis,"Jian Wang and Zhi-Tong Lyu and Zu-Yao Liu and Cheng-Kai Liao and Zhao-Chi Zeng and Jian Zhao and Yu-Long Li and Ying-Yong Wang (2019). Description of six new species of the subgenus Panophrys within the genus Megophrys (Anura, Megophryidae) from southeastern China based on molecular and morphological data ZooKeys, 851, 113–164 https://doi.org/10.3897/zookeys.851.29107",2019,removed_duplicate_new_species_row
1083,Boulenophrys jiulianensis,"Jian Wang and Zhi-Tong Lyu and Zu-Yao Liu and Cheng-Kai Liao and Zhao-Chi Zeng and Jian Zhao and Yu-Long Li and Ying-Yong Wang (2019). Description of six new species of the subgenus Panophrys within the genus Megophrys (Anura, Megophryidae) from southeastern China based on molecular and morphological data ZooKeys, 851, 113–164 https://doi.org/10.3897/zookeys.851.29107",2019,removed_duplicate_new_species_row
1090,Boulenophrys jiulianensis,"Jian Wang and Zhi-Tong Lyu and Zu-Yao Liu and Cheng-Kai Liao and Zhao-Chi Zeng and Jian Zhao and Yu-Long Li and Ying-Yong Wang (2019). Description of six new species of the subgenus Panophrys within the genus Megophrys (Anura, Megophryidae) from southeastern China based on molecular and morphological data ZooKeys, 851, 113–164 https://doi.org/10.3897/zookeys.851.29107",2019,removed_duplicate_new_species_row
1431,Boulenophrys liboensis,"Yanan ZHANG and Gang LI and Ning XIAO and Jiaqi LI and Tao PAN and Hui WANG and Baowei ZHANG and Jiang ZHOU (2017). A New Species of the Genus Xenophrys (Amphibia: Anura: Megophryidae) from Libo County, Guizhou, China Asian Herpetological Research, 8(2), 75–85 https://doi.org/10.16373/j.cnki.ahr.160041",2017,removed_duplicate_new_species_row
51,Boulenophrys lichun,"Shi-Shi Lin and Hong-Hui Chen and Yuan-Hang Li and Zhao-Ning Peng and Zhao-Chi Zeng and Jian Wang (2024). A new Boulenophrys species (Anura, Megophryidae) from the coastal hills of eastern Fujian Province, China https://doi.org/10.3897/zookeys.1216.130017",2024,removed_duplicate_new_species_row
83,Boulenophrys lichun,"Shi-Shi Lin and Hong-Hui Chen and Yuan-Hang Li and Zhao-Ning Peng and Zhao-Chi Zeng and Jian Wang (2024). A new Boulenophrys species (Anura, Megophryidae) from the coastal hills of eastern Fujian Province, China https://doi.org/10.3897/zookeys.1216.130017",2024,removed_duplicate_new_species_row
1132,Boulenophrys mirabilis,"Zhi-Tong Lyu and Yuan-Qiu Li and Zhao-Chi Zeng and Jian Zhao and Zu-Yao Liu and Guo-Xin Guo and Ying-Yong Wang (2020). Four new species of Asian horned toads (Anura, Megophryidae, Megophrys) from southern China ZooKeys, 942, 105–140 https://doi.org/10.3897/zookeys.942.47983",2020,removed_duplicate_new_species_row
1136,Boulenophrys mirabilis,"Zhi-Tong Lyu and Yuan-Qiu Li and Zhao-Chi Zeng and Jian Zhao and Zu-Yao Liu and Guo-Xin Guo and Ying-Yong Wang (2020). Four new species of Asian horned toads (Anura, Megophryidae, Megophrys) from southern China ZooKeys, 942, 105–140 https://doi.org/10.3897/zookeys.942.47983",2020,removed_duplicate_new_species_row
1141,Boulenophrys mirabilis,"Zhi-Tong Lyu and Yuan-Qiu Li and Zhao-Chi Zeng and Jian Zhao and Zu-Yao Liu and Guo-Xin Guo and Ying-Yong Wang (2020). Four new species of Asian horned toads (Anura, Megophryidae, Megophrys) from southern China ZooKeys, 942, 105–140 https://doi.org/10.3897/zookeys.942.47983",2020,removed_duplicate_new_species_row
1146,Boulenophrys mirabilis,"Zhi-Tong Lyu and Yuan-Qiu Li and Zhao-Chi Zeng and Jian Zhao and Zu-Yao Liu and Guo-Xin Guo and Ying-Yong Wang (2020). Four new species of Asian horned toads (Anura, Megophryidae, Megophrys) from southern China ZooKeys, 942, 105–140 https://doi.org/10.3897/zookeys.942.47983",2020,removed_duplicate_new_species_row
1155,Boulenophrys mirabilis,"Zhi-Tong Lyu and Yuan-Qiu Li and Zhao-Chi Zeng and Jian Zhao and Zu-Yao Liu and Guo-Xin Guo and Ying-Yong Wang (2020). Four new species of Asian horned toads (Anura, Megophryidae, Megophrys) from southern China ZooKeys, 942, 105–140 https://doi.org/10.3897/zookeys.942.47983",2020,removed_duplicate_new_species_row
1159,Boulenophrys mirabilis,"Zhi-Tong Lyu and Yuan-Qiu Li and Zhao-Chi Zeng and Jian Zhao and Zu-Yao Liu and Guo-Xin Guo and Ying-Yong Wang (2020). Four new species of Asian horned toads (Anura, Megophryidae, Megophrys) from southern China ZooKeys, 942, 105–140 https://doi.org/10.3897/zookeys.942.47983",2020,removed_duplicate_new_species_row
1174,Boulenophrys mirabilis,"Zhi-Tong Lyu and Yuan-Qiu Li and Zhao-Chi Zeng and Jian Zhao and Zu-Yao Liu and Guo-Xin Guo and Ying-Yong Wang (2020). Four new species of Asian horned toads (Anura, Megophryidae, Megophrys) from southern China ZooKeys, 942, 105–140 https://doi.org/10.3897/zookeys.942.47983",2020,removed_duplicate_new_species_row
1179,Boulenophrys mirabilis,"Zhi-Tong Lyu and Yuan-Qiu Li and Zhao-Chi Zeng and Jian Zhao and Zu-Yao Liu and Guo-Xin Guo and Ying-Yong Wang (2020). Four new species of Asian horned toads (Anura, Megophryidae, Megophrys) from southern China ZooKeys, 942, 105–140 https://doi.org/10.3897/zookeys.942.47983",2020,removed_duplicate_new_species_row
1185,Boulenophrys mirabilis,"Zhi-Tong Lyu and Yuan-Qiu Li and Zhao-Chi Zeng and Jian Zhao and Zu-Yao Liu and Guo-Xin Guo and Ying-Yong Wang (2020). Four new species of Asian horned toads (Anura, Megophryidae, Megophrys) from southern China ZooKeys, 942, 105–140 https://doi.org/10.3897/zookeys.942.47983",2020,removed_duplicate_new_species_row
1189,Boulenophrys mirabilis,"Zhi-Tong Lyu and Yuan-Qiu Li and Zhao-Chi Zeng and Jian Zhao and Zu-Yao Liu and Guo-Xin Guo and Ying-Yong Wang (2020). Four new species of Asian horned toads (Anura, Megophryidae, Megophrys) from southern China ZooKeys, 942, 105–140 https://doi.org/10.3897/zookeys.942.47983",2020,removed_duplicate_new_species_row
1079,Boulenophrys mufumontana,"Jian Wang and Zhi-Tong Lyu and Zu-Yao Liu and Cheng-Kai Liao and Zhao-Chi Zeng and Jian Zhao and Yu-Long Li and Ying-Yong Wang (2019). Description of six new species of the subgenus Panophrys within the genus Megophrys (Anura, Megophryidae) from southeastern China based on molecular and morphological data ZooKeys, 851, 113–164 https://doi.org/10.3897/zookeys.851.29107",2019,removed_duplicate_new_species_row
1085,Boulenophrys mufumontana,"Jian Wang and Zhi-Tong Lyu and Zu-Yao Liu and Cheng-Kai Liao and Zhao-Chi Zeng and Jian Zhao and Yu-Long Li and Ying-Yong Wang (2019). Description of six new species of the subgenus Panophrys within the genus Megophrys (Anura, Megophryidae) from southeastern China based on molecular and morphological data ZooKeys, 851, 113–164 https://doi.org/10.3897/zookeys.851.29107",2019,removed_duplicate_new_species_row
1092,Boulenophrys mufumontana,"Jian Wang and Zhi-Tong Lyu and Zu-Yao Liu and Cheng-Kai Liao and Zhao-Chi Zeng and Jian Zhao and Yu-Long Li and Ying-Yong Wang (2019). Description of six new species of the subgenus Panophrys within the genus Megophrys (Anura, Megophryidae) from southeastern China based on molecular and morphological data ZooKeys, 851, 113–164 https://doi.org/10.3897/zookeys.851.29107",2019,removed_duplicate_new_species_row
1075,Boulenophrys nankunensis,"Jian Wang and Zhi-Tong Lyu and Zu-Yao Liu and Cheng-Kai Liao and Zhao-Chi Zeng and Jian Zhao and Yu-Long Li and Ying-Yong Wang (2019). Description of six new species of the subgenus Panophrys within the genus Megophrys (Anura, Megophryidae) from southeastern China based on molecular and morphological data ZooKeys, 851, 113–164 https://doi.org/10.3897/zookeys.851.29107",2019,removed_duplicate_new_species_row
1081,Boulenophrys nankunensis,"Jian Wang and Zhi-Tong Lyu and Zu-Yao Liu and Cheng-Kai Liao and Zhao-Chi Zeng and Jian Zhao and Yu-Long Li and Ying-Yong Wang (2019). Description of six new species of the subgenus Panophrys within the genus Megophrys (Anura, Megophryidae) from southeastern China based on molecular and morphological data ZooKeys, 851, 113–164 https://doi.org/10.3897/zookeys.851.29107",2019,removed_duplicate_new_species_row
1088,Boulenophrys nankunensis,"Jian Wang and Zhi-Tong Lyu and Zu-Yao Liu and Cheng-Kai Liao and Zhao-Chi Zeng and Jian Zhao and Yu-Long Li and Ying-Yong Wang (2019). Description of six new species of the subgenus Panophrys within the genus Megophrys (Anura, Megophryidae) from southeastern China based on molecular and morphological data ZooKeys, 851, 113–164 https://doi.org/10.3897/zookeys.851.29107",2019,removed_duplicate_new_species_row
1076,Boulenophrys nanlingensis,"Jian Wang and Zhi-Tong Lyu and Zu-Yao Liu and Cheng-Kai Liao and Zhao-Chi Zeng and Jian Zhao and Yu-Long Li and Ying-Yong Wang (2019). Description of six new species of the subgenus Panophrys within the genus Megophrys (Anura, Megophryidae) from southeastern China based on molecular and morphological data ZooKeys, 851, 113–164 https://doi.org/10.3897/zookeys.851.29107",2019,removed_duplicate_new_species_row
1082,Boulenophrys nanlingensis,"Jian Wang and Zhi-Tong Lyu and Zu-Yao Liu and Cheng-Kai Liao and Zhao-Chi Zeng and Jian Zhao and Yu-Long Li and Ying-Yong Wang (2019). Description of six new species of the subgenus Panophrys within the genus Megophrys (Anura, Megophryidae) from southeastern China based on molecular and morphological data ZooKeys, 851, 113–164 https://doi.org/10.3897/zookeys.851.29107",2019,removed_duplicate_new_species_row
1089,Boulenophrys nanlingensis,"Jian Wang and Zhi-Tong Lyu and Zu-Yao Liu and Cheng-Kai Liao and Zhao-Chi Zeng and Jian Zhao and Yu-Long Li and Ying-Yong Wang (2019). Description of six new species of the subgenus Panophrys within the genus Megophrys (Anura, Megophryidae) from southeastern China based on molecular and morphological data ZooKeys, 851, 113–164 https://doi.org/10.3897/zookeys.851.29107",2019,removed_duplicate_new_species_row
1133,Boulenophrys shimentaina,"Zhi-Tong Lyu and Yuan-Qiu Li and Zhao-Chi Zeng and Jian Zhao and Zu-Yao Liu and Guo-Xin Guo and Ying-Yong Wang (2020). Four new species of Asian horned toads (Anura, Megophryidae, Megophrys) from southern China ZooKeys, 942, 105–140 https://doi.org/10.3897/zookeys.942.47983",2020,removed_duplicate_new_species_row
1138,Boulenophrys shimentaina,"Zhi-Tong Lyu and Yuan-Qiu Li and Zhao-Chi Zeng and Jian Zhao and Zu-Yao Liu and Guo-Xin Guo and Ying-Yong Wang (2020). Four new species of Asian horned toads (Anura, Megophryidae, Megophrys) from southern China ZooKeys, 942, 105–140 https://doi.org/10.3897/zookeys.942.47983",2020,removed_duplicate_new_species_row
1142,Boulenophrys shimentaina,"Zhi-Tong Lyu and Yuan-Qiu Li and Zhao-Chi Zeng and Jian Zhao and Zu-Yao Liu and Guo-Xin Guo and Ying-Yong Wang (2020). Four new species of Asian horned toads (Anura, Megophryidae, Megophrys) from southern China ZooKeys, 942, 105–140 https://doi.org/10.3897/zookeys.942.47983",2020,removed_duplicate_new_species_row
1149,Boulenophrys shimentaina,"Zhi-Tong Lyu and Yuan-Qiu Li and Zhao-Chi Zeng and Jian Zhao and Zu-Yao Liu and Guo-Xin Guo and Ying-Yong Wang (2020). Four new species of Asian horned toads (Anura, Megophryidae, Megophrys) from southern China ZooKeys, 942, 105–140 https://doi.org/10.3897/zookeys.942.47983",2020,removed_duplicate_new_species_row
1156,Boulenophrys shimentaina,"Zhi-Tong Lyu and Yuan-Qiu Li and Zhao-Chi Zeng and Jian Zhao and Zu-Yao Liu and Guo-Xin Guo and Ying-Yong Wang (2020). Four new species of Asian horned toads (Anura, Megophryidae, Megophrys) from southern China ZooKeys, 942, 105–140 https://doi.org/10.3897/zookeys.942.47983",2020,removed_duplicate_new_species_row
1163,Boulenophrys shimentaina,"Zhi-Tong Lyu and Yuan-Qiu Li and Zhao-Chi Zeng and Jian Zhao and Zu-Yao Liu and Guo-Xin Guo and Ying-Yong Wang (2020). Four new species of Asian horned toads (Anura, Megophryidae, Megophrys) from southern China ZooKeys, 942, 105–140 https://doi.org/10.3897/zookeys.942.47983",2020,removed_duplicate_new_species_row
1175,Boulenophrys shimentaina,"Zhi-Tong Lyu and Yuan-Qiu Li and Zhao-Chi Zeng and Jian Zhao and Zu-Yao Liu and Guo-Xin Guo and Ying-Yong Wang (2020). Four new species of Asian horned toads (Anura, Megophryidae, Megophrys) from southern China ZooKeys, 942, 105–140 https://doi.org/10.3897/zookeys.942.47983",2020,removed_duplicate_new_species_row
1181,Boulenophrys shimentaina,"Zhi-Tong Lyu and Yuan-Qiu Li and Zhao-Chi Zeng and Jian Zhao and Zu-Yao Liu and Guo-Xin Guo and Ying-Yong Wang (2020). Four new species of Asian horned toads (Anura, Megophryidae, Megophrys) from southern China ZooKeys, 942, 105–140 https://doi.org/10.3897/zookeys.942.47983",2020,removed_duplicate_new_species_row
1186,Boulenophrys shimentaina,"Zhi-Tong Lyu and Yuan-Qiu Li and Zhao-Chi Zeng and Jian Zhao and Zu-Yao Liu and Guo-Xin Guo and Ying-Yong Wang (2020). Four new species of Asian horned toads (Anura, Megophryidae, Megophrys) from southern China ZooKeys, 942, 105–140 https://doi.org/10.3897/zookeys.942.47983",2020,removed_duplicate_new_species_row
1190,Boulenophrys shimentaina,"Zhi-Tong Lyu and Yuan-Qiu Li and Zhao-Chi Zeng and Jian Zhao and Zu-Yao Liu and Guo-Xin Guo and Ying-Yong Wang (2020). Four new species of Asian horned toads (Anura, Megophryidae, Megophrys) from southern China ZooKeys, 942, 105–140 https://doi.org/10.3897/zookeys.942.47983",2020,removed_duplicate_new_species_row
1078,Boulenophrys wugongensis,"Jian Wang and Zhi-Tong Lyu and Zu-Yao Liu and Cheng-Kai Liao and Zhao-Chi Zeng and Jian Zhao and Yu-Long Li and Ying-Yong Wang (2019). Description of six new species of the subgenus Panophrys within the genus Megophrys (Anura, Megophryidae) from southeastern China based on molecular and morphological data ZooKeys, 851, 113–164 https://doi.org/10.3897/zookeys.851.29107",2019,removed_duplicate_new_species_row
1084,Boulenophrys wugongensis,"Jian Wang and Zhi-Tong Lyu and Zu-Yao Liu and Cheng-Kai Liao and Zhao-Chi Zeng and Jian Zhao and Yu-Long Li and Ying-Yong Wang (2019). Description of six new species of the subgenus Panophrys within the genus Megophrys (Anura, Megophryidae) from southeastern China based on molecular and morphological data ZooKeys, 851, 113–164 https://doi.org/10.3897/zookeys.851.29107",2019,removed_duplicate_new_species_row
1091,Boulenophrys wugongensis,"Jian Wang and Zhi-Tong Lyu and Zu-Yao Liu and Cheng-Kai Liao and Zhao-Chi Zeng and Jian Zhao and Yu-Long Li and Ying-Yong Wang (2019). Description of six new species of the subgenus Panophrys within the genus Megophrys (Anura, Megophryidae) from southeastern China based on molecular and morphological data ZooKeys, 851, 113–164 https://doi.org/10.3897/zookeys.851.29107",2019,removed_duplicate_new_species_row
1134,Boulenophrys xiangnanensis,"Zhi-Tong Lyu and Yuan-Qiu Li and Zhao-Chi Zeng and Jian Zhao and Zu-Yao Liu and Guo-Xin Guo and Ying-Yong Wang (2020). Four new species of Asian horned toads (Anura, Megophryidae, Megophrys) from southern China ZooKeys, 942, 105–140 https://doi.org/10.3897/zookeys.942.47983",2020,removed_duplicate_new_species_row
1139,Boulenophrys xiangnanensis,"Zhi-Tong Lyu and Yuan-Qiu Li and Zhao-Chi Zeng and Jian Zhao and Zu-Yao Liu and Guo-Xin Guo and Ying-Yong Wang (2020). Four new species of Asian horned toads (Anura, Megophryidae, Megophrys) from southern China ZooKeys, 942, 105–140 https://doi.org/10.3897/zookeys.942.47983",2020,removed_duplicate_new_species_row
1143,Boulenophrys xiangnanensis,"Zhi-Tong Lyu and Yuan-Qiu Li and Zhao-Chi Zeng and Jian Zhao and Zu-Yao Liu and Guo-Xin Guo and Ying-Yong Wang (2020). Four new species of Asian horned toads (Anura, Megophryidae, Megophrys) from southern China ZooKeys, 942, 105–140 https://doi.org/10.3897/zookeys.942.47983",2020,removed_duplicate_new_species_row
1150,Boulenophrys xiangnanensis,"Zhi-Tong Lyu and Yuan-Qiu Li and Zhao-Chi Zeng and Jian Zhao and Zu-Yao Liu and Guo-Xin Guo and Ying-Yong Wang (2020). Four new species of Asian horned toads (Anura, Megophryidae, Megophrys) from southern China ZooKeys, 942, 105–140 https://doi.org/10.3897/zookeys.942.47983",2020,removed_duplicate_new_species_row
1157,Boulenophrys xiangnanensis,"Zhi-Tong Lyu and Yuan-Qiu Li and Zhao-Chi Zeng and Jian Zhao and Zu-Yao Liu and Guo-Xin Guo and Ying-Yong Wang (2020). Four new species of Asian horned toads (Anura, Megophryidae, Megophrys) from southern China ZooKeys, 942, 105–140 https://doi.org/10.3897/zookeys.942.47983",2020,removed_duplicate_new_species_row
1164,Boulenophrys xiangnanensis,"Zhi-Tong Lyu and Yuan-Qiu Li and Zhao-Chi Zeng and Jian Zhao and Zu-Yao Liu and Guo-Xin Guo and Ying-Yong Wang (2020). Four new species of Asian horned toads (Anura, Megophryidae, Megophrys) from southern China ZooKeys, 942, 105–140 https://doi.org/10.3897/zookeys.942.47983",2020,removed_duplicate_new_species_row
1176,Boulenophrys xiangnanensis,"Zhi-Tong Lyu and Yuan-Qiu Li and Zhao-Chi Zeng and Jian Zhao and Zu-Yao Liu and Guo-Xin Guo and Ying-Yong Wang (2020). Four new species of Asian horned toads (Anura, Megophryidae, Megophrys) from southern China ZooKeys, 942, 105–140 https://doi.org/10.3897/zookeys.942.47983",2020,removed_duplicate_new_species_row
1182,Boulenophrys xiangnanensis,"Zhi-Tong Lyu and Yuan-Qiu Li and Zhao-Chi Zeng and Jian Zhao and Zu-Yao Liu and Guo-Xin Guo and Ying-Yong Wang (2020). Four new species of Asian horned toads (Anura, Megophryidae, Megophrys) from southern China ZooKeys, 942, 105–140 https://doi.org/10.3897/zookeys.942.47983",2020,removed_duplicate_new_species_row
1135,Boulenophrys yangmingensis,"Zhi-Tong Lyu and Yuan-Qiu Li and Zhao-Chi Zeng and Jian Zhao and Zu-Yao Liu and Guo-Xin Guo and Ying-Yong Wang (2020). Four new species of Asian horned toads (Anura, Megophryidae, Megophrys) from southern China ZooKeys, 942, 105–140 https://doi.org/10.3897/zookeys.942.47983",2020,removed_duplicate_new_species_row
1140,Boulenophrys yangmingensis,"Zhi-Tong Lyu and Yuan-Qiu Li and Zhao-Chi Zeng and Jian Zhao and Zu-Yao Liu and Guo-Xin Guo and Ying-Yong Wang (2020). Four new species of Asian horned toads (Anura, Megophryidae, Megophrys) from southern China ZooKeys, 942, 105–140 https://doi.org/10.3897/zookeys.942.47983",2020,removed_duplicate_new_species_row
1144,Boulenophrys yangmingensis,"Zhi-Tong Lyu and Yuan-Qiu Li and Zhao-Chi Zeng and Jian Zhao and Zu-Yao Liu and Guo-Xin Guo and Ying-Yong Wang (2020). Four new species of Asian horned toads (Anura, Megophryidae, Megophrys) from southern China ZooKeys, 942, 105–140 https://doi.org/10.3897/zookeys.942.47983",2020,removed_duplicate_new_species_row
1154,Boulenophrys yangmingensis,"Zhi-Tong Lyu and Yuan-Qiu Li and Zhao-Chi Zeng and Jian Zhao and Zu-Yao Liu and Guo-Xin Guo and Ying-Yong Wang (2020). Four new species of Asian horned toads (Anura, Megophryidae, Megophrys) from southern China ZooKeys, 942, 105–140 https://doi.org/10.3897/zookeys.942.47983",2020,removed_duplicate_new_species_row
1158,Boulenophrys yangmingensis,"Zhi-Tong Lyu and Yuan-Qiu Li and Zhao-Chi Zeng and Jian Zhao and Zu-Yao Liu and Guo-Xin Guo and Ying-Yong Wang (2020). Four new species of Asian horned toads (Anura, Megophryidae, Megophrys) from southern China ZooKeys, 942, 105–140 https://doi.org/10.3897/zookeys.942.47983",2020,removed_duplicate_new_species_row
1165,Boulenophrys yangmingensis,"Zhi-Tong Lyu and Yuan-Qiu Li and Zhao-Chi Zeng and Jian Zhao and Zu-Yao Liu and Guo-Xin Guo and Ying-Yong Wang (2020). Four new species of Asian horned toads (Anura, Megophryidae, Megophrys) from southern China ZooKeys, 942, 105–140 https://doi.org/10.3897/zookeys.942.47983",2020,removed_duplicate_new_species_row
1178,Boulenophrys yangmingensis,"Zhi-Tong Lyu and Yuan-Qiu Li and Zhao-Chi Zeng and Jian Zhao and Zu-Yao Liu and Guo-Xin Guo and Ying-Yong Wang (2020). Four new species of Asian horned toads (Anura, Megophryidae, Megophrys) from southern China ZooKeys, 942, 105–140 https://doi.org/10.3897/zookeys.942.47983",2020,removed_duplicate_new_species_row
1183,Boulenophrys yangmingensis,"Zhi-Tong Lyu and Yuan-Qiu Li and Zhao-Chi Zeng and Jian Zhao and Zu-Yao Liu and Guo-Xin Guo and Ying-Yong Wang (2020). Four new species of Asian horned toads (Anura, Megophryidae, Megophrys) from southern China ZooKeys, 942, 105–140 https://doi.org/10.3897/zookeys.942.47983",2020,removed_duplicate_new_species_row
1483,Brachytarsophrys orientalis,"Yao Li and Dan-Dan Zhang and Zhi-Tong Lyu and Jian Wang and Yu-Long Li and Zu-Yao Liu and Hong-Hui Chen and Ding-Qi Rao and Zhi-Fang Jin and Chang-You Zhang and Ying-Yong Wang (2020). Review of the genus Brachytarsophrys (Anura: Megophryidae), with revalidation of Brachytarsophrys platyparietus and description of a new species from China Zoological Research https://doi.org/10.24272/j.issn.2095-8137.2020.033",2020,removed_duplicate_new_species_row
1479,Brachytarsophrys platyparietus,"Yao Li and Dan-Dan Zhang and Zhi-Tong Lyu and Jian Wang and Yu-Long Li and Zu-Yao Liu and Hong-Hui Chen and Ding-Qi Rao and Zhi-Fang Jin and Chang-You Zhang and Ying-Yong Wang (2020). Review of the genus Brachytarsophrys (Anura: Megophryidae), with revalidation of Brachytarsophrys platyparietus and description of a new species from China Zoological Research https://doi.org/10.24272/j.issn.2095-8137.2020.033",2020,removed_duplicate_new_species_row
726,Brachytarsophrys platyparietus,"Yao Li and Dan-Dan Zhang and Zhi-Tong Lyu and Jian Wang and Yu-Long Li and Zu-Yao Liu and Hong-Hui Chen and Ding-Qi Rao and Zhi-Fang Jin and Chang-You Zhang and Ying-Yong Wang (2020). Review of the genus Brachytarsophrys (Anura: Megophryidae), with revalidation of Brachytarsophrys platyparietus and description of a new species from China Zoological Research, 41(2), 105-122 https://doi.org/10.24272/j.issn.2095-8137.2020.040",2020,removed_duplicate_new_species_row
1853,Buergeria otai,"Ying-Han Wang and Yu-Wei Hsiao and Ko-Huan Lee and Hui-Yun Tseng and Yen-Po Lin and Shohei Komaki and Si-Min Lin (2018). Correction: Acoustic differentiation and behavioral response reveals cryptic species within Buergeria treefrogs (Anura, Rhacophoridae) from Taiwan PLoS ONE, 13(2) https://doi.org/10.1371/journal.pone.0193040",2018,removed_duplicate_new_species_row
1394,Bungarus suzhenae,"Ze-Ning Chen and Sheng-Chao Shi and Gernot Vogel and Li Ding and Jing-Song Shi (2021). Multiple lines of evidence reveal a new species of Krait (Squamata, Elapidae, Bungarus) from Southwestern China and Northern Myanmar ZooKeys, 1025, 35–71 https://doi.org/10.3897/zookeys.1025.62305",2021,removed_duplicate_new_species_row
1405,Bungarus suzhenae,"Ze-Ning Chen and Sheng-Chao Shi and Gernot Vogel and Li Ding and Jing-Song Shi (2021). Multiple lines of evidence reveal a new species of Krait (Squamata, Elapidae, Bungarus) from Southwestern China and Northern Myanmar ZooKeys, 1025, 35–71 https://doi.org/10.3897/zookeys.1025.62305",2021,removed_duplicate_new_species_row
1233,Calotes wangi,"Yong Huang and Hongyu Li and Yilin Wang and Maojin Li and Mian Hou and Bo Cai (2023). Taxonomic review of the Calotes versicolor complex (Agamidae, Sauria, Squamata) in China, with description of a new species and subspecies 63 https://doi.org/10.3897/zookeys.1187.110704",2023,removed_duplicate_new_species_row
157,Cynops fudingensis,"YUNKE WU and YUEZHAO WANG and KE JIANG and JAMES HANKEN (2010). A new newt of the genus Cynops (Caudata: Salamandridae) from Fujian Province, southeastern China Zootaxa, 2346, 42–52",2010,removed_duplicate_new_species_row
634,Cynops fudingensis,,,removed_duplicate_new_species_row
1687,Cynops huanggangensis,"Zhihao Jiang and Song Huang and Qiangyong Fan and Lin Cheng and Yanan Gong and Zhangbo Cui and Tierui Zhang and Wenjun Lan and Zhian Zou and Xuanzhi Huang and Jean Raffaëlli and Jinmin Chen (2024). A new species of the newt genus Hypselotriton (Amphibia, Urodela, Salamandridae) from Jiangxi Province, southeastern China Life Science https://doi.org/10.3897/zookeys.1208.126092",2024,removed_duplicate_new_species_row
225,Cyrtodactylus laevis,"Shun Ma and Sheng‐Chao Shi and Tian‐Yu Qian and Lu‐Lu Sui and Bin Wang and Jian‐Ping Jiang (2024). A New Species of Cyrtodactylus tibetanus Group (Reptilia: Squamata: Gekkonidae) from Xizang Autonomous Region, China Animals, 14, 2384 https://doi.org/10.3390/ani14162384",2024,removed_duplicate_new_species_row
234,Cyrtodactylus laevis,"Shun Ma and Sheng‐Chao Shi and Tian‐Yu Qian and Lu‐Lu Sui and Bin Wang and Jian‐Ping Jiang (2024). A New Species of Cyrtodactylus tibetanus Group (Reptilia: Squamata: Gekkonidae) from Xizang Autonomous Region, China Animals, 14, 2384 https://doi.org/10.3390/ani14162384",2024,removed_duplicate_new_species_row
219,Cyrtodactylus menglianensis,"Shuo Liu and Dingqi Rao (2022). A new species of Cyrtodactylus Gray, 1827 (Squamata, Gekkonidae) from southwestern Yunnan, China ZooKeys, 1084, 83–100 https://doi.org/10.3897/zookeys.1084.72868",2022,removed_duplicate_new_species_row
235,Cyrtodactylus tibetanus,"Shun Ma and Sheng‐Chao Shi and Tian‐Yu Qian and Lu‐Lu Sui and Bin Wang and Jian‐Ping Jiang (2024). A New Species of Cyrtodactylus tibetanus Group (Reptilia: Squamata: Gekkonidae) from Xizang Autonomous Region, China Animals, 14, 2384 https://doi.org/10.3390/ani14162384",2024,removed_duplicate_new_species_row
226,Cyrtodactylus tibetanus,"Shun Ma and Sheng‐Chao Shi and Tian‐Yu Qian and Lu‐Lu Sui and Bin Wang and Jian‐Ping Jiang (2024). A New Species of Cyrtodactylus tibetanus Group (Reptilia: Squamata: Gekkonidae) from Xizang Autonomous Region, China Animals, 14, 2384 https://doi.org/10.3390/ani14162384",2024,removed_duplicate_new_species_row
240,Diploderma daduense,"Bo Cai and Fengjing Liu and Dong Liang and Mian Hou and Huaming Zhou and Jiayun Zhong and Jing Li and Jiang Chang (2024). A New Species of Diploderma (Squamata, Agamidae) from the Valley of Dadu River in Sichuan Province, with a Redescription of Topotypes of D. splendidum from Hubei Province, China Animals, 14, 1344 https://doi.org/10.3390/ani14091344",2024,removed_duplicate_new_species_row
1973,Diploderma drukdaypo,"KAI WANG and KE JIANG and JINLONG REN and DAHU ZOU and JIAWEI WU and JING CHE and CAMERON D. SILER (2019). A new species of Dwarf Japalura sensu lato (Reptilia: Squamata: Agamidae) from the upper Mekong River in Eastern Tibet, China, with notes on morphological variation, distribution, and conservation of two congeners along the same river Zootaxa, 4544(4), 505–522 https://doi.org/10.11646/zootaxa.4544.4.3",2019,removed_duplicate_new_species_row
1698,Diploderma iadinum,"Kai WANG and Ke JIANG and Da-Hu ZOU and Fang YAN and Cameron D. SILER and Jing CHE (2016). Two new species of Japalura (Squamata: Agamidae) from the Hengduan Mountain Range, China Zoological Research, 37(1), 41-56 https://doi.org/10.13918/j.issn.2095-8137.2016.1.41",2016,removed_duplicate_new_species_row
1624,Diploderma limingense,"Shuo Liu, Mian Hou, Dingqi Rao and Natalia B. Ananjeva (2022). Three new species of Diploderma Hallowell, 1861 (Squamata, Agamidae) from the Hengduan Mountain Region, south-western China ZooKeys, 1131, 1–30 https://doi.org/10.3897/zookeys.1131.86644",2022,removed_duplicate_new_species_row
1627,Diploderma limingense,"Shuo Liu, Mian Hou, Dingqi Rao and Natalia B. Ananjeva (2022). Three new species of Diploderma Hallowell, 1861 (Squamata, Agamidae) from the Hengduan Mountain Region, south-western China ZooKeys, 1131, 1–30 https://doi.org/10.3897/zookeys.1131.86644",2022,removed_duplicate_new_species_row
1630,Diploderma limingense,"Shuo Liu, Mian Hou, Dingqi Rao and Natalia B. Ananjeva (2022). Three new species of Diploderma Hallowell, 1861 (Squamata, Agamidae) from the Hengduan Mountain Region, south-western China ZooKeys, 1131, 1–30 https://doi.org/10.3897/zookeys.1131.86644",2022,removed_duplicate_new_species_row
1641,Diploderma limingense,"Shuo Liu, Mian Hou, Dingqi Rao and Natalia B. Ananjeva (2022). Three new species of Diploderma Hallowell, 1861 (Squamata, Agamidae) from the Hengduan Mountain Region, south-western China ZooKeys, 1131, 1–30 https://doi.org/10.3897/zookeys.1131.86644",2022,removed_duplicate_new_species_row
1644,Diploderma limingense,"Shuo Liu, Mian Hou, Dingqi Rao and Natalia B. Ananjeva (2022). Three new species of Diploderma Hallowell, 1861 (Squamata, Agamidae) from the Hengduan Mountain Region, south-western China ZooKeys, 1131, 1–30 https://doi.org/10.3897/zookeys.1131.86644",2022,removed_duplicate_new_species_row
1625,Diploderma shuoquense,"Shuo Liu, Mian Hou, Dingqi Rao and Natalia B. Ananjeva (2022). Three new species of Diploderma Hallowell, 1861 (Squamata, Agamidae) from the Hengduan Mountain Region, south-western China ZooKeys, 1131, 1–30 https://doi.org/10.3897/zookeys.1131.86644",2022,removed_duplicate_new_species_row
1628,Diploderma shuoquense,"Shuo Liu, Mian Hou, Dingqi Rao and Natalia B. Ananjeva (2022). Three new species of Diploderma Hallowell, 1861 (Squamata, Agamidae) from the Hengduan Mountain Region, south-western China ZooKeys, 1131, 1–30 https://doi.org/10.3897/zookeys.1131.86644",2022,removed_duplicate_new_species_row
1634,Diploderma shuoquense,"Shuo Liu, Mian Hou, Dingqi Rao and Natalia B. Ananjeva (2022). Three new species of Diploderma Hallowell, 1861 (Squamata, Agamidae) from the Hengduan Mountain Region, south-western China ZooKeys, 1131, 1–30 https://doi.org/10.3897/zookeys.1131.86644",2022,removed_duplicate_new_species_row
1642,Diploderma shuoquense,"Shuo Liu, Mian Hou, Dingqi Rao and Natalia B. Ananjeva (2022). Three new species of Diploderma Hallowell, 1861 (Squamata, Agamidae) from the Hengduan Mountain Region, south-western China ZooKeys, 1131, 1–30 https://doi.org/10.3897/zookeys.1131.86644",2022,removed_duplicate_new_species_row
1645,Diploderma shuoquense,"Shuo Liu, Mian Hou, Dingqi Rao and Natalia B. Ananjeva (2022). Three new species of Diploderma Hallowell, 1861 (Squamata, Agamidae) from the Hengduan Mountain Region, south-western China ZooKeys, 1131, 1–30 https://doi.org/10.3897/zookeys.1131.86644",2022,removed_duplicate_new_species_row
1532,Diploderma sp. nov. 1,"Kai Wang and Jinlong Ren and Jiawei Wu and Ke Jiang and Jieqiong Jin and Shaobing Hou and Puyang Zheng and Feng Xie and Cameron D. Siler and Jing Che (2020). Systematic revision of mountain dragons (Reptilia: Agamidae: Diploderma) in China, with descriptions of six new species and discussion on their conservation J Zool Syst Evol Res, 67, 222–263 https://doi.org/10.1111/jzs.12414",2020,removed_duplicate_new_species_row
1533,Diploderma sp. nov. 2,"Kai Wang and Jinlong Ren and Jiawei Wu and Ke Jiang and Jieqiong Jin and Shaobing Hou and Puyang Zheng and Feng Xie and Cameron D. Siler and Jing Che (2020). Systematic revision of mountain dragons (Reptilia: Agamidae: Diploderma) in China, with descriptions of six new species and discussion on their conservation J Zool Syst Evol Res, 67, 222–263 https://doi.org/10.1111/jzs.12414",2020,removed_duplicate_new_species_row
1534,Diploderma sp. nov. 3,"Kai Wang and Jinlong Ren and Jiawei Wu and Ke Jiang and Jieqiong Jin and Shaobing Hou and Puyang Zheng and Feng Xie and Cameron D. Siler and Jing Che (2020). Systematic revision of mountain dragons (Reptilia: Agamidae: Diploderma) in China, with descriptions of six new species and discussion on their conservation J Zool Syst Evol Res, 67, 222–263 https://doi.org/10.1111/jzs.12414",2020,removed_duplicate_new_species_row
1536,Diploderma sp. nov. 4,"Kai Wang and Jinlong Ren and Jiawei Wu and Ke Jiang and Jieqiong Jin and Shaobing Hou and Puyang Zheng and Feng Xie and Cameron D. Siler and Jing Che (2020). Systematic revision of mountain dragons (Reptilia: Agamidae: Diploderma) in China, with descriptions of six new species and discussion on their conservation J Zool Syst Evol Res, 67, 222–263 https://doi.org/10.1111/jzs.12414",2020,removed_duplicate_new_species_row
242,Diploderma splendidum,"Bo Cai and Fengjing Liu and Dong Liang and Mian Hou and Huaming Zhou and Jiayun Zhong and Jing Li and Jiang Chang (2024). A New Species of Diploderma (Squamata, Agamidae) from the Valley of Dadu River in Sichuan Province, with a Redescription of Topotypes of D. splendidum from Hubei Province, China Animals, 14, 1344 https://doi.org/10.3390/ani14091344",2024,removed_duplicate_new_species_row
1247,Diploderma tachengense,"Shuo Liu and Mian Hou and Natalia B. Ananjeva and Dingqi Rao (2023). Four new species of the genus Diploderma Hallowell, 1861 (Squamata, Agamidae) from China ZooKeys, 1148, 167–207 https://doi.org/10.3897/zookeys.1148.97706",2023,removed_duplicate_new_species_row
307,Diploderma vela,"Kai WANG and Ke JIANG and Gang PAN and Mian HOU and Cameron D. SILER and Jing CHE (2015). A New Species of Japalura (Squamata: Sauria: Agamidae) from Upper Lancang (Mekong) Valley of Eastern Tibet, China Asian Herpetological Research, 6(3), 159–168 https://doi.org/10.16373/j.cnki.ahr.140042",2015,removed_duplicate_new_species_row
1626,Diploderma yongshengense,"Shuo Liu, Mian Hou, Dingqi Rao and Natalia B. Ananjeva (2022). Three new species of Diploderma Hallowell, 1861 (Squamata, Agamidae) from the Hengduan Mountain Region, south-western China ZooKeys, 1131, 1–30 https://doi.org/10.3897/zookeys.1131.86644",2022,removed_duplicate_new_species_row
1629,Diploderma yongshengense,"Shuo Liu, Mian Hou, Dingqi Rao and Natalia B. Ananjeva (2022). Three new species of Diploderma Hallowell, 1861 (Squamata, Agamidae) from the Hengduan Mountain Region, south-western China ZooKeys, 1131, 1–30 https://doi.org/10.3897/zookeys.1131.86644",2022,removed_duplicate_new_species_row
1636,Diploderma yongshengense,"Shuo Liu, Mian Hou, Dingqi Rao and Natalia B. Ananjeva (2022). Three new species of Diploderma Hallowell, 1861 (Squamata, Agamidae) from the Hengduan Mountain Region, south-western China ZooKeys, 1131, 1–30 https://doi.org/10.3897/zookeys.1131.86644",2022,removed_duplicate_new_species_row
1643,Diploderma yongshengense,"Shuo Liu, Mian Hou, Dingqi Rao and Natalia B. Ananjeva (2022). Three new species of Diploderma Hallowell, 1861 (Squamata, Agamidae) from the Hengduan Mountain Region, south-western China ZooKeys, 1131, 1–30 https://doi.org/10.3897/zookeys.1131.86644",2022,removed_duplicate_new_species_row
1646,Diploderma yongshengense,"Shuo Liu, Mian Hou, Dingqi Rao and Natalia B. Ananjeva (2022). Three new species of Diploderma Hallowell, 1861 (Squamata, Agamidae) from the Hengduan Mountain Region, south-western China ZooKeys, 1131, 1–30 https://doi.org/10.3897/zookeys.1131.86644",2022,removed_duplicate_new_species_row
986,Elaphe xiphodonta,"Shuo Qi and Jing-Song Shi and Yan-Bo Ma and Yi-Fei Gao and Shu-Hai Bu and L. Lee Grismer and Pi-Peng Li and Ying-Yong Wang (2021). A sheep in wolf's clothing: Elaphe xiphodonta sp. nov. (Squamata, Colubridae) and its possible mimicry to Protobothrops jerdonii ZooKeys, 1048, 23–47 https://doi.org/10.3897/zookeys.1048.65650",2021,removed_duplicate_new_species_row
603,Elaphe zoigeensis,"Song HUANG and Li DING and Frank T. BURBRINK and Jun YANG and Jietang HUANG and Chen LING and Xin CHEN and Yaping ZHANG (2012). A New Species of the Genus Elaphe (Squamata: Colubridae) from Zoige County, Sichuan, China Asian Herpetological Research, 3(1), 38–45 https://doi.org/10.3724/SP.J.1245.2012.00038",2012,removed_duplicate_new_species_row
610,Feirana kangxianensis,"Xin YANG and Bin WANG and Junhua HU and Jianping JIANG (2011). A New Species of the Genus Feirana (Amphibia: Anura: Dicroglossidae) from the Western Qinling Mountains of China Asian Herpetological Research, 2(2), 72-86 https://doi.org/10.3724/SP.J.1245.2011.00072",2011,removed_duplicate_new_species_row
1695,Gekko alpinus,"Shun Ma, Sheng-Chao Shi, Cheng Shen, Li-Ming Chang, and Jian-Ping Jiang (2024). Discovery of a new species of the subgenus Japonigekko (Squamata, Gekkonidae, Gekko) from the Hengduan Mountains, southwestern China: the best Japonigekko mountaineer ZooKeys https://doi.org/10.3897/zookeys.1215.125043",2024,removed_duplicate_new_species_row
1848,Gekko guishanicus,"林俊聰 & 姚秋如 and Jun-Tsong Lin and Chiou-Ju Yao (2016). 臺灣宜蘭縣龜山島壁虎屬 (Gekko) (有鱗目:蜥蜴亞目: 壁虎科) 一新種 A New Species of the Genus Gekko (Squamata: Sauria: Gekkonidae) from Guishan Isle, Yilan County, Taiwan 國立臺灣博物館學刊, 69(2), 1-14 https://doi.org/10.6532/JNTM.2016.69(2).01",2016,removed_duplicate_new_species_row
1364,Gekko ichangensis,"Jing CAO and Phuping SUCHARITAKUL and Minhua TIE and Chatmongkon SUWANNAPOOM and Fang YAN and Siriwadee CHOMDEJ (2025). A New Species of the Genus Gekko Laurenti, 1768 (Squamata: Gekkonidae) from Hubei, China Asian Herpetological Research, 16(1), 110–121 https://doi.org/10.3724/ahr.2095-0357.2024.0046",2025,removed_duplicate_new_species_row
622,Gekko kaiyai,"Caiwen Zhang and Afang Wu and Bo Cai and Lanrong Wang and Dapeng Pang and Haohao Ma and Lei Yu and Xiangyang Li and Hua Huang and Lin Zeng and Li Li and Jie Yan and Peng Li and Baowei Zhang (2023). A New Species of the Genus Gekko (Squamata: Sauria: Gekkonidae) from the Dabie Mountains, China Animals, 13, 3796 https://doi.org/10.3390/ani13243796",2023,removed_duplicate_new_species_row
648,Gekko kwangsiensis,"JIAN-HUAN YANG (2015). A new species of the genus Gekko Laurenti (Squamata: Sauria: Gekkonidae) from Guangxi, China Zootaxa, 3936(2), 287–295 https://doi.org/10.11646/zootaxa.3936.2.9",2015,removed_duplicate_new_species_row
1053,Gekko paucituberculatus,"Hao-Tian Wang and Shuo Qi and Dan-Yang Zhou and Ying-Yong Wang (2024). Description of a new karst-adapted species of the subgenus Japonigekko (Squamata: Gekkonidae: Gekko) from Guangxi, southern China Vertebrate Zoology, 74, 121–132 https://doi.org/10.3897/vz.74.e113899",2024,removed_duplicate_new_species_row
1655,Gloydius lateralis,"Mei-Hua Zhang and Sheng-Chao Shi and Cheng Li and Peng Yan and Ping Wang and Li Ding and Jie Du and Anđelka Plenković-Moraj and Jian-Ping Jiang and Jing-Song Shi (2022). Exploring cryptic biodiversity in a world heritage site: a new pitviper (Squamata, Viperidae, Crotalinae) from Jiuzhaigou, Aba, Sichuan, China ZooKeys, 1114, 59–76 https://doi.org/10.3897/zookeys.1114.79709",2022,removed_duplicate_new_species_row
1640,Gloydius lipipengi,"Jing-Song Shi and Jin-Cheng Liu and Rohit Giri and John Benjamin Owens and Vishal Santra and Sourish Kuttalam and Melvin Selvan and Ke-Ji Guo and Anita Malhotra (2021). Molecular phylogenetic analysis of the genus Gloydius (Squamata, Viperidae, Crotalinae), with description of two new alpine species from Qinghai-Tibet Plateau, China ZooKeys, 1061, 87–108 https://doi.org/10.3897/zookeys.1061.70420",2021,removed_duplicate_new_species_row
1603,Goniurosaurus gollum,"Shuo Qi and Jian Wang and L. Lee Grismer and Hong-Hui Chen and Zhi-Tong Lyu and Ying-Yong Wang (2020). The Stoor Hobbit of Guangdong: Goniurosaurus gollum sp. nov., a cave-dwelling Leopard Gecko (Squamata, Eublepharidae) from South China ZooKeys, 991, 137–153 https://doi.org/10.3897/zookeys.991.54935",2020,removed_duplicate_new_species_row
40,Goniurosaurus varius,"Shuo Qi and L. Lee Grismer and Zhi-Tong Lyu and Liang Zhang and Pi-Peng Li and Ying-Yong Wang (2020). A definition of the Goniurosaurus yingdeensis group (Squamata, Eublepharidae) with the description of a new species ZooKeys, 986, 127–155 https://doi.org/10.3897/zookeys.986.47989",2020,removed_duplicate_new_species_row
37,Goniurosaurus yingdeensis,"Shuo Qi and L. Lee Grismer and Zhi-Tong Lyu and Liang Zhang and Pi-Peng Li and Ying-Yong Wang (2020). A definition of the Goniurosaurus yingdeensis group (Squamata, Eublepharidae) with the description of a new species ZooKeys, 986, 127–155 https://doi.org/10.3897/zookeys.986.47989",2020,removed_duplicate_new_species_row
653,Gracixalus jinggangensis,"ZHAO-CHI ZENG, JIAN ZHAO, CHUN-QUAN CHEN, GUO-LING CHEN, ZHONG ZHANG & YING-YONG WANG (2017). A new species of the genus Gracixalus (Amphibia: Anura: Rhacophoridae) from Mount Jinggang, southeastern China Zootaxa, 4250(2), 171–185 https://doi.org/10.11646/zootaxa.4250.2.3",2017,removed_duplicate_new_species_row
661,Gracixalus nonggangensis,"YUNMING MO, WEI ZHANG, YU LUO, SHICHU ZHOU & WEICAI CHEN (2013). A new species of the genus Gracixalus (Amphibia: Anura: Rhacophoridae) from Southern Guangxi, China Zootaxa, 3616(1), 61-72 https://doi.org/10.11646/zootaxa.3616.1.5",2013,removed_duplicate_new_species_row
663,Hebius citrinoventer,"Yu-Hao Xu and Dian-Cheng Yang and Yan-An Gong and Kai-Chen Ouyang and Shi-Yang Weng and Jun-Dong Deng and Song Huang and Li-Fang Peng (2024). A new species of the genus Hebius (Squamata, Natricidae) from Yunnan, China Life Science https://doi.org/10.3897/zookeys.1206.123841",2024,removed_duplicate_new_species_row
664,Hebius citrinoventer,"Yu-Hao Xu and Dian-Cheng Yang and Yan-An Gong and Kai-Chen Ouyang and Shi-Yang Weng and Jun-Dong Deng and Song Huang and Li-Fang Peng (2024). A new species of the genus Hebius (Squamata, Natricidae) from Yunnan, China ZooKeys https://doi.org/10.3897/zookeys.1206.123841",2024,removed_duplicate_new_species_row
270,Hemiphyllodactylus gengmaensis,"Hongxin Zhou and Shimin Li and Ziqi Shen and Shuo Liu and Dingqi Rao (2024). A new species of Hemiphyllodactylus (Squamata, Gekkonidae) from southwest Yunnan, China https://doi.org/10.3897/zookeys.1197.117359",2024,removed_duplicate_new_species_row
989,Hynobius sp. nov.,"Zhenqi Wang and Siti N. Othman and Zhixin Qiu and Yiqiu Lu and Vishal Kumar Prasad and Yuran Dong and Chang‐Hu Lu and Amaël Borzée (2023). An Isolated and Deeply Divergent Hynobius Species from Fujian, China Animals, 13, 1661 https://doi.org/10.3390/ani13101661",2023,removed_duplicate_new_species_row
745,Jingophrys feii,"JIAN-HUAN YANG and JIAN WANG and YING-YONG WANG (2018). A new species of the genus Megophrys (Anura: Megophryidae) from Yunnan Province, China Zootaxa, 4413(2), 325–338 https://doi.org/10.11646/zootaxa.4413.2.5",2018,removed_duplicate_new_species_row
746,Jingophrys feii,"JIAN-HUAN YANG and JIAN WANG and YING-YONG WANG (2018). A new species of the genus Megophrys (Anura: Megophryidae) from Yunnan Province, China Zootaxa, 4413(2), 325–338 https://doi.org/10.11646/zootaxa.4413.2.5",2018,removed_duplicate_new_species_row
747,Jingophrys feii,"JIAN-HUAN YANG and JIAN WANG and YING-YONG WANG (2018). A new species of the genus Megophrys (Anura: Megophryidae) from Yunnan Province, China Zootaxa, 4413(2), 325–338 https://doi.org/10.11646/zootaxa.4413.2.5",2018,removed_duplicate_new_species_row
1385,Jingophrys yeae,"Shengchao Shi and Meihua Zhang and Feng Xie and Jianping Jiang and Wulin Liu and Li Ding and Li Luan and Bin Wang (2020). Multiple data revealed two new species of the Asian horned toad Megophrys Kuhl & Van Hasselt, 1822 (Anura, Megophryidae) from the eastern corner of the Himalayas ZooKeys, 977, 101–161 https://doi.org/10.3897/zookeys.977.55693",2020,removed_duplicate_new_species_row
1384,Jingophrys zhoui,"Shengchao Shi and Meihua Zhang and Feng Xie and Jianping Jiang and Wulin Liu and Li Ding and Li Luan and Bin Wang (2020). Multiple data revealed two new species of the Asian horned toad Megophrys Kuhl & Van Hasselt, 1822 (Anura, Megophryidae) from the eastern corner of the Himalayas ZooKeys, 977, 101–161 https://doi.org/10.3897/zookeys.977.55693",2020,removed_duplicate_new_species_row
675,Kurixalus lenquanensis,"Guohua Yu and Jishan Wang and Mian Hou and Dingqi Rao and Junxing Yang (2017). A new species of the genus Kurixalus from Yunnan, China (Anura, Rhacophoridae) ZooKeys, 694, 71–93 https://doi.org/10.3897/zookeys.694.12785",2017,removed_duplicate_new_species_row
676,Kurixalus lenquanensis,"Guohua Yu and Jishan Wang and Mian Hou and Dingqi Rao and Junxing Yang (2017). A new species of the genus Kurixalus from Yunnan, China (Anura, Rhacophoridae) ZooKeys, 694, 71–93 https://doi.org/10.3897/zookeys.694.12785",2017,removed_duplicate_new_species_row
679,Kurixalus lenquanensis,"Guohua Yu and Jishan Wang and Mian Hou and Dingqi Rao and Junxing Yang (2017). A new species of the genus Kurixalus from Yunnan, China (Anura, Rhacophoridae) ZooKeys, 694, 71–93 https://doi.org/10.3897/zookeys.694.12785",2017,removed_duplicate_new_species_row
327,Kurixalus yangi,"Guohua Yu and Hong Hui and Dingqi Rao and Junxing Yang (2018). A new species of Kurixalus from western Yunnan, China (Anura, Rhacophoridae) ZooKeys, 770, 211–226 https://doi.org/10.3897/zookeys.770.23526",2018,removed_duplicate_new_species_row
1582,Kurixalus yangi,"Guohua Yu and Hong Hui and Dingqi Rao and Junxing Yang (2018). A new species of Kurixalus from western Yunnan, China (Anura, Rhacophoridae) ZooKeys, 770, 211–226 https://doi.org/10.3897/zookeys.770.23526",2018,removed_duplicate_new_species_row
1324,Leptobrachella albomarginata,"Yun-He Wu and Zhong-Bin Yu and Shen-Pin Yang and Zheng-Pan Duan and An-Ru Zuo and Ding-Can Zhang and Felista Kasyoka Kilunda and Robert W. Murphy and Jing Che (2025). Morphological and molecular evidence for a new species of the genus Leptobrachella (Anura, Megophryidae) from Gaoligong Mountain Range, Yunnan, China Yunnan Gaoligongshan National Nature, 101(2) https://doi.org/10.3897/zse.101.135560",2025,removed_duplicate_new_species_row
1344,Leptobrachella bijie,"Jian Wang、Yu-Long Li、Yao Li、Hong-Hui Chen、Ya-Jun Zeng、Jing-Min Shen、Ying-Yong Wang (2019). Morphology, molecular genetics, and acoustics reveal two new species of the genus Leptobrachella from northwestern Guizhou Province, China (Anura, Megophryidae) ZooKeys, 848, 119–154 https://doi.org/10.3897/zookeys.848.29181",2019,removed_duplicate_new_species_row
688,Leptobrachella darongshanensis,"Wei-Cai Chen and Yong-Jian Bei and Peng Li (2025). A new species of the genus Leptobrachella (Amphibia, Anura, Megophryidae) from the Darongshan Nature Reserve, Guangxi, China Darongshan Nature https://doi.org/10.3897/zookeys.1260.161514",2025,removed_duplicate_new_species_row
681,Leptobrachella dayaoshanensis,"Gui-Dong Yu and Kun Qin and Tao Meng and Peng Li and Wan-Xiao Peng and Wei-Cai Chen (2024). A new species of the genus Leptobrachella (Amphibia, Anura, Megophryidae) from Dayaoshan National Nature Reserve, Guangxi, China Dayaoshan National Nature https://doi.org/10.3897/zookeys.1219.121027",2024,removed_duplicate_new_species_row
698,Leptobrachella kungfu,"Qi-Qi Zhang and Shi-Shi Lin and Yuan-Hang Li and Hong-Lin Su and Hong-Hui Chen and Xiu-Yu Zhang and Zhao-Chi Zeng and Jian Wang (2025). A new species of the genus Leptobrachella (Anura, Megophryidae) from central Guangdong Province, China Environmental Science https://doi.org/10.3897/zookeys.1259.164646",2025,removed_duplicate_new_species_row
1345,Leptobrachella purpuraventra,"Jian Wang、Yu-Long Li、Yao Li、Hong-Hui Chen、Ya-Jun Zeng、Jing-Min Shen、Ying-Yong Wang (2019). Morphology, molecular genetics, and acoustics reveal two new species of the genus Leptobrachella from northwestern Guizhou Province, China (Anura, Megophryidae) ZooKeys, 848, 119–154 https://doi.org/10.3897/zookeys.848.29181",2019,removed_duplicate_new_species_row
1214,Leptobrachella sp. nov. 1,"Jin-Min Chen and Kai Xu and Nikolay A. Poyarkov and Kai Wang and Zhi-Yong Yuan and Mian Hou and Chatmongkon Suwannapoom and Jian Wang and Jing Che (2020). How little is known about “the little brown frogs”: description of three new species of the genus Leptobrachella (Anura: Megophryidae) from Yunnan Province, China Life Science https://doi.org/10.24272/j.issn.2095-8137.2020.036",2020,removed_duplicate_new_species_row
1222,Leptobrachella sp. nov. 1,"Jin-Min Chen and Kai Xu and Nikolay A. Poyarkov and Kai Wang and Zhi-Yong Yuan and Mian Hou and Chatmongkon Suwannapoom and Jian Wang and Jing Che (2020). How little is known about “the little brown frogs”: description of three new species of the genus Leptobrachella (Anura: Megophryidae) from Yunnan Province, China Life Science https://doi.org/10.24272/j.issn.2095-8137.2020.036",2020,removed_duplicate_new_species_row
1229,Leptobrachella sp. nov. 1,"Jin-Min Chen and Kai Xu and Nikolay A. Poyarkov and Kai Wang and Zhi-Yong Yuan and Mian Hou and Chatmongkon Suwannapoom and Jian Wang and Jing Che (2020). How little is known about “the little brown frogs”: description of three new species of the genus Leptobrachella (Anura: Megophryidae) from Yunnan Province, China https://doi.org/10.24272/j.issn.2095-8137.2020.036",2020,removed_duplicate_new_species_row
1215,Leptobrachella sp. nov. 2,"Jin-Min Chen and Kai Xu and Nikolay A. Poyarkov and Kai Wang and Zhi-Yong Yuan and Mian Hou and Chatmongkon Suwannapoom and Jian Wang and Jing Che (2020). How little is known about “the little brown frogs”: description of three new species of the genus Leptobrachella (Anura: Megophryidae) from Yunnan Province, China Life Science https://doi.org/10.24272/j.issn.2095-8137.2020.036",2020,removed_duplicate_new_species_row
1223,Leptobrachella sp. nov. 2,"Jin-Min Chen and Kai Xu and Nikolay A. Poyarkov and Kai Wang and Zhi-Yong Yuan and Mian Hou and Chatmongkon Suwannapoom and Jian Wang and Jing Che (2020). How little is known about “the little brown frogs”: description of three new species of the genus Leptobrachella (Anura: Megophryidae) from Yunnan Province, China Life Science https://doi.org/10.24272/j.issn.2095-8137.2020.036",2020,removed_duplicate_new_species_row
1230,Leptobrachella sp. nov. 2,"Jin-Min Chen and Kai Xu and Nikolay A. Poyarkov and Kai Wang and Zhi-Yong Yuan and Mian Hou and Chatmongkon Suwannapoom and Jian Wang and Jing Che (2020). How little is known about “the little brown frogs”: description of three new species of the genus Leptobrachella (Anura: Megophryidae) from Yunnan Province, China https://doi.org/10.24272/j.issn.2095-8137.2020.036",2020,removed_duplicate_new_species_row
1225,Leptobrachella sp. nov. 3,"Jin-Min Chen and Kai Xu and Nikolay A. Poyarkov and Kai Wang and Zhi-Yong Yuan and Mian Hou and Chatmongkon Suwannapoom and Jian Wang and Jing Che (2020). How little is known about “the little brown frogs”: description of three new species of the genus Leptobrachella (Anura: Megophryidae) from Yunnan Province, China Life Science https://doi.org/10.24272/j.issn.2095-8137.2020.036",2020,removed_duplicate_new_species_row
1231,Leptobrachella sp. nov. 3,"Jin-Min Chen and Kai Xu and Nikolay A. Poyarkov and Kai Wang and Zhi-Yong Yuan and Mian Hou and Chatmongkon Suwannapoom and Jian Wang and Jing Che (2020). How little is known about “the little brown frogs”: description of three new species of the genus Leptobrachella (Anura: Megophryidae) from Yunnan Province, China https://doi.org/10.24272/j.issn.2095-8137.2020.036",2020,removed_duplicate_new_species_row
720,Leptobrachium tengchongense,"JIAN-HUAN YANG and YING-YONG WANG and BOSCO PUI-LOK CHAN (2016). A new species of the genus Leptobrachium (Anura: Megophryidae) from the Gaoligongshan Mountain Range, China Zootaxa, 4150(2), 133–148 https://doi.org/10.11646/zootaxa.4150.2.3",2016,removed_duplicate_new_species_row
185,Leptobrachium tengchongense,,,removed_duplicate_new_species_row
1557,Liurana namchabarwa,"Haoqi YU and Yiheng LIN and Yuxi WANG and Puyang ZHENG and Shengchao SHI and Bin WANG and Jianping JIANG and Zhaobin SONG and Feng XIE (2024). A New Species of the Genus Liurana (Anura: Ceratobatrachidae) from Medog, China Asian Herpetological Research, 15(3), 131–139 https://doi.org/10.3724/ahr.2095-0357.2024.0008",2024,removed_duplicate_new_species_row
523,Liurana vallecula,"Ke Jiang and Kai Wang and Yu-Fan Wang and Cheng Li and Jing Che (2018). A new species of the endemic Himalayan genus Liurana (Anura, Ceratobatrachidae) from southeastern Tibet, China, with comments on the distribution, reproductive biology, and conservation of the genus ZOOLOGICAL RESEARCH https://doi.org/10.24272/j.issn.2095-8137.2019.025",2018,removed_duplicate_new_species_row
734,Lycodon cathaya,"Jian Wang and Shuo Qi and Zhi-Tong Lyu and Zhao-Chi Zeng and Ying-Yong Wang (2020). A new species of the genus Lycodon (Serpentes, Colubridae) from Guangxi, China ZooKeys, 954, 85–108 https://doi.org/10.3897/zookeys.954.53432",2020,removed_duplicate_new_species_row
1710,Lycodon rufozonatus,"Tan Van Nguyen and Nikolay A. Poyarkov and Gernot Vogel (2025). Taxonomic reassessment of the Lycodon rufozonatus species complex (Serpentes, Colubridae), with re-evaluation of Dinodon rufozonatum walli, and description of a new species from north-central Vietnam ZooKeys https://doi.org/10.3897/zookeys.1251.157817",2025,removed_duplicate_new_species_row
387,Nanorana xuelinensis,"Shuo Liu and Peisong Zhang and Dingqi Rao (2021). A new species of Nanorana Günther, 1896 (Anura, Dicroglossidae) from Yunnan, China ZooKeys, 1048, 49–67 https://doi.org/10.3897/zookeys.1048.65620",2021,removed_duplicate_new_species_row
2231,Nanorana xuelinensis,"Shuo Liu and Peisong Zhang and Dingqi Rao (2021). A new species of Nanorana Günther, 1896 (Anura, Dicroglossidae) from Yunnan, China ZooKeys, 1048, 49–67 https://doi.org/10.3897/zookeys.1048.65620",2021,removed_duplicate_new_species_row
133,Nasutixalus medogensis,"Ke JIANG and Fang YAN and Kai WANG and Da-Hu ZOU and Cheng LI and Jing CHE (2016). A new genus and species of treefrog from Medog, southeastern Tibet, China (Anura, Rhacophoridae) Zoological Research, 37(1), 15-20 https://doi.org/10.13918/j.issn.2095-8137.2016.1.15",2016,removed_duplicate_new_species_row
1004,Nidirana guangdongensis,"Zhi-Tong Lyu and Ke-Yuan Dai and Yao Li and Han Wan and Zhe-Yi Liu and Shuo Qi and Si-Min Lin and Jian Wang and Yu-Long Li and Yang-Jin Zeng and Pi-Peng Li and Hong Pang and Ying-Yong Wang (2020). Comprehensive approaches reveal three cryptic species of genus Nidirana (Anura, Ranidae) from China ZooKeys, 914, 127–159 https://doi.org/10.3897/zookeys.914.36604",2020,removed_duplicate_new_species_row
1012,Nidirana guangdongensis,"Zhi-Tong Lyu and Ke-Yuan Dai and Yao Li and Han Wan and Zhe-Yi Liu and Shuo Qi and Si-Min Lin and Jian Wang and Yu-Long Li and Yang-Jin Zeng and Pi-Peng Li and Hong Pang and Ying-Yong Wang (2020). Comprehensive approaches reveal three cryptic species of genus Nidirana (Anura, Ranidae) from China ZooKeys, 914, 127–159 https://doi.org/10.3897/zookeys.914.36604",2020,removed_duplicate_new_species_row
1015,Nidirana guangdongensis,"Zhi-Tong Lyu and Ke-Yuan Dai and Yao Li and Han Wan and Zhe-Yi Liu and Shuo Qi and Si-Min Lin and Jian Wang and Yu-Long Li and Yang-Jin Zeng and Pi-Peng Li and Hong Pang and Ying-Yong Wang (2020). Comprehensive approaches reveal three cryptic species of genus Nidirana (Anura, Ranidae) from China ZooKeys, 914, 127–159 https://doi.org/10.3897/zookeys.914.36604",2020,removed_duplicate_new_species_row
1023,Nidirana guangdongensis,"Zhi-Tong Lyu and Ke-Yuan Dai and Yao Li and Han Wan and Zhe-Yi Liu and Shuo Qi and Si-Min Lin and Jian Wang and Yu-Long Li and Yang-Jin Zeng and Pi-Peng Li and Hong Pang and Ying-Yong Wang (2020). Comprehensive approaches reveal three cryptic species of genus Nidirana (Anura, Ranidae) from China ZooKeys, 914, 127–159 https://doi.org/10.3897/zookeys.914.36604",2020,removed_duplicate_new_species_row
1037,Nidirana guangdongensis,"Zhi-Tong Lyu and Ke-Yuan Dai and Yao Li and Han Wan and Zhe-Yi Liu and Shuo Qi and Si-Min Lin and Jian Wang and Yu-Long Li and Yang-Jin Zeng and Pi-Peng Li and Hong Pang and Ying-Yong Wang (2020). Comprehensive approaches reveal three cryptic species of genus Nidirana (Anura, Ranidae) from China ZooKeys, 914, 127–159 https://doi.org/10.3897/zookeys.914.36604",2020,removed_duplicate_new_species_row
1639,Nidirana guangxiensis,"Zhi-Tong Lyu and Zhong Huang and Xiao-Wen Liao and Li Lin and Yong Huang and Ying-Yong Wang and Yun-Ming Mo (2021). A new species of Music frog (Anura, Ranidae, Nidirana) from Mt Daming, Guangxi, China ZooKeys, 1059, 35–56 https://doi.org/10.3897/zookeys.1059.68140",2021,removed_duplicate_new_species_row
1180,Nidirana guibeiensis,"Wei-Cai Chen and Jian-Ping Ye and Wan-Xiao Peng and Peng Li and Tong-Ping Su and Gui-Dong Yu and Zhi-Ying Cheng (2022). A new species of Nidirana (Anura, Ranidae) from northern Guangxi, China ZooKeys, 1135, 119–137 https://doi.org/10.3897/zookeys.1135.94371",2022,removed_duplicate_new_species_row
392,Nidirana guibeiensis,"Wei-Cai Chen and Jian-Ping Ye and Wan-Xiao Peng and Peng Li and Tong-Ping Su and Gui-Dong Yu and Zhi-Ying Cheng (2022). A new species of Nidirana (Anura, Ranidae) from northern Guangxi, China ZooKeys, 1135, 119–137 https://doi.org/10.3897/zookeys.1135.94371",2022,removed_duplicate_new_species_row
1005,Nidirana mangveni,"Zhi-Tong Lyu and Ke-Yuan Dai and Yao Li and Han Wan and Zhe-Yi Liu and Shuo Qi and Si-Min Lin and Jian Wang and Yu-Long Li and Yang-Jin Zeng and Pi-Peng Li and Hong Pang and Ying-Yong Wang (2020). Comprehensive approaches reveal three cryptic species of genus Nidirana (Anura, Ranidae) from China ZooKeys, 914, 127–159 https://doi.org/10.3897/zookeys.914.36604",2020,removed_duplicate_new_species_row
1013,Nidirana mangveni,"Zhi-Tong Lyu and Ke-Yuan Dai and Yao Li and Han Wan and Zhe-Yi Liu and Shuo Qi and Si-Min Lin and Jian Wang and Yu-Long Li and Yang-Jin Zeng and Pi-Peng Li and Hong Pang and Ying-Yong Wang (2020). Comprehensive approaches reveal three cryptic species of genus Nidirana (Anura, Ranidae) from China ZooKeys, 914, 127–159 https://doi.org/10.3897/zookeys.914.36604",2020,removed_duplicate_new_species_row
1019,Nidirana mangveni,"Zhi-Tong Lyu and Ke-Yuan Dai and Yao Li and Han Wan and Zhe-Yi Liu and Shuo Qi and Si-Min Lin and Jian Wang and Yu-Long Li and Yang-Jin Zeng and Pi-Peng Li and Hong Pang and Ying-Yong Wang (2020). Comprehensive approaches reveal three cryptic species of genus Nidirana (Anura, Ranidae) from China ZooKeys, 914, 127–159 https://doi.org/10.3897/zookeys.914.36604",2020,removed_duplicate_new_species_row
1024,Nidirana mangveni,"Zhi-Tong Lyu and Ke-Yuan Dai and Yao Li and Han Wan and Zhe-Yi Liu and Shuo Qi and Si-Min Lin and Jian Wang and Yu-Long Li and Yang-Jin Zeng and Pi-Peng Li and Hong Pang and Ying-Yong Wang (2020). Comprehensive approaches reveal three cryptic species of genus Nidirana (Anura, Ranidae) from China ZooKeys, 914, 127–159 https://doi.org/10.3897/zookeys.914.36604",2020,removed_duplicate_new_species_row
1038,Nidirana mangveni,"Zhi-Tong Lyu and Ke-Yuan Dai and Yao Li and Han Wan and Zhe-Yi Liu and Shuo Qi and Si-Min Lin and Jian Wang and Yu-Long Li and Yang-Jin Zeng and Pi-Peng Li and Hong Pang and Ying-Yong Wang (2020). Comprehensive approaches reveal three cryptic species of genus Nidirana (Anura, Ranidae) from China ZooKeys, 914, 127–159 https://doi.org/10.3897/zookeys.914.36604",2020,removed_duplicate_new_species_row
1011,Nidirana xiangica,"Zhi-Tong Lyu and Ke-Yuan Dai and Yao Li and Han Wan and Zhe-Yi Liu and Shuo Qi and Si-Min Lin and Jian Wang and Yu-Long Li and Yang-Jin Zeng and Pi-Peng Li and Hong Pang and Ying-Yong Wang (2020). Comprehensive approaches reveal three cryptic species of genus Nidirana (Anura, Ranidae) from China ZooKeys, 914, 127–159 https://doi.org/10.3897/zookeys.914.36604",2020,removed_duplicate_new_species_row
1014,Nidirana xiangica,"Zhi-Tong Lyu and Ke-Yuan Dai and Yao Li and Han Wan and Zhe-Yi Liu and Shuo Qi and Si-Min Lin and Jian Wang and Yu-Long Li and Yang-Jin Zeng and Pi-Peng Li and Hong Pang and Ying-Yong Wang (2020). Comprehensive approaches reveal three cryptic species of genus Nidirana (Anura, Ranidae) from China ZooKeys, 914, 127–159 https://doi.org/10.3897/zookeys.914.36604",2020,removed_duplicate_new_species_row
1020,Nidirana xiangica,"Zhi-Tong Lyu and Ke-Yuan Dai and Yao Li and Han Wan and Zhe-Yi Liu and Shuo Qi and Si-Min Lin and Jian Wang and Yu-Long Li and Yang-Jin Zeng and Pi-Peng Li and Hong Pang and Ying-Yong Wang (2020). Comprehensive approaches reveal three cryptic species of genus Nidirana (Anura, Ranidae) from China ZooKeys, 914, 127–159 https://doi.org/10.3897/zookeys.914.36604",2020,removed_duplicate_new_species_row
1036,Nidirana xiangica,"Zhi-Tong Lyu and Ke-Yuan Dai and Yao Li and Han Wan and Zhe-Yi Liu and Shuo Qi and Si-Min Lin and Jian Wang and Yu-Long Li and Yang-Jin Zeng and Pi-Peng Li and Hong Pang and Ying-Yong Wang (2020). Comprehensive approaches reveal three cryptic species of genus Nidirana (Anura, Ranidae) from China ZooKeys, 914, 127–159 https://doi.org/10.3897/zookeys.914.36604",2020,removed_duplicate_new_species_row
1040,Nidirana xiangica,"Zhi-Tong Lyu and Ke-Yuan Dai and Yao Li and Han Wan and Zhe-Yi Liu and Shuo Qi and Si-Min Lin and Jian Wang and Yu-Long Li and Yang-Jin Zeng and Pi-Peng Li and Hong Pang and Ying-Yong Wang (2020). Comprehensive approaches reveal three cryptic species of genus Nidirana (Anura, Ranidae) from China ZooKeys, 914, 127–159 https://doi.org/10.3897/zookeys.914.36604",2020,removed_duplicate_new_species_row
2170,Odorrana damingshanensis,"Wei-Cai Chen and Yun-Ming Mo and Li Lin and Kun Qin (2024). A new species of Odorrana Fei, Ye & Huang, 1990 (Amphibia, Anura, Ranidae) from central Guangxi, China with a discussion of the taxonomy of Odorrana (Bamburana) ZooKeys https://doi.org/10.3897/zookeys.1190.109886",2024,removed_duplicate_new_species_row
755,Odorrana fengkaiensis,"YING-YONG WANG, MICHAEL WAI-NENG LAU, JIAN-HUAN YANG, GUO-LING CHEN, ZU-YAO LIU, HONG PANG & YANG LIU (2015). A new species of the genus Odorrana (Amphibia: Ranidae) and the first record of Odorrana bacboensis from China Zootaxa, 3999(2), 235–254 https://doi.org/10.11646/zootaxa.3999.2.4",2015,removed_duplicate_new_species_row
758,Odorrana fengkaiensis,"YING-YONG WANG, MICHAEL WAI-NENG LAU, JIAN-HUAN YANG, GUO-LING CHEN, ZU-YAO LIU, HONG PANG & YANG LIU (2015). A new species of the genus Odorrana (Amphibia: Ranidae) and the first record of Odorrana bacboensis from China Zootaxa, 3999(2), 235–254 https://doi.org/10.11646/zootaxa.3999.2.4",2015,removed_duplicate_new_species_row
2232,Odorrana leishanensis,"Shi-Ze Li and Ji-Jun Chen and Hai-Jun Su and Jing Liu and Xiu-Jun Tang and Bin Wang (2024). A new odorous frog species of Odorrana (Amphibia, Anura, Ranidae) from Guizhou Province, China Food Science https://doi.org/10.3897/zookeys.1192.114315",2024,removed_duplicate_new_species_row
394,Odorrana sangzhiensis,"Bing Zhang and Yuan Li and Ke Hu and Pipeng Li and Zhirong Gu and Nengwen Xiao and Daode Yang (2021). A new species of Odorrana (Anura, Ranidae) from Hunan Province, China ZooKeys, 1024, 91–115 https://doi.org/10.3897/zookeys.1024.56399",2021,removed_duplicate_new_species_row
1062,Oligodon zhangfujii,"Ke JIANG and Dihao WU and Junjie HUANG and Jinlong REN and Zongyuan GAO and Zhitong LYU and Jiatang LI (2025). Description of a New Species of Kukri Snake (Serpentes: Colubridae: Oligodon) from Xizang, China Asian Herpetological Research, 16(1), 36–48 https://doi.org/10.3724/ahr.2095-0357.2024.0058",2025,removed_duplicate_new_species_row
1500,Onychodactylus koreanus,"NIKOLAY A. POYARKOV, JR. & JING CHE & MI-SOOK MIN & MASAKI KURO-O & FANG YAN & CHENG LI & KOJI IIZUKA & DAVID R. VIEITES (2012). Review of the systematics, morphology and distribution of Asian Clawed Salamanders, genus Onychodactylus (Amphibia, Caudata: Hynobiidae), with the description of four new species Zootaxa, 3465, 1–106",2012,removed_duplicate_new_species_row
998,Onychodactylus koreanus,"NIKOLAY A. POYARKOV, JR. & JING CHE & MI-SOOK MIN & MASAKI KURO-O & FANG YAN & CHENG LI & KOJI IIZUKA & DAVID R. VIEITES (2012). Review of the systematics, morphology and distribution of Asian Clawed Salamanders, genus Onychodactylus (Amphibia, Caudata: Hynobiidae), with the description of four new species Zootaxa, 3465, 1–106",2012,removed_duplicate_new_species_row
1501,Onychodactylus koreanus,"NIKOLAY A. POYARKOV, JR. & JING CHE & MI-SOOK MIN & MASAKI KURO-O & FANG YAN & CHENG LI & KOJI IIZUKA & DAVID R. VIEITES (2012). Review of the systematics, morphology and distribution of Asian Clawed Salamanders, genus Onychodactylus (Amphibia, Caudata: Hynobiidae), with the description of four new species Zootaxa, 3465, 1–106",2012,removed_duplicate_new_species_row
1495,Onychodactylus nipponoborealis,"NIKOLAY A. POYARKOV, JR. & JING CHE & MI-SOOK MIN & MASAKI KURO-O & FANG YAN & CHENG LI & KOJI IIZUKA & DAVID R. VIEITES (2012). Review of the systematics, morphology and distribution of Asian Clawed Salamanders, genus Onychodactylus (Amphibia, Caudata: Hynobiidae), with the description of four new species Zootaxa, 3465, 1–106",2012,removed_duplicate_new_species_row
1502,Onychodactylus nipponoborealis,"NIKOLAY A. POYARKOV, JR. & JING CHE & MI-SOOK MIN & MASAKI KURO-O & FANG YAN & CHENG LI & KOJI IIZUKA & DAVID R. VIEITES (2012). Review of the systematics, morphology and distribution of Asian Clawed Salamanders, genus Onychodactylus (Amphibia, Caudata: Hynobiidae), with the description of four new species Zootaxa, 3465, 1–106",2012,removed_duplicate_new_species_row
1510,Onychodactylus nipponoborealis,"NIKOLAY A. POYARKOV, JR. & JING CHE & MI-SOOK MIN & MASAKI KURO-O & FANG YAN & CHENG LI & KOJI IIZUKA & DAVID R. VIEITES (2012). Review of the systematics, morphology and distribution of Asian Clawed Salamanders, genus Onychodactylus (Amphibia, Caudata: Hynobiidae), with the description of four new species Zootaxa, 3465, 1–106",2012,removed_duplicate_new_species_row
840,Onychodactylus zhangyapingi,"NIKOLAY A. POYARKOV, JR. & JING CHE & MI-SOOK MIN & MASAKI KURO-O & FANG YAN & CHENG LI & KOJI IIZUKA & DAVID R. VIEITES (2012). Review of the systematics, morphology and distribution of Asian Clawed Salamanders, genus Onychodactylus (Amphibia, Caudata: Hynobiidae), with the description of four new species Zootaxa, 3465, 1–106",2012,removed_duplicate_new_species_row
1497,Onychodactylus zhangyapingi,"NIKOLAY A. POYARKOV, JR. & JING CHE & MI-SOOK MIN & MASAKI KURO-O & FANG YAN & CHENG LI & KOJI IIZUKA & DAVID R. VIEITES (2012). Review of the systematics, morphology and distribution of Asian Clawed Salamanders, genus Onychodactylus (Amphibia, Caudata: Hynobiidae), with the description of four new species Zootaxa, 3465, 1–106",2012,removed_duplicate_new_species_row
1507,Onychodactylus zhangyapingi,"NIKOLAY A. POYARKOV, JR. & JING CHE & MI-SOOK MIN & MASAKI KURO-O & FANG YAN & CHENG LI & KOJI IIZUKA & DAVID R. VIEITES (2012). Review of the systematics, morphology and distribution of Asian Clawed Salamanders, genus Onychodactylus (Amphibia, Caudata: Hynobiidae), with the description of four new species Zootaxa, 3465, 1–106",2012,removed_duplicate_new_species_row
1512,Onychodactylus zhangyapingi,"NIKOLAY A. POYARKOV, JR. & JING CHE & MI-SOOK MIN & MASAKI KURO-O & FANG YAN & CHENG LI & KOJI IIZUKA & DAVID R. VIEITES (2012). Review of the systematics, morphology and distribution of Asian Clawed Salamanders, genus Onychodactylus (Amphibia, Caudata: Hynobiidae), with the description of four new species Zootaxa, 3465, 1–106",2012,removed_duplicate_new_species_row
1496,Onychodactylus zhaoermii,"NIKOLAY A. POYARKOV, JR. & JING CHE & MI-SOOK MIN & MASAKI KURO-O & FANG YAN & CHENG LI & KOJI IIZUKA & DAVID R. VIEITES (2012). Review of the systematics, morphology and distribution of Asian Clawed Salamanders, genus Onychodactylus (Amphibia, Caudata: Hynobiidae), with the description of four new species Zootaxa, 3465, 1–106",2012,removed_duplicate_new_species_row
1503,Onychodactylus zhaoermii,"NIKOLAY A. POYARKOV, JR. & JING CHE & MI-SOOK MIN & MASAKI KURO-O & FANG YAN & CHENG LI & KOJI IIZUKA & DAVID R. VIEITES (2012). Review of the systematics, morphology and distribution of Asian Clawed Salamanders, genus Onychodactylus (Amphibia, Caudata: Hynobiidae), with the description of four new species Zootaxa, 3465, 1–106",2012,removed_duplicate_new_species_row
1511,Onychodactylus zhaoermii,"NIKOLAY A. POYARKOV, JR. & JING CHE & MI-SOOK MIN & MASAKI KURO-O & FANG YAN & CHENG LI & KOJI IIZUKA & DAVID R. VIEITES (2012). Review of the systematics, morphology and distribution of Asian Clawed Salamanders, genus Onychodactylus (Amphibia, Caudata: Hynobiidae), with the description of four new species Zootaxa, 3465, 1–106",2012,removed_duplicate_new_species_row
1450,Opisthotropis hungtai,"Jian Wang and Zhi-Tong Lyu and Zhao-Chi Zeng and Chao-Yu Lin and Jian-Huan Yang and Truong Quang Nguyen and Minh D. Le and Thomas Ziegler and Ying-Yong Wang (2020). Re-examination of the Chinese record of Opisthotropis maculosa (Squamata, Natricidae), resulting in the first national record of O. haihaensis and description of a new species ZooKeys, 913, 141–159 https://doi.org/10.3897/zookeys.913.48622",2020,removed_duplicate_new_species_row
1452,Opisthotropis hungtai,"Jian Wang and Zhi-Tong Lyu and Zhao-Chi Zeng and Chao-Yu Lin and Jian-Huan Yang and Truong Quang Nguyen and Minh D. Le and Thomas Ziegler and Ying-Yong Wang (2020). Re-examination of the Chinese record of Opisthotropis maculosa (Squamata, Natricidae), resulting in the first national record of O. haihaensis and description of a new species ZooKeys, 913, 141–159 https://doi.org/10.3897/zookeys.913.48622",2020,removed_duplicate_new_species_row
1467,Opisthotropis hungtai,"Jian Wang and Zhi-Tong Lyu and Zhao-Chi Zeng and Chao-Yu Lin and Jian-Huan Yang and Truong Quang Nguyen and Minh D. Le and Thomas Ziegler and Ying-Yong Wang (2020). Re-examination of the Chinese record of Opisthotropis maculosa (Squamata, Natricidae), resulting in the first national record of O. haihaensis and description of a new species ZooKeys, 913, 141–159 https://doi.org/10.3897/zookeys.913.48622",2020,removed_duplicate_new_species_row
1469,Opisthotropis hungtai,"Jian Wang and Zhi-Tong Lyu and Zhao-Chi Zeng and Chao-Yu Lin and Jian-Huan Yang and Truong Quang Nguyen and Minh D. Le and Thomas Ziegler and Ying-Yong Wang (2020). Re-examination of the Chinese record of Opisthotropis maculosa (Squamata, Natricidae), resulting in the first national record of O. haihaensis and description of a new species ZooKeys, 913, 141–159 https://doi.org/10.3897/zookeys.913.48622",2020,removed_duplicate_new_species_row
936,Oreolalax longmenmontis,"Yinmeng Hou and Shengchao Shi and Daming Hu and Yue Deng and Jianping Jiang and Feng Xie and Bin Wang (2020). A new species of the toothed toad Oreolalax (Anura, Megophryidae) from Sichuan Province, China ZooKeys, 929, 93–115 https://doi.org/10.3897/zookeys.929.49748",2020,removed_duplicate_new_species_row
1605,Oreolalax longmenmontis,"Yinmeng Hou and Shengchao Shi and Daming Hu and Yue Deng and Jianping Jiang and Feng Xie and Bin Wang (2020). A new species of the toothed toad Oreolalax (Anura, Megophryidae) from Sichuan Province, China ZooKeys, 929, 93–115 https://doi.org/10.3897/zookeys.929.49748",2020,removed_duplicate_new_species_row
1694,Oreolalax yanyuanensis,"Yin Meng Hou and Pu Yang Zheng and Hao Qi Yu and Bin Wang and Xiao Hong Chen and Feng Xie (2020). A new toad of Oreolalax Myers & Leviton, 1962 (Anura, Megophryidae) from Sichuan Province, southwest China Life Science https://doi.org/10.3897/zookeys.1212.122222",2020,removed_duplicate_new_species_row
150,Ovophis jenkinsi,"Xian-Chun Qiu and Jin-Ze Wang and Zu-Yao Xia and Zhong-Wen Jiang and Yan Zeng and Nan Wang and Pi-Peng Li and Jing-Song Shi (2024). A new mountain pitviper of the genus Ovophis Burger in Hoge & Romano-Hoge, 1981 (Serpentes, Viperidae) from Yunnan, China https://doi.org/10.3897/zookeys.1203.119218",2024,removed_duplicate_new_species_row
399,Pachytriton cheni,"Zhirong He and Siyu Wu and Shanqing Wang and Li Ma and Na Zhao and Xiaobing Wu and Supen Wang (2025). A New Species of Pachytriton (Amphibia: Caudata: Salamandridae) from Anhui, China Animals, 15, 3018 https://doi.org/10.3390/ani15203018",2025,removed_duplicate_new_species_row
1673,Paramegophrys aspera,"Jian Wang and Zhi-Tong Lyu and Shuo Qi and Zhao-Chi Zeng and Wen-Xiang Zhang and Long-Shan Lu and Ying-Yong Wang (2020). Two new Leptobrachella species (Anura, Megophryidae) from the Yunnan-Guizhou Plateau, southwestern China ZooKeys, 995, 97–125 https://doi.org/10.3897/zookeys.955.55939",2020,removed_duplicate_new_species_row
1680,Paramegophrys aspera,"Jian Wang and Zhi-Tong Lyu and Shuo Qi and Zhao-Chi Zeng and Wen-Xiang Zhang and Long-Shan Lu and Ying-Yong Wang (2020). Two new Leptobrachella species (Anura, Megophryidae) from the Yunnan-Guizhou Plateau, southwestern China ZooKeys, 995, 97–125 https://doi.org/10.3897/zookeys.955.55939",2020,removed_duplicate_new_species_row
508,Paramegophrys chishuiensis,"Shi-Ze Li and Jing Liu and Gang Wei and Bin Wang (2020). A new species of the Asian leaf litter toad genus Leptobrachella (Amphibia, Anura, Megophryidae) from southwest China ZooKeys, 943, 91–118 https://doi.org/10.3897/zookeys.943.51572",2020,removed_duplicate_new_species_row
509,Paramegophrys chishuiensis,"Shi-Ze Li and Jing Liu and Gang Wei and Bin Wang (2020). A new species of the Asian leaf litter toad genus Leptobrachella (Amphibia, Anura, Megophryidae) from southwest China ZooKeys, 943, 91–118 https://doi.org/10.3897/zookeys.943.51572",2020,removed_duplicate_new_species_row
510,Paramegophrys chishuiensis,"Shi-Ze Li and Jing Liu and Gang Wei and Bin Wang (2020). A new species of the Asian leaf litter toad genus Leptobrachella (Amphibia, Anura, Megophryidae) from southwest China ZooKeys, 943, 91–118 https://doi.org/10.3897/zookeys.943.51572",2020,removed_duplicate_new_species_row
1964,Paramegophrys dong,,2024,removed_duplicate_new_species_row
1679,Paramegophrys dorsospina,"Jian Wang and Zhi-Tong Lyu and Shuo Qi and Zhao-Chi Zeng and Wen-Xiang Zhang and Long-Shan Lu and Ying-Yong Wang (2020). Two new Leptobrachella species (Anura, Megophryidae) from the Yunnan-Guizhou Plateau, southwestern China ZooKeys, 995, 97–125 https://doi.org/10.3897/zookeys.955.55939",2020,removed_duplicate_new_species_row
1681,Paramegophrys dorsospina,"Jian Wang and Zhi-Tong Lyu and Shuo Qi and Zhao-Chi Zeng and Wen-Xiang Zhang and Long-Shan Lu and Ying-Yong Wang (2020). Two new Leptobrachella species (Anura, Megophryidae) from the Yunnan-Guizhou Plateau, southwestern China ZooKeys, 995, 97–125 https://doi.org/10.3897/zookeys.955.55939",2020,removed_duplicate_new_species_row
1272,Paramegophrys jinshaensis,"Yan-Lin Cheng and Sheng-Chao Shi and Jiaqi Li and Jing Liu and Shi-Ze Li and Bin Wang (2021). A new species of the Asian leaf litter toad genus Leptobrachella Smith, 1925 (Anura, Megophryidae) from northwest Guizhou Province, China ZooKeys, 1021, 81–107 https://doi.org/10.3897/zookeys.1021.60729",2021,removed_duplicate_new_species_row
1490,Paramegophrys laui,"Yikhei SUNG and Jianhuan YANG and Yingyong WANG (2014). A New Species of Leptolalax (Anura: Megophryidae) from Southern China Asian Herpetological Research, 5(2), 80–90 https://doi.org/10.3724/SP.J.1245.2014.00080",2014,removed_duplicate_new_species_row
330,Paramegophrys suiyangensis,"Tao Luo and Ning Xiao and Kai Gao and Jiang Zhou (2020). A new species of Leptobrachella (Anura, Megophryidae) from Guizhou Province, China ZooKeys, 923, 115–140 https://doi.org/10.3897/zookeys.923.47172",2020,removed_duplicate_new_species_row
333,Paramegophrys suiyangensis,"Tao Luo and Ning Xiao and Kai Gao and Jiang Zhou (2020). A new species of Leptobrachella (Anura, Megophryidae) from Guizhou Province, China ZooKeys, 923, 115–140 https://doi.org/10.3897/zookeys.923.47172",2020,removed_duplicate_new_species_row
334,Paramegophrys suiyangensis,"Tao Luo and Ning Xiao and Kai Gao and Jiang Zhou (2020). A new species of Leptobrachella (Anura, Megophryidae) from Guizhou Province, China ZooKeys, 923, 115–140 https://doi.org/10.3897/zookeys.923.47172",2020,removed_duplicate_new_species_row
722,Paramegophrys tengchongensis,"JIAN-HUAN YANG and YING-YONG WANG and GUO-LING CHEN & DING-QI RAO (2016). A new species of the genus Leptolalax (Anura: Megophryidae) from Mt. Gaoligongshan of western Yunnan Province, China Zootaxa, 4088(3), 379–394 https://doi.org/10.11646/zootaxa.4088.3.4",2016,removed_duplicate_new_species_row
723,Paramegophrys tengchongensis,"JIAN-HUAN YANG and YING-YONG WANG and GUO-LING CHEN & DING-QI RAO (2016). A new species of the genus Leptolalax (Anura: Megophryidae) from Mt. Gaoligongshan of western Yunnan Province, China Zootaxa, 4088(3), 379–394 https://doi.org/10.11646/zootaxa.4088.3.4",2016,removed_duplicate_new_species_row
704,Paramegophrys verrucosa,"Shi-Shi Lin and Yuan-Hang Li and Yu-Hong Lu and Hong-Lin Su and Shi-Bin Wu and Qi-Qi Zhang and Mei-Juan Mo and Shao-Jun Xiao and Zhong Pan and Hu-Jun Pan and Zhao-Chi Zeng and Jian Wang (2022). A new species of the genus Leptobrachella (Anura, Megophryidae) from northwestern Guangdong Province, China Herpetozoa, 35, 165–178 https://doi.org/10.3897/herpetozoa.35.e89981",2022,removed_duplicate_new_species_row
1330,Paramegophrys wuhuangmontis,"Jian Wang and Jianhuan Yang and Yao Li and Zhitong Lyu and Zhaochi Zeng and Zuyao Liu and Youhua Ye and Yingyong Wang (2018). Morphology and molecular genetics reveal two new Leptobrachella species in southern China (Anura, Megophryidae) ZooKeys, 776, 105–137 https://doi.org/10.3897/zookeys.776.22925",2018,removed_duplicate_new_species_row
1336,Paramegophrys wuhuangmontis,"Jian Wang and Jianhuan Yang and Yao Li and Zhitong Lyu and Zhaochi Zeng and Zuyao Liu and Youhua Ye and Yingyong Wang (2018). Morphology and molecular genetics reveal two new Leptobrachella species in southern China (Anura, Megophryidae) ZooKeys, 776, 105–137 https://doi.org/10.3897/zookeys.776.22925",2018,removed_duplicate_new_species_row
140,Paramegophrys yeae,"Shengchao SHI and Yinmeng HOU and Zhaobin SONG and Jianping JIANG and Bin WANG (2021). A New Leaf Litter Toad of Leptobrachella Smith, 1925 (Anura, Megophryidae) from Sichuan Province, China with Supplementary Description of L. oshanensis Asian Herpetological Research, 12(2), 143–166 https://doi.org/10.16373/j.cnki.ahr.200118",2021,removed_duplicate_new_species_row
1328,Paramegophrys yunkaiensis,"Jian Wang and Jianhuan Yang and Yao Li and Zhitong Lyu and Zhaochi Zeng and Zuyao Liu and Youhua Ye and Yingyong Wang (2018). Morphology and molecular genetics reveal two new Leptobrachella species in southern China (Anura, Megophryidae) ZooKeys, 776, 105–137 https://doi.org/10.3897/zookeys.776.22925",2018,removed_duplicate_new_species_row
1333,Paramegophrys yunkaiensis,"Jian Wang and Jianhuan Yang and Yao Li and Zhitong Lyu and Zhaochi Zeng and Zuyao Liu and Youhua Ye and Yingyong Wang (2018). Morphology and molecular genetics reveal two new Leptobrachella species in southern China (Anura, Megophryidae) ZooKeys, 776, 105–137 https://doi.org/10.3897/zookeys.776.22925",2018,removed_duplicate_new_species_row
779,Paramesotriton aurantius,"ZHIYONG YUAN and YUNKE WU and JIAJUN ZHOU & JING CHE (2016). A new species of the genus Paramesotriton (Caudata: Salamandridae) from Fujian, southeastern China Zootaxa, 4205(6), 549–563 https://doi.org/10.11646/zootaxa.4205.6.3",2016,removed_duplicate_new_species_row
1834,Paramesotriton longliensis,"李松、田应洲、谷晓明、熊荣川 (2008). 瘰螈属一新种——龙里瘰螈(有尾目:蝾螈科) 动物学研究, 29(3), 313-317",2008,removed_duplicate_new_species_row
428,Paramesotriton maolanensis,"XIAOMING GU and RONGRONG CHEN and YINGZHOU TIAN and SONG LI and JINGCHENG RAN (2012). A new species of Paramesotriton (Caudata: Salamandridae) from Guizhou Province, China Zootaxa, 3510, 41–52",2012,removed_duplicate_new_species_row
432,Pareas baiseensis,徐宇浩、吴家祥、龚宴安、侯勉、梁晟铭、彭丽芳 (2024) 动物学杂志 10.13859/j.cjz.202424028,2024,removed_duplicate_new_species_row
1888,Pareas geminatus,"王馨、雷蕾、丁利、陈泽柠、戴蓉 (2023). 云南江城县爬行动物多样性与保护现状 动物学杂志, 58(3), 366-380 https://doi.org/10.13859/j.cjz.202303006",2023,removed_duplicate_new_species_row
954,Pareas menglaensis,"Ping Wang and Jing Che and Qin Liu and Ke Li and Jie Qiong Jin and Ke Jiang and Lei Shi and Peng Guo (2020). A revised taxonomy of Asian snail-eating snakes Pareas (Squamata, Pareidae): evidence from morphological comparison and molecular phylogeny ZooKeys, 939, 45–64 https://doi.org/10.3897/zookeys.939.49309",2020,removed_duplicate_new_species_row
956,Pareas menglaensis,"Ping Wang and Jing Che and Qin Liu and Ke Li and Jie Qiong Jin and Ke Jiang and Lei Shi and Peng Guo (2020). A revised taxonomy of Asian snail-eating snakes Pareas (Squamata, Pareidae): evidence from morphological comparison and molecular phylogeny ZooKeys, 939, 45–64 https://doi.org/10.3897/zookeys.939.49309",2020,removed_duplicate_new_species_row
959,Pareas menglaensis,"Ping Wang and Jing Che and Qin Liu and Ke Li and Jie Qiong Jin and Ke Jiang and Lei Shi and Peng Guo (2020). A revised taxonomy of Asian snail-eating snakes Pareas (Squamata, Pareidae): evidence from morphological comparison and molecular phylogeny ZooKeys, 939, 45–64 https://doi.org/10.3897/zookeys.939.49309",2020,removed_duplicate_new_species_row
955,Pareas mengziensis,"Ping Wang and Jing Che and Qin Liu and Ke Li and Jie Qiong Jin and Ke Jiang and Lei Shi and Peng Guo (2020). A revised taxonomy of Asian snail-eating snakes Pareas (Squamata, Pareidae): evidence from morphological comparison and molecular phylogeny ZooKeys, 939, 45–64 https://doi.org/10.3897/zookeys.939.49309",2020,removed_duplicate_new_species_row
957,Pareas mengziensis,"Ping Wang and Jing Che and Qin Liu and Ke Li and Jie Qiong Jin and Ke Jiang and Lei Shi and Peng Guo (2020). A revised taxonomy of Asian snail-eating snakes Pareas (Squamata, Pareidae): evidence from morphological comparison and molecular phylogeny ZooKeys, 939, 45–64 https://doi.org/10.3897/zookeys.939.49309",2020,removed_duplicate_new_species_row
968,Pareas mengziensis,"Ping Wang and Jing Che and Qin Liu and Ke Li and Jie Qiong Jin and Ke Jiang and Lei Shi and Peng Guo (2020). A revised taxonomy of Asian snail-eating snakes Pareas (Squamata, Pareidae): evidence from morphological comparison and molecular phylogeny ZooKeys, 939, 45–64 https://doi.org/10.3897/zookeys.939.49309",2020,removed_duplicate_new_species_row
898,Pareas mengziensis,"Li Ding、Zening Chen、Chatmongkon Suwannapoom、Tan Van Nguyen、Nikolay A. Poyarkov & Gernot Vogel (2020). A NEW SPECIES OF THE Pareas hamptoni COMPLEX (SQUAMATA: SERPENTES: PAREIDAE) FROM THE GOLDEN TRIANGLE TAPROBANICA, 09(02), 174–193 https://doi.org/10.47605/tapro.v9i2.230",2020,removed_duplicate_new_species_row
2182,Pareas sp. nov.,"CHUNG-WEI YOU and NIKOLAY A. POYARKOV JR & SI-MIN LIN (2015). Diversity of the snail-eating snakes Pareas (Serpentes, Pareatidae) from Taiwan Zoologica Scripta, 44, 349–361 https://doi.org/10.1111/zsc.12111",2015,removed_duplicate_new_species_row
286,Pseudohynobius jinfo,"GANG WEI and JIAN-LI XIONG and MIAN HOU and XIAO-MAO ZENG (2009). A new species of hynobiid salamander (Urodela: Hynobiidae: Pseudohynobius) from Southwestern China Zootaxa, 2149, 62–68",2009,removed_duplicate_new_species_row
287,Pseudohynobius jinfo,"GANG WEI and JIAN-LI XIONG and MIAN HOU and XIAO-MAO ZENG (2009). A new species of hynobiid salamander (Urodela: Hynobiidae: Pseudohynobius) from Southwestern China ZOOTAXA, 2149, 62–68",2009,removed_duplicate_new_species_row
288,Pseudohynobius jinfo,"GANG WEI and JIAN-LI XIONG and MIAN HOU and XIAO-MAO ZENG (2009). A new species of hynobiid salamander (Urodela: Hynobiidae: Pseudohynobius) from Southwestern China ZOOTAXA, 2149, 62–68",2009,removed_duplicate_new_species_row
289,Pseudohynobius jinfo,"GANG WEI and JIAN-LI XIONG and MIAN HOU and XIAO-MAO ZENG (2009). A new species of hynobiid salamander (Urodela: Hynobiidae: Pseudohynobius) from Southwestern China Zootaxa, 2149, 62–68",2009,removed_duplicate_new_species_row
292,Pseudohynobius jinfo,"GANG WEI and JIAN-LI XIONG and MIAN HOU and XIAO-MAO ZENG (2009). A new species of hynobiid salamander (Urodela: Hynobiidae: Pseudohynobius) from Southwestern China Zootaxa, 2149, 62–68",2009,removed_duplicate_new_species_row
632,Pseudohynobius jinfo,,,removed_duplicate_new_species_row
441,Rana dabieshanensis,"Chencheng Wang and Lifu Qian and Chenling Zhang and Weibo Guo and Tao Pan and Jun Wu and Hui Wang and Baowei Zhang (2017). A new species of Rana from the Dabie Mountains in eastern China (Anura, Ranidae) ZooKeys, 724, 135–153 https://doi.org/10.3897/zookeys.724.19383",2017,removed_duplicate_new_species_row
442,Rana dabieshanensis,"Chencheng Wang and Lifu Qian and Chenling Zhang and Weibo Guo and Tao Pan and Jun Wu and Hui Wang and Baowei Zhang (2017). A new species of Rana from the Dabie Mountains in eastern China (Anura, Ranidae) ZooKeys, 724, 135–153 https://doi.org/10.3897/zookeys.724.19383",2017,removed_duplicate_new_species_row
913,Rana jiulingensis,"Han Wan and Zhi-Tong Lyu and Shuo Qi and Jian Zhao and Pi-Peng Li and Ying-Yong Wang (2020). A new species of the Rana japonica group (Anura, Ranidae, Rana) from China, with a taxonomic proposal for the R. johnsi group ZooKeys, 942, 141–158 https://doi.org/10.3897/zookeys.942.46928",2020,removed_duplicate_new_species_row
1610,Rana jiulingensis,"Han Wan and Zhi-Tong Lyu and Shuo Qi and Jian Zhao and Pi-Peng Li and Ying-Yong Wang (2020). A new species of the Rana japonica group (Anura, Ranidae, Rana) from China, with a taxonomic proposal for the R. johnsi group ZooKeys, 942, 141–158 https://doi.org/10.3897/zookeys.942.46928",2020,removed_duplicate_new_species_row
787,Rana luanchuanensis,"Haipeng Zhao and Junxiao Yang and Chunping Wang and Pipeng Li and Robert W. Murphy and Jing Che and Zhiyong Yuan (2017). A new species of the genus Rana from Henan, central China (Anura, Ranidae) ZooKeys, 694, 95–108 https://doi.org/10.3897/zookeys.694.12513",2017,removed_duplicate_new_species_row
791,Rana luanchuanensis,"Haipeng Zhao and Junxiao Yang and Chunping Wang and Pipeng Li and Robert W. Murphy and Jing Che and Zhiyong Yuan (2017). A new species of the genus Rana from Henan, central China (Anura, Ranidae) ZooKeys, 694, 95–108 https://doi.org/10.3897/zookeys.694.12513",2017,removed_duplicate_new_species_row
792,Rana luanchuanensis,"Haipeng Zhao and Junxiao Yang and Chunping Wang and Pipeng Li and Robert W. Murphy and Jing Che and Zhiyong Yuan (2017). A new species of the genus Rana from Henan, central China (Anura, Ranidae) ZooKeys, 694, 95–108 https://doi.org/10.3897/zookeys.694.12513",2017,removed_duplicate_new_species_row
796,Rana luanchuanensis,"Haipeng Zhao and Junxiao Yang and Chunping Wang and Pipeng Li and Robert W. Murphy and Jing Che and Zhiyong Yuan (2017). A new species of the genus Rana from Henan, central China (Anura, Ranidae) ZooKeys, 694, 95–108 https://doi.org/10.3897/zookeys.694.12513",2017,removed_duplicate_new_species_row
106,Rana qui,"Shuxuan GAO and Huijun SHEN and Xinyue YANG and Zhuo CHEN and Yinmeng HOU and Xiaohong CHEN (2024). A New Brown Frog of Rana (Amphibia, Anura, Ranidae) from Central China, Henan Province Asian Herpetological Research, 15(4), 265–278 https://doi.org/10.3724/ahr.2095-0357.2024.0030",2024,removed_duplicate_new_species_row
109,Rana qui,"Shuxuan GAO and Huijun SHEN and Xinyue YANG and Zhuo CHEN and Yinmeng HOU and Xiaohong CHEN (2024). A New Brown Frog of Rana (Amphibia, Anura, Ranidae) from Central China, Henan Province Asian Herpetological Research, 15(4), 265–278 https://doi.org/10.3724/ahr.2095-0357.2024.0030",2024,removed_duplicate_new_species_row
797,Rana wuyiensis,"Yanqing Wu and Shengchao Shi and Huiguang Zhang and Weicai Chen and Bin Cai and Van Chung Hoang and Jun Wu and Bin Wang (2021). A new species of the genus Rana sensu lato Linnaeus, 1758 (Anura, Ranidae) from Wuyi Mountain, Fujian Province, China ZooKeys, 1065, 101–124 https://doi.org/10.3897/zookeys.1065.67005",2021,removed_duplicate_new_species_row
1943,Rana wuyiensis,,2022,removed_duplicate_new_species_row
1678,Raorchestes hekouensis,"Lingyun Du and Yuhan Xu and Shuo Liu and Guohua Yu (2024). A new species of Raorchestes (Anura, Rhacophoridae) from Yunnan Province, China Life Science https://doi.org/10.3897/zookeys.1192.106013",2024,removed_duplicate_new_species_row
213,Raorchestes malipoensis,"Junkai Huang and Xiao Long Liu and Lingyun Du and Justin M. Bernstein and Shuo Liu and Yun Yang and Guohua Yu and Zhengjun Wu (2023). A new species of Bush frog (Anura, Rhacophoridae, Raorchestes) from southeastern Yunnan, China ZooKeys, 1151, 47–65 https://doi.org/10.3897/zookeys.1151.95616",2023,removed_duplicate_new_species_row
803,Rhabdophis shuichengensis,"Shihang XU and Rongchuan XIONG and Caiwen ZHANG and Xiaojuan XIANG and Hong CHEN and Baowei ZHANG (2025). A New Species of the Genus Rhabdophis Fitzinger, 1843 (Squamata: Colubridae) from Guizhou Province, Southwestern China Asian Herpetological Research, 16(3), 304–313 https://doi.org/10.3724/ahr.2095-0357.2025.0024",2025,removed_duplicate_new_species_row
462,Rhacophorus napoensis,"Jing Li and Shuo Liu and Guohua Yu and Tao Sun (2022). A new species of Rhacophorus (Anura, Rhacophoridae) from Guangxi, China ZooKeys, 1117, 123–138 https://doi.org/10.3897/zookeys.1117.85787",2022,removed_duplicate_new_species_row
1846,Rhacophorus qiongica,"Shangjing Tang and Fanrong Xiao and Shuo Liu and Lijun Wang and Guohua Yu and Lina Du (2024). Underestimated species diversity within the Rhacophorus rhodopus and Rhacophorus bipunctatus complexes (Anura, Rhacophoridae), with a description of a new species from Hainan, China Life Science, 100(2) https://doi.org/10.3897/zse.100.118879",2024,removed_duplicate_new_species_row
1727,Rhacophorus rhodopus,"Shangjing Tang and Fanrong Xiao and Shuo Liu and Lijun Wang and Guohua Yu and Lina Du (2024). Underestimated species diversity within the Rhacophorus rhodopus and Rhacophorus bipunctatus complexes (Anura, Rhacophoridae), with a description of a new species from Hainan, China Life Science, 100(2) https://doi.org/10.3897/zse.100.118879",2024,removed_duplicate_new_species_row
479,Scutiger tengchongensis,"Jian-Huan Yang and Xiang-Yuan Huang (2017). A New Species of Scutiger (Anura: Megophryidae) from the Gaoligongshan Mountain Range, China https://doi.org/10.1643/CH-17-661",2017,removed_duplicate_new_species_row
829,Sinomicrurus peinani,"Slowinski, Boundy, and Lawson (2001). A new species of the genus Sinomicrurus (Serpentes: Elapidae) from China and Vietnam National Natural Science, 3 https://doi.org/10.24272/j.issn.2095-8137.2020.023",2001,removed_duplicate_new_species_row
833,Takydromus yunkaiensis,"Jian Wang and Zhi-Tong Lyu and Chen-Yu Yang and Yu-Long Li and Ying-Yong Wang (2019). A new species of the genus Takydromus (Squamata, Lacertidae) from southwestern Guangdong, China ZooKeys, 871, 119–139 https://doi.org/10.3897/zookeys.871.35947",2019,removed_duplicate_new_species_row
2214,Trimeresurus guoi,"Zening CHEN and Shengchao SHI and Jun GAO and Gernot VOGEL and Zhaobin SONG and Li DING and Rong DAI (2021). A New Species of Trimeresurus Lacépède, 1804 (Squamata: Viperidae) from Southwestern China, Vietnam, Thailand and Myanmar Asian Herpetological Research, 12(2), 167–177 https://doi.org/10.16373/j.cnki.ahr.200084",2021,removed_duplicate_new_species_row
1892,Trimeresurus guoi,"王馨、雷蕾、丁利、陈泽柠、戴蓉 (2023). 云南江城县爬行动物多样性与保护现状 动物学杂志, 58(3), 366-380 https://doi.org/10.13859/j.cjz.202303006",2023,removed_duplicate_new_species_row
1889,Trimeresurus guoi,"王馨、雷蕾、丁利、陈泽柠、戴蓉 (2023). 云南江城县爬行动物多样性与保护现状 动物学杂志, 58(3), 366-380 https://doi.org/10.13859/j.cjz.202303006",2023,removed_duplicate_new_species_row
735,Tylototriton sini,"Zhi-Tong Lyu and Jian Wang and Zhao-Chi Zeng and Jia-Jun Zhou and Shuo Qi and Han Wan and You-Yu Li and Ying-Yong Wang (2021). A new species of the genus Tylototriton (Caudata, Salamandridae) from Guangdong, southern China, with discussion on the subgenera and species groups within the genus Vertebrate Zoology, 71, 697-710 https://doi.org/10.3897/vz.71.e73563",2021,removed_duplicate_new_species_row
859,Tylototriton sini,"Zhi-Tong Lyu and Jian Wang and Zhao-Chi Zeng and Jia-Jun Zhou and Shuo Qi and Han Wan and You-Yu Li and Ying-Yong Wang (2021). A new species of the genus Tylototriton (Caudata, Salamandridae) from Guangdong, southern China, with discussion on the subgenera and species groups within the genus Vertebrate Zoology, 71, 697-710 https://doi.org/10.3897/vz.71.e73563",2021,removed_duplicate_new_species_row
878,Tylototriton sini,"Zhi-Tong Lyu and Jian Wang and Zhao-Chi Zeng and Jia-Jun Zhou and Shuo Qi and Han Wan and You-Yu Li and Ying-Yong Wang (2021). A new species of the genus Tylototriton (Caudata, Salamandridae) from Guangdong, southern China, with discussion on the subgenera and species groups within the genus Vertebrate Zoology, 71, 697-710 https://doi.org/10.3897/vz.71.e73563",2021,removed_duplicate_new_species_row
87,Xenophrys lishuiensis,,2017,removed_duplicate_new_species_row
948,Xenophrys pangdaensis,"Guocheng Shu and Ke Li and Yayong Wu and Qin Liu and Zhongping He and Ling Li and He Zhang and Peng Guo (2023). A new species of Xenophrys (Amphibia, Anura, Megophryidae) from southern Tibet, China Life Science https://doi.org/10.3897/zookeys.1182.106828",2023,removed_duplicate_new_species_row
949,Xenophrys pangdaensis,"Guocheng Shu and Ke Li and Yayong Wu and Qin Liu and Zhongping He and Ling Li and He Zhang and Peng Guo (2023). A new species of Xenophrys (Amphibia, Anura, Megophryidae) from southern Tibet, China Life Science https://doi.org/10.3897/zookeys.1182.106828",2023,removed_duplicate_new_species_row
950,Xenophrys pangdaensis,"Guocheng Shu and Ke Li and Yayong Wu and Qin Liu and Zhongping He and Ling Li and He Zhang and Peng Guo (2023). A new species of Xenophrys (Amphibia, Anura, Megophryidae) from southern Tibet, China Life Science https://doi.org/10.3897/zookeys.1182.106828",2023,removed_duplicate_new_species_row
846,Yaotriton broadoridgus,"Youhui SHEN and Jianping JIANG and Xiaoyang MO (2012). A New Species of the Genus Tylototriton (Amphibia, Salamandridae) from Hunan, China Asian Herpetological Research, 3(1), 21–30 https://doi.org/10.3724/SP.J.1245.2012.00021",2012,removed_duplicate_new_species_row
1028,Yerana yei,"江建平、陈晓虹、王斌 (2006). 中国蛙科一新属———肛刺蛙属(蛙科:叉舌蛙亚科) 安徽师范大学学报(自然科学版), 29(5), 467-469 https://doi.org/10.14182/j.cnki.1001—2443.2006.05.015",2006,removed_duplicate_new_species_row
607,Zhangixalus lishuiensis,洪飞、虞磊、韩杰、方杰 (2024) 动物学杂志 10.13859/j.cjz.202422288,2024,removed_duplicate_new_species_row
1945,Zhangixalus lishuiensis,,2017,removed_duplicate_new_species_row
2200,Zhangixalus lishuiensis,赵玉瑞、朱滨清、高朔、王乐、吴延庆 (2023) 动物学杂志 Chinese Journal of Zoology 10.13859/j.cjz.202304013,2023,removed_duplicate_new_species_row
606,Zhangixalus zhoukaiyae,洪飞、虞磊、韩杰、方杰 (2024) 动物学杂志 10.13859/j.cjz.202422288,2024,removed_duplicate_new_species_row
