Source_row,中文名,学名,省份,引用,原搁置原因,建议裁定,置信度,裁定依据
14,白刺湍蛙,Amolops albispinus,,Jian Wang and Jing Li and Lingyun Du and Mian Hou and Guohua Yu (2022). A cryptic species of the Amolops ricke,记录类型无法判定（原表未标注且引用无线索）,A3 排除-无省份且无坐标,高,无省级归属信息，无法构成省级事件
15,中华湍蛙,Amolops sinensis,,Jian Wang and Jing Li and Lingyun Du and Mian Hou and Guohua Yu (2022). A cryptic species of the Amolops ricke,记录类型无法判定（原表未标注且引用无线索）,A3 排除-无省份且无坐标,高,无省级归属信息，无法构成省级事件
16,,Amolops tonkinensis,谅山,Jian Wang and Jing Li and Lingyun Du and Mian Hou and Guohua Yu (2022). A cryptic species of the Amolops ricke,记录类型无法判定（原表未标注且引用无线索）,C 排除-记录地为国外省区,高,省份为国外行政区
18,逸仙湍蛙,Amolops yatseni,,Jian Wang and Jing Li and Lingyun Du and Mian Hou and Guohua Yu (2022). A cryptic species of the Amolops ricke,记录类型无法判定（原表未标注且引用无线索）,A3 排除-无省份且无坐标,高,无省级归属信息，无法构成省级事件
25,衡山角蟾,Boulenophrys hengshanensis,湖南,"匡代勇、石胜超 (2025). 南岳衡山发现两栖动物新物种——顾莵角蟾 林业与生态, 18 https://doi.org/10.13552/j.cnki.lyyst.2025.11.002",新种描述文献中的伴随物种记录，非明确新纪录事件,A4 排除(建议)-伴随物种记录,高-政策项,新种/分类文献中的伴随物种记录，无新纪录声明（与CBNR排除规则一致）；证据完备者可选保留为occurrence
36,蒲氏睑虎,Goniurosaurus zhelongi,广东,Shuo Qi and L. Lee Grismer and Zhi-Tong Lyu and Liang Zhang and Pi-Peng Li and Ying-Yong Wang (2020). A defini,新种描述文献中的伴随物种记录，非明确新纪录事件,A4 排除(建议)-伴随物种记录,高-政策项,新种/分类文献中的伴随物种记录，无新纪录声明（与CBNR排除规则一致）；证据完备者可选保留为occurrence
60,淡肩角蟾,Boulenophrys boettgeri,福建,Shi-Shi Lin and Hong-Hui Chen and Yuan-Hang Li and Zhao-Ning Peng and Zhao-Chi Zeng and Jian Wang (2024). A ne,记录类型无法判定（原表未标注且引用无线索）,待人工复核-未能在线定性,需人工,文献类型未能在线确认，建议查网盘原文（新纪录报道→事件表；调查/分类文→排除）
67,黑龙江林蛙,Rana amurensis,新疆,nan,记录类型无法判定（原表未标注且引用无线索）,待溯源-无引用信息,需人工,该行无文献引用，无法验证记录性质；请补充来源后再判定（建议查网盘合并前原始表）
68,戴云角蟾,Boulenophrys daiyunensis,福建,Shi-Shi Lin and Hong-Hui Chen and Yuan-Hang Li and Zhao-Ning Peng and Zhao-Chi Zeng and Jian Wang (2024). A ne,记录类型无法判定（原表未标注且引用无线索）,待人工复核-未能在线定性,需人工,文献类型未能在线确认，建议查网盘原文（新纪录报道→事件表；调查/分类文→排除）
70,雨神角蟾,Boulenophrys ombrophila,福建,Shi-Shi Lin and Hong-Hui Chen and Yuan-Hang Li and Zhao-Ning Peng and Zhao-Chi Zeng and Jian Wang (2024). A ne,记录类型无法判定（原表未标注且引用无线索）,待人工复核-未能在线定性,需人工,文献类型未能在线确认，建议查网盘原文（新纪录报道→事件表；调查/分类文→排除）
71,中国雨蛙,Hyla chinensis,福建,nan,记录类型无法判定（原表未标注且引用无线索）,待溯源-无引用信息,需人工,该行无文献引用，无法验证记录性质；请补充来源后再判定（建议查网盘合并前原始表）
76,三明角蟾,Boulenophrys sanmingensis,福建,Shi-Shi Lin and Hong-Hui Chen and Yuan-Hang Li and Zhao-Ning Peng and Zhao-Chi Zeng and Jian Wang (2024). A ne,记录类型无法判定（原表未标注且引用无线索）,待人工复核-未能在线定性,需人工,文献类型未能在线确认，建议查网盘原文（新纪录报道→事件表；调查/分类文→排除）
80,短肢角蟾,Boulenophrys brachykolos,福建,Shi-Shi Lin and Hong-Hui Chen and Yuan-Hang Li and Zhao-Ning Peng and Zhao-Chi Zeng and Jian Wang (2024). A ne,记录类型无法判定（原表未标注且引用无线索）,待人工复核-未能在线定性,需人工,文献类型未能在线确认，建议查网盘原文（新纪录报道→事件表；调查/分类文→排除）
82,太行隆肛蛙,Feirana taihangnicus,河南,nan,记录类型无法判定（原表未标注且引用无线索）,待溯源-无引用信息,需人工,该行无文献引用，无法验证记录性质；请补充来源后再判定（建议查网盘合并前原始表）
89,短肢角蟾,Boulenophrys brachykolos,福建,Shi-Shi Lin and Hong-Hui Chen and Yuan-Hang Li and Zhao-Ning Peng and Zhao-Chi Zeng and Jian Wang (2024). A ne,记录类型无法判定（原表未标注且引用无线索）,待人工复核-未能在线定性,需人工,文献类型未能在线确认，建议查网盘原文（新纪录报道→事件表；调查/分类文→排除）
90,雨神角蟾,Boulenophrys ombrophila,,Shi-Shi Lin and Hong-Hui Chen and Yuan-Hang Li and Zhao-Ning Peng and Zhao-Chi Zeng and Jian Wang (2024). A ne,新种描述文献中的伴随物种记录，非明确新纪录事件,A3 排除-无省份且无坐标,高,无省级归属信息，无法构成省级事件
95,淡肩角蟾,Boulenophrys boettgeri,福建,Shi-Shi Lin and Hong-Hui Chen and Yuan-Hang Li and Zhao-Ning Peng and Zhao-Chi Zeng and Jian Wang (2024). A ne,记录类型无法判定（原表未标注且引用无线索）,待人工复核-未能在线定性,需人工,文献类型未能在线确认，建议查网盘原文（新纪录报道→事件表；调查/分类文→排除）
96,封开角蟾,Boulenophrys acuta,,Shi-Shi Lin and Hong-Hui Chen and Yuan-Hang Li and Zhao-Ning Peng and Zhao-Chi Zeng and Jian Wang (2024). A ne,记录类型无法判定（原表未标注且引用无线索）,A3 排除-无省份且无坐标,高,无省级归属信息，无法构成省级事件
98,揭阳角蟾,Boulenophrys hungtai,,Shi-Shi Lin and Hong-Hui Chen and Yuan-Hang Li and Zhao-Ning Peng and Zhao-Chi Zeng and Jian Wang (2024). A ne,记录类型无法判定（原表未标注且引用无线索）,A3 排除-无省份且无坐标,高,无省级归属信息，无法构成省级事件
101,陈氏蛙,Rana chensinensis,陕西,Shuxuan GAO and Huijun SHEN and Xinyue YANG and Zhuo CHEN and Yinmeng HOU and Xiaohong CHEN (2024). A New Brow,记录类型无法判定（原表未标注且引用无线索）,待人工复核-未能在线定性,需人工,文献类型未能在线确认，建议查网盘原文（新纪录报道→事件表；调查/分类文→排除）
102,昆嵛山蛙,Rana kukunoris,,Shuxuan GAO and Huijun SHEN and Xinyue YANG and Zhuo CHEN and Yinmeng HOU and Xiaohong CHEN (2024). A New Brow,记录类型无法判定（原表未标注且引用无线索）,A3 排除-无省份且无坐标,高,无省级归属信息，无法构成省级事件
104,陈氏蛙,Rana chensinensis,陕西,Shuxuan GAO and Huijun SHEN and Xinyue YANG and Zhuo CHEN and Yinmeng HOU and Xiaohong CHEN (2024). A New Brow,记录类型无法判定（原表未标注且引用无线索）,待人工复核-未能在线定性,需人工,文献类型未能在线确认，建议查网盘原文（新纪录报道→事件表；调查/分类文→排除）
105,昆嵛山蛙,Rana kukunoris,,Shuxuan GAO and Huijun SHEN and Xinyue YANG and Zhuo CHEN and Yinmeng HOU and Xiaohong CHEN (2024). A New Brow,记录类型无法判定（原表未标注且引用无线索）,A3 排除-无省份且无坐标,高,无省级归属信息，无法构成省级事件
110,中国林蛙,Rana chensinensis,陕西,Shuxuan GAO and Huijun SHEN and Xinyue YANG and Zhuo CHEN and Yinmeng HOU and Xiaohong CHEN (2024). A New Brow,记录类型无法判定（原表未标注且引用无线索）,待人工复核-未能在线定性,需人工,文献类型未能在线确认，建议查网盘原文（新纪录报道→事件表；调查/分类文→排除）
111,高原林蛙,Rana kukunoris,,Shuxuan GAO and Huijun SHEN and Xinyue YANG and Zhuo CHEN and Yinmeng HOU and Xiaohong CHEN (2024). A New Brow,记录类型无法判定（原表未标注且引用无线索）,A3 排除-无省份且无坐标,高,无省级归属信息，无法构成省级事件
115,中国林蛙,Rana chensinensis,陕西,Huijun SHEN and Mengyu XU and Xinyue YANG and Zhuo CHEN and Nengwen XIAO and Xiaohong CHEN (2022). A New Brown,记录类型无法判定（原表未标注且引用无线索）,待人工复核-未能在线定性,需人工,文献类型未能在线确认，建议查网盘原文（新纪录报道→事件表；调查/分类文→排除）
118,高原林蛙,Rana kukunoris,,Huijun SHEN and Mengyu XU and Xinyue YANG and Zhuo CHEN and Nengwen XIAO and Xiaohong CHEN (2022). A New Brown,记录类型无法判定（原表未标注且引用无线索）,A3 排除-无省份且无坐标,高,无省级归属信息，无法构成省级事件
119,东北林蛙,Rana dybowskii,,Huijun SHEN and Mengyu XU and Xinyue YANG and Zhuo CHEN and Nengwen XIAO and Xiaohong CHEN (2022). A New Brown,记录类型无法判定（原表未标注且引用无线索）,A3 排除-无省份且无坐标,高,无省级归属信息，无法构成省级事件
121,,Bungarus magnimaculatus,,SANG NGOC NGUYEN and VU DANG HOANG NGUYEN and THANG QUOC NGUYEN and NGAN THANH THI LE and LUAN THANH NGUYEN an,记录类型无法判定（原表未标注且引用无线索）,A3 排除-无省份且无坐标,高,无省级归属信息，无法构成省级事件
132,棘疣树蛙,Theloderma moloch,西藏,Ke JIANG and Fang YAN and Kai WANG and Da-Hu ZOU and Cheng LI and Jing CHE (2016). A new genus and species of ,记录类型无法判定（原表未标注且引用无线索）,待人工复核-未能在线定性,需人工,文献类型未能在线确认，建议查网盘原文（新纪录报道→事件表；调查/分类文→排除）
139,峨山掌突蟾,Leptobrachella oshanensis,四川,Shengchao SHI and Yinmeng HOU and Zhaobin SONG and Jianping JIANG and Bin WANG (2021). A New Leaf Litter Toad ,记录类型无法判定（原表未标注且引用无线索）,待人工复核-未能在线定性,需人工,文献类型未能在线确认，建议查网盘原文（新纪录报道→事件表；调查/分类文→排除）
141,峨山掌突蟾,Leptobrachella oshanensis,四川,Shengchao SHI and Yinmeng HOU and Zhaobin SONG and Jianping JIANG and Bin WANG (2021). A New Leaf Litter Toad ,记录类型无法判定（原表未标注且引用无线索）,待人工复核-未能在线定性,需人工,文献类型未能在线确认，建议查网盘原文（新纪录报道→事件表；调查/分类文→排除）
148,,Leptobrachella purpurus,,Jian Wang and Shuo Qi and Ke-Yuan Dai and Zhi-Tong Lyu and Zhao-Chi Zeng and Hong-Hui Chen and Yuan-Qiu Li and,记录类型无法判定（原表未标注且引用无线索）,待人工复核-未能在线定性,需人工,文献类型未能在线确认，建议查网盘原文（新纪录报道→事件表；调查/分类文→排除）
152,东方蝾螈,Cynops orientalis,浙江,YUNKE WU and YUEZHAO WANG and KE JIANG and JAMES HANKEN (2010). A new newt of the genus Cynops (Caudata: Salam,记录类型无法判定（原表未标注且引用无线索）,排除-伴随物种（分类学文献检视标本）,高,Wu et al. 2010 Cynops新种描述文，本行为检视标本产地
153,广东瘰螈,Cynops orphicus,广东、福建,YUNKE WU and YUEZHAO WANG and KE JIANG and JAMES HANKEN (2010). A new newt of the genus Cynops (Caudata: Salam,记录类型无法判定（原表未标注且引用无线索）,排除-伴随物种（分类学文献检视标本）,高,Wu et al. 2010 Cynops新种描述文，本行为检视标本产地
156,滇螈,Cynops wolterstorffi,,YUNKE WU and YUEZHAO WANG and KE JIANG and JAMES HANKEN (2010). A new newt of the genus Cynops (Caudata: Salam,记录类型无法判定（原表未标注且引用无线索）,A3 排除-无省份且无坐标,高,无省级归属信息，无法构成省级事件
158,东方蝾螈,Cynops orientalis,浙江,YUNKE WU and YUEZHAO WANG and KE JIANG and JAMES HANKEN (2010). A new newt of the genus Cynops (Caudata: Salam,记录类型无法判定（原表未标注且引用无线索）,排除-伴随物种（分类学文献检视标本）,高,Wu et al. 2010 Cynops新种描述文，本行为检视标本产地
159,广东瘰螈,Cynops orphicus,广东、福建,YUNKE WU and YUEZHAO WANG and KE JIANG and JAMES HANKEN (2010). A new newt of the genus Cynops (Caudata: Salam,记录类型无法判定（原表未标注且引用无线索）,排除-伴随物种（分类学文献检视标本）,高,Wu et al. 2010 Cynops新种描述文，本行为检视标本产地
160,滇螈,Cynops wolterstorffi,,YUNKE WU and YUEZHAO WANG and KE JIANG and JAMES HANKEN (2010). A new newt of the genus Cynops (Caudata: Salam,记录类型无法判定（原表未标注且引用无线索）,A3 排除-无省份且无坐标,高,无省级归属信息，无法构成省级事件
161,潮汕蝾螈,Cynops orphicus,广东,Zhiyong YUAN and Ke JIANG and Limin DING and Liang ZHANG and Jing CHE (2013). A New Newt of the Genus Cynops (,记录类型无法判定（原表未标注且引用无线索）,待人工复核-未能在线定性,需人工,文献类型未能在线确认，建议查网盘原文（新纪录报道→事件表；调查/分类文→排除）
169,蓝尾蝾螈,Cynops cyanurus,云南,Zhiyong YUAN and Ke JIANG and Limin DING and Liang ZHANG and Jing CHE (2013). A New Newt of the Genus Cynops (,记录类型无法判定（原表未标注且引用无线索）,待人工复核-未能在线定性,需人工,文献类型未能在线确认，建议查网盘原文（新纪录报道→事件表；调查/分类文→排除）
170,越南瘰螈,Paramesotriton deloustali,三岛,Zhiyong YUAN and Ke JIANG and Limin DING and Liang ZHANG and Jing CHE (2013). A New Newt of the Genus Cynops (,记录类型无法判定（原表未标注且引用无线索）,C 排除-记录地为国外省区,高,省份为国外行政区
171,,Triturus cristatus,图拉州,Zhiyong YUAN and Ke JIANG and Limin DING and Liang ZHANG and Jing CHE (2013). A New Newt of the Genus Cynops (,记录类型无法判定（原表未标注且引用无线索）,C 排除-记录地为国外省区,高,省份为国外行政区
174,克钦湍蛙,Amolops afghanus,,"ZHI-TONG LYU, ZHAO-CHI ZENG, HAN WAN, JIAN-HUAN YANG, YU-LONG LI, HONG PANG & YING-YONG WANG (2019). A new spe",新种描述文献中的伴随物种记录，非明确新纪录事件,C 排除-坐标在境外,高,坐标位于中国范围外
176,棕点湍蛙,Amolops loloensis,四川,"ZHI-TONG LYU, ZHAO-CHI ZENG, HAN WAN, JIAN-HUAN YANG, YU-LONG LI, HONG PANG & YING-YONG WANG (2019). A new spe",新种描述文献中的伴随物种记录，非明确新纪录事件,A4 排除(建议)-伴随物种记录,高-政策项,新种/分类文献中的伴随物种记录，无新纪录声明（与CBNR排除规则一致）；证据完备者可选保留为occurrence
177,四川湍蛙,Amolops mantzorum,四川,"ZHI-TONG LYU, ZHAO-CHI ZENG, HAN WAN, JIAN-HUAN YANG, YU-LONG LI, HONG PANG & YING-YONG WANG (2019). A new spe",新种描述文献中的伴随物种记录，非明确新纪录事件,A4 排除(建议)-伴随物种记录,高-政策项,新种/分类文献中的伴随物种记录，无新纪录声明（与CBNR排除规则一致）；证据完备者可选保留为occurrence
178,阿尼桥湍蛙,Amolops aniqiaoensis,西藏,"ZHI-TONG LYU, ZHAO-CHI ZENG, HAN WAN, JIAN-HUAN YANG, YU-LONG LI, HONG PANG & YING-YONG WANG (2019). A new spe",新种描述文献中的伴随物种记录，非明确新纪录事件,A4 排除(建议)-伴随物种记录,高-政策项,新种/分类文献中的伴随物种记录，无新纪录声明（与CBNR排除规则一致）；证据完备者可选保留为occurrence
179,棘皮湍蛙,Amolops granulosus,四川,"ZHI-TONG LYU, ZHAO-CHI ZENG, HAN WAN, JIAN-HUAN YANG, YU-LONG LI, HONG PANG & YING-YONG WANG (2019). A new spe",新种描述文献中的伴随物种记录，非明确新纪录事件,A4 排除(建议)-伴随物种记录,高-政策项,新种/分类文献中的伴随物种记录，无新纪录声明（与CBNR排除规则一致）；证据完备者可选保留为occurrence
188,武夷湍蛙,Amolops wuyiensis,福建,"YIK-HEI SUNG, PING HU, JIAN WANG, HAI-JUN LIU & YING-YONG WANG (2016). A new species of Amolops (Anura: Ranida",新种描述文献中的伴随物种记录，非明确新纪录事件,A4 排除(建议)-伴随物种记录,高-政策项,新种/分类文献中的伴随物种记录，无新纪录声明（与CBNR排除规则一致）；证据完备者可选保留为occurrence
189,花臭蛙,Odorrana schmackeri,安徽,"YIK-HEI SUNG, PING HU, JIAN WANG, HAI-JUN LIU & YING-YONG WANG (2016). A new species of Amolops (Anura: Ranida",新种描述文献中的伴随物种记录，非明确新纪录事件,A4 排除(建议)-伴随物种记录,高-政策项,新种/分类文献中的伴随物种记录，无新纪录声明（与CBNR排除规则一致）；证据完备者可选保留为occurrence
190,,Amolops margaretae,,"YIK-HEI SUNG, PING HU, JIAN WANG, HAI-JUN LIU & YING-YONG WANG (2016). A new species of Amolops (Anura: Ranida",新种描述文献中的伴随物种记录，非明确新纪录事件,A3 排除-无省份且无坐标,高,无省级归属信息，无法构成省级事件
191,白刺湍蛙,Amolops albispinus,湖南,ZHI-TONG LYU and JUN WU and JIAN WANG and YIK-HEI SUNG and ZU-YAO LIU and ZHAO-CHI ZENG and XIN WANG and YOU-Y,新种描述文献中的伴随物种记录，非明确新纪录事件,A4 排除(建议)-伴随物种记录,高-政策项,新种/分类文献中的伴随物种记录，无新纪录声明（与CBNR排除规则一致）；证据完备者可选保留为occurrence
192,昆明龙蜥,Diploderma varcoae,云南,王剀、任金龙、蒋珂、巫嘉伟、杨春华、徐会明、Kevin Messanger、雷开明、余辉亮、杨敬元、Cameron D. Siler、李家堂、车静 (2019). 龙蜥属Diploderma( 爬行纲Reptilia: ,记录类型无法判定（原表未标注且引用无线索）,待人工复核-未能在线定性,需人工,文献类型未能在线确认，建议查网盘原文（新纪录报道→事件表；调查/分类文→排除）
198,崇安湍蛙,Amolops chunganensis,福建,ZHI-TONG LYU and JUN WU and JIAN WANG and YIK-HEI SUNG and ZU-YAO LIU and ZHAO-CHI ZENG and XIN WANG and YOU-Y,新种描述文献中的伴随物种记录，非明确新纪录事件,A4 排除(建议)-伴随物种记录,高-政策项,新种/分类文献中的伴随物种记录，无新纪录声明（与CBNR排除规则一致）；证据完备者可选保留为occurrence
199,戴云湍蛙,Amolops daiyunensis,福建,ZHI-TONG LYU and JUN WU and JIAN WANG and YIK-HEI SUNG and ZU-YAO LIU and ZHAO-CHI ZENG and XIN WANG and YOU-Y,新种描述文献中的伴随物种记录，非明确新纪录事件,A4 排除(建议)-伴随物种记录,高-政策项,新种/分类文献中的伴随物种记录，无新纪录声明（与CBNR排除规则一致）；证据完备者可选保留为occurrence
200,海南湍蛙,Amolops hainanensis,海南,ZHI-TONG LYU and JUN WU and JIAN WANG and YIK-HEI SUNG and ZU-YAO LIU and ZHAO-CHI ZENG and XIN WANG and YOU-Y,新种描述文献中的伴随物种记录，非明确新纪录事件,A4 排除(建议)-伴随物种记录,高-政策项,新种/分类文献中的伴随物种记录，无新纪录声明（与CBNR排除规则一致）；证据完备者可选保留为occurrence
201,香港湍蛙,Amolops hongkongensis,香港,ZHI-TONG LYU and JUN WU and JIAN WANG and YIK-HEI SUNG and ZU-YAO LIU and ZHAO-CHI ZENG and XIN WANG and YOU-Y,新种描述文献中的伴随物种记录，非明确新纪录事件,A4 排除(建议)-伴随物种记录,高-政策项,新种/分类文献中的伴随物种记录，无新纪录声明（与CBNR排除规则一致）；证据完备者可选保留为occurrence
204,四川湍蛙,Amolops mantzorum,四川,ZHI-TONG LYU and JUN WU and JIAN WANG and YIK-HEI SUNG and ZU-YAO LIU and ZHAO-CHI ZENG and XIN WANG and YOU-Y,新种描述文献中的伴随物种记录，非明确新纪录事件,A4 排除(建议)-伴随物种记录,高-政策项,新种/分类文献中的伴随物种记录，无新纪录声明（与CBNR排除规则一致）；证据完备者可选保留为occurrence
205,小湍蛙,Amolops torrentis,海南,ZHI-TONG LYU and JUN WU and JIAN WANG and YIK-HEI SUNG and ZU-YAO LIU and ZHAO-CHI ZENG and XIN WANG and YOU-Y,新种描述文献中的伴随物种记录，非明确新纪录事件,A4 排除(建议)-伴随物种记录,高-政策项,新种/分类文献中的伴随物种记录，无新纪录声明（与CBNR排除规则一致）；证据完备者可选保留为occurrence
206,幕阜山角蟾,Boulenophrys mufumontana,,Deming Shen and Haiying Zhou and Chaoyang Wang and Jun Xu and Shi Xu and Yifeng Zhong and Zhenyu Wang and Hao ,新种描述文献中的伴随物种记录，非明确新纪录事件,A3 排除-无省份且无坐标,高,无省级归属信息，无法构成省级事件
207,短肢角蟾,Boulenophrys brachykolos,,Deming Shen and Haiying Zhou and Chaoyang Wang and Jun Xu and Shi Xu and Yifeng Zhong and Zhenyu Wang and Hao ,新种描述文献中的伴随物种记录，非明确新纪录事件,A3 排除-无省份且无坐标,高,无省级归属信息，无法构成省级事件
208,瑶山角蟾,Boulenophrys yaoshanensis,广西,Deming Shen and Haiying Zhou and Chaoyang Wang and Jun Xu and Shi Xu and Yifeng Zhong and Zhenyu Wang and Hao ,新种描述文献中的伴随物种记录，非明确新纪录事件,A4 排除(建议)-伴随物种记录,高-政策项,新种/分类文献中的伴随物种记录，无新纪录声明（与CBNR排除规则一致）；证据完备者可选保留为occurrence
209,衡山角蟾,Boulenophrys hengshanensis,湖南,Deming Shen and Haiying Zhou and Chaoyang Wang and Jun Xu and Shi Xu and Yifeng Zhong and Zhenyu Wang and Hao ,新种描述文献中的伴随物种记录，非明确新纪录事件,A4 排除(建议)-伴随物种记录,高-政策项,新种/分类文献中的伴随物种记录，无新纪录声明（与CBNR排除规则一致）；证据完备者可选保留为occurrence
214,,Kurixalus gryllus,,Junkai Huang and Xiao Long Liu and Lingyun Du and Justin M. Bernstein and Shuo Liu and Yun Yang and Guohua Yu ,新种描述文献中的伴随物种记录，非明确新纪录事件,B7 坐标在境内可反推省份,中,无省份但坐标在境内；反推省份后按其文献类型处理（多为伴随→排除）
215,,Raorchestes ghatei,,Junkai Huang and Xiao Long Liu and Lingyun Du and Justin M. Bernstein and Shuo Liu and Yun Yang and Guohua Yu ,新种描述文献中的伴随物种记录，非明确新纪录事件,A3 排除-无省份且无坐标,高,无省级归属信息，无法构成省级事件
220,中国水蛇,Ptyas korros,云南,Shuo Liu and Zhimin Li and Wenguang Duan and Mian Hou and Dingqi Rao (2024). A new species of Cyrtodactylus Gr,新种描述文献中的伴随物种记录，非明确新纪录事件,A4 排除(建议)-伴随物种记录,高-政策项,新种/分类文献中的伴随物种记录，无新纪录声明（与CBNR排除规则一致）；证据完备者可选保留为occurrence
224,赵氏弯趾虎,Cyrtodactylus zhaoermii,,Shun Ma and Sheng‐Chao Shi and Tian‐Yu Qian and Lu‐Lu Sui and Bin Wang and Jian‐Ping Jiang (2024). A New Speci,新种描述文献中的伴随物种记录，非明确新纪录事件,B7 坐标在境内可反推省份,中,无省份但坐标在境内；反推省份后按其文献类型处理（多为伴随→排除）
227,赵氏弯趾虎,Cyrtodactylus zhaoermii,,Shun Ma and Sheng‐Chao Shi and Tian‐Yu Qian and Lu‐Lu Sui and Bin Wang and Jian‐Ping Jiang (2024). A New Speci,新种描述文献中的伴随物种记录，非明确新纪录事件,A3 排除-无省份且无坐标,高,无省级归属信息，无法构成省级事件
231,墨脱高山蜥,Altiphylax medogense,,Shun Ma and Sheng‐Chao Shi and Tian‐Yu Qian and Lu‐Lu Sui and Bin Wang and Jian‐Ping Jiang (2024). A New Speci,新种描述文献中的伴随物种记录，非明确新纪录事件,A3 排除-无省份且无坐标,高,无省级归属信息，无法构成省级事件
236,赵氏裸趾虎,Cyrtodactylus zhaoermii,,Shun Ma and Sheng‐Chao Shi and Tian‐Yu Qian and Lu‐Lu Sui and Bin Wang and Jian‐Ping Jiang (2024). A New Speci,新种描述文献中的伴随物种记录，非明确新纪录事件,B7 坐标在境内可反推省份,中,无省份但坐标在境内；反推省份后按其文献类型处理（多为伴随→排除）
237,墨脱高山蜥,Altiphylax medogense,,Shun Ma and Sheng‐Chao Shi and Tian‐Yu Qian and Lu‐Lu Sui and Bin Wang and Jian‐Ping Jiang (2024). A New Speci,新种描述文献中的伴随物种记录，非明确新纪录事件,A3 排除-无省份且无坐标,高,无省级归属信息，无法构成省级事件
253,饰纹姬蛙,Microhyla mixtura,四川,Meihua ZHANG and Liang FEI and Changyuan YE and Yufan WANG and Bin Wang and Jianping JIANG (2018). A New Speci,新种描述文献中的伴随物种记录，非明确新纪录事件,A4 排除(建议)-伴随物种记录,高-政策项,新种/分类文献中的伴随物种记录，无新纪录声明（与CBNR排除规则一致）；证据完备者可选保留为occurrence
254,粗皮姬蛙,Microhyla butleri,吉隆坡、永富,Meihua ZHANG and Liang FEI and Changyuan YE and Yufan WANG and Bin Wang and Jianping JIANG (2018). A New Speci,新种描述文献中的伴随物种记录，非明确新纪录事件,C 排除-记录地为国外省区,高,省份为国外行政区
262,小弧斑姬蛙,Microhyla heymonsi,,Meihua ZHANG and Liang FEI and Changyuan YE and Yufan WANG and Bin Wang and Jianping JIANG (2018). A New Speci,新种描述文献中的伴随物种记录，非明确新纪录事件,A3 排除-无省份且无坐标,高,无省级归属信息，无法构成省级事件
264,,Microhyla okinavensis,冲绳县,Meihua ZHANG and Liang FEI and Changyuan YE and Yufan WANG and Bin Wang and Jianping JIANG (2018). A New Speci,新种描述文献中的伴随物种记录，非明确新纪录事件,C 排除-记录地为国外省区,高,省份为国外行政区
266,,Microhyla ornata,,Meihua ZHANG and Liang FEI and Changyuan YE and Yufan WANG and Bin Wang and Jianping JIANG (2018). A New Speci,新种描述文献中的伴随物种记录，非明确新纪录事件,A3 排除-无省份且无坐标,高,无省级归属信息，无法构成省级事件
280,,Homonota darwinii,,"LUCIANO JAVIER AVILA, CRISTIAN HERNAN FULVIO PEREZ, IGNACIO MINOLI & MARIANA MORANDO (2012). A new species of ",新种描述文献中的伴随物种记录，非明确新纪录事件,A3 排除-无省份且无坐标,高,无省级归属信息，无法构成省级事件
282,,Homonota fasciata,,"LUCIANO JAVIER AVILA, CRISTIAN HERNAN FULVIO PEREZ, IGNACIO MINOLI & MARIANA MORANDO (2012). A new species of ",新种描述文献中的伴随物种记录，非明确新纪录事件,A3 排除-无省份且无坐标,高,无省级归属信息，无法构成省级事件
283,,Homonota uruguayensis,,"LUCIANO JAVIER AVILA, CRISTIAN HERNAN FULVIO PEREZ, IGNACIO MINOLI & MARIANA MORANDO (2012). A new species of ",新种描述文献中的伴随物种记录，非明确新纪录事件,A3 排除-无省份且无坐标,高,无省级归属信息，无法构成省级事件
284,,Homonota rupicola,,"LUCIANO JAVIER AVILA, CRISTIAN HERNAN FULVIO PEREZ, IGNACIO MINOLI & MARIANA MORANDO (2012). A new species of ",新种描述文献中的伴随物种记录，非明确新纪录事件,A3 排除-无省份且无坐标,高,无省级归属信息，无法构成省级事件
290,蓝尾石龙子,Plestiodon elegans,,nan,记录类型无法判定（原表未标注且引用无线索）,A3 排除-无省份且无坐标,高,无省级归属信息，无法构成省级事件
291,印度蜓蜥,Sphenomorphus indicus,,nan,记录类型无法判定（原表未标注且引用无线索）,A3 排除-无省份且无坐标,高,无省级归属信息，无法构成省级事件
294,中国壁虎,Gekko chinensis,海南、广东、广西,nan,记录类型无法判定（原表未标注且引用无线索）,待溯源-无引用信息,需人工,该行无文献引用，无法验证记录性质；请补充来源后再判定（建议查网盘合并前原始表）
295,草绿攀蜥,Japalura flaviceps,西藏,Kai WANG and Ke JIANG and Gang PAN and Mian HOU and Cameron D. SILER and Jing CHE (2015). A New Species of Jap,新种描述文献中的伴随物种记录，非明确新纪录事件,A4 排除(建议)-伴随物种记录,高-政策项,新种/分类文献中的伴随物种记录，无新纪录声明（与CBNR排除规则一致）；证据完备者可选保留为occurrence
296,巴塘攀蜥,Japalura batangensis,,Kai WANG and Ke JIANG and Gang PAN and Mian HOU and Cameron D. SILER and Jing CHE (2015). A New Species of Jap,新种描述文献中的伴随物种记录，非明确新纪录事件,A3 排除-无省份且无坐标,高,无省级归属信息，无法构成省级事件
297,米仓山攀蜥,Japalura micangshanensis,,Kai WANG and Ke JIANG and Gang PAN and Mian HOU and Cameron D. SILER and Jing CHE (2015). A New Species of Jap,新种描述文献中的伴随物种记录，非明确新纪录事件,A3 排除-无省份且无坐标,高,无省级归属信息，无法构成省级事件
298,,Japalura variegata,,Kai WANG and Ke JIANG and Gang PAN and Mian HOU and Cameron D. SILER and Jing CHE (2015). A New Species of Jap,新种描述文献中的伴随物种记录，非明确新纪录事件,A3 排除-无省份且无坐标,高,无省级归属信息，无法构成省级事件
303,,Japalura zhaoermii,,Kai WANG and Ke JIANG and Gang PAN and Mian HOU and Cameron D. SILER and Jing CHE (2015). A New Species of Jap,新种描述文献中的伴随物种记录，非明确新纪录事件,A3 排除-无省份且无坐标,高,无省级归属信息，无法构成省级事件
304,裸耳攀蜥,Japalura dymondi,,Kai WANG and Ke JIANG and Gang PAN and Mian HOU and Cameron D. SILER and Jing CHE (2015). A New Species of Jap,新种描述文献中的伴随物种记录，非明确新纪录事件,A3 排除-无省份且无坐标,高,无省级归属信息，无法构成省级事件
310,草绿攀蜥,Japalura flaviceps,西藏,Kai WANG and Ke JIANG and Gang PAN and Mian HOU and Cameron D. SILER and Jing CHE (2015). A New Species of Jap,新种描述文献中的伴随物种记录，非明确新纪录事件,A4 排除(建议)-伴随物种记录,高-政策项,新种/分类文献中的伴随物种记录，无新纪录声明（与CBNR排除规则一致）；证据完备者可选保留为occurrence
311,巴塘攀蜥,Japalura batangensis,,Kai WANG and Ke JIANG and Gang PAN and Mian HOU and Cameron D. SILER and Jing CHE (2015). A New Species of Jap,新种描述文献中的伴随物种记录，非明确新纪录事件,A3 排除-无省份且无坐标,高,无省级归属信息，无法构成省级事件
312,米仓山攀蜥,Japalura micangshanensis,,Kai WANG and Ke JIANG and Gang PAN and Mian HOU and Cameron D. SILER and Jing CHE (2015). A New Species of Jap,新种描述文献中的伴随物种记录，非明确新纪录事件,A3 排除-无省份且无坐标,高,无省级归属信息，无法构成省级事件
313,,Japalura variegata,,Kai WANG and Ke JIANG and Gang PAN and Mian HOU and Cameron D. SILER and Jing CHE (2015). A New Species of Jap,新种描述文献中的伴随物种记录，非明确新纪录事件,A3 排除-无省份且无坐标,高,无省级归属信息，无法构成省级事件
314,,Japalura zhaoermii,,Kai WANG and Ke JIANG and Gang PAN and Mian HOU and Cameron D. SILER and Jing CHE (2015). A New Species of Jap,新种描述文献中的伴随物种记录，非明确新纪录事件,A3 排除-无省份且无坐标,高,无省级归属信息，无法构成省级事件
315,裸耳攀蜥,Japalura dymondi,,Kai WANG and Ke JIANG and Gang PAN and Mian HOU and Cameron D. SILER and Jing CHE (2015). A New Species of Jap,新种描述文献中的伴随物种记录，非明确新纪录事件,A3 排除-无省份且无坐标,高,无省级归属信息，无法构成省级事件
336,刘氏掌突蟾,Leptolalax liui,福建,Yikhei SUNG and Jianhuan YANG and Yingyong WANG (2014). A New Species of Leptolalax (Anura: Megophryidae) from,新种描述文献中的伴随物种记录，非明确新纪录事件,A4 排除(建议)-伴随物种记录,高-政策项,新种/分类文献中的伴随物种记录，无新纪录声明（与CBNR排除规则一致）；证据完备者可选保留为occurrence
338,峨眉掌突蟾,Leptolalax oshanensis,四川,Yikhei SUNG and Jianhuan YANG and Yingyong WANG (2014). A New Species of Leptolalax (Anura: Megophryidae) from,新种描述文献中的伴随物种记录，非明确新纪录事件,A4 排除(建议)-伴随物种记录,高-政策项,新种/分类文献中的伴随物种记录，无新纪录声明（与CBNR排除规则一致）；证据完备者可选保留为occurrence
339,高山掌突蟾,Leptolalax alpinus,云南、广西,Yikhei SUNG and Jianhuan YANG and Yingyong WANG (2014). A New Species of Leptolalax (Anura: Megophryidae) from,新种描述文献中的伴随物种记录，非明确新纪录事件,A4 排除(建议)-伴随物种记录,高-政策项,新种/分类文献中的伴随物种记录，无新纪录声明（与CBNR排除规则一致）；证据完备者可选保留为occurrence
342,腹斑掌突蟾,Leptolalax ventripunctatus,云南,Yikhei SUNG and Jianhuan YANG and Yingyong WANG (2014). A New Species of Leptolalax (Anura: Megophryidae) from,新种描述文献中的伴随物种记录，非明确新纪录事件,A4 排除(建议)-伴随物种记录,高-政策项,新种/分类文献中的伴随物种记录，无新纪录声明（与CBNR排除规则一致）；证据完备者可选保留为occurrence
343,刘氏掌突蟾,Leptolalax liui,福建,Yikhei SUNG and Jianhuan YANG and Yingyong WANG (2014). A New Species of Leptolalax (Anura: Megophryidae) from,新种描述文献中的伴随物种记录，非明确新纪录事件,A4 排除(建议)-伴随物种记录,高-政策项,新种/分类文献中的伴随物种记录，无新纪录声明（与CBNR排除规则一致）；证据完备者可选保留为occurrence
344,黄脊游蛇,Coluber spinalis,辽宁,nan,记录类型无法判定（原表未标注且引用无线索）,待溯源-无引用信息,需人工,该行无文献引用，无法验证记录性质；请补充来源后再判定（建议查网盘合并前原始表）
345,峨眉掌突蟾,Leptolalax oshanensis,四川,Yikhei SUNG and Jianhuan YANG and Yingyong WANG (2014). A New Species of Leptolalax (Anura: Megophryidae) from,新种描述文献中的伴随物种记录，非明确新纪录事件,A4 排除(建议)-伴随物种记录,高-政策项,新种/分类文献中的伴随物种记录，无新纪录声明（与CBNR排除规则一致）；证据完备者可选保留为occurrence
346,高山掌突蟾,Leptolalax alpinus,云南、广西,Yikhei SUNG and Jianhuan YANG and Yingyong WANG (2014). A New Species of Leptolalax (Anura: Megophryidae) from,新种描述文献中的伴随物种记录，非明确新纪录事件,A4 排除(建议)-伴随物种记录,高-政策项,新种/分类文献中的伴随物种记录，无新纪录声明（与CBNR排除规则一致）；证据完备者可选保留为occurrence
347,腹斑掌突蟾,Leptolalax ventripunctatus,云南,Yikhei SUNG and Jianhuan YANG and Yingyong WANG (2014). A New Species of Leptolalax (Anura: Megophryidae) from,新种描述文献中的伴随物种记录，非明确新纪录事件,A4 排除(建议)-伴随物种记录,高-政策项,新种/分类文献中的伴随物种记录，无新纪录声明（与CBNR排除规则一致）；证据完备者可选保留为occurrence
348,滑腹攀蜥,Diploderma laeviventre,,Unknown Author (2019). A new species of Mountain Dragon (Reptilia: Agamidae: Diploderma) from the D. dymondi c,新种描述文献中的伴随物种记录，非明确新纪录事件,A3 排除-无省份且无坐标,高,无省级归属信息，无法构成省级事件
351,米仓山攀蜥,Diploderma micangshanense,,Unknown Author (2019). A new species of Mountain Dragon (Reptilia: Agamidae: Diploderma) from the D. dymondi c,新种描述文献中的伴随物种记录，非明确新纪录事件,A3 排除-无省份且无坐标,高,无省级归属信息，无法构成省级事件
378,腹斑倭蛙,Nanorana ventripunctata,云南,Shangjing Tang and Shuo Liu and Guohua Yu (2023). A New Species of Nanorana (Anura: Dicroglossidae) from North,新种描述文献中的伴随物种记录，非明确新纪录事件,A4 排除(建议)-伴随物种记录,高-政策项,新种/分类文献中的伴随物种记录，无新纪录声明（与CBNR排除规则一致）；证据完备者可选保留为occurrence
379,倭蛙,Nanorana pleskei,,Shangjing Tang and Shuo Liu and Guohua Yu (2023). A New Species of Nanorana (Anura: Dicroglossidae) from North,新种描述文献中的伴随物种记录，非明确新纪录事件,A3 排除-无省份且无坐标,高,无省级归属信息，无法构成省级事件
382,邦达倭蛙,Nanorana bangdaensis,,Shangjing Tang and Shuo Liu and Guohua Yu (2023). A New Species of Nanorana (Anura: Dicroglossidae) from North,新种描述文献中的伴随物种记录，非明确新纪录事件,A3 排除-无省份且无坐标,高,无省级归属信息，无法构成省级事件
384,沼蛙,Boulengerana guentheri,澳门,黄继展、葛研、龚世平、简汉彪、李志锐、吴作谦 (2015) 动物学杂志 10.13859/j.cjz.201502016,记录类型无法判定（原表未标注且引用无线索）,排除-伴随物种（调查背景种）,高,"已核原文：《澳门发现台北纤蛙》(动物学杂志2015,50(2))仅报道台北纤蛙一种澳门新纪录，本行为文中背景种"
385,,Allopaa hazarensis,,Shangjing Tang and Shuo Liu and Guohua Yu (2023). A New Species of Nanorana (Anura: Dicroglossidae) from North,新种描述文献中的伴随物种记录，非明确新纪录事件,A3 排除-无省份且无坐标,高,无省级归属信息，无法构成省级事件
388,渔游蛇,Xenochrophis piscator,澳门,黄继展、葛研、龚世平、简汉彪、李志锐、吴作谦 (2015) 动物学杂志 10.13859/j.cjz.201502016,记录类型无法判定（原表未标注且引用无线索）,排除-伴随物种（调查背景种）,高,"已核原文：《澳门发现台北纤蛙》(动物学杂志2015,50(2))仅报道台北纤蛙一种澳门新纪录，本行为文中背景种"
395,鼻臭蛙,Odorrana nasica,,"Wei-Cai Chen and Yun-Ming Mo and Li Lin and Kun Qin (2024). A new species of Odorrana Fei, Ye & Huang, 1990 (A",新种描述文献中的伴随物种记录，非明确新纪录事件,A3 排除-无省份且无坐标,高,无省级归属信息，无法构成省级事件
396,封开臭蛙,Odorrana fengkaiensis,广东,"Wei-Cai Chen and Yun-Ming Mo and Li Lin and Kun Qin (2024). A new species of Odorrana Fei, Ye & Huang, 1990 (A",新种描述文献中的伴随物种记录，非明确新纪录事件,A4 排除(建议)-伴随物种记录,高-政策项,新种/分类文献中的伴随物种记录，无新纪录声明（与CBNR排除规则一致）；证据完备者可选保留为occurrence
397,合江臭蛙,Odorrana hejiangensis,四川,"Wei-Cai Chen and Yun-Ming Mo and Li Lin and Kun Qin (2024). A new species of Odorrana Fei, Ye & Huang, 1990 (A",新种描述文献中的伴随物种记录，非明确新纪录事件,A4 排除(建议)-伴随物种记录,高-政策项,新种/分类文献中的伴随物种记录，无新纪录声明（与CBNR排除规则一致）；证据完备者可选保留为occurrence
400,秉志肥螈,Pachytriton granulosus,浙江,Zhirong He and Siyu Wu and Shanqing Wang and Li Ma and Na Zhao and Xiaobing Wu and Supen Wang (2025). A New Sp,新种描述文献中的伴随物种记录，非明确新纪录事件,A4 排除(建议)-伴随物种记录,高-政策项,新种/分类文献中的伴随物种记录，无新纪录声明（与CBNR排除规则一致）；证据完备者可选保留为occurrence
401,费氏肥螈,Pachytriton feii,,Zhirong He and Siyu Wu and Shanqing Wang and Li Ma and Na Zhao and Xiaobing Wu and Supen Wang (2025). A New Sp,新种描述文献中的伴随物种记录，非明确新纪录事件,A3 排除-无省份且无坐标,高,无省级归属信息，无法构成省级事件
402,黑斑肥螈,Pachytriton brevipes,,Zhirong He and Siyu Wu and Shanqing Wang and Li Ma and Na Zhao and Xiaobing Wu and Supen Wang (2025). A New Sp,新种描述文献中的伴随物种记录，非明确新纪录事件,A3 排除-无省份且无坐标,高,无省级归属信息，无法构成省级事件
408,黄斑肥螈,Pachytriton xanthospilos,,Zhirong He and Siyu Wu and Shanqing Wang and Li Ma and Na Zhao and Xiaobing Wu and Supen Wang (2025). A New Sp,新种描述文献中的伴随物种记录，非明确新纪录事件,A3 排除-无省份且无坐标,高,无省级归属信息，无法构成省级事件
410,秉志肥螈,Pachytriton granulosus,浙江,Zhirong HE and Jiaqi LI and Siyu WU and Shanqing WANG and Na ZHAO and Li Ma and Jianping JIANG and Xiaobing WU,新种描述文献中的伴随物种记录，非明确新纪录事件,A4 排除(建议)-伴随物种记录,高-政策项,新种/分类文献中的伴随物种记录，无新纪录声明（与CBNR排除规则一致）；证据完备者可选保留为occurrence
411,费氏肥螈,Pachytriton feii,安徽,Zhirong HE and Jiaqi LI and Siyu WU and Shanqing WANG and Na ZHAO and Li Ma and Jianping JIANG and Xiaobing WU,新种描述文献中的伴随物种记录，非明确新纪录事件,A4 排除(建议)-伴随物种记录,高-政策项,新种/分类文献中的伴随物种记录，无新纪录声明（与CBNR排除规则一致）；证据完备者可选保留为occurrence
412,锈链腹链蛇,Amphiesma craspedogaster,,nan,记录类型无法判定（原表未标注且引用无线索）,A3 排除-无省份且无坐标,高,无省级归属信息，无法构成省级事件
413,黑斑肥螈,Pachytriton brevipes,,Zhirong HE and Jiaqi LI and Siyu WU and Shanqing WANG and Na ZHAO and Li Ma and Jianping JIANG and Xiaobing WU,新种描述文献中的伴随物种记录，非明确新纪录事件,A3 排除-无省份且无坐标,高,无省级归属信息，无法构成省级事件
414,南方肥螈,Pachytriton airobranchiatus,,Zhirong HE and Jiaqi LI and Siyu WU and Shanqing WANG and Na ZHAO and Li Ma and Jianping JIANG and Xiaobing WU,新种描述文献中的伴随物种记录，非明确新纪录事件,A3 排除-无省份且无坐标,高,无省级归属信息，无法构成省级事件
415,弓斑肥螈,Pachytriton archospotus,,"Nishikawa, Kanto and Matsui, Masafumi and Jiang, Jian-Ping (2012). A New Species of Pachytriton from China (Am",新种描述文献中的伴随物种记录，非明确新纪录事件,A3 排除-无省份且无坐标,高,无省级归属信息，无法构成省级事件
416,黑斑肥螈,Pachytriton brevipes,,"Nishikawa, Kanto and Matsui, Masafumi and Jiang, Jian-Ping (2012). A New Species of Pachytriton from China (Am",新种描述文献中的伴随物种记录，非明确新纪录事件,A3 排除-无省份且无坐标,高,无省级归属信息，无法构成省级事件
421,莫氏肥螈,Pachytriton moi,,"Nishikawa, Kanto and Matsui, Masafumi and Jiang, Jian-Ping (2012). A New Species of Pachytriton from China (Am",新种描述文献中的伴随物种记录，非明确新纪录事件,A3 排除-无省份且无坐标,高,无省级归属信息，无法构成省级事件
422,费氏肥螈,Pachytriton feii,,"Nishikawa, Kanto and Matsui, Masafumi and Jiang, Jian-Ping (2012). A New Species of Pachytriton from China (Am",新种描述文献中的伴随物种记录，非明确新纪录事件,A3 排除-无省份且无坐标,高,无省级归属信息，无法构成省级事件
423,秉志肥螈,Pachytriton granulosus,,"Nishikawa, Kanto and Matsui, Masafumi and Jiang, Jian-Ping (2012). A New Species of Pachytriton from China (Am",新种描述文献中的伴随物种记录，非明确新纪录事件,A3 排除-无省份且无坐标,高,无省级归属信息，无法构成省级事件
426,瑶山肥螈,Pachytriton inexpectatus,,"Nishikawa, Kanto and Matsui, Masafumi and Jiang, Jian-Ping (2012). A New Species of Pachytriton from China (Am",新种描述文献中的伴随物种记录，非明确新纪录事件,A3 排除-无省份且无坐标,高,无省级归属信息，无法构成省级事件
434,百色壁虎,Gekko paucituberculatus,,徐宇浩、吴家祥、龚宴安、侯勉、梁晟铭、彭丽芳 (2024) 动物学杂志 10.13859/j.cjz.202424028,记录类型无法判定（原表未标注且引用无线索）,A3 排除-无省份且无坐标,高,无省级归属信息，无法构成省级事件
443,,Raorchestes gryllus,,"Lingyun Du and Yuhan Xu and Shuo Liu and Guohua Yu (2024). A new species of Raorchestes (Anura, Rhacophoridae)",新种描述文献中的伴随物种记录，非明确新纪录事件,B7 坐标在境内可反推省份,中,无省份但坐标在境内；反推省份后按其文献类型处理（多为伴随→排除）
444,,Raorchestes parvulus,云南,"Lingyun Du and Yuhan Xu and Shuo Liu and Guohua Yu (2024). A new species of Raorchestes (Anura, Rhacophoridae)",新种描述文献中的伴随物种记录，非明确新纪录事件,A4 排除(建议)-伴随物种记录,高-政策项,新种/分类文献中的伴随物种记录，无新纪录声明（与CBNR排除规则一致）；证据完备者可选保留为occurrence
456,勐腊灌树蛙,Raorchestes menglaensis,,"Lingyun Du and Yuhan Xu and Shuo Liu and Guohua Yu (2024). A new species of Raorchestes (Anura, Rhacophoridae)",新种描述文献中的伴随物种记录，非明确新纪录事件,A3 排除-无省份且无坐标,高,无省级归属信息，无法构成省级事件
457,陇川灌树蛙,Philautus longchuanensis,,"Lingyun Du and Yuhan Xu and Shuo Liu and Guohua Yu (2024). A new species of Raorchestes (Anura, Rhacophoridae)",新种描述文献中的伴随物种记录，非明确新纪录事件,A3 排除-无省份且无坐标,高,无省级归属信息，无法构成省级事件
458,,Theloderma andersoni,,"Lingyun Du and Yuhan Xu and Shuo Liu and Guohua Yu (2024). A new species of Raorchestes (Anura, Rhacophoridae)",新种描述文献中的伴随物种记录，非明确新纪录事件,A3 排除-无省份且无坐标,高,无省级归属信息，无法构成省级事件
460,红蹼树蛙,Rhacophorus rhodopus,云南,"Jing Li and Shuo Liu and Guohua Yu and Tao Sun (2022). A new species of Rhacophorus (Anura, Rhacophoridae) fro",新种描述文献中的伴随物种记录，非明确新纪录事件,A1/B1 排除-同种同省已收录(再记录),高,同种同省组合已由更早/已收录文献建立，本行为再记录
461,双斑树蛙,Rhacophorus bipunctatus,,"Jing Li and Shuo Liu and Guohua Yu and Tao Sun (2022). A new species of Rhacophorus (Anura, Rhacophoridae) fro",新种描述文献中的伴随物种记录，非明确新纪录事件,B7 坐标在境内可反推省份,中,无省份但坐标在境内；反推省份后按其文献类型处理（多为伴随→排除）
463,红蹼树蛙,Rhacophorus rhodopus,云南,"Jing Li and Shuo Liu and Guohua Yu and Tao Sun (2022). A new species of Rhacophorus (Anura, Rhacophoridae) fro",新种描述文献中的伴随物种记录，非明确新纪录事件,A1/B1 排除-同种同省已收录(再记录),高,同种同省组合已由更早/已收录文献建立，本行为再记录
473,双斑树蛙,Rhacophorus bipunctatus,,"Jing Li and Shuo Liu and Guohua Yu and Tao Sun (2022). A new species of Rhacophorus (Anura, Rhacophoridae) fro",新种描述文献中的伴随物种记录，非明确新纪录事件,B7 坐标在境内可反推省份,中,无省份但坐标在境内；反推省份后按其文献类型处理（多为伴随→排除）
476,侧条后棱蛇,Opisthotropis lateralis,,nan,记录类型无法判定（原表未标注且引用无线索）,A3 排除-无省份且无坐标,高,无省级归属信息，无法构成省级事件
478,刺疣齿蟾,Scutiger spinosus,西藏,Jian-Huan Yang and Xiang-Yuan Huang (2017). A New Species of Scutiger (Anura: Megophryidae) from the Gaoligong,新种描述文献中的伴随物种记录，非明确新纪录事件,A4 排除(建议)-伴随物种记录,高-政策项,新种/分类文献中的伴随物种记录，无新纪录声明（与CBNR排除规则一致）；证据完备者可选保留为occurrence
480,宽脊瘰螈,Tylototriton broadridgus,湖南,Tianyu QIAN and Jianjun XIANG and Jianping JIANG and Daode YANG and Jian GUI (2023). A New Species of the Amol,新种描述文献中的伴随物种记录，非明确新纪录事件,A4 排除(建议)-伴随物种记录,高-政策项,新种/分类文献中的伴随物种记录，无新纪录声明（与CBNR排除规则一致）；证据完备者可选保留为occurrence
481,紫灰锦蛇黑线亚种,Elaphe porphyracea nigrofasciata,,nan,记录类型无法判定（原表未标注且引用无线索）,A3 排除-无省份且无坐标,高,无省级归属信息，无法构成省级事件
482,尾突角蟾,Boulenophrys caudoprocta,湖南,Tianyu QIAN and Jianjun XIANG and Jianping JIANG and Daode YANG and Jian GUI (2023). A New Species of the Amol,新种描述文献中的伴随物种记录，非明确新纪录事件,A4 排除(建议)-伴随物种记录,高-政策项,新种/分类文献中的伴随物种记录，无新纪录声明（与CBNR排除规则一致）；证据完备者可选保留为occurrence
483,云南竹叶青,Trimeresurus yunnanensis,,nan,记录类型无法判定（原表未标注且引用无线索）,A3 排除-无省份且无坐标,高,无省级归属信息，无法构成省级事件
484,瘤疣角蟾,Boulenophrys tuberogranulatus,湖南,Tianyu QIAN and Jianjun XIANG and Jianping JIANG and Daode YANG and Jian GUI (2023). A New Species of the Amol,新种描述文献中的伴随物种记录，非明确新纪录事件,A1/B1 排除-同种同省已收录(再记录),高,同种同省组合已由更早/已收录文献建立，本行为再记录
485,桑植角蟾,Boulenophrys sangzhiensis,湖南,Tianyu QIAN and Jianjun XIANG and Jianping JIANG and Daode YANG and Jian GUI (2023). A New Species of the Amol,新种描述文献中的伴随物种记录，非明确新纪录事件,A4 排除(建议)-伴随物种记录,高-政策项,新种/分类文献中的伴随物种记录，无新纪录声明（与CBNR排除规则一致）；证据完备者可选保留为occurrence
486,桑植林蛙,Rana sangzhiensis,湖南,Tianyu QIAN and Jianjun XIANG and Jianping JIANG and Daode YANG and Jian GUI (2023). A New Species of the Amol,新种描述文献中的伴随物种记录，非明确新纪录事件,A4 排除(建议)-伴随物种记录,高-政策项,新种/分类文献中的伴随物种记录，无新纪录声明（与CBNR排除规则一致）；证据完备者可选保留为occurrence
487,桑植臭蛙,Odorrana sangzhiensis,湖南,Tianyu QIAN and Jianjun XIANG and Jianping JIANG and Daode YANG and Jian GUI (2023). A New Species of the Amol,新种描述文献中的伴随物种记录，非明确新纪录事件,A4 排除(建议)-伴随物种记录,高-政策项,新种/分类文献中的伴随物种记录，无新纪录声明（与CBNR排除规则一致）；证据完备者可选保留为occurrence
492,,Amolops akhaorum,琅南塔,"GUOHUA YU, ZHENGJUN WU & JUNXING YANG (2019). A new species of the Amolops monticola group (Anura: Ranidae) fr",新种描述文献中的伴随物种记录，非明确新纪录事件,C 排除-记录地为国外省区,高,省份为国外行政区
495,,Amolops archotaphus,清迈,"GUOHUA YU, ZHENGJUN WU & JUNXING YANG (2019). A new species of the Amolops monticola group (Anura: Ranidae) fr",新种描述文献中的伴随物种记录，非明确新纪录事件,C 排除-记录地为国外省区,高,省份为国外行政区
496,,Amolops chakrataensis,,"GUOHUA YU, ZHENGJUN WU & JUNXING YANG (2019). A new species of the Amolops monticola group (Anura: Ranidae) fr",新种描述文献中的伴随物种记录，非明确新纪录事件,A3 排除-无省份且无坐标,高,无省级归属信息，无法构成省级事件
497,红河湍蛙,Amolops compotrix,,"GUOHUA YU, ZHENGJUN WU & JUNXING YANG (2019). A new species of the Amolops monticola group (Anura: Ranidae) fr",新种描述文献中的伴随物种记录，非明确新纪录事件,A3 排除-无省份且无坐标,高,无省级归属信息，无法构成省级事件
498,,Amolops cucae,,"GUOHUA YU, ZHENGJUN WU & JUNXING YANG (2019). A new species of the Amolops monticola group (Anura: Ranidae) fr",新种描述文献中的伴随物种记录，非明确新纪录事件,A3 排除-无省份且无坐标,高,无省级归属信息，无法构成省级事件
499,瑶湍蛙,Amolops daorum,,"GUOHUA YU, ZHENGJUN WU & JUNXING YANG (2019). A new species of the Amolops monticola group (Anura: Ranidae) fr",新种描述文献中的伴随物种记录，非明确新纪录事件,A3 排除-无省份且无坐标,高,无省级归属信息，无法构成省级事件
500,绿湍蛙,Amolops iriodes,,"GUOHUA YU, ZHENGJUN WU & JUNXING YANG (2019). A new species of the Amolops monticola group (Anura: Ranidae) fr",新种描述文献中的伴随物种记录，非明确新纪录事件,A3 排除-无省份且无坐标,高,无省级归属信息，无法构成省级事件
501,丰沙里湍蛙,Amolops vitreus,丰沙里,"GUOHUA YU, ZHENGJUN WU & JUNXING YANG (2019). A new species of the Amolops monticola group (Anura: Ranidae) fr",新种描述文献中的伴随物种记录，非明确新纪录事件,C 排除-记录地为国外省区,高,省份为国外行政区
512,海南闪鳞蛇,Xenopeltis hainanensis,江西,杨道德、刘松、费冬波、喻兴雷、谷颖乐、卢何军、陈辉敏、朱家椿 (2008) 动物学杂志,记录类型无法判定（原表未标注且引用无线索）,疑为真实省级新纪录-高优先人工复核,需人工,海南闪鳞蛇/海南棱蜥/福建华珊瑚蛇之江西记录疑出自新纪录/考察报道，未能在线核实原文，建议到网盘查PDF确认后转入事件表
515,高山刘树蛙,Liurana alpina,西藏,Ke Jiang and Kai Wang and Yu-Fan Wang and Cheng Li and Jing Che (2018). A new species of the endemic Himalayan,新种描述文献中的伴随物种记录，非明确新纪录事件,A1/B1 排除-同种同省已收录(再记录),高,同种同省组合已由更早/已收录文献建立，本行为再记录
516,墨脱刘树蛙,Liurana medogensis,西藏,Ke Jiang and Kai Wang and Yu-Fan Wang and Cheng Li and Jing Che (2018). A new species of the endemic Himalayan,新种描述文献中的伴随物种记录，非明确新纪录事件,A1/B1 排除-同种同省已收录(再记录),高,同种同省组合已由更早/已收录文献建立，本行为再记录
522,西藏刘树蛙,Liurana xizangensis,西藏,Ke Jiang and Kai Wang and Yu-Fan Wang and Cheng Li and Jing Che (2018). A new species of the endemic Himalayan,新种描述文献中的伴随物种记录，非明确新纪录事件,A1/B1 排除-同种同省已收录(再记录),高,同种同省组合已由更早/已收录文献建立，本行为再记录
524,高山刘树蛙,Liurana alpina,西藏,Ke Jiang and Kai Wang and Yu-Fan Wang and Cheng Li and Jing Che (2018). A new species of the endemic Himalayan,新种描述文献中的伴随物种记录，非明确新纪录事件,A1/B1 排除-同种同省已收录(再记录),高,同种同省组合已由更早/已收录文献建立，本行为再记录
525,墨脱刘树蛙,Liurana medogensis,西藏,Ke Jiang and Kai Wang and Yu-Fan Wang and Cheng Li and Jing Che (2018). A new species of the endemic Himalayan,新种描述文献中的伴随物种记录，非明确新纪录事件,A1/B1 排除-同种同省已收录(再记录),高,同种同省组合已由更早/已收录文献建立，本行为再记录
526,西藏刘树蛙,Liurana xizangensis,西藏,Ke Jiang and Kai Wang and Yu-Fan Wang and Cheng Li and Jing Che (2018). A new species of the endemic Himalayan,新种描述文献中的伴随物种记录，非明确新纪录事件,A1/B1 排除-同种同省已收录(再记录),高,同种同省组合已由更早/已收录文献建立，本行为再记录
532,先岛陆蛙,Fejervarya sakishimensis,,"Hon Tjong Djong, Masafumi Matsui, Mitsuru Kuramoto, Midori Nishioka and Masayuki Sumida (2011). A New Species ",新种描述文献中的伴随物种记录，非明确新纪录事件,A3 排除-无省份且无坐标,高,无省级归属信息，无法构成省级事件
536,泽陆蛙,Fejervarya multistriata,,"Hon Tjong Djong, Masafumi Matsui, Mitsuru Kuramoto, Midori Nishioka and Masayuki Sumida (2011). A New Species ",新种描述文献中的伴随物种记录，非明确新纪录事件,A3 排除-无省份且无坐标,高,无省级归属信息，无法构成省级事件
550,先岛陆蛙,Fejervarya sakishimensis,,"Hon Tjong Djong, Masafumi Matsui, Mitsuru Kuramoto, Midori Nishioka and Masayuki Sumida (2011). A New Species ",新种描述文献中的伴随物种记录，非明确新纪录事件,A3 排除-无省份且无坐标,高,无省级归属信息，无法构成省级事件
551,泽陆蛙,Fejervarya multistriata,,"Hon Tjong Djong, Masafumi Matsui, Mitsuru Kuramoto, Midori Nishioka and Masayuki Sumida (2011). A New Species ",新种描述文献中的伴随物种记录，非明确新纪录事件,A3 排除-无省份且无坐标,高,无省级归属信息，无法构成省级事件
557,九龙颈槽蛇,Rhabdophis pentasupralabralis,,陈泽柠、陈勤、唐业忠、宋昭彬、徐海根、丁利 (2018) 动物学杂志 10.13859/j.cjz.201803015,记录类型无法判定（原表未标注且引用无线索）,A3 排除-无省份且无坐标,高,无省级归属信息，无法构成省级事件
558,黑头蝰,Azemiops feae,,陈泽柠、陈勤、唐业忠、宋昭彬、徐海根、丁利 (2018) 动物学杂志 10.13859/j.cjz.201803015,记录类型无法判定（原表未标注且引用无线索）,A3 排除-无省份且无坐标,高,无省级归属信息，无法构成省级事件
559,黑线乌梢蛇,Ptyas nigromarginata,,陈泽柠、陈勤、唐业忠、宋昭彬、徐海根、丁利 (2018) 动物学杂志 10.13859/j.cjz.201803015,记录类型无法判定（原表未标注且引用无线索）,A3 排除-无省份且无坐标,高,无省级归属信息，无法构成省级事件
560,颈斑蛇,Plagiopholis blakewayi,,陈泽柠、陈勤、唐业忠、宋昭彬、徐海根、丁利 (2018) 动物学杂志 10.13859/j.cjz.201803015,记录类型无法判定（原表未标注且引用无线索）,A3 排除-无省份且无坐标,高,无省级归属信息，无法构成省级事件
561,棕网腹链蛇,Amphiesma johannis,,陈泽柠、陈勤、唐业忠、宋昭彬、徐海根、丁利 (2018) 动物学杂志 10.13859/j.cjz.201803015,记录类型无法判定（原表未标注且引用无线索）,A3 排除-无省份且无坐标,高,无省级归属信息，无法构成省级事件
566,长棘蜥,Acanthosaura armata,,Shuo Liu and Mian Hou and Mingzhong Mo and Dingqi Rao (2020). A new species of the genus Acanthosaura (Squamat,新种描述文献中的伴随物种记录，非明确新纪录事件,A3 排除-无省份且无坐标,高,无省级归属信息，无法构成省级事件
567,短肢棘蜥,Acanthosaura brachypoda,老街,Shuo Liu and Mian Hou and Mingzhong Mo and Dingqi Rao (2020). A new species of the genus Acanthosaura (Squamat,新种描述文献中的伴随物种记录，非明确新纪录事件,C 排除-记录地为国外省区,高,省份为国外行政区
568,,Acanthosaura capra,平福,Shuo Liu and Mian Hou and Mingzhong Mo and Dingqi Rao (2020). A new species of the genus Acanthosaura (Squamat,新种描述文献中的伴随物种记录，非明确新纪录事件,C 排除-记录地为国外省区,高,省份为国外行政区
569,,Acanthosaura coronata,平福、同奈,Shuo Liu and Mian Hou and Mingzhong Mo and Dingqi Rao (2020). A new species of the genus Acanthosaura (Squamat,新种描述文献中的伴随物种记录，非明确新纪录事件,C 排除-记录地为国外省区,高,省份为国外行政区
570,,Calotes versicolor,,Shuo Liu and Mian Hou and Mingzhong Mo and Dingqi Rao (2020). A new species of the genus Acanthosaura (Squamat,新种描述文献中的伴随物种记录，非明确新纪录事件,A3 排除-无省份且无坐标,高,无省级归属信息，无法构成省级事件
578,高原林蛙,Rana kukunoris,青海,张湑泽、孙玉奇、彭飞、侯业茂、闻豪 (2023) 动物学杂志 10.13859/j.cjz.202301019,记录类型无法判定（原表未标注且引用无线索）,待人工复核-未能在线定性,需人工,文献类型未能在线确认，建议查网盘原文（新纪录报道→事件表；调查/分类文→排除）
599,圆鼻巨蜥,Varanus salvator,海南,刘大业、薛少亮、曾治高、颜文博、梁春生、莫世琴、蔡海洪、杜鹍鹏 (2022) 动物学杂志 Chinese Journal of Zoology 10.13859/j.cjz.202205020,记录类型无法判定（原表未标注且引用无线索）,待人工复核-未能在线定性,需人工,文献类型未能在线确认，建议查网盘原文（新纪录报道→事件表；调查/分类文→排除）
609,太行山费氏蛙,Feirana taihangnica,陕西、山西、河南,Xin YANG and Bin WANG and Junhua HU and Jianping JIANG (2011). A New Species of the Genus Feirana (Amphibia: A,新种描述文献中的伴随物种记录，非明确新纪录事件,A4 排除(建议)-伴随物种记录,高-政策项,新种/分类文献中的伴随物种记录，无新纪录声明（与CBNR排除规则一致）；证据完备者可选保留为occurrence
611,太行山费氏蛙,Feirana taihangnica,陕西、山西、河南,Xin YANG and Bin WANG and Junhua HU and Jianping JIANG (2011). A New Species of the Genus Feirana (Amphibia: A,新种描述文献中的伴随物种记录，非明确新纪录事件,A4 排除(建议)-伴随物种记录,高-政策项,新种/分类文献中的伴随物种记录，无新纪录声明（与CBNR排除规则一致）；证据完备者可选保留为occurrence
614,百山祖角蟾,Boulenophrys baishanzuensis,,赵玉瑞、朱滨清、高朔、王乐、吴延庆 (2023) 动物学杂志 Chinese Journal of Zoology 10.13859/j.cjz.202304013,记录类型无法判定（原表未标注且引用无线索）,A3 排除-无省份且无坐标,高,无省级归属信息，无法构成省级事件
615,河口壁虎,Gekko hokouensis,安徽、河南、湖北,Caiwen Zhang and Afang Wu and Bo Cai and Lanrong Wang and Dapeng Pang and Haohao Ma and Lei Yu and Xiangyang L,新种描述文献中的伴随物种记录，非明确新纪录事件,A4 排除(建议)-伴随物种记录,高-政策项,新种/分类文献中的伴随物种记录，无新纪录声明（与CBNR排除规则一致）；证据完备者可选保留为occurrence
617,多疣壁虎,Gekko japonicus,安徽、河南、湖北,Caiwen Zhang and Afang Wu and Bo Cai and Lanrong Wang and Dapeng Pang and Haohao Ma and Lei Yu and Xiangyang L,新种描述文献中的伴随物种记录，非明确新纪录事件,A4 排除(建议)-伴随物种记录,高-政策项,新种/分类文献中的伴随物种记录，无新纪录声明（与CBNR排除规则一致）；证据完备者可选保留为occurrence
618,大壁虎,Gekko gecko,,Caiwen Zhang and Afang Wu and Bo Cai and Lanrong Wang and Dapeng Pang and Haohao Ma and Lei Yu and Xiangyang L,新种描述文献中的伴随物种记录，非明确新纪录事件,A3 排除-无省份且无坐标,高,无省级归属信息，无法构成省级事件
619,南蹼趾壁虎,Gekko palmatus,广西,Caiwen Zhang and Afang Wu and Bo Cai and Lanrong Wang and Dapeng Pang and Haohao Ma and Lei Yu and Xiangyang L,新种描述文献中的伴随物种记录，非明确新纪录事件,A1/B1 排除-同种同省已收录(再记录),高,同种同省组合已由更早/已收录文献建立，本行为再记录
623,河口壁虎,Gekko hokouensis,安徽、河南、湖北,Caiwen Zhang and Afang Wu and Bo Cai and Lanrong Wang and Dapeng Pang and Haohao Ma and Lei Yu and Xiangyang L,新种描述文献中的伴随物种记录，非明确新纪录事件,A4 排除(建议)-伴随物种记录,高-政策项,新种/分类文献中的伴随物种记录，无新纪录声明（与CBNR排除规则一致）；证据完备者可选保留为occurrence
624,多疣壁虎,Gekko japonicus,安徽、河南、湖北,Caiwen Zhang and Afang Wu and Bo Cai and Lanrong Wang and Dapeng Pang and Haohao Ma and Lei Yu and Xiangyang L,新种描述文献中的伴随物种记录，非明确新纪录事件,A4 排除(建议)-伴随物种记录,高-政策项,新种/分类文献中的伴随物种记录，无新纪录声明（与CBNR排除规则一致）；证据完备者可选保留为occurrence
625,大壁虎,Gekko gecko,,Caiwen Zhang and Afang Wu and Bo Cai and Lanrong Wang and Dapeng Pang and Haohao Ma and Lei Yu and Xiangyang L,新种描述文献中的伴随物种记录，非明确新纪录事件,A3 排除-无省份且无坐标,高,无省级归属信息，无法构成省级事件
637,楚雄蓝尾蝾螈,Cynops cyanurus chuxiongensis,云南,nan,记录类型无法判定（原表未标注且引用无线索）,待溯源-无引用信息,需人工,该行无文献引用，无法验证记录性质；请补充来源后再判定（建议查网盘合并前原始表）
638,山井疣螈,Tylototriton shanjing,,nan,记录类型无法判定（原表未标注且引用无线索）,A3 排除-无省份且无坐标,高,无省级归属信息，无法构成省级事件
639,红瘰疣螈,Tylototriton verrucosus,,nan,记录类型无法判定（原表未标注且引用无线索）,A3 排除-无省份且无坐标,高,无省级归属信息，无法构成省级事件
640,西伯利亚北鲵,Ranodon sibiricus,,nan,记录类型无法判定（原表未标注且引用无线索）,A3 排除-无省份且无坐标,高,无省级归属信息，无法构成省级事件
646,南蹼趾壁虎,Gekko palmatus,广西,Caiwen Zhang and Afang Wu and Bo Cai and Lanrong Wang and Dapeng Pang and Haohao Ma and Lei Yu and Xiangyang L,新种描述文献中的伴随物种记录，非明确新纪录事件,A1/B1 排除-同种同省已收录(再记录),高,同种同省组合已由更早/已收录文献建立，本行为再记录
665,,Hebius taronensis,,Yu-Hao Xu and Dian-Cheng Yang and Yan-An Gong and Kai-Chen Ouyang and Shi-Yang Weng and Jun-Dong Deng and Song,新种描述文献中的伴随物种记录，非明确新纪录事件,A3 排除-无省份且无坐标,高,无省级归属信息，无法构成省级事件
667,,Hebius venningi,,Yu-Hao Xu and Dian-Cheng Yang and Yan-An Gong and Kai-Chen Ouyang and Shi-Yang Weng and Jun-Dong Deng and Song,新种描述文献中的伴随物种记录，非明确新纪录事件,A3 排除-无省份且无坐标,高,无省级归属信息，无法构成省级事件
668,坡普腹链蛇,Hebius popei,,Yu-Hao Xu and Dian-Cheng Yang and Yan-An Gong and Kai-Chen Ouyang and Shi-Yang Weng and Jun-Dong Deng and Song,新种描述文献中的伴随物种记录，非明确新纪录事件,A3 排除-无省份且无坐标,高,无省级归属信息，无法构成省级事件
669,黑带腹链蛇,Hebius bitaeniatus,,Yu-Hao Xu and Dian-Cheng Yang and Yan-An Gong and Kai-Chen Ouyang and Shi-Yang Weng and Jun-Dong Deng and Song,新种描述文献中的伴随物种记录，非明确新纪录事件,A3 排除-无省份且无坐标,高,无省级归属信息，无法构成省级事件
670,维西腹链蛇,Hebius weixiensis,,Yu-Hao Xu and Dian-Cheng Yang and Yan-An Gong and Kai-Chen Ouyang and Shi-Yang Weng and Jun-Dong Deng and Song,新种描述文献中的伴随物种记录，非明确新纪录事件,A3 排除-无省份且无坐标,高,无省级归属信息，无法构成省级事件
671,,Hebius andreae,,Yu-Hao Xu and Dian-Cheng Yang and Yan-An Gong and Kai-Chen Ouyang and Shi-Yang Weng and Jun-Dong Deng and Song,新种描述文献中的伴随物种记录，非明确新纪录事件,A3 排除-无省份且无坐标,高,无省级归属信息，无法构成省级事件
677,黑瘰螈,Tylototriton asperrimus,中国广西、越南和平,KANTO NISHIKAWA and MASAFUMI MATSUI and TAO THIEN NGUYEN (2013). A New Species of Tylototriton from Northern V,新种描述文献中的伴随物种记录，非明确新纪录事件,A4 排除(建议)-伴随物种记录,高-政策项,新种/分类文献中的伴随物种记录，无新纪录声明（与CBNR排除规则一致）；证据完备者可选保留为occurrence
683,十万大山掌突蟾,Leptobrachella shiwandashanensis,广西,"Wei-Cai Chen and Yong-Jian Bei and Peng Li (2025). A new species of the genus Leptobrachella (Amphibia, Anura,",新种描述文献中的伴随物种记录，非明确新纪录事件,A4 排除(建议)-伴随物种记录,高-政策项,新种/分类文献中的伴随物种记录，无新纪录声明（与CBNR排除规则一致）；证据完备者可选保留为occurrence
684,凉山瘰螈,Tylototriton taliangensis,,"Youhui SHEN and Jianping JIANG and Xiaoyang MO (2012). A New Species of the Genus Tylototriton (Amphibia, Sala",新种描述文献中的伴随物种记录，非明确新纪录事件,A3 排除-无省份且无坐标,高,无省级归属信息，无法构成省级事件
686,棕黑疣螈,Tylototriton verrucosus,,"Youhui SHEN and Jianping JIANG and Xiaoyang MO (2012). A New Species of the Genus Tylototriton (Amphibia, Sala",新种描述文献中的伴随物种记录，非明确新纪录事件,A3 排除-无省份且无坐标,高,无省级归属信息，无法构成省级事件
687,南部瘰螈,Tylototriton notialis,,"Youhui SHEN and Jianping JIANG and Xiaoyang MO (2012). A New Species of the Genus Tylototriton (Amphibia, Sala",新种描述文献中的伴随物种记录，非明确新纪录事件,A3 排除-无省份且无坐标,高,无省级归属信息，无法构成省级事件
689,十万大山掌突蟾,Leptobrachella shiwandashanensis,广东,"Wei-Cai Chen and Yong-Jian Bei and Peng Li (2025). A new species of the genus Leptobrachella (Amphibia, Anura,",新种描述文献中的伴随物种记录，非明确新纪录事件,A4 排除(建议)-伴随物种记录,高-政策项,新种/分类文献中的伴随物种记录，无新纪录声明（与CBNR排除规则一致）；证据完备者可选保留为occurrence
695,瓦氏龙蜥,Diploderma varcoae,,Unknown Author (2019). A new species of Mountain Dragon (Reptilia: Agamidae: Diploderma) from the D. dymondi c,新种描述文献中的伴随物种记录，非明确新纪录事件,A3 排除-无省份且无坐标,高,无省级归属信息，无法构成省级事件
696,黄头龙蜥,Diploderma flaviceps,,Unknown Author (2019). A new species of Mountain Dragon (Reptilia: Agamidae: Diploderma) from the D. dymondi c,新种描述文献中的伴随物种记录，非明确新纪录事件,A3 排除-无省份且无坐标,高,无省级归属信息，无法构成省级事件
699,,Leptobrachella yunkaiensis,广东,Qi-Qi Zhang and Shi-Shi Lin and Yuan-Hang Li and Hong-Lin Su and Hong-Hui Chen and Xiu-Yu Zhang and Zhao-Chi Z,新种描述文献中的伴随物种记录，非明确新纪录事件,A4 排除(建议)-伴随物种记录,高-政策项,新种/分类文献中的伴随物种记录，无新纪录声明（与CBNR排除规则一致）；证据完备者可选保留为occurrence
702,,Leptobrachella yunkaiensis,广东,Qi-Qi Zhang and Shi-Shi Lin and Yuan-Hang Li and Hong-Lin Su and Hong-Hui Chen and Xiu-Yu Zhang and Zhao-Chi Z,新种描述文献中的伴随物种记录，非明确新纪录事件,A4 排除(建议)-伴随物种记录,高-政策项,新种/分类文献中的伴随物种记录，无新纪录声明（与CBNR排除规则一致）；证据完备者可选保留为occurrence
705,,Leptobrachella yunkaiensis,广东,Shi-Shi Lin and Yuan-Hang Li and Yu-Hong Lu and Hong-Lin Su and Shi-Bin Wu and Qi-Qi Zhang and Mei-Juan Mo and,新种描述文献中的伴随物种记录，非明确新纪录事件,A4 排除(建议)-伴随物种记录,高-政策项,新种/分类文献中的伴随物种记录，无新纪录声明（与CBNR排除规则一致）；证据完备者可选保留为occurrence
706,织金瘰螈,Paramesotriton zhijinensis,,"李松、田应洲、谷晓明、熊荣川 (2008). 瘰螈属一新种——龙里瘰螈(有尾目:蝾螈科) 动物学研究, 29(3), 313-317 https://doi.org/10.3724/SP.J.1141.2008.0331",新种描述文献中的伴随物种记录，非明确新纪录事件,A3 排除-无省份且无坐标,高,无省级归属信息，无法构成省级事件
709,峨眉湍蛙,Amolops mantzorum,,Liang Fei and Chang-Yuan Ye and Yu-Fan Wang and Ke Jiang (2017). A new species of the genus Amolops (Anura: Ra,新种描述文献中的伴随物种记录，非明确新纪录事件,A3 排除-无省份且无坐标,高,无省级归属信息，无法构成省级事件
710,,Leptobrachella liui,,Shi-Shi Lin and Yuan-Hang Li and Yu-Hong Lu and Hong-Lin Su and Shi-Bin Wu and Qi-Qi Zhang and Mei-Juan Mo and,新种描述文献中的伴随物种记录，非明确新纪录事件,A3 排除-无省份且无坐标,高,无省级归属信息，无法构成省级事件
713,,Leptobrachella mangshanensis,,Shi-Shi Lin and Yuan-Hang Li and Yu-Hong Lu and Hong-Lin Su and Shi-Bin Wu and Qi-Qi Zhang and Mei-Juan Mo and,新种描述文献中的伴随物种记录，非明确新纪录事件,A3 排除-无省份且无坐标,高,无省级归属信息，无法构成省级事件
715,,Leptobrachella wulingensis,,Shi-Shi Lin and Yuan-Hang Li and Yu-Hong Lu and Hong-Lin Su and Shi-Bin Wu and Qi-Qi Zhang and Mei-Juan Mo and,新种描述文献中的伴随物种记录，非明确新纪录事件,A3 排除-无省份且无坐标,高,无省级归属信息，无法构成省级事件
717,,Leptobrachella zhangyapingi,,Shi-Shi Lin and Yuan-Hang Li and Yu-Hong Lu and Hong-Lin Su and Shi-Bin Wu and Qi-Qi Zhang and Mei-Juan Mo and,新种描述文献中的伴随物种记录，非明确新纪录事件,A3 排除-无省份且无坐标,高,无省级归属信息，无法构成省级事件
724,高山舌突蛙,Liurana alpina,西藏,Haoqi YU and Yiheng LIN and Yuxi WANG and Puyang ZHENG and Shengchao SHI and Bin WANG and Jianping JIANG and Z,新种描述文献中的伴随物种记录，非明确新纪录事件,A1/B1 排除-同种同省已收录(再记录),高,同种同省组合已由更早/已收录文献建立，本行为再记录
725,墨脱舌突蛙,Liurana medogensis,西藏,Haoqi YU and Yiheng LIN and Yuxi WANG and Puyang ZHENG and Shengchao SHI and Bin WANG and Jianping JIANG and Z,新种描述文献中的伴随物种记录，非明确新纪录事件,A1/B1 排除-同种同省已收录(再记录),高,同种同省组合已由更早/已收录文献建立，本行为再记录
728,西藏舌突蛙,Liurana xizangensis,西藏,Haoqi YU and Yiheng LIN and Yuxi WANG and Puyang ZHENG and Shengchao SHI and Bin WANG and Jianping JIANG and Z,新种描述文献中的伴随物种记录，非明确新纪录事件,A1/B1 排除-同种同省已收录(再记录),高,同种同省组合已由更早/已收录文献建立，本行为再记录
729,河谷舌突蛙,Liurana vallecula,西藏,Haoqi YU and Yiheng LIN and Yuxi WANG and Puyang ZHENG and Shengchao SHI and Bin WANG and Jianping JIANG and Z,新种描述文献中的伴随物种记录，非明确新纪录事件,A4 排除(建议)-伴随物种记录,高-政策项,新种/分类文献中的伴随物种记录，无新纪录声明（与CBNR排除规则一致）；证据完备者可选保留为occurrence
730,,Liurana himalayana,,Haoqi YU and Yiheng LIN and Yuxi WANG and Puyang ZHENG and Shengchao SHI and Bin WANG and Jianping JIANG and Z,新种描述文献中的伴随物种记录，非明确新纪录事件,A3 排除-无省份且无坐标,高,无省级归属信息，无法构成省级事件
731,,Liurana indica,,Haoqi YU and Yiheng LIN and Yuxi WANG and Puyang ZHENG and Shengchao SHI and Bin WANG and Jianping JIANG and Z,新种描述文献中的伴随物种记录，非明确新纪录事件,A3 排除-无省份且无坐标,高,无省级归属信息，无法构成省级事件
732,,Liurana minuta,,Haoqi YU and Yiheng LIN and Yuxi WANG and Puyang ZHENG and Shengchao SHI and Bin WANG and Jianping JIANG and Z,新种描述文献中的伴随物种记录，非明确新纪录事件,A3 排除-无省份且无坐标,高,无省级归属信息，无法构成省级事件
736,福清链蛇,Lycodon futsingensis,广东,Jian Wang and Shuo Qi and Zhi-Tong Lyu and Zhao-Chi Zeng and Ying-Yong Wang (2020). A new species of the genus,新种描述文献中的伴随物种记录，非明确新纪录事件,A1/B1 排除-同种同省已收录(再记录),高,同种同省组合已由更早/已收录文献建立，本行为再记录
737,黑背链蛇,Lycodon ruhstrati,广西,Jian Wang and Shuo Qi and Zhi-Tong Lyu and Zhao-Chi Zeng and Ying-Yong Wang (2020). A new species of the genus,新种描述文献中的伴随物种记录，非明确新纪录事件,A4 排除(建议)-伴随物种记录,高-政策项,新种/分类文献中的伴随物种记录，无新纪录声明（与CBNR排除规则一致）；证据完备者可选保留为occurrence
738,,Lycodon namdongensis,,Jian Wang and Shuo Qi and Zhi-Tong Lyu and Zhao-Chi Zeng and Ying-Yong Wang (2020). A new species of the genus,新种描述文献中的伴随物种记录，非明确新纪录事件,A3 排除-无省份且无坐标,高,无省级归属信息，无法构成省级事件
739,,Lycodon sealei,,Jian Wang and Shuo Qi and Zhi-Tong Lyu and Zhao-Chi Zeng and Ying-Yong Wang (2020). A new species of the genus,新种描述文献中的伴随物种记录，非明确新纪录事件,A3 排除-无省份且无坐标,高,无省级归属信息，无法构成省级事件
740,,Lycodon striatus,,Jian Wang and Shuo Qi and Zhi-Tong Lyu and Zhao-Chi Zeng and Ying-Yong Wang (2020). A new species of the genus,新种描述文献中的伴随物种记录，非明确新纪录事件,A3 排除-无省份且无坐标,高,无省级归属信息，无法构成省级事件
744,瘤岩蜥,Laudakia tuberculata,西藏,Er-mi Zhao (1998). DESCRIPTION OF A NEW SPECIES OF THE GENUS Laudakia FROM XIZANG (TIBET) (Sauria: Agamidae) 动,新种描述文献中的伴随物种记录，非明确新纪录事件,A4 排除(建议)-伴随物种记录,高-政策项,新种/分类文献中的伴随物种记录，无新纪录声明（与CBNR排除规则一致）；证据完备者可选保留为occurrence
749,北仑姬蛙,Microhyla beilunensis,浙江,Caiwen Zhang and Cheng Chen and Meihua Zhang and Zhiyue Wang and Haohao Ma and Ruolei Sun and Jianping Jiang a,新种描述文献中的伴随物种记录，非明确新纪录事件,A4 排除(建议)-伴随物种记录,高-政策项,新种/分类文献中的伴随物种记录，无新纪录声明（与CBNR排除规则一致）；证据完备者可选保留为occurrence
750,,Microhyla fanjinshanensis,贵州,Caiwen Zhang and Cheng Chen and Meihua Zhang and Zhiyue Wang and Haohao Ma and Ruolei Sun and Jianping Jiang a,新种描述文献中的伴随物种记录，非明确新纪录事件,A4 排除(建议)-伴随物种记录,高-政策项,新种/分类文献中的伴随物种记录，无新纪录声明（与CBNR排除规则一致）；证据完备者可选保留为occurrence
751,合征姬蛙,Microhyla mixtura,安徽,Caiwen Zhang and Cheng Chen and Meihua Zhang and Zhiyue Wang and Haohao Ma and Ruolei Sun and Jianping Jiang a,新种描述文献中的伴随物种记录，非明确新纪录事件,A4 排除(建议)-伴随物种记录,高-政策项,新种/分类文献中的伴随物种记录，无新纪录声明（与CBNR排除规则一致）；证据完备者可选保留为occurrence
752,饰纹姬蛙,Microhyla fissipes,安徽,Caiwen Zhang and Cheng Chen and Meihua Zhang and Zhiyue Wang and Haohao Ma and Ruolei Sun and Jianping Jiang a,新种描述文献中的伴随物种记录，非明确新纪录事件,A4 排除(建议)-伴随物种记录,高-政策项,新种/分类文献中的伴随物种记录，无新纪录声明（与CBNR排除规则一致）；证据完备者可选保留为occurrence
760,,Ovophis convictus,,Shuo Liu and Mian Hou and Mingzhong Mo and Mei Li and Biao Li and Xiong Luo and Dingqi Rao and Song Li (2024).,新种描述文献中的伴随物种记录，非明确新纪录事件,A3 排除-无省份且无坐标,高,无省级归属信息，无法构成省级事件
761,台湾烙铁头蛇,Ovophis makazayazaya,,Shuo Liu and Mian Hou and Mingzhong Mo and Mei Li and Biao Li and Xiong Luo and Dingqi Rao and Song Li (2024).,新种描述文献中的伴随物种记录，非明确新纪录事件,A3 排除-无省份且无坐标,高,无省级归属信息，无法构成省级事件
763,越南烙铁头蛇,Ovophis tonkinensis,,Shuo Liu and Mian Hou and Mingzhong Mo and Mei Li and Biao Li and Xiong Luo and Dingqi Rao and Song Li (2024).,新种描述文献中的伴随物种记录，非明确新纪录事件,A3 排除-无省份且无坐标,高,无省级归属信息，无法构成省级事件
765,察隅烙铁头蛇,Ovophis zayuensis,,Shuo Liu and Mian Hou and Mingzhong Mo and Mei Li and Biao Li and Xiong Luo and Dingqi Rao and Song Li (2024).,新种描述文献中的伴随物种记录，非明确新纪录事件,A3 排除-无省份且无坐标,高,无省级归属信息，无法构成省级事件
766,屏边烙铁头蛇,Ovophis anitae,,Shuo Liu and Mian Hou and Mingzhong Mo and Mei Li and Biao Li and Xiong Luo and Dingqi Rao and Song Li (2024).,新种描述文献中的伴随物种记录，非明确新纪录事件,A3 排除-无省份且无坐标,高,无省级归属信息，无法构成省级事件
767,盈江烙铁头蛇,Ovophis jenkinsi,,Shuo Liu and Mian Hou and Mingzhong Mo and Mei Li and Biao Li and Xiong Luo and Dingqi Rao and Song Li (2024).,新种描述文献中的伴随物种记录，非明确新纪录事件,A3 排除-无省份且无坐标,高,无省级归属信息，无法构成省级事件
768,,Trimeresurus okinavensis,,Shuo Liu and Mian Hou and Mingzhong Mo and Mei Li and Biao Li and Xiong Luo and Dingqi Rao and Song Li (2024).,新种描述文献中的伴随物种记录，非明确新纪录事件,A3 排除-无省份且无坐标,高,无省级归属信息，无法构成省级事件
769,台湾竹叶青蛇,Trimeresurus gracilis,,Shuo Liu and Mian Hou and Mingzhong Mo and Mei Li and Biao Li and Xiong Luo and Dingqi Rao and Song Li (2024).,新种描述文献中的伴随物种记录，非明确新纪录事件,A3 排除-无省份且无坐标,高,无省级归属信息，无法构成省级事件
770,香港瘰螈,Paramesotriton hongkongensis,香港、贵州,ZHIYONG YUAN and YUNKE WU and JIAJUN ZHOU & JING CHE (2016). A new species of the genus Paramesotriton (Caudat,新种描述文献中的伴随物种记录，非明确新纪录事件,A4 排除(建议)-伴随物种记录,高-政策项,新种/分类文献中的伴随物种记录，无新纪录声明（与CBNR排除规则一致）；证据完备者可选保留为occurrence
771,中国瘰螈,Paramesotriton chinensis,广西,ZHIYONG YUAN and YUNKE WU and JIAJUN ZHOU & JING CHE (2016). A new species of the genus Paramesotriton (Caudat,新种描述文献中的伴随物种记录，非明确新纪录事件,A4 排除(建议)-伴随物种记录,高-政策项,新种/分类文献中的伴随物种记录，无新纪录声明（与CBNR排除规则一致）；证据完备者可选保留为occurrence
772,富钟瘰螈,Paramesotriton fuzhongensis,广西,ZHIYONG YUAN and YUNKE WU and JIAJUN ZHOU & JING CHE (2016). A new species of the genus Paramesotriton (Caudat,新种描述文献中的伴随物种记录，非明确新纪录事件,A4 排除(建议)-伴随物种记录,高-政策项,新种/分类文献中的伴随物种记录，无新纪录声明（与CBNR排除规则一致）；证据完备者可选保留为occurrence
773,平胸龟,Platysternon megacephalum,,Qian-Ru Liang and Jia-Xuan Li and Yan Ge and Jun-Man Ou and You-Qiang Yin and Chatmongkon Suwannapoom and Minh,新种描述文献中的伴随物种记录，非明确新纪录事件,B7 坐标在境内可反推省份,中,无省份但坐标在境内；反推省份后按其文献类型处理（多为伴随→排除）
774,缅甸平胸龟,Platysternon peguense,勃固,Qian-Ru Liang and Jia-Xuan Li and Yan Ge and Jun-Man Ou and You-Qiang Yin and Chatmongkon Suwannapoom and Minh,新种描述文献中的伴随物种记录，非明确新纪录事件,C 排除-记录地为国外省区,高,省份为国外行政区
776,广西瘰螈,Paramesotriton guangxiensis,广西,ZHIYONG YUAN and YUNKE WU and JIAJUN ZHOU & JING CHE (2016). A new species of the genus Paramesotriton (Caudat,新种描述文献中的伴随物种记录，非明确新纪录事件,A4 排除(建议)-伴随物种记录,高-政策项,新种/分类文献中的伴随物种记录，无新纪录声明（与CBNR排除规则一致）；证据完备者可选保留为occurrence
777,无斑瘰螈,Paramesotriton labiatus,广西,ZHIYONG YUAN and YUNKE WU and JIAJUN ZHOU & JING CHE (2016). A new species of the genus Paramesotriton (Caudat,新种描述文献中的伴随物种记录，非明确新纪录事件,A1/B1 排除-同种同省已收录(再记录),高,同种同省组合已由更早/已收录文献建立，本行为再记录
778,肥螈,Pachytriton brevipes,江西,ZHIYONG YUAN and YUNKE WU and JIAJUN ZHOU & JING CHE (2016). A new species of the genus Paramesotriton (Caudat,新种描述文献中的伴随物种记录，非明确新纪录事件,A4 排除(建议)-伴随物种记录,高-政策项,新种/分类文献中的伴随物种记录，无新纪录声明（与CBNR排除规则一致）；证据完备者可选保留为occurrence
780,广西瘰螈,Paramesotriton guangxiensis,广西,ZHIYONG YUAN and YUNKE WU and JIAJUN ZHOU & JING CHE (2016). A new species of the genus Paramesotriton (Caudat,新种描述文献中的伴随物种记录，非明确新纪录事件,A4 排除(建议)-伴随物种记录,高-政策项,新种/分类文献中的伴随物种记录，无新纪录声明（与CBNR排除规则一致）；证据完备者可选保留为occurrence
781,安氏钝头蛇,Pareas andersonii,云南,"Shuo Liu & Dingqi Rao (2021). A new species of the genus Pareas (Squamata, Pareidae) from Yunnan, China ZooKey",新种描述文献中的伴随物种记录，非明确新纪录事件,A4 排除(建议)-伴随物种记录,高-政策项,新种/分类文献中的伴随物种记录，无新纪录声明（与CBNR排除规则一致）；证据完备者可选保留为occurrence
782,泰雅钝头蛇,Pareas atayal,云南,"Shuo Liu & Dingqi Rao (2021). A new species of the genus Pareas (Squamata, Pareidae) from Yunnan, China ZooKey",新种描述文献中的伴随物种记录，非明确新纪录事件,A4 排除(建议)-伴随物种记录,高-政策项,新种/分类文献中的伴随物种记录，无新纪录声明（与CBNR排除规则一致）；证据完备者可选保留为occurrence
784,黑龙江林蛙,Rana amurensis,黑龙江,Haipeng Zhao and Junxiao Yang and Chunping Wang and Pipeng Li and Robert W. Murphy and Jing Che and Zhiyong Yu,新种描述文献中的伴随物种记录，非明确新纪录事件,A4 排除(建议)-伴随物种记录,高-政策项,新种/分类文献中的伴随物种记录，无新纪录声明（与CBNR排除规则一致）；证据完备者可选保留为occurrence
785,中亚林蛙,Rana asiatica,新疆,Haipeng Zhao and Junxiao Yang and Chunping Wang and Pipeng Li and Robert W. Murphy and Jing Che and Zhiyong Yu,新种描述文献中的伴随物种记录，非明确新纪录事件,A4 排除(建议)-伴随物种记录,高-政策项,新种/分类文献中的伴随物种记录，无新纪录声明（与CBNR排除规则一致）；证据完备者可选保留为occurrence
786,田野林蛙,Rana arvalis,新疆,Haipeng Zhao and Junxiao Yang and Chunping Wang and Pipeng Li and Robert W. Murphy and Jing Che and Zhiyong Yu,新种描述文献中的伴随物种记录，非明确新纪录事件,A4 排除(建议)-伴随物种记录,高-政策项,新种/分类文献中的伴随物种记录，无新纪录声明（与CBNR排除规则一致）；证据完备者可选保留为occurrence
788,黑龙江林蛙,Rana amurensis,黑龙江,Haipeng Zhao and Junxiao Yang and Chunping Wang and Pipeng Li and Robert W. Murphy and Jing Che and Zhiyong Yu,新种描述文献中的伴随物种记录，非明确新纪录事件,A4 排除(建议)-伴随物种记录,高-政策项,新种/分类文献中的伴随物种记录，无新纪录声明（与CBNR排除规则一致）；证据完备者可选保留为occurrence
789,中亚林蛙,Rana asiatica,新疆,Haipeng Zhao and Junxiao Yang and Chunping Wang and Pipeng Li and Robert W. Murphy and Jing Che and Zhiyong Yu,新种描述文献中的伴随物种记录，非明确新纪录事件,A4 排除(建议)-伴随物种记录,高-政策项,新种/分类文献中的伴随物种记录，无新纪录声明（与CBNR排除规则一致）；证据完备者可选保留为occurrence
790,田野林蛙,Rana arvalis,新疆,Haipeng Zhao and Junxiao Yang and Chunping Wang and Pipeng Li and Robert W. Murphy and Jing Che and Zhiyong Yu,新种描述文献中的伴随物种记录，非明确新纪录事件,A4 排除(建议)-伴随物种记录,高-政策项,新种/分类文献中的伴随物种记录，无新纪录声明（与CBNR排除规则一致）；证据完备者可选保留为occurrence
793,黑龙江林蛙,Rana amurensis,黑龙江,Haipeng Zhao and Junxiao Yang and Chunping Wang and Pipeng Li and Robert W. Murphy and Jing Che and Zhiyong Yu,新种描述文献中的伴随物种记录，非明确新纪录事件,A4 排除(建议)-伴随物种记录,高-政策项,新种/分类文献中的伴随物种记录，无新纪录声明（与CBNR排除规则一致）；证据完备者可选保留为occurrence
794,中亚林蛙,Rana asiatica,新疆,Haipeng Zhao and Junxiao Yang and Chunping Wang and Pipeng Li and Robert W. Murphy and Jing Che and Zhiyong Yu,新种描述文献中的伴随物种记录，非明确新纪录事件,A4 排除(建议)-伴随物种记录,高-政策项,新种/分类文献中的伴随物种记录，无新纪录声明（与CBNR排除规则一致）；证据完备者可选保留为occurrence
795,田野林蛙,Rana arvalis,新疆,Haipeng Zhao and Junxiao Yang and Chunping Wang and Pipeng Li and Robert W. Murphy and Jing Che and Zhiyong Yu,新种描述文献中的伴随物种记录，非明确新纪录事件,A4 排除(建议)-伴随物种记录,高-政策项,新种/分类文献中的伴随物种记录，无新纪录声明（与CBNR排除规则一致）；证据完备者可选保留为occurrence
798,桑植趾沟蛙,Rana sangzhiensis,湖南,Yanqing Wu and Shengchao Shi and Huiguang Zhang and Weicai Chen and Bin Cai and Van Chung Hoang and Jun Wu and,新种描述文献中的伴随物种记录，非明确新纪录事件,A4 排除(建议)-伴随物种记录,高-政策项,新种/分类文献中的伴随物种记录，无新纪录声明（与CBNR排除规则一致）；证据完备者可选保留为occurrence
799,明全蛙,Rana zhengi,四川,Yanqing Wu and Shengchao Shi and Huiguang Zhang and Weicai Chen and Bin Cai and Van Chung Hoang and Jun Wu and,新种描述文献中的伴随物种记录，非明确新纪录事件,A4 排除(建议)-伴随物种记录,高-政策项,新种/分类文献中的伴随物种记录，无新纪录声明（与CBNR排除规则一致）；证据完备者可选保留为occurrence
800,越南林蛙,Rana johnsi,广西,Yanqing Wu and Shengchao Shi and Huiguang Zhang and Weicai Chen and Bin Cai and Van Chung Hoang and Jun Wu and,新种描述文献中的伴随物种记录，非明确新纪录事件,A4 排除(建议)-伴随物种记录,高-政策项,新种/分类文献中的伴随物种记录，无新纪录声明（与CBNR排除规则一致）；证据完备者可选保留为occurrence
801,威宁蛙,Rana weiningensis,贵州,Yanqing Wu and Shengchao Shi and Huiguang Zhang and Weicai Chen and Bin Cai and Van Chung Hoang and Jun Wu and,新种描述文献中的伴随物种记录，非明确新纪录事件,A4 排除(建议)-伴随物种记录,高-政策项,新种/分类文献中的伴随物种记录，无新纪录声明（与CBNR排除规则一致）；证据完备者可选保留为occurrence
804,,Rhabdophis akraios,,Yige PIAO and Zening CHEN and Yanqing WU and Shengchao SHI and Hirohiko TAKEUCHI and Teppei JONO and Masaya FU,新种描述文献中的伴随物种记录，非明确新纪录事件,A3 排除-无省份且无坐标,高,无省级归属信息，无法构成省级事件
805,颈槽蛇,Rhabdophis nuchalis,,Yige PIAO and Zening CHEN and Yanqing WU and Shengchao SHI and Hirohiko TAKEUCHI and Teppei JONO and Masaya FU,新种描述文献中的伴随物种记录，非明确新纪录事件,A3 排除-无省份且无坐标,高,无省级归属信息，无法构成省级事件
806,,Rhabdophis subminiatus,,Yige PIAO and Zening CHEN and Yanqing WU and Shengchao SHI and Hirohiko TAKEUCHI and Teppei JONO and Masaya FU,新种描述文献中的伴随物种记录，非明确新纪录事件,B7 坐标在境内可反推省份,中,无省份但坐标在境内；反推省份后按其文献类型处理（多为伴随→排除）
808,,Rhabdophis chrysargos,,Yige PIAO and Zening CHEN and Yanqing WU and Shengchao SHI and Hirohiko TAKEUCHI and Teppei JONO and Masaya FU,新种描述文献中的伴随物种记录，非明确新纪录事件,B7 坐标在境内可反推省份,中,无省份但坐标在境内；反推省份后按其文献类型处理（多为伴随→排除）
809,绿背树蛙,Rhacophorus dorsoviridis,,Yunming MO and Weicai CHEN and Xiaowen LIAO and Shichu ZHOU (2016). A New Species of the Genus Rhacophorus (An,新种描述文献中的伴随物种记录，非明确新纪录事件,A3 排除-无省份且无坐标,高,无省级归属信息，无法构成省级事件
810,台湾树蛙,Rhacophorus moltrechti,,Yunming MO and Weicai CHEN and Xiaowen LIAO and Shichu ZHOU (2016). A New Species of the Genus Rhacophorus (An,新种描述文献中的伴随物种记录，非明确新纪录事件,A3 排除-无省份且无坐标,高,无省级归属信息，无法构成省级事件
811,黑点树蛙,Rhacophorus nigropunctatus,,Yunming MO and Weicai CHEN and Xiaowen LIAO and Shichu ZHOU (2016). A New Species of the Genus Rhacophorus (An,新种描述文献中的伴随物种记录，非明确新纪录事件,A3 排除-无省份且无坐标,高,无省级归属信息，无法构成省级事件
812,无声囊泛树蛙,Rhacophorus mutus,,Yunming MO and Weicai CHEN and Xiaowen LIAO and Shichu ZHOU (2016). A New Species of the Genus Rhacophorus (An,新种描述文献中的伴随物种记录，非明确新纪录事件,A3 排除-无省份且无坐标,高,无省级归属信息，无法构成省级事件
813,大树蛙,Rhacophorus dennysi,,Yunming MO and Weicai CHEN and Xiaowen LIAO and Shichu ZHOU (2016). A New Species of the Genus Rhacophorus (An,新种描述文献中的伴随物种记录，非明确新纪录事件,A3 排除-无省份且无坐标,高,无省级归属信息，无法构成省级事件
814,沼蛙,Sylvirana guentheri,,Yunming MO and Weicai CHEN and Xiaowen LIAO and Shichu ZHOU (2016). A New Species of the Genus Rhacophorus (An,新种描述文献中的伴随物种记录，非明确新纪录事件,A3 排除-无省份且无坐标,高,无省级归属信息，无法构成省级事件
818,瑶山树蛙,Polypedates yaoshanensis,广西,DING-QI RAO、JEFFERY A. WILKINSON & HUI-NING LIU (2006). A new species of Rhacophorus (Anura: Rhacophoridae) fr,新种描述文献中的伴随物种记录，非明确新纪录事件,A4 排除(建议)-伴随物种记录,高-政策项,新种/分类文献中的伴随物种记录，无新纪录声明（与CBNR排除规则一致）；证据完备者可选保留为occurrence
819,茅索水蛙,Sylvirana maosonensis,,Yunming MO and Weicai CHEN and Xiaowen LIAO and Shichu ZHOU (2016). A New Species of the Genus Rhacophorus (An,新种描述文献中的伴随物种记录，非明确新纪录事件,A3 排除-无省份且无坐标,高,无省级归属信息，无法构成省级事件
821,康定滑蜥,Scincella potanini,四川,Ruwan JIA and Zongyuan GAO and Dihao WU and Jinlong REN and Dechun JIANG and Wei WU (2024). A New Species of t,新种描述文献中的伴随物种记录，非明确新纪录事件,A4 排除(建议)-伴随物种记录,高-政策项,新种/分类文献中的伴随物种记录，无新纪录声明（与CBNR排除规则一致）；证据完备者可选保留为occurrence
822,山滑蜥,Scincella monticola,,Ruwan JIA and Zongyuan GAO and Dihao WU and Jinlong REN and Dechun JIANG and Wei WU (2024). A New Species of t,新种描述文献中的伴随物种记录，非明确新纪录事件,A3 排除-无省份且无坐标,高,无省级归属信息，无法构成省级事件
823,瓦山滑蜥,Scincella schmidti,,Ruwan JIA and Zongyuan GAO and Dihao WU and Jinlong REN and Dechun JIANG and Wei WU (2024). A New Species of t,新种描述文献中的伴随物种记录，非明确新纪录事件,A3 排除-无省份且无坐标,高,无省级归属信息，无法构成省级事件
824,隐耳蜓蜥,Sphenomorphus cryptotis,,Ruwan JIA and Zongyuan GAO and Dihao WU and Jinlong REN and Dechun JIANG and Wei WU (2024). A New Species of t,新种描述文献中的伴随物种记录，非明确新纪录事件,A3 排除-无省份且无坐标,高,无省级归属信息，无法构成省级事件
826,阿东齿突蟾,Scutiger adungensis,,Ke JIANG and Kai WANG and Da-Hu ZOU and Fang YAN and Pi-Peng LI and Jing CHE (2016). A new species of the genu,新种描述文献中的伴随物种记录，非明确新纪录事件,A3 排除-无省份且无坐标,高,无省级归属信息，无法构成省级事件
827,,Scutiger bhutanensis,,Ke JIANG and Kai WANG and Da-Hu ZOU and Fang YAN and Pi-Peng LI and Jing CHE (2016). A new species of the genu,新种描述文献中的伴随物种记录，非明确新纪录事件,A3 排除-无省份且无坐标,高,无省级归属信息，无法构成省级事件
834,赵尔宓温泉蛇,Thermophis zhaoermii,四川,Lifang PENG and Changhu LU and Song HUANG and Peng GUO and Yaping ZHANG (2014). A New Species of the Genus The,新种描述文献中的伴随物种记录，非明确新纪录事件,A4 排除(建议)-伴随物种记录,高-政策项,新种/分类文献中的伴随物种记录，无新纪录声明（与CBNR排除规则一致）；证据完备者可选保留为occurrence
837,文县瘰螈,Tylototriton wenxianensis,甘肃,"Youhui SHEN and Jianping JIANG and Xiaoyang MO (2012). A New Species of the Genus Tylototriton (Amphibia, Sala",新种描述文献中的伴随物种记录，非明确新纪录事件,A4 排除(建议)-伴随物种记录,高-政策项,新种/分类文献中的伴随物种记录，无新纪录声明（与CBNR排除规则一致）；证据完备者可选保留为occurrence
842,大别瘰螈,Tylototriton dabienicus,,"Youhui SHEN and Jianping JIANG and Xiaoyang MO (2012). A New Species of the Genus Tylototriton (Amphibia, Sala",新种描述文献中的伴随物种记录，非明确新纪录事件,A3 排除-无省份且无坐标,高,无省级归属信息，无法构成省级事件
843,红瘰疣螈,Tylototriton asperrimus,,"Youhui SHEN and Jianping JIANG and Xiaoyang MO (2012). A New Species of the Genus Tylototriton (Amphibia, Sala",新种描述文献中的伴随物种记录，非明确新纪录事件,A3 排除-无省份且无坐标,高,无省级归属信息，无法构成省级事件
844,海南瘰螈,Tylototriton hainanensis,海南,"Youhui SHEN and Jianping JIANG and Xiaoyang MO (2012). A New Species of the Genus Tylototriton (Amphibia, Sala",新种描述文献中的伴随物种记录，非明确新纪录事件,A4 排除(建议)-伴随物种记录,高-政策项,新种/分类文献中的伴随物种记录，无新纪录声明（与CBNR排除规则一致）；证据完备者可选保留为occurrence
845,越南瘰螈,Tylototriton vietnamensis,,"Youhui SHEN and Jianping JIANG and Xiaoyang MO (2012). A New Species of the Genus Tylototriton (Amphibia, Sala",新种描述文献中的伴随物种记录，非明确新纪录事件,A3 排除-无省份且无坐标,高,无省级归属信息，无法构成省级事件
849,文县瘰螈,Tylototriton wenxianensis,甘肃,"Youhui SHEN and Jianping JIANG and Xiaoyang MO (2012). A New Species of the Genus Tylototriton (Amphibia, Sala",新种描述文献中的伴随物种记录，非明确新纪录事件,A4 排除(建议)-伴随物种记录,高-政策项,新种/分类文献中的伴随物种记录，无新纪录声明（与CBNR排除规则一致）；证据完备者可选保留为occurrence
852,大别瘰螈,Tylototriton dabienicus,,"Youhui SHEN and Jianping JIANG and Xiaoyang MO (2012). A New Species of the Genus Tylototriton (Amphibia, Sala",新种描述文献中的伴随物种记录，非明确新纪录事件,A3 排除-无省份且无坐标,高,无省级归属信息，无法构成省级事件
853,红瘰疣螈,Tylototriton asperrimus,,"Youhui SHEN and Jianping JIANG and Xiaoyang MO (2012). A New Species of the Genus Tylototriton (Amphibia, Sala",新种描述文献中的伴随物种记录，非明确新纪录事件,A3 排除-无省份且无坐标,高,无省级归属信息，无法构成省级事件
854,海南瘰螈,Tylototriton hainanensis,海南,"Youhui SHEN and Jianping JIANG and Xiaoyang MO (2012). A New Species of the Genus Tylototriton (Amphibia, Sala",新种描述文献中的伴随物种记录，非明确新纪录事件,A4 排除(建议)-伴随物种记录,高-政策项,新种/分类文献中的伴随物种记录，无新纪录声明（与CBNR排除规则一致）；证据完备者可选保留为occurrence
855,越南瘰螈,Tylototriton vietnamensis,,"Youhui SHEN and Jianping JIANG and Xiaoyang MO (2012). A New Species of the Genus Tylototriton (Amphibia, Sala",新种描述文献中的伴随物种记录，非明确新纪录事件,A3 排除-无省份且无坐标,高,无省级归属信息，无法构成省级事件
860,细痣瑶螈,Tylototriton asperrimus,广西,Zhi-Tong Lyu and Jian Wang and Zhao-Chi Zeng and Jia-Jun Zhou and Shuo Qi and Han Wan and You-Yu Li and Ying-Y,新种描述文献中的伴随物种记录，非明确新纪录事件,A4 排除(建议)-伴随物种记录,高-政策项,新种/分类文献中的伴随物种记录，无新纪录声明（与CBNR排除规则一致）；证据完备者可选保留为occurrence
861,巴塘树蛙,Rhacophorus batangensis,四川,JIA-TANG LI and JUN LIU and YUE-YING CHEN and JIA-WEI WU and ROBERT W. MURPHY and ER-MI ZHAO and YUE-ZHAO WANG,新种描述文献中的伴随物种记录，非明确新纪录事件,A4 排除(建议)-伴随物种记录,高-政策项,新种/分类文献中的伴随物种记录，无新纪录声明（与CBNR排除规则一致）；证据完备者可选保留为occurrence
862,会理树蛙,Rhacophorus hui,四川,JIA-TANG LI and JUN LIU and YUE-YING CHEN and JIA-WEI WU and ROBERT W. MURPHY and ER-MI ZHAO and YUE-ZHAO WANG,新种描述文献中的伴随物种记录，非明确新纪录事件,A4 排除(建议)-伴随物种记录,高-政策项,新种/分类文献中的伴随物种记录，无新纪录声明（与CBNR排除规则一致）；证据完备者可选保留为occurrence
863,赵居树蛙,Polypedates zhaojuensis,四川,JIA-TANG LI and JUN LIU and YUE-YING CHEN and JIA-WEI WU and ROBERT W. MURPHY and ER-MI ZHAO and YUE-ZHAO WANG,新种描述文献中的伴随物种记录，非明确新纪录事件,A4 排除(建议)-伴随物种记录,高-政策项,新种/分类文献中的伴随物种记录，无新纪录声明（与CBNR排除规则一致）；证据完备者可选保留为occurrence
864,普洱树蛙,Polypedates puerensis,云南,JIA-TANG LI and JUN LIU and YUE-YING CHEN and JIA-WEI WU and ROBERT W. MURPHY and ER-MI ZHAO and YUE-ZHAO WANG,新种描述文献中的伴随物种记录，非明确新纪录事件,A4 排除(建议)-伴随物种记录,高-政策项,新种/分类文献中的伴随物种记录，无新纪录声明（与CBNR排除规则一致）；证据完备者可选保留为occurrence
865,蔡氏疣螈,Tylototriton ziegleri,河江、高平,Zhi-Tong Lyu and Jian Wang and Zhao-Chi Zeng and Jia-Jun Zhou and Shuo Qi and Han Wan and You-Yu Li and Ying-Y,新种描述文献中的伴随物种记录，非明确新纪录事件,C 排除-记录地为国外省区,高,省份为国外行政区
866,,Tylototriton pasmansi,越南,Zhi-Tong Lyu and Jian Wang and Zhao-Chi Zeng and Jia-Jun Zhou and Shuo Qi and Han Wan and You-Yu Li and Ying-Y,新种描述文献中的伴随物种记录，非明确新纪录事件,C 排除-记录地为国外省区,高,省份为国外行政区
867,宽脊瑶螈,Tylototriton broadoridgus,,Zhi-Tong Lyu and Jian Wang and Zhao-Chi Zeng and Jia-Jun Zhou and Shuo Qi and Han Wan and You-Yu Li and Ying-Y,新种描述文献中的伴随物种记录，非明确新纪录事件,A3 排除-无省份且无坐标,高,无省级归属信息，无法构成省级事件
868,海南瑶螈,Tylototriton hainanensis,海南,Zhi-Tong Lyu and Jian Wang and Zhao-Chi Zeng and Jia-Jun Zhou and Shuo Qi and Han Wan and You-Yu Li and Ying-Y,新种描述文献中的伴随物种记录，非明确新纪录事件,A4 排除(建议)-伴随物种记录,高-政策项,新种/分类文献中的伴随物种记录，无新纪录声明（与CBNR排除规则一致）；证据完备者可选保留为occurrence
869,文县瑶螈,Tylototriton wenxianensis,甘肃,Zhi-Tong Lyu and Jian Wang and Zhao-Chi Zeng and Jia-Jun Zhou and Shuo Qi and Han Wan and You-Yu Li and Ying-Y,新种描述文献中的伴随物种记录，非明确新纪录事件,A4 排除(建议)-伴随物种记录,高-政策项,新种/分类文献中的伴随物种记录，无新纪录声明（与CBNR排除规则一致）；证据完备者可选保留为occurrence
870,黑斑瘰螈,Tylototriton asperrimus,广西,Zhi-Tong Lyu and Jian Wang and Zhao-Chi Zeng and Jia-Jun Zhou and Shuo Qi and Han Wan and You-Yu Li and Ying-Y,新种描述文献中的伴随物种记录，非明确新纪录事件,A4 排除(建议)-伴随物种记录,高-政策项,新种/分类文献中的伴随物种记录，无新纪录声明（与CBNR排除规则一致）；证据完备者可选保留为occurrence
871,蔡氏疣螈,Tylototriton ziegleri,河江、高平,Zhi-Tong Lyu and Jian Wang and Zhao-Chi Zeng and Jia-Jun Zhou and Shuo Qi and Han Wan and You-Yu Li and Ying-Y,新种描述文献中的伴随物种记录，非明确新纪录事件,C 排除-记录地为国外省区,高,省份为国外行政区
872,,Tylototriton pasmansi,越南,Zhi-Tong Lyu and Jian Wang and Zhao-Chi Zeng and Jia-Jun Zhou and Shuo Qi and Han Wan and You-Yu Li and Ying-Y,新种描述文献中的伴随物种记录，非明确新纪录事件,C 排除-记录地为国外省区,高,省份为国外行政区
873,宽脊瑶螈,Tylototriton broadoridgus,,Zhi-Tong Lyu and Jian Wang and Zhao-Chi Zeng and Jia-Jun Zhou and Shuo Qi and Han Wan and You-Yu Li and Ying-Y,新种描述文献中的伴随物种记录，非明确新纪录事件,A3 排除-无省份且无坐标,高,无省级归属信息，无法构成省级事件
874,海南瘰螈,Tylototriton hainanensis,海南,Zhi-Tong Lyu and Jian Wang and Zhao-Chi Zeng and Jia-Jun Zhou and Shuo Qi and Han Wan and You-Yu Li and Ying-Y,新种描述文献中的伴随物种记录，非明确新纪录事件,A4 排除(建议)-伴随物种记录,高-政策项,新种/分类文献中的伴随物种记录，无新纪录声明（与CBNR排除规则一致）；证据完备者可选保留为occurrence
876,细趾纤树蛙,Gracixalus gracilipes,广东、广西、云南,"JIAN WANG & ZHAO-CHI ZENG, ZHI-TONG LYU, ZU-YAO LIU & YING-YONG WANG (2018). Description of a new species of G",新种描述文献中的伴随物种记录，非明确新纪录事件,A4 排除(建议)-伴随物种记录,高-政策项,新种/分类文献中的伴随物种记录，无新纪录声明（与CBNR排除规则一致）；证据完备者可选保留为occurrence
877,文县瑶螈,Tylototriton wenxianensis,甘肃,Zhi-Tong Lyu and Jian Wang and Zhao-Chi Zeng and Jia-Jun Zhou and Shuo Qi and Han Wan and You-Yu Li and Ying-Y,新种描述文献中的伴随物种记录，非明确新纪录事件,A4 排除(建议)-伴随物种记录,高-政策项,新种/分类文献中的伴随物种记录，无新纪录声明（与CBNR排除规则一致）；证据完备者可选保留为occurrence
879,黑斑瘰螈,Tylototriton asperrimus,广西,Zhi-Tong Lyu and Jian Wang and Zhao-Chi Zeng and Jia-Jun Zhou and Shuo Qi and Han Wan and You-Yu Li and Ying-Y,新种描述文献中的伴随物种记录，非明确新纪录事件,A4 排除(建议)-伴随物种记录,高-政策项,新种/分类文献中的伴随物种记录，无新纪录声明（与CBNR排除规则一致）；证据完备者可选保留为occurrence
880,蔡氏疣螈,Tylototriton ziegleri,河江、高平,Zhi-Tong Lyu and Jian Wang and Zhao-Chi Zeng and Jia-Jun Zhou and Shuo Qi and Han Wan and You-Yu Li and Ying-Y,新种描述文献中的伴随物种记录，非明确新纪录事件,C 排除-记录地为国外省区,高,省份为国外行政区
881,,Tylototriton pasmansi,越南,Zhi-Tong Lyu and Jian Wang and Zhao-Chi Zeng and Jia-Jun Zhou and Shuo Qi and Han Wan and You-Yu Li and Ying-Y,新种描述文献中的伴随物种记录，非明确新纪录事件,C 排除-记录地为国外省区,高,省份为国外行政区
882,宽脊瑶螈,Tylototriton broadoridgus,,Zhi-Tong Lyu and Jian Wang and Zhao-Chi Zeng and Jia-Jun Zhou and Shuo Qi and Han Wan and You-Yu Li and Ying-Y,新种描述文献中的伴随物种记录，非明确新纪录事件,A3 排除-无省份且无坐标,高,无省级归属信息，无法构成省级事件
884,海南瘰螈,Tylototriton hainanensis,海南,Zhi-Tong Lyu and Jian Wang and Zhao-Chi Zeng and Jia-Jun Zhou and Shuo Qi and Han Wan and You-Yu Li and Ying-Y,新种描述文献中的伴随物种记录，非明确新纪录事件,A4 排除(建议)-伴随物种记录,高-政策项,新种/分类文献中的伴随物种记录，无新纪录声明（与CBNR排除规则一致）；证据完备者可选保留为occurrence
885,文县瑶螈,Tylototriton wenxianensis,甘肃,Zhi-Tong Lyu and Jian Wang and Zhao-Chi Zeng and Jia-Jun Zhou and Shuo Qi and Han Wan and You-Yu Li and Ying-Y,新种描述文献中的伴随物种记录，非明确新纪录事件,A4 排除(建议)-伴随物种记录,高-政策项,新种/分类文献中的伴随物种记录，无新纪录声明（与CBNR排除规则一致）；证据完备者可选保留为occurrence
888,文县瘰螈,Tylototriton wenxianensis,甘肃,Daode YANG and Jianping JIANG and Youhui SHEN and Dongbo FEI (2014). A New Species of the Genus Tylototriton (,新种描述文献中的伴随物种记录，非明确新纪录事件,A4 排除(建议)-伴随物种记录,高-政策项,新种/分类文献中的伴随物种记录，无新纪录声明（与CBNR排除规则一致）；证据完备者可选保留为occurrence
889,宽脊瘰螈,Tylototriton broadoridgus,,Daode YANG and Jianping JIANG and Youhui SHEN and Dongbo FEI (2014). A New Species of the Genus Tylototriton (,新种描述文献中的伴随物种记录，非明确新纪录事件,A3 排除-无省份且无坐标,高,无省级归属信息，无法构成省级事件
890,黑斑瘰螈,Tylototriton asperrimus,广西,Daode YANG and Jianping JIANG and Youhui SHEN and Dongbo FEI (2014). A New Species of the Genus Tylototriton (,新种描述文献中的伴随物种记录，非明确新纪录事件,A4 排除(建议)-伴随物种记录,高-政策项,新种/分类文献中的伴随物种记录，无新纪录声明（与CBNR排除规则一致）；证据完备者可选保留为occurrence
891,大别瘰螈,Tylototriton dabienicus,,Daode YANG and Jianping JIANG and Youhui SHEN and Dongbo FEI (2014). A New Species of the Genus Tylototriton (,新种描述文献中的伴随物种记录，非明确新纪录事件,A3 排除-无省份且无坐标,高,无省级归属信息，无法构成省级事件
892,海南瘰螈,Tylototriton hainanensis,,Daode YANG and Jianping JIANG and Youhui SHEN and Dongbo FEI (2014). A New Species of the Genus Tylototriton (,新种描述文献中的伴随物种记录，非明确新纪录事件,A3 排除-无省份且无坐标,高,无省级归属信息，无法构成省级事件
897,台湾钝头蛇,Pareas formosensis,,Li Ding、Zening Chen、Chatmongkon Suwannapoom、Tan Van Nguyen、Nikolay A. Poyarkov & Gernot Vogel (2020). A NEW SP,新种描述文献中的伴随物种记录，非明确新纪录事件,B7 坐标在境内可反推省份,中,无省份但坐标在境内；反推省份后按其文献类型处理（多为伴随→排除）
899,安氏钝头蛇,Pareas andersonii,,Li Ding、Zening Chen、Chatmongkon Suwannapoom、Tan Van Nguyen、Nikolay A. Poyarkov & Gernot Vogel (2020). A NEW SP,新种描述文献中的伴随物种记录，非明确新纪录事件,A3 排除-无省份且无坐标,高,无省级归属信息，无法构成省级事件
900,泰雅钝头蛇,Pareas atayal,,Li Ding、Zening Chen、Chatmongkon Suwannapoom、Tan Van Nguyen、Nikolay A. Poyarkov & Gernot Vogel (2020). A NEW SP,新种描述文献中的伴随物种记录，非明确新纪录事件,A3 排除-无省份且无坐标,高,无省级归属信息，无法构成省级事件
903,桑植林蛙,Rana sangzhiensis,,Han Wan and Zhi-Tong Lyu and Shuo Qi and Jian Zhao and Pi-Peng Li and Ying-Yong Wang (2020). A new species of ,新种描述文献中的伴随物种记录，非明确新纪录事件,A3 排除-无省份且无坐标,高,无省级归属信息，无法构成省级事件
905,北仑小姬蛙,Microhyla beilunensis,浙江,SHIZE LI and MEIHUA ZHANG and NING XU and JINGCAI LV and JIANPING JIANG and JING LIU and GANG WEI & BIN WANG (,新种描述文献中的伴随物种记录，非明确新纪录事件,A4 排除(建议)-伴随物种记录,高-政策项,新种/分类文献中的伴随物种记录，无新纪录声明（与CBNR排除规则一致）；证据完备者可选保留为occurrence
906,饰纹小姬蛙,Microhyla mixtura,四川,SHIZE LI and MEIHUA ZHANG and NING XU and JINGCAI LV and JIANPING JIANG and JING LIU and GANG WEI & BIN WANG (,新种描述文献中的伴随物种记录，非明确新纪录事件,A4 排除(建议)-伴随物种记录,高-政策项,新种/分类文献中的伴随物种记录，无新纪录声明（与CBNR排除规则一致）；证据完备者可选保留为occurrence
907,,Microhyla okinavensis,,SHIZE LI and MEIHUA ZHANG and NING XU and JINGCAI LV and JIANPING JIANG and JING LIU and GANG WEI & BIN WANG (,新种描述文献中的伴随物种记录，非明确新纪录事件,A3 排除-无省份且无坐标,高,无省级归属信息，无法构成省级事件
909,挂墩角蟾,Megophrys kuatunensis,,Xiaoyang MO and Youhui SHEN and Honghui LI and Xiushan WU (2010). A new species of Megophrys (Amphibia: Anura:,新种描述文献中的伴随物种记录，非明确新纪录事件,A3 排除-无省份且无坐标,高,无省级归属信息，无法构成省级事件
910,小角蟾,Megophrys minor,,Xiaoyang MO and Youhui SHEN and Honghui LI and Xiushan WU (2010). A new species of Megophrys (Amphibia: Anura:,新种描述文献中的伴随物种记录，非明确新纪录事件,A3 排除-无省份且无坐标,高,无省级归属信息，无法构成省级事件
912,明全蛙,Rana zhengi,,Han Wan and Zhi-Tong Lyu and Shuo Qi and Jian Zhao and Pi-Peng Li and Ying-Yong Wang (2020). A new species of ,新种描述文献中的伴随物种记录，非明确新纪录事件,A3 排除-无省份且无坐标,高,无省级归属信息，无法构成省级事件
914,桑植林蛙,Rana sangzhiensis,,Han Wan and Zhi-Tong Lyu and Shuo Qi and Jian Zhao and Pi-Peng Li and Ying-Yong Wang (2020). A new species of ,新种描述文献中的伴随物种记录，非明确新纪录事件,A3 排除-无省份且无坐标,高,无省级归属信息，无法构成省级事件
915,明全蛙,Rana zhengi,,Han Wan and Zhi-Tong Lyu and Shuo Qi and Jian Zhao and Pi-Peng Li and Ying-Yong Wang (2020). A new species of ,新种描述文献中的伴随物种记录，非明确新纪录事件,A3 排除-无省份且无坐标,高,无省级归属信息，无法构成省级事件
916,桑植林蛙,Rana sangzhiensis,,Han Wan and Zhi-Tong Lyu and Shuo Qi and Jian Zhao and Pi-Peng Li and Ying-Yong Wang (2020). A new species of ,新种描述文献中的伴随物种记录，非明确新纪录事件,A3 排除-无省份且无坐标,高,无省级归属信息，无法构成省级事件
917,明全蛙,Rana zhengi,,Han Wan and Zhi-Tong Lyu and Shuo Qi and Jian Zhao and Pi-Peng Li and Ying-Yong Wang (2020). A new species of ,新种描述文献中的伴随物种记录，非明确新纪录事件,A3 排除-无省份且无坐标,高,无省级归属信息，无法构成省级事件
922,田野林蛙,Rana arvalis,下萨克森,Han Wan and Zhi-Tong Lyu and Shuo Qi and Jian Zhao and Pi-Peng Li and Ying-Yong Wang (2020). A new species of ,新种描述文献中的伴随物种记录，非明确新纪录事件,C 排除-记录地为国外省区,高,省份为国外行政区
923,布氏齿蟾,Scutiger boulengeri,西藏,Jian-Huan Yang and Xiang-Yuan Huang (2017). A New Species of Scutiger (Anura: Megophryidae) from the Gaoligong,新种描述文献中的伴随物种记录，非明确新纪录事件,A4 排除(建议)-伴随物种记录,高-政策项,新种/分类文献中的伴随物种记录，无新纪录声明（与CBNR排除规则一致）；证据完备者可选保留为occurrence
924,陈氏齿蟾,Scutiger chintingensis,,Jian-Huan Yang and Xiang-Yuan Huang (2017). A New Species of Scutiger (Anura: Megophryidae) from the Gaoligong,新种描述文献中的伴随物种记录，非明确新纪录事件,A3 排除-无省份且无坐标,高,无省级归属信息，无法构成省级事件
925,锡金齿蟾,Scutiger sikimmensis,,Jian-Huan Yang and Xiang-Yuan Huang (2017). A New Species of Scutiger (Anura: Megophryidae) from the Gaoligong,新种描述文献中的伴随物种记录，非明确新纪录事件,A3 排除-无省份且无坐标,高,无省级归属信息，无法构成省级事件
926,中亚林蛙,Rana asiatica,新疆,Han Wan and Zhi-Tong Lyu and Shuo Qi and Jian Zhao and Pi-Peng Li and Ying-Yong Wang (2020). A new species of ,新种描述文献中的伴随物种记录，非明确新纪录事件,A4 排除(建议)-伴随物种记录,高-政策项,新种/分类文献中的伴随物种记录，无新纪录声明（与CBNR排除规则一致）；证据完备者可选保留为occurrence
927,吴氏齿蟾,Scutiger wuguanfui,西藏,Jian-Huan Yang and Xiang-Yuan Huang (2017). A New Species of Scutiger (Anura: Megophryidae) from the Gaoligong,新种描述文献中的伴随物种记录，非明确新纪录事件,A4 排除(建议)-伴随物种记录,高-政策项,新种/分类文献中的伴随物种记录，无新纪录声明（与CBNR排除规则一致）；证据完备者可选保留为occurrence
928,西方齿蟾,Scutiger occidentalis,,Jian-Huan Yang and Xiang-Yuan Huang (2017). A New Species of Scutiger (Anura: Megophryidae) from the Gaoligong,新种描述文献中的伴随物种记录，非明确新纪录事件,A3 排除-无省份且无坐标,高,无省级归属信息，无法构成省级事件
929,大掌突蟾,Oreolalax major,四川,Jian-Huan Yang and Xiang-Yuan Huang (2017). A New Species of Scutiger (Anura: Megophryidae) from the Gaoligong,新种描述文献中的伴随物种记录，非明确新纪录事件,A4 排除(建议)-伴随物种记录,高-政策项,新种/分类文献中的伴随物种记录，无新纪录声明（与CBNR排除规则一致）；证据完备者可选保留为occurrence
930,秉志泛树蛙,Leptobrachium boringii,四川,Jian-Huan Yang and Xiang-Yuan Huang (2017). A New Species of Scutiger (Anura: Megophryidae) from the Gaoligong,新种描述文献中的伴随物种记录，非明确新纪录事件,A4 排除(建议)-伴随物种记录,高-政策项,新种/分类文献中的伴随物种记录，无新纪录声明（与CBNR排除规则一致）；证据完备者可选保留为occurrence
933,高原林蛙,Rana kukunoris,,Han Wan and Zhi-Tong Lyu and Shuo Qi and Jian Zhao and Pi-Peng Li and Ying-Yong Wang (2020). A new species of ,新种描述文献中的伴随物种记录，非明确新纪录事件,A3 排除-无省份且无坐标,高,无省级归属信息，无法构成省级事件
934,镇海林蛙,Rana zhenhaiensis,江西,Han Wan and Zhi-Tong Lyu and Shuo Qi and Jian Zhao and Pi-Peng Li and Ying-Yong Wang (2020). A new species of ,新种描述文献中的伴随物种记录，非明确新纪录事件,A4 排除(建议)-伴随物种记录,高-政策项,新种/分类文献中的伴随物种记录，无新纪录声明（与CBNR排除规则一致）；证据完备者可选保留为occurrence
937,黑疣螈,Tylototriton asperrimus,广西、和平,"Kanto Nishikawa, Masafumi Matsui, and Tao Thien Nguyen (2013). A New Species of Tylototriton from Northern Vie",新种描述文献中的伴随物种记录，非明确新纪录事件,A4 排除(建议)-伴随物种记录,高-政策项,新种/分类文献中的伴随物种记录，无新纪录声明（与CBNR排除规则一致）；证据完备者可选保留为occurrence
938,宽脊疣螈,Tylototriton broadoridgus,湖南,"Kanto Nishikawa, Masafumi Matsui, and Tao Thien Nguyen (2013). A New Species of Tylototriton from Northern Vie",新种描述文献中的伴随物种记录，非明确新纪录事件,A4 排除(建议)-伴随物种记录,高-政策项,新种/分类文献中的伴随物种记录，无新纪录声明（与CBNR排除规则一致）；证据完备者可选保留为occurrence
939,海南疣螈,Tylototriton hainanensis,,"Kanto Nishikawa, Masafumi Matsui, and Tao Thien Nguyen (2013). A New Species of Tylototriton from Northern Vie",新种描述文献中的伴随物种记录，非明确新纪录事件,A3 排除-无省份且无坐标,高,无省级归属信息，无法构成省级事件
940,丽真长疣螈,Tylototriton lizhengchangi,,"Kanto Nishikawa, Masafumi Matsui, and Tao Thien Nguyen (2013). A New Species of Tylototriton from Northern Vie",新种描述文献中的伴随物种记录，非明确新纪录事件,A3 排除-无省份且无坐标,高,无省级归属信息，无法构成省级事件
941,南方疣螈,Tylototriton notialis,,"Kanto Nishikawa, Masafumi Matsui, and Tao Thien Nguyen (2013). A New Species of Tylototriton from Northern Vie",新种描述文献中的伴随物种记录，非明确新纪录事件,A3 排除-无省份且无坐标,高,无省级归属信息，无法构成省级事件
942,越南瘰螈,Tylototriton vietnamensis,,KANTO NISHIKAWA and MASAFUMI MATSUI and TAO THIEN NGUYEN (2013). A New Species of Tylototriton from Northern V,新种描述文献中的伴随物种记录，非明确新纪录事件,A3 排除-无省份且无坐标,高,无省级归属信息，无法构成省级事件
943,文县疣螈,Tylototriton wenxianensis,,"Kanto Nishikawa, Masafumi Matsui, and Tao Thien Nguyen (2013). A New Species of Tylototriton from Northern Vie",新种描述文献中的伴随物种记录，非明确新纪录事件,A3 排除-无省份且无坐标,高,无省级归属信息，无法构成省级事件
944,海南瘰螈,Tylototriton hainanensis,,KANTO NISHIKAWA and MASAFUMI MATSUI and TAO THIEN NGUYEN (2013). A New Species of Tylototriton from Northern V,新种描述文献中的伴随物种记录，非明确新纪录事件,A3 排除-无省份且无坐标,高,无省级归属信息，无法构成省级事件
945,宽脊瘰螈,Tylototriton broadoridgus,湖南,KANTO NISHIKAWA and MASAFUMI MATSUI and TAO THIEN NGUYEN (2013). A New Species of Tylototriton from Northern V,新种描述文献中的伴随物种记录，非明确新纪录事件,A4 排除(建议)-伴随物种记录,高-政策项,新种/分类文献中的伴随物种记录，无新纪录声明（与CBNR排除规则一致）；证据完备者可选保留为occurrence
947,越南疣螈,Tylototriton vietnamensis,,"Kanto Nishikawa, Masafumi Matsui, and Tao Thien Nguyen (2013). A New Species of Tylototriton from Northern Vie",新种描述文献中的伴随物种记录，非明确新纪录事件,A3 排除-无省份且无坐标,高,无省级归属信息，无法构成省级事件
953,横斑钝头蛇,Pareas macularius,,Ping Wang and Jing Che and Qin Liu and Ke Li and Jie Qiong Jin and Ke Jiang and Lei Shi and Peng Guo (2020). A,记录类型无法判定（原表未标注且引用无线索）,B7 坐标在境内可反推省份,中,无省份但坐标在境内；反推省份后按其文献类型处理（多为伴随→排除）
958,横斑钝头蛇,Pareas macularius,,Ping Wang and Jing Che and Qin Liu and Ke Li and Jie Qiong Jin and Ke Jiang and Lei Shi and Peng Guo (2020). A,记录类型无法判定（原表未标注且引用无线索）,B7 坐标在境内可反推省份,中,无省份但坐标在境内；反推省份后按其文献类型处理（多为伴随→排除）
961,八万岭弓背守宫,Goniurosaurus bawanglingensis,海南,XIAO-YU ZHU and GUANG-YU CHEN and CRISTIAN ROMÁN-PALACIOS and ZHENG LI and ZHU-QING HE (2020). Goniurosaurus g,新种描述文献中的伴随物种记录，非明确新纪录事件,A4 排除(建议)-伴随物种记录,高-政策项,新种/分类文献中的伴随物种记录，无新纪录声明（与CBNR排除规则一致）；证据完备者可选保留为occurrence
962,蜘蛛弓背守宫,Goniurosaurus araneus,,XIAO-YU ZHU and GUANG-YU CHEN and CRISTIAN ROMÁN-PALACIOS and ZHENG LI and ZHU-QING HE (2020). Goniurosaurus g,新种描述文献中的伴随物种记录，非明确新纪录事件,A3 排除-无省份且无坐标,高,无省级归属信息，无法构成省级事件
963,卡巴岛弓背守宫,Goniurosaurus catbaensis,,XIAO-YU ZHU and GUANG-YU CHEN and CRISTIAN ROMÁN-PALACIOS and ZHENG LI and ZHU-QING HE (2020). Goniurosaurus g,新种描述文献中的伴随物种记录，非明确新纪录事件,A3 排除-无省份且无坐标,高,无省级归属信息，无法构成省级事件
964,广西弓背守宫,Goniurosaurus kwangsiensis,,XIAO-YU ZHU and GUANG-YU CHEN and CRISTIAN ROMÁN-PALACIOS and ZHENG LI and ZHU-QING HE (2020). Goniurosaurus g,新种描述文献中的伴随物种记录，非明确新纪录事件,A3 排除-无省份且无坐标,高,无省级归属信息，无法构成省级事件
965,荔波弓背守宫,Goniurosaurus liboensis,,XIAO-YU ZHU and GUANG-YU CHEN and CRISTIAN ROMÁN-PALACIOS and ZHENG LI and ZHU-QING HE (2020). Goniurosaurus g,新种描述文献中的伴随物种记录，非明确新纪录事件,A3 排除-无省份且无坐标,高,无省级归属信息，无法构成省级事件
966,莫氏锦蛇,Elaphe moellendorffi,广西,XIAO-YU ZHU and GUANG-YU CHEN and CRISTIAN ROMÁN-PALACIOS and ZHENG LI and ZHU-QING HE (2020). Goniurosaurus g,新种描述文献中的伴随物种记录，非明确新纪录事件,A4 排除(建议)-伴随物种记录,高-政策项,新种/分类文献中的伴随物种记录，无新纪录声明（与CBNR排除规则一致）；证据完备者可选保留为occurrence
978,,Hebius venningi,,"Patrick David, Gernot Vogel, Truong Quang Nguyen, Nikolai L. Orlov, Olivier S. G. Pauwels, Alexandre Teynié & ",新种描述文献中的伴随物种记录，非明确新纪录事件,A3 排除-无省份且无坐标,高,无省级归属信息，无法构成省级事件
979,,Hebius annamensis,,"Patrick David, Gernot Vogel, Truong Quang Nguyen, Nikolai L. Orlov, Olivier S. G. Pauwels, Alexandre Teynié & ",新种描述文献中的伴随物种记录，非明确新纪录事件,A3 排除-无省份且无坐标,高,无省级归属信息，无法构成省级事件
980,沙坝腹链蛇,Hebius chapaensis,,"Patrick David, Gernot Vogel, Truong Quang Nguyen, Nikolai L. Orlov, Olivier S. G. Pauwels, Alexandre Teynié & ",新种描述文献中的伴随物种记录，非明确新纪录事件,A3 排除-无省份且无坐标,高,无省级归属信息，无法构成省级事件
981,黑腹腹链蛇,Hebius nigriventer,,"Patrick David, Gernot Vogel, Truong Quang Nguyen, Nikolai L. Orlov, Olivier S. G. Pauwels, Alexandre Teynié & ",新种描述文献中的伴随物种记录，非明确新纪录事件,A3 排除-无省份且无坐标,高,无省级归属信息，无法构成省级事件
982,,Hebius taronensis,,"Patrick David, Gernot Vogel, Truong Quang Nguyen, Nikolai L. Orlov, Olivier S. G. Pauwels, Alexandre Teynié & ",新种描述文献中的伴随物种记录，非明确新纪录事件,A3 排除-无省份且无坐标,高,无省级归属信息，无法构成省级事件
983,腹斑腹链蛇,Hebius modestus,,"Patrick David, Gernot Vogel, Truong Quang Nguyen, Nikolai L. Orlov, Olivier S. G. Pauwels, Alexandre Teynié & ",新种描述文献中的伴随物种记录，非明确新纪录事件,A3 排除-无省份且无坐标,高,无省级归属信息，无法构成省级事件
984,,Hebius deschauenseei,,"Patrick David, Gernot Vogel, Truong Quang Nguyen, Nikolai L. Orlov, Olivier S. G. Pauwels, Alexandre Teynié & ",新种描述文献中的伴随物种记录，非明确新纪录事件,A3 排除-无省份且无坐标,高,无省级归属信息，无法构成省级事件
987,若尔盖锦蛇,Elaphe zoigeensis,,Shuo Qi and Jing-Song Shi and Yan-Bo Ma and Yi-Fei Gao and Shu-Hai Bu and L. Lee Grismer and Pi-Peng Li and Yi,新种描述文献中的伴随物种记录，非明确新纪录事件,A3 排除-无省份且无坐标,高,无省级归属信息，无法构成省级事件
1006,欧洲石龙子,Podarcis muralis,,Javier Ábalos Álvarez and Enrique Font Bisier and Guillem Pérez i de Lanuza (2021). The functional significanc,记录类型无法判定（原表未标注且引用无线索）,待人工复核-未能在线定性,需人工,文献类型未能在线确认，建议查网盘原文（新纪录报道→事件表；调查/分类文→排除）
1007,侧斑鬣蜥,Uta stansburiana,,Javier Ábalos Álvarez and Enrique Font Bisier and Guillem Pérez i de Lanuza (2021). The functional significanc,记录类型无法判定（原表未标注且引用无线索）,A3 排除-无省份且无坐标,高,无省级归属信息，无法构成省级事件
1008,谦逊棘蜥,Ctenophorus modestus,,Javier Ábalos Álvarez and Enrique Font Bisier and Guillem Pérez i de Lanuza (2021). The functional significanc,记录类型无法判定（原表未标注且引用无线索）,A3 排除-无省份且无坐标,高,无省级归属信息，无法构成省级事件
1010,白头钩盲蛇,Ramphotyphlops albiceps,,"V. WALLACH and OLIVIER S. G. PAUWELS (2004). TYPHLOPS LAZELLI, A NEW SPECIES OF CHINESE BLINDSNAKE FROM HONG K",新种描述文献中的伴随物种记录，非明确新纪录事件,A3 排除-无省份且无坐标,高,无省级归属信息，无法构成省级事件
1017,白颊费氏树蛙,Feihyla palpebralis,林同,"费梁、叶昌媛、江建平 (2010). 中国云南树蛙科一新种(两栖纲,无尾目) 动物分类学报, 35(2), 413-417",新种描述文献中的伴随物种记录，非明确新纪录事件,C 排除-记录地为国外省区,高,省份为国外行政区
1021,尾突角蟾,Megophrys caudoprocta,,"江建平、叶昌媛、费梁 (2008). 中国湖南角蟾科一新种——桑植角蟾 动物学研究, 29(2), 219-222",新种描述文献中的伴随物种记录，非明确新纪录事件,A3 排除-无省份且无坐标,高,无省级归属信息，无法构成省级事件
1022,棘指角蟾,Megophrys spinata,,"江建平、叶昌媛、费梁 (2008). 中国湖南角蟾科一新种——桑植角蟾 动物学研究, 29(2), 219-222",新种描述文献中的伴随物种记录，非明确新纪录事件,A3 排除-无省份且无坐标,高,无省级归属信息，无法构成省级事件
1032,脆皮大头蛙,Limnonectes fragilis,海南,"叶昌媛、费梁、谢锋、江建平 (2007). 中国蛙科一新种——版纳大头蛙 (两栖纲:无尾目) 动物学研究, 28(5), 545-550",新种描述文献中的伴随物种记录，非明确新纪录事件,A4 排除(建议)-伴随物种记录,高-政策项,新种/分类文献中的伴随物种记录，无新纪录声明（与CBNR排除规则一致）；证据完备者可选保留为occurrence
1033,福建大头蛙,Limnonectes fujianensis,福建,"叶昌媛、费梁、谢锋、江建平 (2007). 中国蛙科一新种——版纳大头蛙 (两栖纲:无尾目) 动物学研究, 28(5), 545-550",新种描述文献中的伴随物种记录，非明确新纪录事件,A4 排除(建议)-伴随物种记录,高-政策项,新种/分类文献中的伴随物种记录，无新纪录声明（与CBNR排除规则一致）；证据完备者可选保留为occurrence
1048,苔斑臭蛙,Odorrana concelata,,Han-Ming Song and Shuo Qi and Hao-Tian Wang and Yue-Ning Gong and Yang Liu and Ying-Yong Wang (2025). Definiti,新种描述文献中的伴随物种记录，非明确新纪录事件,A3 排除-无省份且无坐标,高,无省级归属信息，无法构成省级事件
1049,荔波臭蛙,Odorrana liboensis,广西,Han-Ming Song and Shuo Qi and Hao-Tian Wang and Yue-Ning Gong and Yang Liu and Ying-Yong Wang (2025). Definiti,新种描述文献中的伴随物种记录，非明确新纪录事件,A1/B1 排除-同种同省已收录(再记录),高,同种同省组合已由更早/已收录文献建立，本行为再记录
1055,弄岗纤树蛙,Gracixalus nonggangensis,广西,"JIAN WANG & ZHAO-CHI ZENG, ZHI-TONG LYU, ZU-YAO LIU & YING-YONG WANG (2018). Description of a new species of G",新种描述文献中的伴随物种记录，非明确新纪录事件,A4 排除(建议)-伴随物种记录,高-政策项,新种/分类文献中的伴随物种记录，无新纪录声明（与CBNR排除规则一致）；证据完备者可选保留为occurrence
1056,金秀纤树蛙,Gracixalus jinxiuensis,湖南,"JIAN WANG & ZHAO-CHI ZENG, ZHI-TONG LYU, ZU-YAO LIU & YING-YONG WANG (2018). Description of a new species of G",新种描述文献中的伴随物种记录，非明确新纪录事件,A4 排除(建议)-伴随物种记录,高-政策项,新种/分类文献中的伴随物种记录，无新纪录声明（与CBNR排除规则一致）；证据完备者可选保留为occurrence
1057,,Gracixalus waza,,"JIAN WANG & ZHAO-CHI ZENG, ZHI-TONG LYU, ZU-YAO LIU & YING-YONG WANG (2018). Description of a new species of G",新种描述文献中的伴随物种记录，非明确新纪录事件,A3 排除-无省份且无坐标,高,无省级归属信息，无法构成省级事件
1058,浦活纤树蛙,Gracixalus quangi,,"JIAN WANG & ZHAO-CHI ZENG, ZHI-TONG LYU, ZU-YAO LIU & YING-YONG WANG (2018). Description of a new species of G",新种描述文献中的伴随物种记录，非明确新纪录事件,A3 排除-无省份且无坐标,高,无省级归属信息，无法构成省级事件
1059,,Gracixalus carinensis,,"JIAN WANG & ZHAO-CHI ZENG, ZHI-TONG LYU, ZU-YAO LIU & YING-YONG WANG (2018). Description of a new species of G",新种描述文献中的伴随物种记录，非明确新纪录事件,A3 排除-无省份且无坐标,高,无省级归属信息，无法构成省级事件
1060,墨脱纤树蛙,Gracixalus medogensis,,"JIAN WANG & ZHAO-CHI ZENG, ZHI-TONG LYU, ZU-YAO LIU & YING-YONG WANG (2018). Description of a new species of G",新种描述文献中的伴随物种记录，非明确新纪录事件,A3 排除-无省份且无坐标,高,无省级归属信息，无法构成省级事件
1063,仙琴蛙,Nidirana daunchina,,Zhi-Tong Lyu and Yun-Ming Mo and Han Wan and Yu-Long Li and Hong Pang and Ying-Yong Wang (2019). Description o,新种描述文献中的伴随物种记录，非明确新纪录事件,B7 坐标在境内可反推省份,中,无省份但坐标在境内；反推省份后按其文献类型处理（多为伴随→排除）
1064,沙巴琴蛙,Nidirana chapaensis,,Zhi-Tong Lyu and Yun-Ming Mo and Han Wan and Yu-Long Li and Hong Pang and Ying-Yong Wang (2019). Description o,新种描述文献中的伴随物种记录，非明确新纪录事件,B7 坐标在境内可反推省份,中,无省份但坐标在境内；反推省份后按其文献类型处理（多为伴随→排除）
1065,南昆山琴蛙,Nidirana nankunensis,,Zhi-Tong Lyu and Yun-Ming Mo and Han Wan and Yu-Long Li and Hong Pang and Ying-Yong Wang (2019). Description o,新种描述文献中的伴随物种记录，非明确新纪录事件,A3 排除-无省份且无坐标,高,无省级归属信息，无法构成省级事件
1066,林琴蛙,Nidirana lini,,Zhi-Tong Lyu and Yun-Ming Mo and Han Wan and Yu-Long Li and Hong Pang and Ying-Yong Wang (2019). Description o,新种描述文献中的伴随物种记录，非明确新纪录事件,B7 坐标在境内可反推省份,中,无省份但坐标在境内；反推省份后按其文献类型处理（多为伴随→排除）
1093,荔波角蟾,Boulenophrys liboensis,贵州,JIAN WANG and ZHAO-CHI ZENG and ZHI-TONG LYU and SHUO QI and ZU-YAO LIU and HONG-HUI CHEN and YU-HONG LU and H,记录类型无法判定（原表未标注且引用无线索）,待人工复核-未能在线定性,需人工,文献类型未能在线确认，建议查网盘原文（新纪录报道→事件表；调查/分类文→排除）
1094,林氏角蟾,Boulenophrys lini,湖南,JIAN WANG and ZHAO-CHI ZENG and ZHI-TONG LYU and SHUO QI and ZU-YAO LIU and HONG-HUI CHEN and YU-HONG LU and H,记录类型无法判定（原表未标注且引用无线索）,待人工复核-未能在线定性,需人工,文献类型未能在线确认，建议查网盘原文（新纪录报道→事件表；调查/分类文→排除）
1095,花斑钝头蛇,Pareas macularius,,Ping Wang and Jing Che and Qin Liu and Ke Li and Jie Qiong Jin and Ke Jiang and Lei Shi and Peng Guo (2020). A,记录类型无法判定（原表未标注且引用无线索）,B7 坐标在境内可反推省份,中,无省份但坐标在境内；反推省份后按其文献类型处理（多为伴随→排除）
1098,荔浦臭蛙,Odorrana lipuensis,,Shi-Shi Lin and Yuan-Hang Li and Hong-Lin Su and Hui Yi and Zhong Pan and Yan-Jun Sun and Zhao-Chi Zeng and Ji,记录类型无法判定（原表未标注且引用无线索）,A3 排除-无省份且无坐标,高,无省级归属信息，无法构成省级事件
1099,荔波臭蛙,Odorrana liboensis,贵州,Shi-Shi Lin and Yuan-Hang Li and Hong-Lin Su and Hui Yi and Zhong Pan and Yan-Jun Sun and Zhao-Chi Zeng and Ji,记录类型无法判定（原表未标注且引用无线索）,待人工复核-未能在线定性,需人工,文献类型未能在线确认，建议查网盘原文（新纪录报道→事件表；调查/分类文→排除）
1100,务川臭蛙,Odorrana wuchuanensis,,Shi-Shi Lin and Yuan-Hang Li and Hong-Lin Su and Hui Yi and Zhong Pan and Yan-Jun Sun and Zhao-Chi Zeng and Ji,记录类型无法判定（原表未标注且引用无线索）,A3 排除-无省份且无坐标,高,无省级归属信息，无法构成省级事件
1101,龙头山臭蛙,Odorrana leporipes,广东,Shi-Shi Lin and Yuan-Hang Li and Hong-Lin Su and Hui Yi and Zhong Pan and Yan-Jun Sun and Zhao-Chi Zeng and Ji,记录类型无法判定（原表未标注且引用无线索）,待人工复核-未能在线定性,需人工,文献类型未能在线确认，建议查网盘原文（新纪录报道→事件表；调查/分类文→排除）
1102,越北臭蛙,Odorrana geminata,,Shi-Shi Lin and Yuan-Hang Li and Hong-Lin Su and Hui Yi and Zhong Pan and Yan-Jun Sun and Zhao-Chi Zeng and Ji,记录类型无法判定（原表未标注且引用无线索）,A3 排除-无省份且无坐标,高,无省级归属信息，无法构成省级事件
1103,光雾臭蛙,Odorrana kuangwuensis,,Shi-Shi Lin and Yuan-Hang Li and Hong-Lin Su and Hui Yi and Zhong Pan and Yan-Jun Sun and Zhao-Chi Zeng and Ji,记录类型无法判定（原表未标注且引用无线索）,A3 排除-无省份且无坐标,高,无省级归属信息，无法构成省级事件
1104,,Odorrana sinica,,Shi-Shi Lin and Yuan-Hang Li and Hong-Lin Su and Hui Yi and Zhong Pan and Yan-Jun Sun and Zhao-Chi Zeng and Ji,记录类型无法判定（原表未标注且引用无线索）,A3 排除-无省份且无坐标,高,无省级归属信息，无法构成省级事件
1106,金江壁虎,Gekko jinjiangensis,,Shun Ma and Sheng-Chao Shi and Cheng Shen and Li-Ming Chang and Jian-Ping Jiang (2024). Discovery of a new spe,新种描述文献中的伴随物种记录，非明确新纪录事件,A3 排除-无省份且无坐标,高,无省级归属信息，无法构成省级事件
1107,金江壁虎,Gekko jinjiangensis,,"Shun Ma, Sheng-Chao Shi, Cheng Shen, Li-Ming Chang, and Jian-Ping Jiang (2024). Discovery of a new species of ",新种描述文献中的伴随物种记录，非明确新纪录事件,A3 排除-无省份且无坐标,高,无省级归属信息，无法构成省级事件
1118,腺皱琴蛙,Nidirana adenopleura,福建,Zhi-Tong Lyu and Ke-Yuan Dai and Yao Li and Han Wan and Zhe-Yi Liu and Shuo Qi and Si-Min Lin and Jian Wang an,记录类型无法判定（原表未标注且引用无线索）,待人工复核-未能在线定性,需人工,文献类型未能在线确认，建议查网盘原文（新纪录报道→事件表；调查/分类文→排除）
1121,赵龙睑虎,Goniurosaurus zhelongi,广东,Shuo Qi and Jian Wang and L. Lee Grismer and Hong-Hui Chen and Zhi-Tong Lyu and Ying-Yong Wang (2020). The Sto,新种描述文献中的伴随物种记录，非明确新纪录事件,A4 排除(建议)-伴随物种记录,高-政策项,新种/分类文献中的伴随物种记录，无新纪录声明（与CBNR排除规则一致）；证据完备者可选保留为occurrence
1122,变异睑虎,Goniurosaurus varius,,Shuo Qi and Jian Wang and L. Lee Grismer and Hong-Hui Chen and Zhi-Tong Lyu and Ying-Yong Wang (2020). The Sto,新种描述文献中的伴随物种记录，非明确新纪录事件,A3 排除-无省份且无坐标,高,无省级归属信息，无法构成省级事件
1137,腺棘琴蛙,Nidirana adenopleura,台湾、福建、浙江、江西,Zhi-Tong Lyu and Ke-Yuan Dai and Yao Li and Han Wan and Zhe-Yi Liu and Shuo Qi and Si-Min Lin and Jian Wang an,记录类型无法判定（原表未标注且引用无线索）,待人工复核-未能在线定性,需人工,文献类型未能在线确认，建议查网盘原文（新纪录报道→事件表；调查/分类文→排除）
1145,腺耳琴蛙,Nidirana adenopleura,台湾、福建、浙江、江西,Zhi-Tong Lyu and Ke-Yuan Dai and Yao Li and Han Wan and Zhe-Yi Liu and Shuo Qi and Si-Min Lin and Jian Wang an,记录类型无法判定（原表未标注且引用无线索）,待人工复核-未能在线定性,需人工,文献类型未能在线确认，建议查网盘原文（新纪录报道→事件表；调查/分类文→排除）
1151,黄氏高原蝮,Gloydius huangi,西藏,Jing-Song Shi and Jin-Cheng Liu and Rohit Giri and John Benjamin Owens and Vishal Santra and Sourish Kuttalam ,新种描述文献中的伴随物种记录，非明确新纪录事件,A4 排除(建议)-伴随物种记录,高-政策项,新种/分类文献中的伴随物种记录，无新纪录声明（与CBNR排除规则一致）；证据完备者可选保留为occurrence
1166,蓝环蛇,Bungarus candidus,,Ze-Ning Chen and Sheng-Chao Shi and Gernot Vogel and Li Ding and Jing-Song Shi (2021). Multiple lines of evide,新种描述文献中的伴随物种记录，非明确新纪录事件,B7 坐标在境内可反推省份,中,无省份但坐标在境内；反推省份后按其文献类型处理（多为伴随→排除）
1173,蒙自后棱蛇,Pareas mengziensis,,"Shuo Liu & Dingqi Rao (2021). A new species of the genus Pareas (Squamata, Pareidae) from Yunnan, China ZooKey",新种描述文献中的伴随物种记录，非明确新纪录事件,A3 排除-无省份且无坐标,高,无省级归属信息，无法构成省级事件
1204,颈槽蛇,Rhabdophis nuchalis,湖南,Qin Liu and Bing Lyu and Xinhong Xie and Yangmei Zeng and Peng Guo (2023). Genomic evidence sheds new light on,记录类型无法判定（原表未标注且引用无线索）,A1/B1 排除-同种同省已收录(再记录),高,同种同省组合已由更早/已收录文献建立，本行为再记录
1205,九龙颈槽蛇,Rhabdophis pentasupralabialis,,Qin Liu and Bing Lyu and Xinhong Xie and Yangmei Zeng and Peng Guo (2023). Genomic evidence sheds new light on,记录类型无法判定（原表未标注且引用无线索）,A3 排除-无省份且无坐标,高,无省级归属信息，无法构成省级事件
1206,中南树蜥,Calotes goetzi,菩萨,"Wagner, Ihlow, Hartmann, Flecks, Schmitz & Böhme (2021). Helminthen bei Calotes goetzi (Squamata: Agamidae) au",记录类型无法判定（原表未标注且引用无线索）,C 排除-记录地为国外省区,高,省份为国外行政区
1207,红蹼树蛙,Rhacophorus rhodopus,,Ping-Shin Lee and Ben Liu and Meng Ouyang and Ren-Da Ai and Xiao-Long Liu and Yan-Hong He and Ping-Qian Huang ,记录类型无法判定（原表未标注且引用无线索）,A2 排除-即新种本种(新种表已收录),高,即该文献描述种，新种表已收录
1209,盈江掌突蟾,Leptobrachella yingjiangensis,云南,Jin-Min Chen and Kai Xu and Nikolay A. Poyarkov and Kai Wang and Zhi-Yong Yuan and Mian Hou and Chatmongkon Su,新种描述文献中的伴随物种记录，非明确新纪录事件,A4 排除(建议)-伴随物种记录,高-政策项,新种/分类文献中的伴随物种记录，无新纪录声明（与CBNR排除规则一致）；证据完备者可选保留为occurrence
1217,盈江掌突蟾,Leptobrachella yingjiangensis,云南,Jin-Min Chen and Kai Xu and Nikolay A. Poyarkov and Kai Wang and Zhi-Yong Yuan and Mian Hou and Chatmongkon Su,新种描述文献中的伴随物种记录，非明确新纪录事件,A4 排除(建议)-伴随物种记录,高-政策项,新种/分类文献中的伴随物种记录，无新纪录声明（与CBNR排除规则一致）；证据完备者可选保留为occurrence
1221,盈江掌突蟾,Leptobrachella yingjiangensis,云南,Jin-Min Chen and Kai Xu and Nikolay A. Poyarkov and Kai Wang and Zhi-Yong Yuan and Mian Hou and Chatmongkon Su,新种描述文献中的伴随物种记录，非明确新纪录事件,A4 排除(建议)-伴随物种记录,高-政策项,新种/分类文献中的伴随物种记录，无新纪录声明（与CBNR排除规则一致）；证据完备者可选保留为occurrence
1228,,Leptobrachella yingjiangensis,云南,Jin-Min Chen and Kai Xu and Nikolay A. Poyarkov and Kai Wang and Zhi-Yong Yuan and Mian Hou and Chatmongkon Su,新种描述文献中的伴随物种记录，非明确新纪录事件,A4 排除(建议)-伴随物种记录,高-政策项,新种/分类文献中的伴随物种记录，无新纪录声明（与CBNR排除规则一致）；证据完备者可选保留为occurrence
1242,,Echinanthera amoena,,Arthur D. Abegg and Alfredo P. Santos Jr. and Henrique C. Costa and Jaqueline Battilana and Roberta Graboski a,记录类型无法判定（原表未标注且引用无线索）,C 排除-坐标在境外,高,坐标位于中国范围外
1245,,Echinanthera cephalostriata,,Arthur D. Abegg and Alfredo P. Santos Jr. and Henrique C. Costa and Jaqueline Battilana and Roberta Graboski a,记录类型无法判定（原表未标注且引用无线索）,A3 排除-无省份且无坐标,高,无省级归属信息，无法构成省级事件
1246,,Sordellina,,Arthur D. Abegg and Alfredo P. Santos Jr. and Henrique C. Costa and Jaqueline Battilana and Roberta Graboski a,记录类型无法判定（原表未标注且引用无线索）,A3 排除-无省份且无坐标,高,无省级归属信息，无法构成省级事件
1249,,Echinanthera amoena,,Arthur D. Abegg and Alfredo P. Santos Jr. and Henrique C. Costa and Jaqueline Battilana and Roberta Graboski a,记录类型无法判定（原表未标注且引用无线索）,A3 排除-无省份且无坐标,高,无省级归属信息，无法构成省级事件
1252,亚东树蛙,Raorchestes yadongensis,西藏,Guocheng Shu and Ke Li and Yayong Wu and Qin Liu and Zhongping He and Ling Li and He Zhang and Peng Guo (2023),新种描述文献中的伴随物种记录，非明确新纪录事件,A4 排除(建议)-伴随物种记录,高-政策项,新种/分类文献中的伴随物种记录，无新纪录声明（与CBNR排除规则一致）；证据完备者可选保留为occurrence
1253,布氏倭蛙,Nanorana blanfordii,西藏,Guocheng Shu and Ke Li and Yayong Wu and Qin Liu and Zhongping He and Ling Li and He Zhang and Peng Guo (2023),新种描述文献中的伴随物种记录，非明确新纪录事件,A4 排除(建议)-伴随物种记录,高-政策项,新种/分类文献中的伴随物种记录，无新纪录声明（与CBNR排除规则一致）；证据完备者可选保留为occurrence
1254,喜马拉雅蟾蜍,Duttaphrynus himalayanus,西藏,Guocheng Shu and Ke Li and Yayong Wu and Qin Liu and Zhongping He and Ling Li and He Zhang and Peng Guo (2023),新种描述文献中的伴随物种记录，非明确新纪录事件,A4 排除(建议)-伴随物种记录,高-政策项,新种/分类文献中的伴随物种记录，无新纪录声明（与CBNR排除规则一致）；证据完备者可选保留为occurrence
1255,利氏倭蛙,Nanorana liebigii,西藏,Guocheng Shu and Ke Li and Yayong Wu and Qin Liu and Zhongping He and Ling Li and He Zhang and Peng Guo (2023),新种描述文献中的伴随物种记录，非明确新纪录事件,A4 排除(建议)-伴随物种记录,高-政策项,新种/分类文献中的伴随物种记录，无新纪录声明（与CBNR排除规则一致）；证据完备者可选保留为occurrence
1257,,Echinanthera cephalostriata,,Arthur D. Abegg and Alfredo P. Santos Jr. and Henrique C. Costa and Jaqueline Battilana and Roberta Graboski a,记录类型无法判定（原表未标注且引用无线索）,A3 排除-无省份且无坐标,高,无省级归属信息，无法构成省级事件
1258,,Sordellina,,Arthur D. Abegg and Alfredo P. Santos Jr. and Henrique C. Costa and Jaqueline Battilana and Roberta Graboski a,记录类型无法判定（原表未标注且引用无线索）,A3 排除-无省份且无坐标,高,无省级归属信息，无法构成省级事件
1259,,Taeniophallus occipitalis,,Arthur D. Abegg and Alfredo P. Santos Jr. and Henrique C. Costa and Jaqueline Battilana and Roberta Graboski a,记录类型无法判定（原表未标注且引用无线索）,A3 排除-无省份且无坐标,高,无省级归属信息，无法构成省级事件
1262,布氏齿突蟾,Scutiger boulengeri,四川、西藏,Sheng-Chao Shi and Lu-Lu Sui and Shun Ma and Fei-Rong Ji and A-Yi Bu-Dian and Jian-Ping Jiang (2023). A new As,记录类型无法判定（原表未标注且引用无线索）,待人工复核-未能在线定性,需人工,文献类型未能在线确认，建议查网盘原文（新纪录报道→事件表；调查/分类文→排除）
1263,,Scutiger ghunsa,塔普勒琼,Sheng-Chao Shi and Lu-Lu Sui and Shun Ma and Fei-Rong Ji and A-Yi Bu-Dian and Jian-Ping Jiang (2023). A new As,记录类型无法判定（原表未标注且引用无线索）,C 排除-记录地为国外省区,高,省份为国外行政区
1264,腺疣齿突蟾,Scutiger glandulatus,,Sheng-Chao Shi and Lu-Lu Sui and Shun Ma and Fei-Rong Ji and A-Yi Bu-Dian and Jian-Ping Jiang (2023). A new As,记录类型无法判定（原表未标注且引用无线索）,A3 排除-无省份且无坐标,高,无省级归属信息，无法构成省级事件
1265,瘤突齿突蟾,Scutiger mammatus,四川,Sheng-Chao Shi and Lu-Lu Sui and Shun Ma and Fei-Rong Ji and A-Yi Bu-Dian and Jian-Ping Jiang (2023). A new As,记录类型无法判定（原表未标注且引用无线索）,待人工复核-未能在线定性,需人工,文献类型未能在线确认，建议查网盘原文（新纪录报道→事件表；调查/分类文→排除）
1266,吴氏齿突蟾,Scutiger wuguanfui,西藏,Sheng-Chao Shi and Lu-Lu Sui and Shun Ma and Fei-Rong Ji and A-Yi Bu-Dian and Jian-Ping Jiang (2023). A new As,记录类型无法判定（原表未标注且引用无线索）,待人工复核-未能在线定性,需人工,文献类型未能在线确认，建议查网盘原文（新纪录报道→事件表；调查/分类文→排除）
1268,,Echinanthera undulata,,Arthur D. Abegg and Alfredo P. Santos Jr. and Henrique C. Costa and Jaqueline Battilana and Roberta Graboski a,记录类型无法判定（原表未标注且引用无线索）,A3 排除-无省份且无坐标,高,无省级归属信息，无法构成省级事件
1269,,Echinanthera melanostigma,,Arthur D. Abegg and Alfredo P. Santos Jr. and Henrique C. Costa and Jaqueline Battilana and Roberta Graboski a,记录类型无法判定（原表未标注且引用无线索）,A3 排除-无省份且无坐标,高,无省级归属信息，无法构成省级事件
1270,,Taeniophallus nicagus,,Arthur D. Abegg and Alfredo P. Santos Jr. and Henrique C. Costa and Jaqueline Battilana and Roberta Graboski a,记录类型无法判定（原表未标注且引用无线索）,A3 排除-无省份且无坐标,高,无省级归属信息，无法构成省级事件
1275,云南半叶趾虎,Hemiphyllodactylus yunnanensis,云南,Hongxin Zhou and Xiuyan Li and Chaoying Yuan and Liangwei Cui and Shuo Liu and Dingqi Rao (2024). Integrative ,新种描述文献中的伴随物种记录，非明确新纪录事件,A4 排除(建议)-伴随物种记录,高-政策项,新种/分类文献中的伴随物种记录，无新纪录声明（与CBNR排除规则一致）；证据完备者可选保留为occurrence
1279,伊比利亚翠蜥,Lacerta schreiberi,,J. Abalos and F. de la Cruz and G. Pérez i de Lanuza & E. Font (2025). Intraspecific variation and detectabili,记录类型无法判定（原表未标注且引用无线索）,A3 排除-无省份且无坐标,高,无省级归属信息，无法构成省级事件
1280,普通石龙子,Podarcis muralis,,J. Abalos and F. de la Cruz and G. Pérez i de Lanuza & E. Font (2025). Intraspecific variation and detectabili,记录类型无法判定（原表未标注且引用无线索）,A3 排除-无省份且无坐标,高,无省级归属信息，无法构成省级事件
1282,隐华螈,Hypselotriton orphicus,广东,Jian Wang and Zhao-Chi Zeng and Tian-Li Wei and Zhi-Tong Lyu (2024). Taxonomic determination of Hypselotriton ,新种描述文献中的伴随物种记录，非明确新纪录事件,A4 排除(建议)-伴随物种记录,高-政策项,新种/分类文献中的伴随物种记录，无新纪录声明（与CBNR排除规则一致）；证据完备者可选保留为occurrence
1283,杰氏树蜥,Calotes jerdoni,梅加拉亚邦,Kai Wang and V. Deepak and Abhijit Das and L. Lee Grismer and Shuo Liu and Jing Che (2024). Systematic revisio,记录类型无法判定（原表未标注且引用无线索）,C 排除-记录地为国外省区,高,省份为国外行政区
1284,玛丽亚树蜥,Calotes maria,梅加拉亚邦,Kai Wang and V. Deepak and Abhijit Das and L. Lee Grismer and Shuo Liu and Jing Che (2024). Systematic revisio,记录类型无法判定（原表未标注且引用无线索）,C 排除-记录地为国外省区,高,省份为国外行政区
1285,墨脱树蜥,Calotes medogensis,西藏,Kai Wang and V. Deepak and Abhijit Das and L. Lee Grismer and Shuo Liu and Jing Che (2024). Systematic revisio,新种描述文献中的伴随物种记录，非明确新纪录事件,A4 排除(建议)-伴随物种记录,高-政策项,新种/分类文献中的伴随物种记录，无新纪录声明（与CBNR排除规则一致）；证据完备者可选保留为occurrence
1287,云南树蜥,Calotes yunnanensis,云南,Kai Wang and V. Deepak and Abhijit Das and L. Lee Grismer and Shuo Liu and Jing Che (2024). Systematic revisio,记录类型无法判定（原表未标注且引用无线索）,待人工复核-未能在线定性,需人工,文献类型未能在线确认，建议查网盘原文（新纪录报道→事件表；调查/分类文→排除）
1292,,Podarcis liolepis,,J. Abalos and F. de la Cruz and G. Pérez i de Lanuza & E. Font (2025). Intraspecific variation and detectabili,记录类型无法判定（原表未标注且引用无线索）,C 排除-坐标在境外,高,坐标位于中国范围外
1293,伊比利亚翠蜥,Lacerta schreiberi,,J. Abalos and F. de la Cruz and G. Pérez i de Lanuza & E. Font (2025). Intraspecific variation and detectabili,记录类型无法判定（原表未标注且引用无线索）,A3 排除-无省份且无坐标,高,无省级归属信息，无法构成省级事件
1295,普通石龙子,Podarcis muralis,,J. Abalos and F. de la Cruz and G. Pérez i de Lanuza & E. Font (2025). Intraspecific variation and detectabili,记录类型无法判定（原表未标注且引用无线索）,A3 排除-无省份且无坐标,高,无省级归属信息，无法构成省级事件
1296,,Podarcis liolepis,,J. Abalos and F. de la Cruz and G. Pérez i de Lanuza & E. Font (2025). Intraspecific variation and detectabili,记录类型无法判定（原表未标注且引用无线索）,C 排除-坐标在境外,高,坐标位于中国范围外
1297,哀鳞趾虎,Lepidodactylus lugubris,,Régis Gomès and Béatrice Ibéné (2013). Lepidodactylus lugubris (Mourning Gecko). Distribution. Caribbean Herpe,记录类型无法判定（原表未标注且引用无线索）,排除-国外记录（瓜德罗普）,高,Gomès & Ibéné 2013 加勒比外来种报道
1299,哀鳞趾虎,Lepidodactylus lugubris,,Régis Gomès and Béatrice Ibéné (2013). Lepidodactylus lugubris (Mourning Gecko). Distribution. Caribbean Herpe,记录类型无法判定（原表未标注且引用无线索）,排除-国外记录（瓜德罗普）,高,Gomès & Ibéné 2013 加勒比外来种报道
1300,上思掌突蟾,Leptobrachella shangsiensis,广西,Wei-Cai Chen and Peng Li and Wan-Xiao Peng and You-Jun Liu and Yong Huang (2023). The fourth species of Leptob,新种描述文献中的伴随物种记录，非明确新纪录事件,A4 排除(建议)-伴随物种记录,高-政策项,新种/分类文献中的伴随物种记录，无新纪录声明（与CBNR排除规则一致）；证据完备者可选保留为occurrence
1301,哀鳞趾虎,Lepidodactylus lugubris,,Régis Gomès and Béatrice Ibéné (2013). Lepidodactylus lugubris (Mourning Gecko). Distribution. Caribbean Herpe,记录类型无法判定（原表未标注且引用无线索）,排除-国外记录（瓜德罗普）,高,Gomès & Ibéné 2013 加勒比外来种报道
1306,,Apistocalamus,,Dr. Einar Lönnberg (1900). LXXV.--Reptiles and Batrachians collected in German New Guinea by the late Dr. Erik,记录类型无法判定（原表未标注且引用无线索）,A3 排除-无省份且无坐标,高,无省级归属信息，无法构成省级事件
1307,,Pseudelas,,Dr. Einar Lönnberg (1900). LXXV.--Reptiles and Batrachians collected in German New Guinea by the late Dr. Erik,记录类型无法判定（原表未标注且引用无线索）,A3 排除-无省份且无坐标,高,无省级归属信息，无法构成省级事件
1309,,Hyla gracilenta,,Dr. Einar Lönnberg (1900). LXXV.--Reptiles and Batrachians collected in German New Guinea by the late Dr. Erik,记录类型无法判定（原表未标注且引用无线索）,A3 排除-无省份且无坐标,高,无省级归属信息，无法构成省级事件
1310,,Hyla dollchopsls,,Dr. Einar Lönnberg (1900). LXXV.--Reptiles and Batrachians collected in German New Guinea by the late Dr. Erik,记录类型无法判定（原表未标注且引用无线索）,A3 排除-无省份且无坐标,高,无省级归属信息，无法构成省级事件
1311,,Hylella,,Dr. Einar Lönnberg (1900). LXXV.--Reptiles and Batrachians collected in German New Guinea by the late Dr. Erik,记录类型无法判定（原表未标注且引用无线索）,A3 排除-无省份且无坐标,高,无省级归属信息，无法构成省级事件
1312,喜山蝮,Gloydius himalayanus,,Jing-Song Shi and Jin-Cheng Liu and Rohit Giri and John Benjamin Owens and Vishal Santra and Sourish Kuttalam ,记录类型无法判定（原表未标注且引用无线索）,B7 坐标在境内可反推省份,中,无省份但坐标在境内；反推省份后按其文献类型处理（多为伴随→排除）
1313,红斑高山蝮,Gloydius rubromaculatus,青海,Jing-Song Shi and Jin-Cheng Liu and Rohit Giri and John Benjamin Owens and Vishal Santra and Sourish Kuttalam ,记录类型无法判定（原表未标注且引用无线索）,待人工复核-未能在线定性,需人工,文献类型未能在线确认，建议查网盘原文（新纪录报道→事件表；调查/分类文→排除）
1314,红斑高山蝮,Gloydius rubromaculatus,,Jing-Song Shi and Jin-Cheng Liu and Rohit Giri and John Benjamin Owens and Vishal Santra and Sourish Kuttalam ,记录类型无法判定（原表未标注且引用无线索）,B7 坐标在境内可反推省份,中,无省份但坐标在境内；反推省份后按其文献类型处理（多为伴随→排除）
1315,喜山蝮,Gloydius himalayanus,,Jing-Song Shi and Jin-Cheng Liu and Rohit Giri and John Benjamin Owens and Vishal Santra and Sourish Kuttalam ,记录类型无法判定（原表未标注且引用无线索）,B7 坐标在境内可反推省份,中,无省份但坐标在境内；反推省份后按其文献类型处理（多为伴随→排除）
1317,,Hyla monticola,四川,JIA-TANG LI and JUN LIU and YUE-YING CHEN and JIA-WEI WU and ROBERT W. MURPHY and ER-MI ZHAO and YUE-ZHAO WANG,新种描述文献中的伴随物种记录，非明确新纪录事件,A4 排除(建议)-伴随物种记录,高-政策项,新种/分类文献中的伴随物种记录，无新纪录声明（与CBNR排除规则一致）；证据完备者可选保留为occurrence
1318,,Hyla bambusicola,,JIA-TANG LI and JUN LIU and YUE-YING CHEN and JIA-WEI WU and ROBERT W. MURPHY and ER-MI ZHAO and YUE-ZHAO WANG,新种描述文献中的伴随物种记录，非明确新纪录事件,A3 排除-无省份且无坐标,高,无省级归属信息，无法构成省级事件
1319,,Scutiger nepalensis,多蒂县,Sylvia Hofmann and Daniel Jablonski and Joachim Schmidt (2024). Morphological and molecular data warrant the d,新种描述文献中的伴随物种记录，非明确新纪录事件,C 排除-记录地为国外省区,高,省份为国外行政区
1320,锡金齿突蟾,Scutiger sikimmensis,,Sylvia Hofmann and Daniel Jablonski and Joachim Schmidt (2024). Morphological and molecular data warrant the d,新种描述文献中的伴随物种记录，非明确新纪录事件,A3 排除-无省份且无坐标,高,无省级归属信息，无法构成省级事件
1322,,Scutiger ghunsa,,Sylvia Hofmann and Daniel Jablonski and Joachim Schmidt (2024). Morphological and molecular data warrant the d,新种描述文献中的伴随物种记录，非明确新纪录事件,A3 排除-无省份且无坐标,高,无省级归属信息，无法构成省级事件
1338,腹斑倭蛙,Nanorana ventripunctata,云南,Feirong JI and Shengchao SHI and Shun MA and Cheng SHEN and Liming CHANG and Jianping JIANG (2023). A New Spec,新种描述文献中的伴随物种记录，非明确新纪录事件,A4 排除(建议)-伴随物种记录,高-政策项,新种/分类文献中的伴随物种记录，无新纪录声明（与CBNR排除规则一致）；证据完备者可选保留为occurrence
1339,西藏倭蛙,Nanorana parkeri,,Feirong JI and Shengchao SHI and Shun MA and Cheng SHEN and Liming CHANG and Jianping JIANG (2023). A New Spec,新种描述文献中的伴随物种记录，非明确新纪录事件,A3 排除-无省份且无坐标,高,无省级归属信息，无法构成省级事件
1340,邦达倭蛙,Nanorana bangdaensis,西藏,Feirong JI and Shengchao SHI and Shun MA and Cheng SHEN and Liming CHANG and Jianping JIANG (2023). A New Spec,新种描述文献中的伴随物种记录，非明确新纪录事件,A4 排除(建议)-伴随物种记录,高-政策项,新种/分类文献中的伴随物种记录，无新纪录声明（与CBNR排除规则一致）；证据完备者可选保留为occurrence
1341,岷山倭蛙,Nanorana pleskei,四川,Feirong JI and Shengchao SHI and Shun MA and Cheng SHEN and Liming CHANG and Jianping JIANG (2023). A New Spec,新种描述文献中的伴随物种记录，非明确新纪录事件,A4 排除(建议)-伴随物种记录,高-政策项,新种/分类文献中的伴随物种记录，无新纪录声明（与CBNR排除规则一致）；证据完备者可选保留为occurrence
1346,,Xenophrys jinggangensis,江西和湖南,Yingyong Wang and Jian Zhao and Jianhuan Yang and Zhixin Zhou and Guoling Chen and Yang Liu (2014). Morphology,记录类型无法判定（原表未标注且引用无线索）,待人工复核-未能在线定性,需人工,文献类型未能在线确认，建议查网盘原文（新纪录报道→事件表；调查/分类文→排除）
1350,莽山角蟾,Xenophrys mangshanensis,广东、江西,Yingyong Wang and Jian Zhao and Jianhuan Yang and Zhixin Zhou and Guoling Chen and Yang Liu (2014). Morphology,记录类型无法判定（原表未标注且引用无线索）,待人工复核-未能在线定性,需人工,文献类型未能在线确认，建议查网盘原文（新纪录报道→事件表；调查/分类文→排除）
1352,,Xenophrys kuatunensis,,Yingyong Wang and Jian Zhao and Jianhuan Yang and Zhixin Zhou and Guoling Chen and Yang Liu (2014). Morphology,记录类型无法判定（原表未标注且引用无线索）,A3 排除-无省份且无坐标,高,无省级归属信息，无法构成省级事件
1353,,Megophrys nasuta,沙巴,Yingyong Wang and Jian Zhao and Jianhuan Yang and Zhixin Zhou and Guoling Chen and Yang Liu (2014). Morphology,记录类型无法判定（原表未标注且引用无线索）,C 排除-记录地为国外省区,高,省份为国外行政区
1354,峨山掌突蟾,Paramegophrys oshanensis,四川,Yingyong Wang and Jian Zhao and Jianhuan Yang and Zhixin Zhou and Guoling Chen and Yang Liu (2014). Morphology,记录类型无法判定（原表未标注且引用无线索）,待人工复核-未能在线定性,需人工,文献类型未能在线确认，建议查网盘原文（新纪录报道→事件表；调查/分类文→排除）
1355,,Xenophrys minor,,Yingyong Wang and Jian Zhao and Jianhuan Yang and Zhixin Zhou and Guoling Chen and Yang Liu (2014). Morphology,记录类型无法判定（原表未标注且引用无线索）,A3 排除-无省份且无坐标,高,无省级归属信息，无法构成省级事件
1356,,Xenophrys ancrae,,Yingyong Wang and Jian Zhao and Jianhuan Yang and Zhixin Zhou and Guoling Chen and Yang Liu (2014). Morphology,记录类型无法判定（原表未标注且引用无线索）,A3 排除-无省份且无坐标,高,无省级归属信息，无法构成省级事件
1358,张氏角蟾,Xenophrys zhangi,,Yingyong Wang and Jian Zhao and Jianhuan Yang and Zhixin Zhou and Guoling Chen and Yang Liu (2014). Morphology,记录类型无法判定（原表未标注且引用无线索）,A3 排除-无省份且无坐标,高,无省级归属信息，无法构成省级事件
1359,,Xenophrys zunhebotoensis,,Yingyong Wang and Jian Zhao and Jianhuan Yang and Zhixin Zhou and Guoling Chen and Yang Liu (2014). Morphology,记录类型无法判定（原表未标注且引用无线索）,A3 排除-无省份且无坐标,高,无省级归属信息，无法构成省级事件
1360,,Xenophrys binchuanensis,,Yingyong Wang and Jian Zhao and Jianhuan Yang and Zhixin Zhou and Guoling Chen and Yang Liu (2014). Morphology,记录类型无法判定（原表未标注且引用无线索）,A3 排除-无省份且无坐标,高,无省级归属信息，无法构成省级事件
1361,,Xenophrys pachyproctus,,Yingyong Wang and Jian Zhao and Jianhuan Yang and Zhixin Zhou and Guoling Chen and Yang Liu (2014). Morphology,记录类型无法判定（原表未标注且引用无线索）,A3 排除-无省份且无坐标,高,无省级归属信息，无法构成省级事件
1362,巫山费氏蛙,Feirana quadranus,重庆、甘肃、湖北、四川、陕西,Xin YANG and Bin WANG and Junhua HU and Jianping JIANG (2011). A New Species of the Genus Feirana (Amphibia: A,新种描述文献中的伴随物种记录，非明确新纪录事件,A4 排除(建议)-伴随物种记录,高-政策项,新种/分类文献中的伴随物种记录，无新纪录声明（与CBNR排除规则一致）；证据完备者可选保留为occurrence
1368,戴氏攀蜥,Japalura dymondi,云南,Dingqi RAO and Jens V. VINDUM and Xiaohui MA and Mingxia FU and Jeffery A. WILKINSON (2017). A New Species of ,新种描述文献中的伴随物种记录，非明确新纪录事件,A4 排除(建议)-伴随物种记录,高-政策项,新种/分类文献中的伴随物种记录，无新纪录声明（与CBNR排除规则一致）；证据完备者可选保留为occurrence
1369,,Xenophrys palpebralespinosa,,Yingyong Wang and Jian Zhao and Jianhuan Yang and Zhixin Zhou and Guoling Chen and Yang Liu (2014). Morphology,记录类型无法判定（原表未标注且引用无线索）,A3 排除-无省份且无坐标,高,无省级归属信息，无法构成省级事件
1370,,Xenophrys parallela,,Yingyong Wang and Jian Zhao and Jianhuan Yang and Zhixin Zhou and Guoling Chen and Yang Liu (2014). Morphology,记录类型无法判定（原表未标注且引用无线索）,A3 排除-无省份且无坐标,高,无省级归属信息，无法构成省级事件
1371,艾氏坭蛇,Trachischium apteii,西藏,"Guo, Peng and Liu, Qin and Jin, Jie Qiong and Shu, Fu and Wu, Ya Yong and Che, Jing (2024). Multilocus Molecul",记录类型无法判定（原表未标注且引用无线索）,待人工复核-未能在线定性,需人工,文献类型未能在线确认，建议查网盘原文（新纪录报道→事件表；调查/分类文→排除）
1373,,Trachischium fuscum,,"Guo, Peng and Liu, Qin and Jin, Jie Qiong and Shu, Fu and Wu, Ya Yong and Che, Jing (2024). Multilocus Molecul",记录类型无法判定（原表未标注且引用无线索）,B7 坐标在境内可反推省份,中,无省份但坐标在境内；反推省份后按其文献类型处理（多为伴随→排除）
1374,,Trachischium guentheri,,"Guo, Peng and Liu, Qin and Jin, Jie Qiong and Shu, Fu and Wu, Ya Yong and Che, Jing (2024). Multilocus Molecul",记录类型无法判定（原表未标注且引用无线索）,B7 坐标在境内可反推省份,中,无省份但坐标在境内；反推省份后按其文献类型处理（多为伴随→排除）
1375,橄榄坭蛇,Trachischium laeve,,"Guo, Peng and Liu, Qin and Jin, Jie Qiong and Shu, Fu and Wu, Ya Yong and Che, Jing (2024). Multilocus Molecul",记录类型无法判定（原表未标注且引用无线索）,B7 坐标在境内可反推省份,中,无省份但坐标在境内；反推省份后按其文献类型处理（多为伴随→排除）
1376,山坭蛇,Trachischium monticola,西藏,"Guo, Peng and Liu, Qin and Jin, Jie Qiong and Shu, Fu and Wu, Ya Yong and Che, Jing (2024). Multilocus Molecul",记录类型无法判定（原表未标注且引用无线索）,待人工复核-未能在线定性,需人工,文献类型未能在线确认，建议查网盘原文（新纪录报道→事件表；调查/分类文→排除）
1378,墨脱角蟾,Megophrys medogensis,西藏,Shengchao Shi and Meihua Zhang and Feng Xie and Jianping Jiang and Wulin Liu and Li Ding and Li Luan and Bin W,新种描述文献中的伴随物种记录，非明确新纪录事件,A1/B1 排除-同种同省已收录(再记录),高,同种同省组合已由更早/已收录文献建立，本行为再记录
1379,粗肛角蟾,Megophrys pachyproctus,西藏,Shengchao Shi and Meihua Zhang and Feng Xie and Jianping Jiang and Wulin Liu and Li Ding and Li Luan and Bin W,新种描述文献中的伴随物种记录，非明确新纪录事件,A4 排除(建议)-伴随物种记录,高-政策项,新种/分类文献中的伴随物种记录，无新纪录声明（与CBNR排除规则一致）；证据完备者可选保留为occurrence
1382,墨脱角蟾,Megophrys medogensis,西藏,Shengchao Shi and Meihua Zhang and Feng Xie and Jianping Jiang and Wulin Liu and Li Ding and Li Luan and Bin W,新种描述文献中的伴随物种记录，非明确新纪录事件,A1/B1 排除-同种同省已收录(再记录),高,同种同省组合已由更早/已收录文献建立，本行为再记录
1383,粗肛角蟾,Megophrys pachyproctus,西藏,Shengchao Shi and Meihua Zhang and Feng Xie and Jianping Jiang and Wulin Liu and Li Ding and Li Luan and Bin W,新种描述文献中的伴随物种记录，非明确新纪录事件,A4 排除(建议)-伴随物种记录,高-政策项,新种/分类文献中的伴随物种记录，无新纪录声明（与CBNR排除规则一致）；证据完备者可选保留为occurrence
1387,银环蛇,Bungarus multicinctus,福建、台湾,Ze-Ning Chen and Sheng-Chao Shi and Gernot Vogel and Li Ding and Jing-Song Shi (2021). Multiple lines of evide,新种描述文献中的伴随物种记录，非明确新纪录事件,A4 排除(建议)-伴随物种记录,高-政策项,新种/分类文献中的伴随物种记录，无新纪录声明（与CBNR排除规则一致）；证据完备者可选保留为occurrence
1391,五斑颈槽蛇,Rhabdophis pentasupralabialis,四川,Yige PIAO and Zening CHEN and Yanqing WU and Shengchao SHI and Hirohiko TAKEUCHI and Teppei JONO and Masaya FU,新种描述文献中的伴随物种记录，非明确新纪录事件,A4 排除(建议)-伴随物种记录,高-政策项,新种/分类文献中的伴随物种记录，无新纪录声明（与CBNR排除规则一致）；证据完备者可选保留为occurrence
1392,广东颈槽蛇,Rhabdophis guangdongensis,,Yige PIAO and Zening CHEN and Yanqing WU and Shengchao SHI and Hirohiko TAKEUCHI and Teppei JONO and Masaya FU,新种描述文献中的伴随物种记录，非明确新纪录事件,A3 排除-无省份且无坐标,高,无省级归属信息，无法构成省级事件
1393,王氏环蛇,Bungarus wanghaotingi,云南,Ze-Ning Chen and Sheng-Chao Shi and Gernot Vogel and Li Ding and Jing-Song Shi (2021). Multiple lines of evide,新种描述文献中的伴随物种记录，非明确新纪录事件,A4 排除(建议)-伴随物种记录,高-政策项,新种/分类文献中的伴随物种记录，无新纪录声明（与CBNR排除规则一致）；证据完备者可选保留为occurrence
1395,银环蛇,Bungarus multicinctus,,Ze-Ning Chen and Sheng-Chao Shi and Gernot Vogel and Li Ding and Jing-Song Shi (2021). Multiple lines of evide,新种描述文献中的伴随物种记录，非明确新纪录事件,B7 坐标在境内可反推省份,中,无省份但坐标在境内；反推省份后按其文献类型处理（多为伴随→排除）
1396,王氏环蛇,Bungarus wanghaotingi,,Ze-Ning Chen and Sheng-Chao Shi and Gernot Vogel and Li Ding and Jing-Song Shi (2021). Multiple lines of evide,新种描述文献中的伴随物种记录，非明确新纪录事件,B7 坐标在境内可反推省份,中,无省份但坐标在境内；反推省份后按其文献类型处理（多为伴随→排除）
1401,老挝水龙蜥,Tropidophorus laotus,,Kai WANG and Ling LI and V. DEEPAK and Somphouthone PHIMMACHAK and Stéphane GROSJEAN and Nicolas VIDAL and Zho,记录类型无法判定（原表未标注且引用无线索）,待人工复核-未能在线定性,需人工,文献类型未能在线确认，建议查网盘原文（新纪录报道→事件表；调查/分类文→排除）
1403,马来环蛇,Bungarus candidus,,Ze-Ning Chen and Sheng-Chao Shi and Gernot Vogel and Li Ding and Jing-Song Shi (2021). Multiple lines of evide,新种描述文献中的伴随物种记录，非明确新纪录事件,C 排除-坐标在境外,高,坐标位于中国范围外
1404,鉛山壁虎,Gekko hokouensis,台北、彭佳屿、台东县,林俊聰 & 姚秋如 (2016). 臺灣宜蘭縣龜山島壁虎屬 (Gekko) (有鱗目:蜥蜴亞目: 壁虎科) 一新種 A New Species of the Genus Gekko (Squamata: Sauria: ,新种描述文献中的伴随物种记录，非明确新纪录事件,C 排除-记录地为国外省区,高,省份为国外行政区
1407,银环蛇,Bungarus multicinctus,中国东部和南部,Ze-Ning Chen and Sheng-Chao Shi and Gernot Vogel and Li Ding and Jing-Song Shi (2021). Multiple lines of evide,新种描述文献中的伴随物种记录，非明确新纪录事件,A4 排除(建议)-伴随物种记录,高-政策项,新种/分类文献中的伴随物种记录，无新纪录声明（与CBNR排除规则一致）；证据完备者可选保留为occurrence
1408,王氏环蛇,Bungarus wanghaotingi,中国南部、西南部,Ze-Ning Chen and Sheng-Chao Shi and Gernot Vogel and Li Ding and Jing-Song Shi (2021). Multiple lines of evide,新种描述文献中的伴随物种记录，非明确新纪录事件,A4 排除(建议)-伴随物种记录,高-政策项,新种/分类文献中的伴随物种记录，无新纪录声明（与CBNR排除规则一致）；证据完备者可选保留为occurrence
1409,马来环蛇,Bungarus candidus,西爪哇、平福,Ze-Ning Chen and Sheng-Chao Shi and Gernot Vogel and Li Ding and Jing-Song Shi (2021). Multiple lines of evide,新种描述文献中的伴随物种记录，非明确新纪录事件,C 排除-记录地为国外省区,高,省份为国外行政区
1410,台湾烙铁头蛇,Ovophis makazayazaya,,Yang-Mei Zeng and Ke Li and Qin Liu and Ya-Yong Wu and Shao-Bing Hou and Gui-Gang Zhao and Sang Ngoc Nguyen an,记录类型无法判定（原表未标注且引用无线索）,A3 排除-无省份且无坐标,高,无省级归属信息，无法构成省级事件
1411,山烙铁头蛇,Ovophis monticola,,Yang-Mei Zeng and Ke Li and Qin Liu and Ya-Yong Wu and Shao-Bing Hou and Gui-Gang Zhao and Sang Ngoc Nguyen an,记录类型无法判定（原表未标注且引用无线索）,A3 排除-无省份且无坐标,高,无省级归属信息，无法构成省级事件
1412,大头姬蛙,Microhyla pulchra,广东、永富,Meihua ZHANG and Liang FEI and Changyuan YE and Yufan WANG and Bin Wang and Jianping JIANG (2018). A New Speci,新种描述文献中的伴随物种记录，非明确新纪录事件,A4 排除(建议)-伴随物种记录,高-政策项,新种/分类文献中的伴随物种记录，无新纪录声明（与CBNR排除规则一致）；证据完备者可选保留为occurrence
1416,山烙铁头,Ovophis monticola,云南,Shuo Liu and Mian Hou and Mingzhong Mo and Mei Li and Biao Li and Xiong Luo and Dingqi Rao and Song Li (2024).,新种描述文献中的伴随物种记录，非明确新纪录事件,A1/B1 排除-同种同省已收录(再记录),高,同种同省组合已由更早/已收录文献建立，本行为再记录
1417,,Ovophis taylori,,Yang-Mei Zeng and Ke Li and Qin Liu and Ya-Yong Wu and Shao-Bing Hou and Gui-Gang Zhao and Sang Ngoc Nguyen an,记录类型无法判定（原表未标注且引用无线索）,A3 排除-无省份且无坐标,高,无省级归属信息，无法构成省级事件
1418,棕黑腹链蛇,Hebius sauteri,台湾,Mao-Liang Li and Jin-Long Ren and Jun-Jie Huang and Zhi-Tong Lyu and Shuo Qi and Ke Jiang and Ying-Yong Wang a,记录类型无法判定（原表未标注且引用无线索）,待人工复核-未能在线定性,需人工,文献类型未能在线确认，建议查网盘原文（新纪录报道→事件表；调查/分类文→排除）
1420,饰纹姬蛙,Microhyla fissipes,,Zhi-Yong YUAN and Chatmongkon SUWANNAPOOM and Fang YAN and Nikolay A. POYARKOV and Sang Ngoc NGUYEN and Hong-m,记录类型无法判定（原表未标注且引用无线索）,待人工复核-未能在线定性,需人工,文献类型未能在线确认，建议查网盘原文（新纪录报道→事件表；调查/分类文→排除）
1421,穆氏姬蛙,Microhyla mukhlesuri,,Zhi-Yong YUAN and Chatmongkon SUWANNAPOOM and Fang YAN and Nikolay A. POYARKOV and Sang Ngoc NGUYEN and Hong-m,记录类型无法判定（原表未标注且引用无线索）,B7 坐标在境内可反推省份,中,无省份但坐标在境内；反推省份后按其文献类型处理（多为伴随→排除）
1422,小弧斑姬蛙,Microhyla heymonsi,,Zhi-Yong YUAN and Chatmongkon SUWANNAPOOM and Fang YAN and Nikolay A. POYARKOV and Sang Ngoc NGUYEN and Hong-m,记录类型无法判定（原表未标注且引用无线索）,A3 排除-无省份且无坐标,高,无省级归属信息，无法构成省级事件
1423,鼻臭蛙,Odorrana nasuta,,Hanming SONG and Siyu ZHANG and Shuo QI and Zhitong LYU and Zhaochi ZENG and Yongheng ZHU and Minghai HUANG an,新种描述文献中的伴随物种记录，非明确新纪录事件,A3 排除-无省份且无坐标,高,无省级归属信息，无法构成省级事件
1424,,Odorrana trankieni,,Hanming SONG and Siyu ZHANG and Shuo QI and Zhitong LYU and Zhaochi ZENG and Yongheng ZHU and Minghai HUANG an,新种描述文献中的伴随物种记录，非明确新纪录事件,A3 排除-无省份且无坐标,高,无省级归属信息，无法构成省级事件
1426,云南掌突蟾,Glyphoglossus yunnanensis,云南,Dongru ZHANG and Shuo LIU and Lixia ZHANG and Hong HUI and Heng XIAO and Dingqi RAO (2021). A New Species of G,新种描述文献中的伴随物种记录，非明确新纪录事件,A4 排除(建议)-伴随物种记录,高-政策项,新种/分类文献中的伴随物种记录，无新纪录声明（与CBNR排除规则一致）；证据完备者可选保留为occurrence
1428,西藏温泉蛇,Thermophis baileyi,西藏,Lifang PENG and Changhu LU and Song HUANG and Peng GUO and Yaping ZHANG (2014). A New Species of the Genus The,新种描述文献中的伴随物种记录，非明确新纪录事件,A4 排除(建议)-伴随物种记录,高-政策项,新种/分类文献中的伴随物种记录，无新纪录声明（与CBNR排除规则一致）；证据完备者可选保留为occurrence
1429,安子山臭蛙,Odorrana yentuensis,广西,Hanming SONG and Siyu ZHANG and Shuo QI and Zhitong LYU and Zhaochi ZENG and Yongheng ZHU and Minghai HUANG an,新种描述文献中的伴随物种记录，非明确新纪录事件,A4 排除(建议)-伴随物种记录,高-政策项,新种/分类文献中的伴随物种记录，无新纪录声明（与CBNR排除规则一致）；证据完备者可选保留为occurrence
1433,,Odorrana amamiensis,,Hanming SONG and Siyu ZHANG and Shuo QI and Zhitong LYU and Zhaochi ZENG and Yongheng ZHU and Minghai HUANG an,新种描述文献中的伴随物种记录，非明确新纪录事件,B7 坐标在境内可反推省份,中,无省份但坐标在境内；反推省份后按其文献类型处理（多为伴随→排除）
1434,弹琴蛙,Nidirana adenopleura,福建,Hanming SONG and Siyu ZHANG and Shuo QI and Zhitong LYU and Zhaochi ZENG and Yongheng ZHU and Minghai HUANG an,新种描述文献中的伴随物种记录，非明确新纪录事件,A4 排除(建议)-伴随物种记录,高-政策项,新种/分类文献中的伴随物种记录，无新纪录声明（与CBNR排除规则一致）；证据完备者可选保留为occurrence
1437,武陵树蛙,Hyla annectans wulingensis,湖南,Tianyu QIAN and Jianjun XIANG and Jianping JIANG and Daode YANG and Jian GUI (2023). A New Species of the Amol,新种描述文献中的伴随物种记录，非明确新纪录事件,A4 排除(建议)-伴随物种记录,高-政策项,新种/分类文献中的伴随物种记录，无新纪录声明（与CBNR排除规则一致）；证据完备者可选保留为occurrence
1460,镇海棘螈,Echinotriton chinhaiensis,浙江,MIAN HOU and YUNKE WU and KELIN YANG and SHENG ZHENG and ZHIYONG YUAN and PIPENG LI (2014). A missing geograph,新种描述文献中的伴随物种记录，非明确新纪录事件,A4 排除(建议)-伴随物种记录,高-政策项,新种/分类文献中的伴随物种记录，无新纪录声明（与CBNR排除规则一致）；证据完备者可选保留为occurrence
1461,安德森棘螈,Echinotriton andersoni,,MIAN HOU and YUNKE WU and KELIN YANG and SHENG ZHENG and ZHIYONG YUAN and PIPENG LI (2014). A missing geograph,新种描述文献中的伴随物种记录，非明确新纪录事件,B7 坐标在境内可反推省份,中,无省份但坐标在境内；反推省份后按其文献类型处理（多为伴随→排除）
1471,广西肥螈,Pachytriton guangxiensis,广西,YUNKE WU and YUEZHAO WANG and KE JIANG and JAMES HANKEN (2010). A new newt of the genus Cynops (Caudata: Salam,记录类型无法判定（原表未标注且引用无线索）,排除-伴随物种（分类学文献检视标本）,高,Wu et al. 2010 Cynops新种描述文，本行为检视标本产地
1472,越南肥螈,Pachytriton deloustali,永富,YUNKE WU and YUEZHAO WANG and KE JIANG and JAMES HANKEN (2010). A new newt of the genus Cynops (Caudata: Salam,记录类型无法判定（原表未标注且引用无线索）,C 排除-记录地为国外省区,高,省份为国外行政区
1474,费氏短腿蟾,Brachytarsophrys feae,,Yao Li and Dan-Dan Zhang and Zhi-Tong Lyu and Jian Wang and Yu-Long Li and Zu-Yao Liu and Hong-Hui Chen and Di,新种描述文献中的伴随物种记录，非明确新纪录事件,A3 排除-无省份且无坐标,高,无省级归属信息，无法构成省级事件
1475,中间短腿蟾,Brachytarsophrys intermedia,,Yao Li and Dan-Dan Zhang and Zhi-Tong Lyu and Jian Wang and Yu-Long Li and Zu-Yao Liu and Hong-Hui Chen and Di,新种描述文献中的伴随物种记录，非明确新纪录事件,A3 排除-无省份且无坐标,高,无省级归属信息，无法构成省级事件
1476,川南短腿蟾,Brachytarsophrys chuannanensis,,Yao Li and Dan-Dan Zhang and Zhi-Tong Lyu and Jian Wang and Yu-Long Li and Zu-Yao Liu and Hong-Hui Chen and Di,新种描述文献中的伴随物种记录，非明确新纪录事件,A3 排除-无省份且无坐标,高,无省级归属信息，无法构成省级事件
1477,广西拟瘰螈,Paramesotriton guangxiensis,广西,YUNKE WU and YUEZHAO WANG and KE JIANG and JAMES HANKEN (2010). A new newt of the genus Cynops (Caudata: Salam,记录类型无法判定（原表未标注且引用无线索）,排除-伴随物种（分类学文献检视标本）,高,Wu et al. 2010 Cynops新种描述文，本行为检视标本产地
1478,越南拟瘰螈,Paramesotriton deloustali,永富,YUNKE WU and YUEZHAO WANG and KE JIANG and JAMES HANKEN (2010). A new newt of the genus Cynops (Caudata: Salam,记录类型无法判定（原表未标注且引用无线索）,C 排除-记录地为国外省区,高,省份为国外行政区
1481,福建华珊瑚蛇,Sinomicrurus kelloggi,云南、重庆、福建、广东、广西、贵州、海南、湖南、江西、浙江、安徽,Lifang PENG and Lijun WANG and Li DING and Yiwu ZHU and Jian LUO and Diancheng YANG and Ruyi HUANG and Shunqin,新种描述文献中的伴随物种记录，非明确新纪录事件,A4 排除(建议)-伴随物种记录,高-政策项,新种/分类文献中的伴随物种记录，无新纪录声明（与CBNR排除规则一致）；证据完备者可选保留为occurrence
1486,费氏短腿蟾,Brachytarsophrys feae,,Yao Li and Dan-Dan Zhang and Zhi-Tong Lyu and Jian Wang and Yu-Long Li and Zu-Yao Liu and Hong-Hui Chen and Di,新种描述文献中的伴随物种记录，非明确新纪录事件,A3 排除-无省份且无坐标,高,无省级归属信息，无法构成省级事件
1487,中间短腿蟾,Brachytarsophrys intermedia,,Yao Li and Dan-Dan Zhang and Zhi-Tong Lyu and Jian Wang and Yu-Long Li and Zu-Yao Liu and Hong-Hui Chen and Di,新种描述文献中的伴随物种记录，非明确新纪录事件,A3 排除-无省份且无坐标,高,无省级归属信息，无法构成省级事件
1488,川南短腿蟾,Brachytarsophrys chuannanensis,,Yao Li and Dan-Dan Zhang and Zhi-Tong Lyu and Jian Wang and Yu-Long Li and Zu-Yao Liu and Hong-Hui Chen and Di,新种描述文献中的伴随物种记录，非明确新纪录事件,A3 排除-无省份且无坐标,高,无省级归属信息，无法构成省级事件
1498,日本爪鲵,Onychodactylus japonicus,,"NIKOLAY A. POYARKOV, JR. & JING CHE & MI-SOOK MIN & MASAKI KURO-O & FANG YAN & CHENG LI & KOJI IIZUKA & DAVID ",新种描述文献中的伴随物种记录，非明确新纪录事件,C 排除-坐标在境外,高,坐标位于中国范围外
1499,费氏爪鲵,Onychodactylus fischeri,,"NIKOLAY A. POYARKOV, JR. & JING CHE & MI-SOOK MIN & MASAKI KURO-O & FANG YAN & CHENG LI & KOJI IIZUKA & DAVID ",新种描述文献中的伴随物种记录，非明确新纪录事件,C 排除-坐标在境外,高,坐标位于中国范围外
1508,日本爪鲵,Onychodactylus japonicus,,"NIKOLAY A. POYARKOV, JR. & JING CHE & MI-SOOK MIN & MASAKI KURO-O & FANG YAN & CHENG LI & KOJI IIZUKA & DAVID ",新种描述文献中的伴随物种记录，非明确新纪录事件,C 排除-坐标在境外,高,坐标位于中国范围外
1509,费氏爪鲵,Onychodactylus fischeri,,"NIKOLAY A. POYARKOV, JR. & JING CHE & MI-SOOK MIN & MASAKI KURO-O & FANG YAN & CHENG LI & KOJI IIZUKA & DAVID ",新种描述文献中的伴随物种记录，非明确新纪录事件,C 排除-坐标在境外,高,坐标位于中国范围外
1513,日本爪鲵,Onychodactylus japonicus,,"NIKOLAY A. POYARKOV, JR. & JING CHE & MI-SOOK MIN & MASAKI KURO-O & FANG YAN & CHENG LI & KOJI IIZUKA & DAVID ",新种描述文献中的伴随物种记录，非明确新纪录事件,C 排除-坐标在境外,高,坐标位于中国范围外
1514,里昂颈槽蛇,Rhabdophis leonardi,,Shi-Jun Yang and Alan H. Savitzky and David J. Gower and V. Deepak and Akira Mori and Rahul Khot and Jing-Song,记录类型无法判定（原表未标注且引用无线索）,待人工复核-未能在线定性,需人工,文献类型未能在线确认，建议查网盘原文（新纪录报道→事件表；调查/分类文→排除）
1517,费氏爪鲵,Onychodactylus fischeri,,"NIKOLAY A. POYARKOV, JR. & JING CHE & MI-SOOK MIN & MASAKI KURO-O & FANG YAN & CHENG LI & KOJI IIZUKA & DAVID ",新种描述文献中的伴随物种记录，非明确新纪录事件,C 排除-坐标在境外,高,坐标位于中国范围外
1520,青海沙蜥,Phrynocephalus vlangalii,,Qianru Liang and Lei Shi (2024). Species divergence in valleys: the phylogeny of Phrynocephalus forsythii comp,新种描述文献中的伴随物种记录，非明确新纪录事件,A3 排除-无省份且无坐标,高,无省级归属信息，无法构成省级事件
1521,桓仁林蛙,Rana huanrenensis,,Huijun SHEN and Mengyu XU and Xinyue YANG and Zhuo CHEN and Nengwen XIAO and Xiaohong CHEN (2022). A New Brown,记录类型无法判定（原表未标注且引用无线索）,A3 排除-无省份且无坐标,高,无省级归属信息，无法构成省级事件
1522,西藏沙蜥,Phrynocephalus theobaldi,,Qianru Liang and Lei Shi (2024). Species divergence in valleys: the phylogeny of Phrynocephalus forsythii comp,新种描述文献中的伴随物种记录，非明确新纪录事件,A3 排除-无省份且无坐标,高,无省级归属信息，无法构成省级事件
1523,宽鼻沙蜥,Phrynocephalus nasatus,,Qianru Liang and Lei Shi (2024). Species divergence in valleys: the phylogeny of Phrynocephalus forsythii comp,新种描述文献中的伴随物种记录，非明确新纪录事件,A3 排除-无省份且无坐标,高,无省级归属信息，无法构成省级事件
1524,叶城沙蜥,Phrynocephalus axillaris,,Qianru Liang and Lei Shi (2024). Species divergence in valleys: the phylogeny of Phrynocephalus forsythii comp,新种描述文献中的伴随物种记录，非明确新纪录事件,A3 排除-无省份且无坐标,高,无省级归属信息，无法构成省级事件
1525,大耳沙蜥,Phrynocephalus mystaceus,,Qianru Liang and Lei Shi (2024). Species divergence in valleys: the phylogeny of Phrynocephalus forsythii comp,新种描述文献中的伴随物种记录，非明确新纪录事件,A3 排除-无省份且无坐标,高,无省级归属信息，无法构成省级事件
1526,草绿攀蜥,Diploderma flaviceps,四川,Kai Wang and Jinlong Ren and Jiawei Wu and Ke Jiang and Jieqiong Jin and Shaobing Hou and Puyang Zheng and Fen,新种描述文献中的伴随物种记录，非明确新纪录事件,A4 排除(建议)-伴随物种记录,高-政策项,新种/分类文献中的伴随物种记录，无新纪录声明（与CBNR排除规则一致）；证据完备者可选保留为occurrence
1531,草绿攀蜥,Diploderma flaviceps,四川,Kai Wang and Jinlong Ren and Jiawei Wu and Ke Jiang and Jieqiong Jin and Shaobing Hou and Puyang Zheng and Fen,新种描述文献中的伴随物种记录，非明确新纪录事件,A4 排除(建议)-伴随物种记录,高-政策项,新种/分类文献中的伴随物种记录，无新纪录声明（与CBNR排除规则一致）；证据完备者可选保留为occurrence
1545,温泉蛇,Thermophis baileyi,西藏,"Miao He, Jin‐Chao Feng, Shao‐Ying Liu, Peng Guo & Er‐Mi Zhao (2009). The phylogenetic position of Thermophis (",记录类型无法判定（原表未标注且引用无线索）,排除-伴随物种（系统发育文献）,高,Thermophis 系统发育研究，非新纪录报道
1547,福建颈槽蛇,Plagiopholis styani,四川,"Miao He, Jin‐Chao Feng, Shao‐Ying Liu, Peng Guo & Er‐Mi Zhao (2009). The phylogenetic position of Thermophis (",记录类型无法判定（原表未标注且引用无线索）,排除-伴随物种（系统发育文献）,高,Thermophis 系统发育研究，非新纪录报道
1550,,Dinodon cancellatum,,Tan Van Nguyen and Nikolay A. Poyarkov and Gernot Vogel (2025). Taxonomic reassessment of the Lycodon rufozona,新种描述文献中的伴随物种记录，非明确新纪录事件,B7 坐标在境内可反推省份,中,无省份但坐标在境内；反推省份后按其文献类型处理（多为伴随→排除）
1551,,Coronella striata,浙江,Tan Van Nguyen and Nikolay A. Poyarkov and Gernot Vogel (2025). Taxonomic reassessment of the Lycodon rufozona,新种描述文献中的伴随物种记录，非明确新纪录事件,A4 排除(建议)-伴随物种记录,高-政策项,新种/分类文献中的伴随物种记录，无新纪录声明（与CBNR排除规则一致）；证据完备者可选保留为occurrence
1560,白斑石龙子,Plestiodon leucostictus,台东县,Kazuki Kurita and Yukiko Nakamura and Taku Okamoto and Si-Min Lin and Tsutomu Hikida (2017). Taxonomic reasses,记录类型无法判定（原表未标注且引用无线索）,C 排除-记录地为国外省区,高,省份为国外行政区
1561,中国石龙子,Plestiodon chinensis,浙江,Kazuki Kurita and Yukiko Nakamura and Taku Okamoto and Si-Min Lin and Tsutomu Hikida (2017). Taxonomic reasses,记录类型无法判定（原表未标注且引用无线索）,排除-伴随物种（系统分类文献）,高,Plestiodon 分类学研究，非新纪录报道
1562,白斑石龙子,Plestiodon leucostictus,台东县,Kazuki Kurita and Yukiko Nakamura and Taku Okamoto and Si-Min Lin and Tsutomu Hikida (2017). Taxonomic reasses,记录类型无法判定（原表未标注且引用无线索）,C 排除-记录地为国外省区,高,省份为国外行政区
1563,中国石龙子,Plestiodon chinensis,浙江,Kazuki Kurita and Yukiko Nakamura and Taku Okamoto and Si-Min Lin and Tsutomu Hikida (2017). Taxonomic reasses,记录类型无法判定（原表未标注且引用无线索）,排除-伴随物种（系统分类文献）,高,Plestiodon 分类学研究，非新纪录报道
1564,,Tylototriton anguliceps,越南,Kanto NISHIKAWA and Ding-Qi RAO and Masafumi MATSUI and Koshiro ETO (2015). Taxonomic relationship between Tyl,记录类型无法判定（原表未标注且引用无线索）,C 排除-记录地为国外省区,高,省份为国外行政区
1565,红瘰疣螈,Tylototriton verrucosus,,Kanto NISHIKAWA and Ding-Qi RAO and Masafumi MATSUI and Koshiro ETO (2015). Taxonomic relationship between Tyl,记录类型无法判定（原表未标注且引用无线索）,A3 排除-无省份且无坐标,高,无省级归属信息，无法构成省级事件
1568,武夷湍蛙,Amolops wuyiensis,江西,Ke Jiang and Jin-Long Ren and Zhi-Tong Lyu and Dan Wang and Zeng Wang and Ke Lv and Jia-Wei Wu and Jia-Tang Li,新种描述文献中的伴随物种记录，非明确新纪录事件,A4 排除(建议)-伴随物种记录,高-政策项,新种/分类文献中的伴随物种记录，无新纪录声明（与CBNR排除规则一致）；证据完备者可选保留为occurrence
1569,黄岗臭蛙,Odorrana huanggangensis,江西,Ke Jiang and Jin-Long Ren and Zhi-Tong Lyu and Dan Wang and Zeng Wang and Ke Lv and Jia-Wei Wu and Jia-Tang Li,新种描述文献中的伴随物种记录，非明确新纪录事件,A4 排除(建议)-伴随物种记录,高-政策项,新种/分类文献中的伴随物种记录，无新纪录声明（与CBNR排除规则一致）；证据完备者可选保留为occurrence
1570,棘胸蛙,Quasipaa spinosa,江西,Ke Jiang and Jin-Long Ren and Zhi-Tong Lyu and Dan Wang and Zeng Wang and Ke Lv and Jia-Wei Wu and Jia-Tang Li,新种描述文献中的伴随物种记录，非明确新纪录事件,A4 排除(建议)-伴随物种记录,高-政策项,新种/分类文献中的伴随物种记录，无新纪录声明（与CBNR排除规则一致）；证据完备者可选保留为occurrence
1571,福建竹叶青蛇,Trimeresurus stejnegeri,江西,Ke Jiang and Jin-Long Ren and Zhi-Tong Lyu and Dan Wang and Zeng Wang and Ke Lv and Jia-Wei Wu and Jia-Tang Li,新种描述文献中的伴随物种记录，非明确新纪录事件,A4 排除(建议)-伴随物种记录,高-政策项,新种/分类文献中的伴随物种记录，无新纪录声明（与CBNR排除规则一致）；证据完备者可选保留为occurrence
1573,武夷湍蛙,Amolops wuyiensis,江西,Ke Jiang and Jin-Long Ren and Zhi-Tong Lyu and Dan Wang and Zeng Wang and Ke Lv and Jia-Wei Wu and Jia-Tang Li,新种描述文献中的伴随物种记录，非明确新纪录事件,A4 排除(建议)-伴随物种记录,高-政策项,新种/分类文献中的伴随物种记录，无新纪录声明（与CBNR排除规则一致）；证据完备者可选保留为occurrence
1574,黄岗臭蛙,Odorrana huanggangensis,江西,Ke Jiang and Jin-Long Ren and Zhi-Tong Lyu and Dan Wang and Zeng Wang and Ke Lv and Jia-Wei Wu and Jia-Tang Li,新种描述文献中的伴随物种记录，非明确新纪录事件,A4 排除(建议)-伴随物种记录,高-政策项,新种/分类文献中的伴随物种记录，无新纪录声明（与CBNR排除规则一致）；证据完备者可选保留为occurrence
1576,棘胸蛙,Quasipaa spinosa,江西,Ke Jiang and Jin-Long Ren and Zhi-Tong Lyu and Dan Wang and Zeng Wang and Ke Lv and Jia-Wei Wu and Jia-Tang Li,新种描述文献中的伴随物种记录，非明确新纪录事件,A4 排除(建议)-伴随物种记录,高-政策项,新种/分类文献中的伴随物种记录，无新纪录声明（与CBNR排除规则一致）；证据完备者可选保留为occurrence
1577,福建竹叶青蛇,Trimeresurus stejnegeri,江西,Ke Jiang and Jin-Long Ren and Zhi-Tong Lyu and Dan Wang and Zeng Wang and Ke Lv and Jia-Wei Wu and Jia-Tang Li,新种描述文献中的伴随物种记录，非明确新纪录事件,A4 排除(建议)-伴随物种记录,高-政策项,新种/分类文献中的伴随物种记录，无新纪录声明（与CBNR排除规则一致）；证据完备者可选保留为occurrence
1581,侧条树蛙,Rohanixalus vittatus,,"Biju, Garg, Gokulakrishnan, Chandrakasan, Thammachoti, Ren, Gopika, Bisht, Hamidy and Shouche (2020). Taxonomi",新种描述文献中的伴随物种记录，非明确新纪录事件,A3 排除-无省份且无坐标,高,无省级归属信息，无法构成省级事件
1583,攀枝花脊蛇,Achalinus panzhihuaensis,四川,Yuhao Xu and Shun Ma and Bo Cai and Diancheng Yang and Tianyou Zhang and Tianxuan Gu and Fengcheng Zhu and Son,记录类型无法判定（原表未标注且引用无线索）,待人工复核-未能在线定性,需人工,文献类型未能在线确认，建议查网盘原文（新纪录报道→事件表；调查/分类文→排除）
1584,屏边脊蛇,Achalinus pingbianensis,云南,Yuhao Xu and Shun Ma and Bo Cai and Diancheng Yang and Tianyou Zhang and Tianxuan Gu and Fengcheng Zhu and Son,记录类型无法判定（原表未标注且引用无线索）,待人工复核-未能在线定性,需人工,文献类型未能在线确认，建议查网盘原文（新纪录报道→事件表；调查/分类文→排除）
1586,,Stoliczkia vanhnuailianai,,Yuhao Xu and Shun Ma and Bo Cai and Diancheng Yang and Tianyou Zhang and Tianxuan Gu and Fengcheng Zhu and Son,记录类型无法判定（原表未标注且引用无线索）,A3 排除-无省份且无坐标,高,无省级归属信息，无法构成省级事件
1590,福建大头蛙,Limnonectes fujianensis,,CHATMONGKON SUWANNAPOOM & ZHI-YONG YUAN & JIN-MIN CHEN & MIAN HOU & HAI-PENG ZHAO & LI-JUN WANG & TRUONG SON N,新种描述文献中的伴随物种记录，非明确新纪录事件,A3 排除-无省份且无坐标,高,无省级归属信息，无法构成省级事件
1591,脆皮大头蛙,Limnonectes fragilis,,CHATMONGKON SUWANNAPOOM & ZHI-YONG YUAN & JIN-MIN CHEN & MIAN HOU & HAI-PENG ZHAO & LI-JUN WANG & TRUONG SON N,新种描述文献中的伴随物种记录，非明确新纪录事件,A3 排除-无省份且无坐标,高,无省级归属信息，无法构成省级事件
1597,北小跳蛙,Ingerana borealis,西藏,Fang YAN and Ke JIANG and Kai WANG and Jie-Qiong JIN and Chatmongkon SUWANNAPOOM and Cheng LI and Jens V. VIND,记录类型无法判定（原表未标注且引用无线索）,待人工复核-未能在线定性,需人工,文献类型未能在线确认，建议查网盘原文（新纪录报道→事件表；调查/分类文→排除）
1601,十万大山掌突蟾,Leptobrachella shiwandashanensis,广西,Wei-Cai Chen and Peng Li and Wan-Xiao Peng and You-Jun Liu and Yong Huang (2023). The fourth species of Leptob,记录类型无法判定（原表未标注且引用无线索）,待人工复核-未能在线定性,需人工,文献类型未能在线确认，建议查网盘原文（新纪录报道→事件表；调查/分类文→排除）
1604,英德睑虎,Goniurosaurus yingdeensis,广东,Shuo Qi and Jian Wang and L. Lee Grismer and Hong-Hui Chen and Zhi-Tong Lyu and Ying-Yong Wang (2020). The Sto,新种描述文献中的伴随物种记录，非明确新纪录事件,A4 排除(建议)-伴随物种记录,高-政策项,新种/分类文献中的伴随物种记录，无新纪录声明（与CBNR排除规则一致）；证据完备者可选保留为occurrence
1606,大齿蟾,Oreolalax major,四川,Yinmeng Hou and Shengchao Shi and Daming Hu and Yue Deng and Jianping Jiang and Feng Xie and Bin Wang (2020). ,新种描述文献中的伴随物种记录，非明确新纪录事件,A4 排除(建议)-伴随物种记录,高-政策项,新种/分类文献中的伴随物种记录，无新纪录声明（与CBNR排除规则一致）；证据完备者可选保留为occurrence
1607,南江齿蟾,Oreolalax nanjiangensis,四川,Yinmeng Hou and Shengchao Shi and Daming Hu and Yue Deng and Jianping Jiang and Feng Xie and Bin Wang (2020). ,新种描述文献中的伴随物种记录，非明确新纪录事件,A4 排除(建议)-伴随物种记录,高-政策项,新种/分类文献中的伴随物种记录，无新纪录声明（与CBNR排除规则一致）；证据完备者可选保留为occurrence
1608,峨眉齿蟾,Oreolalax omeimontis,四川,Yinmeng Hou and Shengchao Shi and Daming Hu and Yue Deng and Jianping Jiang and Feng Xie and Bin Wang (2020). ,新种描述文献中的伴随物种记录，非明确新纪录事件,A4 排除(建议)-伴随物种记录,高-政策项,新种/分类文献中的伴随物种记录，无新纪录声明（与CBNR排除规则一致）；证据完备者可选保留为occurrence
1609,川北齿蟾,Oreolalax chuanbeiensis,四川,Yinmeng Hou and Shengchao Shi and Daming Hu and Yue Deng and Jianping Jiang and Feng Xie and Bin Wang (2020). ,新种描述文献中的伴随物种记录，非明确新纪录事件,A4 排除(建议)-伴随物种记录,高-政策项,新种/分类文献中的伴随物种记录，无新纪录声明（与CBNR排除规则一致）；证据完备者可选保留为occurrence
1631,黑环蛇,Bungarus niger,,Ze-Ning Chen and Sheng-Chao Shi and Gernot Vogel and Li Ding and Jing-Song Shi (2021). Multiple lines of evide,新种描述文献中的伴随物种记录，非明确新纪录事件,A3 排除-无省份且无坐标,高,无省级归属信息，无法构成省级事件
1632,大斑环蛇,Bungarus magnimaculatus,,Ze-Ning Chen and Sheng-Chao Shi and Gernot Vogel and Li Ding and Jing-Song Shi (2021). Multiple lines of evide,新种描述文献中的伴随物种记录，非明确新纪录事件,A3 排除-无省份且无坐标,高,无省级归属信息，无法构成省级事件
1635,紫点锦蛇,Elaphe anomala,安徽,Shuo Qi and Jing-Song Shi and Yan-Bo Ma and Yi-Fei Gao and Shu-Hai Bu and L. Lee Grismer and Pi-Peng Li and Yi,新种描述文献中的伴随物种记录，非明确新纪录事件,A4 排除(建议)-伴随物种记录,高-政策项,新种/分类文献中的伴随物种记录，无新纪录声明（与CBNR排除规则一致）；证据完备者可选保留为occurrence
1638,秦岭蝮,Gloydius qinlingensis,,Shuo Qi and Jing-Song Shi and Yan-Bo Ma and Yi-Fei Gao and Shu-Hai Bu and L. Lee Grismer and Pi-Peng Li and Yi,新种描述文献中的伴随物种记录，非明确新纪录事件,A3 排除-无省份且无坐标,高,无省级归属信息，无法构成省级事件
1649,,Rana tabaca,河江,"Stuart, Bryan L., and Bain, Raoul H. (2005). THREE NEW SPECIES OF SPINULE-BEARING FROGS ALLIED TO RANA MEGATYM",新种描述文献中的伴随物种记录，非明确新纪录事件,C 排除-记录地为国外省区,高,省份为国外行政区
1650,安龙臭蛙,Rana anlungensis,,"Stuart, Bryan L., and Bain, Raoul H. (2005). THREE NEW SPECIES OF SPINULE-BEARING FROGS ALLIED TO RANA MEGATYM",新种描述文献中的伴随物种记录，非明确新纪录事件,A3 排除-无省份且无坐标,高,无省级归属信息，无法构成省级事件
1651,,Rana livida,,"Stuart, Bryan L., and Bain, Raoul H. (2005). THREE NEW SPECIES OF SPINULE-BEARING FROGS ALLIED TO RANA MEGATYM",新种描述文献中的伴随物种记录，非明确新纪录事件,A3 排除-无省份且无坐标,高,无省级归属信息，无法构成省级事件
1652,滇南臭蛙,Rana tiannanensis,,"Stuart, Bryan L., and Bain, Raoul H. (2005). THREE NEW SPECIES OF SPINULE-BEARING FROGS ALLIED TO RANA MEGATYM",新种描述文献中的伴随物种记录，非明确新纪录事件,A3 排除-无省份且无坐标,高,无省级归属信息，无法构成省级事件
1653,合江臭蛙,Rana hejiangensis,,"Stuart, Bryan L., and Bain, Raoul H. (2005). THREE NEW SPECIES OF SPINULE-BEARING FROGS ALLIED TO RANA MEGATYM",新种描述文献中的伴随物种记录，非明确新纪录事件,A3 排除-无省份且无坐标,高,无省级归属信息，无法构成省级事件
1662,,Huia masonii,爪哇岛,"Stuart, Bryan L. and Chan-ard, Tanya (2005). Two new Huia (Amphibia: Ranidae) from Laos and Thailand Copeia, 2",记录类型无法判定（原表未标注且引用无线索）,C 排除-记录地为国外省区,高,省份为国外行政区
1665,台湾小鲵,Hynobius formosanus,,JUNE-SHIANG LAI AND KUANG-YANG LUE (2004). TWO NEW HYNOBIUS (CAUDATA: HYNOBIIDAE) SALAMANDERS FROM TAIWAN,记录类型无法判定（原表未标注且引用无线索）,B7 坐标在境内可反推省份,中,无省份但坐标在境内；反推省份后按其文献类型处理（多为伴随→排除）
1666,楚南小鲵,Hynobius sonani,,JUNE-SHIANG LAI AND KUANG-YANG LUE (2004). TWO NEW HYNOBIUS (CAUDATA: HYNOBIIDAE) SALAMANDERS FROM TAIWAN,记录类型无法判定（原表未标注且引用无线索）,B7 坐标在境内可反推省份,中,无省份但坐标在境内；反推省份后按其文献类型处理（多为伴随→排除）
1667,阿里山小鲵,Hynobius arisanensis,,JUNE-SHIANG LAI AND KUANG-YANG LUE (2004). TWO NEW HYNOBIUS (CAUDATA: HYNOBIIDAE) SALAMANDERS FROM TAIWAN,记录类型无法判定（原表未标注且引用无线索）,B7 坐标在境内可反推省份,中,无省份但坐标在境内；反推省份后按其文献类型处理（多为伴随→排除）
1676,伊洛瓦底攀蜥,Calotes irawadi,,Yong Huang and Hongyu Li and Yilin Wang and Maojin Li and Mian Hou and Bo Cai (2023). Taxonomic review of the ,新种描述文献中的伴随物种记录，非明确新纪录事件,A3 排除-无省份且无坐标,高,无省级归属信息，无法构成省级事件
1684,,Euspondylus spinalis,,Germán Chávez and Karen Siu-Ting and Vilma Duran and Pablo J Venegas (2011). Two new species of Andean gymnoph,新种描述文献中的伴随物种记录，非明确新纪录事件,A3 排除-无省份且无坐标,高,无省级归属信息，无法构成省级事件
1685,,Euspondylus caideni,,Germán Chávez and Karen Siu-Ting and Vilma Duran and Pablo J Venegas (2011). Two new species of Andean gymnoph,新种描述文献中的伴随物种记录，非明确新纪录事件,A3 排除-无省份且无坐标,高,无省级归属信息，无法构成省级事件
1686,,Euspondylus rahmi,,Germán Chávez and Karen Siu-Ting and Vilma Duran and Pablo J Venegas (2011). Two new species of Andean gymnoph,新种描述文献中的伴随物种记录，非明确新纪录事件,A3 排除-无省份且无坐标,高,无省级归属信息，无法构成省级事件
1688,福鼎肥螈,Hypselotriton fudingensis,福建,Zhihao Jiang and Song Huang and Qiangyong Fan and Lin Cheng and Yanan Gong and Zhangbo Cui and Tierui Zhang an,新种描述文献中的伴随物种记录，非明确新纪录事件,A4 排除(建议)-伴随物种记录,高-政策项,新种/分类文献中的伴随物种记录，无新纪录声明（与CBNR排除规则一致）；证据完备者可选保留为occurrence
1689,东方肥螈,Hypselotriton orientalis,浙江,Zhihao Jiang and Song Huang and Qiangyong Fan and Lin Cheng and Yanan Gong and Zhangbo Cui and Tierui Zhang an,新种描述文献中的伴随物种记录，非明确新纪录事件,A4 排除(建议)-伴随物种记录,高-政策项,新种/分类文献中的伴随物种记录，无新纪录声明（与CBNR排除规则一致）；证据完备者可选保留为occurrence
1690,,Euspondylus simonsii,,Germán Chávez and Karen Siu-Ting and Vilma Duran and Pablo J Venegas (2011). Two new species of Andean gymnoph,新种描述文献中的伴随物种记录，非明确新纪录事件,A3 排除-无省份且无坐标,高,无省级归属信息，无法构成省级事件
1691,,Proctoporus bolivianus,,Germán Chávez and Karen Siu-Ting and Vilma Duran and Pablo J Venegas (2011). Two new species of Andean gymnoph,新种描述文献中的伴随物种记录，非明确新纪录事件,A3 排除-无省份且无坐标,高,无省级归属信息，无法构成省级事件
1693,草绿攀蜥,Japalura flaviceps,四川,Kai WANG and Ke JIANG and Da-Hu ZOU and Fang YAN and Cameron D. SILER and Jing CHE (2016). Two new species of ,新种描述文献中的伴随物种记录，非明确新纪录事件,A4 排除(建议)-伴随物种记录,高-政策项,新种/分类文献中的伴随物种记录，无新纪录声明（与CBNR排除规则一致）；证据完备者可选保留为occurrence
1696,巴塘攀蜥,Japalura batangensis,,Kai WANG and Ke JIANG and Da-Hu ZOU and Fang YAN and Cameron D. SILER and Jing CHE (2016). Two new species of ,新种描述文献中的伴随物种记录，非明确新纪录事件,A3 排除-无省份且无坐标,高,无省级归属信息，无法构成省级事件
1697,丽纹攀蜥,Japalura splendida,重庆,Kai WANG and Ke JIANG and Da-Hu ZOU and Fang YAN and Cameron D. SILER and Jing CHE (2016). Two new species of ,新种描述文献中的伴随物种记录，非明确新纪录事件,A4 排除(建议)-伴随物种记录,高-政策项,新种/分类文献中的伴随物种记录，无新纪录声明（与CBNR排除规则一致）；证据完备者可选保留为occurrence
1700,红唇棘蜥,Acanthosaura rubrilabris,云南,Shuo Liu and Zhimin Li and Wenguang Duan and Mian Hou and Dingqi Rao (2024). A new species of Cyrtodactylus Gr,新种描述文献中的伴随物种记录，非明确新纪录事件,A4 排除(建议)-伴随物种记录,高-政策项,新种/分类文献中的伴随物种记录，无新纪录声明（与CBNR排除规则一致）；证据完备者可选保留为occurrence
1701,多斑金花蛇,Boiga multomaculata,云南,Shuo Liu and Zhimin Li and Wenguang Duan and Mian Hou and Dingqi Rao (2024). A new species of Cyrtodactylus Gr,新种描述文献中的伴随物种记录，非明确新纪录事件,A4 排除(建议)-伴随物种记录,高-政策项,新种/分类文献中的伴随物种记录，无新纪录声明（与CBNR排除规则一致）；证据完备者可选保留为occurrence
1702,艾玛树蜥,Calotes emma,云南,Shuo Liu and Zhimin Li and Wenguang Duan and Mian Hou and Dingqi Rao (2024). A new species of Cyrtodactylus Gr,新种描述文献中的伴随物种记录，非明确新纪录事件,A4 排除(建议)-伴随物种记录,高-政策项,新种/分类文献中的伴随物种记录，无新纪录声明（与CBNR排除规则一致）；证据完备者可选保留为occurrence
1703,加氏半叶趾虎,Hemidactylus garnotii,云南,Shuo Liu and Zhimin Li and Wenguang Duan and Mian Hou and Dingqi Rao (2024). A new species of Cyrtodactylus Gr,新种描述文献中的伴随物种记录，非明确新纪录事件,A4 排除(建议)-伴随物种记录,高-政策项,新种/分类文献中的伴随物种记录，无新纪录声明（与CBNR排除规则一致）；证据完备者可选保留为occurrence
1704,横纹丽纹蛇,Lycodon fasciatus,云南,Shuo Liu and Zhimin Li and Wenguang Duan and Mian Hou and Dingqi Rao (2024). A new species of Cyrtodactylus Gr,新种描述文献中的伴随物种记录，非明确新纪录事件,A4 排除(建议)-伴随物种记录,高-政策项,新种/分类文献中的伴随物种记录，无新纪录声明（与CBNR排除规则一致）；证据完备者可选保留为occurrence
1705,草绿攀蜥,Japalura flaviceps,四川,Kai WANG and Ke JIANG and Da-Hu ZOU and Fang YAN and Cameron D. SILER and Jing CHE (2016). Two new species of ,新种描述文献中的伴随物种记录，非明确新纪录事件,A4 排除(建议)-伴随物种记录,高-政策项,新种/分类文献中的伴随物种记录，无新纪录声明（与CBNR排除规则一致）；证据完备者可选保留为occurrence
1707,石垣岛侧褶蛙,Nidirana okinavana,,Chun-Fu Lin and Chunwen Chang and Masafumi Matsui and Chin-Chia Shen and Atsushi Tominaga and Si-Min Lin (2025,记录类型无法判定（原表未标注且引用无线索）,B7 坐标在境内可反推省份,中,无省份但坐标在境内；反推省份后按其文献类型处理（多为伴随→排除）
1711,巴塘攀蜥,Japalura batangensis,,Kai WANG and Ke JIANG and Da-Hu ZOU and Fang YAN and Cameron D. SILER and Jing CHE (2016). Two new species of ,新种描述文献中的伴随物种记录，非明确新纪录事件,A3 排除-无省份且无坐标,高,无省级归属信息，无法构成省级事件
1712,丽纹攀蜥,Japalura splendida,重庆,Kai WANG and Ke JIANG and Da-Hu ZOU and Fang YAN and Cameron D. SILER and Jing CHE (2016). Two new species of ,新种描述文献中的伴随物种记录，非明确新纪录事件,A4 排除(建议)-伴随物种记录,高-政策项,新种/分类文献中的伴随物种记录，无新纪录声明（与CBNR排除规则一致）；证据完备者可选保留为occurrence
1713,,Nanorana yunnanensis,,Shuo Liu and Chao Bu and Mian Hou and Jing Chen and Yanfei Feng and Lue Ma and JiShan Wang and Dingqi Rao (202,新种描述文献中的伴随物种记录，非明确新纪录事件,A3 排除-无省份且无坐标,高,无省级归属信息，无法构成省级事件
1714,倭蛙,Nanorana pleskei,,Shuo Liu and Chao Bu and Mian Hou and Jing Chen and Yanfei Feng and Lue Ma and JiShan Wang and Dingqi Rao (202,新种描述文献中的伴随物种记录，非明确新纪录事件,A3 排除-无省份且无坐标,高,无省级归属信息，无法构成省级事件
1715,,Nanorana quadranus,,Shuo Liu and Chao Bu and Mian Hou and Jing Chen and Yanfei Feng and Lue Ma and JiShan Wang and Dingqi Rao (202,新种描述文献中的伴随物种记录，非明确新纪录事件,A3 排除-无省份且无坐标,高,无省级归属信息，无法构成省级事件
1718,,Nanorana unculuanus,,Shuo Liu and Chao Bu and Mian Hou and Jing Chen and Yanfei Feng and Lue Ma and JiShan Wang and Dingqi Rao (202,新种描述文献中的伴随物种记录，非明确新纪录事件,A3 排除-无省份且无坐标,高,无省级归属信息，无法构成省级事件
1726,那坡树蛙,Rhacophorus napoensis,广西,Shangjing Tang and Fanrong Xiao and Shuo Liu and Lijun Wang and Guohua Yu and Lina Du (2024). Underestimated s,新种描述文献中的伴随物种记录，非明确新纪录事件,A4 排除(建议)-伴随物种记录,高-政策项,新种/分类文献中的伴随物种记录，无新纪录声明（与CBNR排除规则一致）；证据完备者可选保留为occurrence
1728,那坡树蛙,Rhacophorus napoensis,广西,Shangjing Tang and Fanrong Xiao and Shuo Liu and Lijun Wang and Guohua Yu and Lina Du (2024). Underestimated s,新种描述文献中的伴随物种记录，非明确新纪录事件,A4 排除(建议)-伴随物种记录,高-政策项,新种/分类文献中的伴随物种记录，无新纪录声明（与CBNR排除规则一致）；证据完备者可选保留为occurrence
1731,,Rhacophorus reinwardtii,,Annemarie Ohler and Magali Delorme (2006). Well known does not mean well studied: Morphological and molecular ,记录类型无法判定（原表未标注且引用无线索）,待人工复核-未能在线定性,需人工,文献类型未能在线确认，建议查网盘原文（新纪录报道→事件表；调查/分类文→排除）
1739,小褶蛙,Occidozyga diminutiva,塔威塔威,Unknown Author (2020). Molecular systematic investigation of Philippine puddle frogs (Anura: Dicroglossidae: O,记录类型无法判定（原表未标注且引用无线索）,C 排除-记录地为国外省区,高,省份为国外行政区
1740,光滑褶蛙,Occidozyga laevis,塔威塔威,Unknown Author (2020). Molecular systematic investigation of Philippine puddle frogs (Anura: Dicroglossidae: O,记录类型无法判定（原表未标注且引用无线索）,C 排除-记录地为国外省区,高,省份为国外行政区
1741,,Occidozyga sumatrana,,Unknown Author (2020). Molecular systematic investigation of Philippine puddle frogs (Anura: Dicroglossidae: O,记录类型无法判定（原表未标注且引用无线索）,B7 坐标在境内可反推省份,中,无省份但坐标在境内；反推省份后按其文献类型处理（多为伴随→排除）
1742,奥斯汀龙蜥,Japalura austeniana,阿鲁纳恰尔邦,"Unknown Author (2010). MAJOR ARTICLE 1 TAPROBANICA VOL. Natural Science, 13, 1-8 https://doi.org/10.47605/tapr",记录类型无法判定（原表未标注且引用无线索）,C 排除-记录地为国外省区,高,省份为国外行政区
1799,台湾中国石龙子福尔摩沙亚种,Plestiodon chinensis formosensis,新北,Kazuki Kurita and Yukiko Nakamura and Taku Okamoto and Si-Min Lin and Tsutomu Hikida (2017). Taxonomic reasses,记录类型无法判定（原表未标注且引用无线索）,C 排除-记录地为国外省区,高,省份为国外行政区
1807,王锦蛇,Elaphe carinata,辽宁,"邱显淳、周圣博、齐硕、王小平、王昊天、王锦泽、史静耸、李丕鹏 (2023). 辽宁省爬行动物名录及地理区划更新 动物学杂志, 58(4), 523-539 https://doi.org/10.13859/j.cjz.2",记录类型无法判定（原表未标注且引用无线索）,B2 排除-调查/名录条目,高,调查/名录类文献条目，非事件级新纪录
1811,,Pareas kaduri,,Shuo Liu and Mingjing Yang and Jingqiu Rao and Yuhong Guo and Dingqi Rao (2023). A New Species of Pareas Wagle,新种描述文献中的伴随物种记录，非明确新纪录事件,A3 排除-无省份且无坐标,高,无省级归属信息，无法构成省级事件
1812,云南针鲜蛇,Pareas yunnanensis,,Shuo Liu and Mingjing Yang and Jingqiu Rao and Yuhong Guo and Dingqi Rao (2023). A New Species of Pareas Wagle,新种描述文献中的伴随物种记录，非明确新纪录事件,A3 排除-无省份且无坐标,高,无省级归属信息，无法构成省级事件
1813,虎纹针鲜蛇,Pareas tigerinus,云南,Shuo Liu and Mingjing Yang and Jingqiu Rao and Yuhong Guo and Dingqi Rao (2023). A New Species of Pareas Wagle,新种描述文献中的伴随物种记录，非明确新纪录事件,A4 排除(建议)-伴随物种记录,高-政策项,新种/分类文献中的伴随物种记录，无新纪录声明（与CBNR排除规则一致）；证据完备者可选保留为occurrence
1820,沙坝龙蜥,Diploderma chapaense,云南,王剀、任金龙、蒋珂、巫嘉伟、杨春华、徐会明、Kevin Messanger、雷开明、余辉亮、杨敬元、Cameron D. Siler、李家堂、车静 (2019). 龙蜥属Diploderma( 爬行纲Reptilia: ,记录类型无法判定（原表未标注且引用无线索）,待人工复核-未能在线定性,需人工,文献类型未能在线确认，建议查网盘原文（新纪录报道→事件表；调查/分类文→排除）
1821,墨脱高山麻蜥,Altiphylax medogense,,Shun Ma and Sheng‐Chao Shi and Tian‐Yu Qian and Lu‐Lu Sui and Bin Wang and Jian‐Ping Jiang (2024). A New Speci,新种描述文献中的伴随物种记录，非明确新纪录事件,A3 排除-无省份且无坐标,高,无省级归属信息，无法构成省级事件
1823,沙坝龙蜥,Diploderma chapaense,云南,王剀、任金龙、蒋珂、巫嘉伟、杨春华、徐会明、Kevin Messanger、雷开明、余辉亮、杨敬元、Cameron D. Siler、李家堂、车静 (2019). 龙蜥属Diploderma( 爬行纲Reptilia: ,记录类型无法判定（原表未标注且引用无线索）,待人工复核-未能在线定性,需人工,文献类型未能在线确认，建议查网盘原文（新纪录报道→事件表；调查/分类文→排除）
1831,尾斑瘰螈,Paramesotriton caudopunctatus,,"李松、田应洲、谷晓明、熊荣川 (2008). 瘰螈属一新种——龙里瘰螈(有尾目:蝾螈科) 动物学研究, 29(3), 313-317 https://doi.org/10.3724/SP.J.1141.2008.0331",新种描述文献中的伴随物种记录，非明确新纪录事件,A3 排除-无省份且无坐标,高,无省级归属信息，无法构成省级事件
1832,中国瘰螈,Paramesotriton chinensis,,"李松、田应洲、谷晓明、熊荣川 (2008). 瘰螈属一新种——龙里瘰螈(有尾目:蝾螈科) 动物学研究, 29(3), 313-317 https://doi.org/10.3724/SP.J.1141.2008.0331",新种描述文献中的伴随物种记录，非明确新纪录事件,A3 排除-无省份且无坐标,高,无省级归属信息，无法构成省级事件
1833,广西瘰螈,Trituroides guangxiensis,,"李松、田应洲、谷晓明、熊荣川 (2008). 瘰螈属一新种——龙里瘰螈(有尾目:蝾螈科) 动物学研究, 29(3), 313-317 https://doi.org/10.3724/SP.J.1141.2008.0331",新种描述文献中的伴随物种记录，非明确新纪录事件,A3 排除-无省份且无坐标,高,无省级归属信息，无法构成省级事件
1869,帆背龙蜥,Diploderma vela,西藏,"石胜超、石秀东、姚忠祎、齐银、江建平 (2022). 西藏八宿、左贡和芒康两栖爬行动物多样性调查报告 动物学杂志, 57(2), 236-246 https://doi.org/10.13859/j.cjz.202202",新种描述文献中的伴随物种记录，非明确新纪录事件,B2 排除-调查/名录条目,高,调查/名录类文献条目，非事件级新纪录
1873,滑腹龙蜥,Diploderma laeviventre,西藏,"石胜超、石秀东、姚忠祎、齐银、江建平 (2022). 西藏八宿、左贡和芒康两栖爬行动物多样性调查报告 动物学杂志, 57(2), 236-246 https://doi.org/10.13859/j.cjz.202202",新种描述文献中的伴随物种记录，非明确新纪录事件,B2 排除-调查/名录条目,高,调查/名录类文献条目，非事件级新纪录
1875,澜沧蝮,Gloydius huangi,西藏,"石胜超、石秀东、姚忠祎、齐银、江建平 (2022). 西藏八宿、左贡和芒康两栖爬行动物多样性调查报告 动物学杂志, 57(2), 236-246 https://doi.org/10.13859/j.cjz.202202",新种描述文献中的伴随物种记录，非明确新纪录事件,B2 排除-调查/名录条目,高,调查/名录类文献条目，非事件级新纪录
1879,四爪陆龟,Testudo horsfieldii,,"巴特乔龙, 杨长乐, 姚书印, 牛忠泽, 柴永斌, & 徐峰 (2019). 新疆艾比湖湿地国家级自然保护区发现四爪陆龟 动物学杂志, 54(6), 859 https://doi.org/10.13859/j.cjz.",记录类型无法判定（原表未标注且引用无线索）,A3 排除-无省份且无坐标,高,无省级归属信息，无法构成省级事件
1886,爪哇异盾蛇,Xenodermus javanicus,,Yuhao Xu and Shun Ma and Bo Cai and Diancheng Yang and Tianyou Zhang and Tianxuan Gu and Fengcheng Zhu and Son,记录类型无法判定（原表未标注且引用无线索）,A3 排除-无省份且无坐标,高,无省级归属信息，无法构成省级事件
1890,四川费氏蛙,Feirana quadranus,重庆、甘肃、湖北、四川、陕西,Xin YANG and Bin WANG and Junhua HU and Jianping JIANG (2011). A New Species of the Genus Feirana (Amphibia: A,新种描述文献中的伴随物种记录，非明确新纪录事件,A4 排除(建议)-伴随物种记录,高-政策项,新种/分类文献中的伴随物种记录，无新纪录声明（与CBNR排除规则一致）；证据完备者可选保留为occurrence
1895,大理瘰螈,Tylototriton taliangensis,,Daode YANG and Jianping JIANG and Youhui SHEN and Dongbo FEI (2014). A New Species of the Genus Tylototriton (,新种描述文献中的伴随物种记录，非明确新纪录事件,A3 排除-无省份且无坐标,高,无省级归属信息，无法构成省级事件
1896,贵州瘰螈,Tylototriton kweichowensis,,Daode YANG and Jianping JIANG and Youhui SHEN and Dongbo FEI (2014). A New Species of the Genus Tylototriton (,新种描述文献中的伴随物种记录，非明确新纪录事件,A3 排除-无省份且无坐标,高,无省级归属信息，无法构成省级事件
1902,棘短腿蟾,Brachytarsophrys carinense,,Yao Li and Dan-Dan Zhang and Zhi-Tong Lyu and Jian Wang and Yu-Long Li and Zu-Yao Liu and Hong-Hui Chen and Di,新种描述文献中的伴随物种记录，非明确新纪录事件,A3 排除-无省份且无坐标,高,无省级归属信息，无法构成省级事件
1906,波氏短腿蟾,Brachytarsophrys popei,,Yao Li and Dan-Dan Zhang and Zhi-Tong Lyu and Jian Wang and Yu-Long Li and Zu-Yao Liu and Hong-Hui Chen and Di,新种描述文献中的伴随物种记录，非明确新纪录事件,A3 排除-无省份且无坐标,高,无省级归属信息，无法构成省级事件
1909,鼻棱皮树蛙,Kurixalus naso,,"Guohua Yu and Hong Hui and Dingqi Rao and Junxing Yang (2018). A new species of Kurixalus from western Yunnan,",新种描述文献中的伴随物种记录，非明确新纪录事件,A3 排除-无省份且无坐标,高,无省级归属信息，无法构成省级事件
1910,海南棱皮树蛙,Kurixalus hainanus,,"Guohua Yu and Hong Hui and Dingqi Rao and Junxing Yang (2018). A new species of Kurixalus from western Yunnan,",新种描述文献中的伴随物种记录，非明确新纪录事件,A3 排除-无省份且无坐标,高,无省级归属信息，无法构成省级事件
1911,齿腿棱皮树蛙,Kurixalus odontotarsus,,"Guohua Yu and Hong Hui and Dingqi Rao and Junxing Yang (2018). A new species of Kurixalus from western Yunnan,",新种描述文献中的伴随物种记录，非明确新纪录事件,A3 排除-无省份且无坐标,高,无省级归属信息，无法构成省级事件
1918,峨眉角蟾,Megophrys omeimontis,,"江建平、叶昌媛、费梁 (2008). 中国湖南角蟾科一新种——桑植角蟾 动物学研究, 29(2), 219-222",新种描述文献中的伴随物种记录，非明确新纪录事件,A3 排除-无省份且无坐标,高,无省级归属信息，无法构成省级事件
1919,景东角蟾,Megophrys jingdongensis,,"江建平、叶昌媛、费梁 (2008). 中国湖南角蟾科一新种——桑植角蟾 动物学研究, 29(2), 219-222",新种描述文献中的伴随物种记录，非明确新纪录事件,A3 排除-无省份且无坐标,高,无省级归属信息，无法构成省级事件
1922,花臭蛙,Odorrana schmackeri,重庆,"费梁、叶昌媛、谢锋、江建平 (2007). 中国四川省蛙科一新种——南江臭蛙 (两栖纲:无尾目) 动物学研究, 28(5), 551-555",新种描述文献中的伴随物种记录，非明确新纪录事件,A4 排除(建议)-伴随物种记录,高-政策项,新种/分类文献中的伴随物种记录，无新纪录声明（与CBNR排除规则一致）；证据完备者可选保留为occurrence
1932,中国林蛙,Rana chensinensis,吉林,nan,记录类型无法判定（原表未标注且引用无线索）,待溯源-无引用信息,需人工,该行无文献引用，无法验证记录性质；请补充来源后再判定（建议查网盘合并前原始表）
1933,东北林蛙,Rana dybowskii,吉林,nan,记录类型无法判定（原表未标注且引用无线索）,待溯源-无引用信息,需人工,该行无文献引用，无法验证记录性质；请补充来源后再判定（建议查网盘合并前原始表）
1936,乌苏里蝮,Gloydius ussuriensis,黑龙江,nan,记录类型无法判定（原表未标注且引用无线索）,待溯源-无引用信息,需人工,该行无文献引用，无法验证记录性质；请补充来源后再判定（建议查网盘合并前原始表）
1940,高栏布角蟾,Boulenophrys gaolanensis,广东,Yi-Yang Zhao and Shi-Shi Lin and Yuan-Hang Li and Zhi-Tong Lyu and Ke Zheng and Zhao-Chi Zeng and Amaël Borzée,新种描述文献中的伴随物种记录，非明确新纪录事件,A4 排除(建议)-伴随物种记录,高-政策项,新种/分类文献中的伴随物种记录，无新纪录声明（与CBNR排除规则一致）；证据完备者可选保留为occurrence
1953,宜章臭蛙,Odorrana yizhangensis,湖北,nan,记录类型无法判定（原表未标注且引用无线索）,待溯源-无引用信息,需人工,该行无文献引用，无法验证记录性质；请补充来源后再判定（建议查网盘合并前原始表）
1956,鳄蜥,Shinisaurus crocodilurus,北江省和广宁,Mona van Schingen and Minh Duc Le and Hanh Thi Ngo and Cuong The Pham and Quynh Quy Ha and Truong Quang Nguyen,记录类型无法判定（原表未标注且引用无线索）,C 排除-记录地为国外省区,高,省份为国外行政区
1958,中国大鲵,Andrias davidianus,,Fang Yan、Jingcai Lü、Baolin Zhang、Zhiyong Yuan、Haipeng Zhao、Song Huang、Gang Wei、Xue Mi、Dahu Zou、Wei Xu、Shu Chen,记录类型无法判定（原表未标注且引用无线索）,A3 排除-无省份且无坐标,高,无省级归属信息，无法构成省级事件
1959,日本大鲵,Andrias japonicus,,Fang Yan、Jingcai Lü、Baolin Zhang、Zhiyong Yuan、Haipeng Zhao、Song Huang、Gang Wei、Xue Mi、Dahu Zou、Wei Xu、Shu Chen,记录类型无法判定（原表未标注且引用无线索）,A3 排除-无省份且无坐标,高,无省级归属信息，无法构成省级事件
1965,大头龟,Platysternon megacephalum,,Shiping Gong and Chatmongkon Suwannapoom and Minh Le and Truong Quang Nguyen and Yan Ge and Yufeng Wei and Yan,记录类型无法判定（原表未标注且引用无线索）,A3 排除-无省份且无坐标,高,无省级归属信息，无法构成省级事件
1977,高山棘螈,Echinotriton maxiquadratus,,JIAN WANG and ZHAO-CHI ZENG and ZHI-TONG LYU and SHUO QI and ZU-YAO LIU and HONG-HUI CHEN and YU-HONG LU and H,记录类型无法判定（原表未标注且引用无线索）,A3 排除-无省份且无坐标,高,无省级归属信息，无法构成省级事件
1978,南澳岛角蟾,Boulenophrys insularis,,JIAN WANG and ZHAO-CHI ZENG and ZHI-TONG LYU and SHUO QI and ZU-YAO LIU and HONG-HUI CHEN and YU-HONG LU and H,记录类型无法判定（原表未标注且引用无线索）,A3 排除-无省份且无坐标,高,无省级归属信息，无法构成省级事件
1979,三明角蟾,Boulenophrys sanmingensis,,JIAN WANG and ZHAO-CHI ZENG and ZHI-TONG LYU and SHUO QI and ZU-YAO LIU and HONG-HUI CHEN and YU-HONG LU and H,记录类型无法判定（原表未标注且引用无线索）,A3 排除-无省份且无坐标,高,无省级归属信息，无法构成省级事件
1980,潮州湍蛙,Amolops teochew,,JIAN WANG and ZHAO-CHI ZENG and ZHI-TONG LYU and SHUO QI and ZU-YAO LIU and HONG-HUI CHEN and YU-HONG LU and H,记录类型无法判定（原表未标注且引用无线索）,A3 排除-无省份且无坐标,高,无省级归属信息，无法构成省级事件
1984,东莞角蟾,Boulenophrys dongguanensis,,JIAN WANG and ZHAO-CHI ZENG and ZHI-TONG LYU and SHUO QI and ZU-YAO LIU and HONG-HUI CHEN and YU-HONG LU and H,记录类型无法判定（原表未标注且引用无线索）,A3 排除-无省份且无坐标,高,无省级归属信息，无法构成省级事件
1985,挂墩角蟾,Boulenophrys kuatunensis,,JIAN WANG and ZHAO-CHI ZENG and ZHI-TONG LYU and SHUO QI and ZU-YAO LIU and HONG-HUI CHEN and YU-HONG LU and H,记录类型无法判定（原表未标注且引用无线索）,A3 排除-无省份且无坐标,高,无省级归属信息，无法构成省级事件
1986,云开角蟾,Boulenophrys yunkaiensis,,JIAN WANG and ZHAO-CHI ZENG and ZHI-TONG LYU and SHUO QI and ZU-YAO LIU and HONG-HUI CHEN and YU-HONG LU and H,记录类型无法判定（原表未标注且引用无线索）,A3 排除-无省份且无坐标,高,无省级归属信息，无法构成省级事件
1996,疣背瘰螈,Tylototriton asperrimus,,Kanto NISHIKAWA and Ding-Qi RAO and Masafumi MATSUI and Koshiro ETO (2015). Taxonomic relationship between Tyl,记录类型无法判定（原表未标注且引用无线索）,A3 排除-无省份且无坐标,高,无省级归属信息，无法构成省级事件
1998,琉球棘螈,Echinotriton andersoni,,Kanto NISHIKAWA and Ding-Qi RAO and Masafumi MATSUI and Koshiro ETO (2015). Taxonomic relationship between Tyl,记录类型无法判定（原表未标注且引用无线索）,A3 排除-无省份且无坐标,高,无省级归属信息，无法构成省级事件
1999,瓦氏肋突螈,Pleurodeles waltl,,Kanto NISHIKAWA and Ding-Qi RAO and Masafumi MATSUI and Koshiro ETO (2015). Taxonomic relationship between Tyl,记录类型无法判定（原表未标注且引用无线索）,A3 排除-无省份且无坐标,高,无省级归属信息，无法构成省级事件
2000,绿纹钝口螈,Notophthalmus viridescens,,Kanto NISHIKAWA and Ding-Qi RAO and Masafumi MATSUI and Koshiro ETO (2015). Taxonomic relationship between Tyl,记录类型无法判定（原表未标注且引用无线索）,A3 排除-无省份且无坐标,高,无省级归属信息，无法构成省级事件
2005,鼻疣纤树蛙,Kurixalus naso,,"Guohua Yu and Hong Hui and Dingqi Rao and Junxing Yang (2018). A new species of Kurixalus from western Yunnan,",新种描述文献中的伴随物种记录，非明确新纪录事件,A3 排除-无省份且无坐标,高,无省级归属信息，无法构成省级事件
2006,海南纤树蛙,Kurixalus hainanus,,"Guohua Yu and Hong Hui and Dingqi Rao and Junxing Yang (2018). A new species of Kurixalus from western Yunnan,",新种描述文献中的伴随物种记录，非明确新纪录事件,A3 排除-无省份且无坐标,高,无省级归属信息，无法构成省级事件
2007,齿跗纤树蛙,Kurixalus odontotarsus,,"Guohua Yu and Hong Hui and Dingqi Rao and Junxing Yang (2018). A new species of Kurixalus from western Yunnan,",新种描述文献中的伴随物种记录，非明确新纪录事件,A3 排除-无省份且无坐标,高,无省级归属信息，无法构成省级事件
2014,宜章臭蛙,Odorrana yizhangensis,湖北,nan,记录类型无法判定（原表未标注且引用无线索）,待溯源-无引用信息,需人工,该行无文献引用，无法验证记录性质；请补充来源后再判定（建议查网盘合并前原始表）
2017,棘皮树蛙,Theloderma moloch,西藏,Ke JIANG and Fang YAN and Kai WANG and Da-Hu ZOU and Cheng LI and Jing CHE (2016). A new genus and species of ,记录类型无法判定（原表未标注且引用无线索）,待人工复核-未能在线定性,需人工,文献类型未能在线确认，建议查网盘原文（新纪录报道→事件表；调查/分类文→排除）
2024,林芝齿蟾,Scutiger nyingchiensis,,Ke JIANG and Kai WANG and Da-Hu ZOU and Fang YAN and Pi-Peng LI and Jing CHE (2016). A new species of the genu,新种描述文献中的伴随物种记录，非明确新纪录事件,A3 排除-无省份且无坐标,高,无省级归属信息，无法构成省级事件
2025,宝兴齿蟾,Scutiger boulengeri,甘肃、西藏,Ke JIANG and Kai WANG and Da-Hu ZOU and Fang YAN and Pi-Peng LI and Jing CHE (2016). A new species of the genu,新种描述文献中的伴随物种记录，非明确新纪录事件,A4 排除(建议)-伴随物种记录,高-政策项,新种/分类文献中的伴随物种记录，无新纪录声明（与CBNR排除规则一致）；证据完备者可选保留为occurrence
2026,斑纹齿蟾,Scutiger maculatus,,Ke JIANG and Kai WANG and Da-Hu ZOU and Fang YAN and Pi-Peng LI and Jing CHE (2016). A new species of the genu,新种描述文献中的伴随物种记录，非明确新纪录事件,A3 排除-无省份且无坐标,高,无省级归属信息，无法构成省级事件
2033,北草蜥,Takydromus septentrionalis,,nan,记录类型无法判定（原表未标注且引用无线索）,A3 排除-无省份且无坐标,高,无省级归属信息，无法构成省级事件
2034,崇安草蜥,Takydromus sylvaticus,,nan,记录类型无法判定（原表未标注且引用无线索）,A3 排除-无省份且无坐标,高,无省级归属信息，无法构成省级事件
2035,原尾蜥虎,Hemidactylus bowringii,海南,nan,记录类型无法判定（原表未标注且引用无线索）,待溯源-无引用信息,需人工,该行无文献引用，无法验证记录性质；请补充来源后再判定（建议查网盘合并前原始表）
2036,锯尾蜥虎,Hemidactylus garnotii,海南,nan,记录类型无法判定（原表未标注且引用无线索）,待溯源-无引用信息,需人工,该行无文献引用，无法验证记录性质；请补充来源后再判定（建议查网盘合并前原始表）
2037,疣尾蜥虎,Hemidactylus frenatus,海南,nan,记录类型无法判定（原表未标注且引用无线索）,待溯源-无引用信息,需人工,该行无文献引用，无法验证记录性质；请补充来源后再判定（建议查网盘合并前原始表）
2038,截趾虎,Gehyra mutilata,海南,nan,记录类型无法判定（原表未标注且引用无线索）,待溯源-无引用信息,需人工,该行无文献引用，无法验证记录性质；请补充来源后再判定（建议查网盘合并前原始表）
2039,香港瘰螈,Paramesotriton hongkongensis,香港、广东,ZHIYONG YUAN and YUNKE WU and JIAJUN ZHOU & JING CHE (2016). A new species of the genus Paramesotriton (Caudat,新种描述文献中的伴随物种记录，非明确新纪录事件,A4 排除(建议)-伴随物种记录,高-政策项,新种/分类文献中的伴随物种记录，无新纪录声明（与CBNR排除规则一致）；证据完备者可选保留为occurrence
2040,福建瘰螈,Paramesotriton fuzhongensis,广西,ZHIYONG YUAN and YUNKE WU and JIAJUN ZHOU & JING CHE (2016). A new species of the genus Paramesotriton (Caudat,新种描述文献中的伴随物种记录，非明确新纪录事件,A4 排除(建议)-伴随物种记录,高-政策项,新种/分类文献中的伴随物种记录，无新纪录声明（与CBNR排除规则一致）；证据完备者可选保留为occurrence
2042,宽唇瘰螈,Paramesotriton labiatus,广西,ZHIYONG YUAN and YUNKE WU and JIAJUN ZHOU & JING CHE (2016). A new species of the genus Paramesotriton (Caudat,新种描述文献中的伴随物种记录，非明确新纪录事件,A1/B1 排除-同种同省已收录(再记录),高,同种同省组合已由更早/已收录文献建立，本行为再记录
2043,短肢肥螈,Pachytriton brevipes,江西,ZHIYONG YUAN and YUNKE WU and JIAJUN ZHOU & JING CHE (2016). A new species of the genus Paramesotriton (Caudat,新种描述文献中的伴随物种记录，非明确新纪录事件,A4 排除(建议)-伴随物种记录,高-政策项,新种/分类文献中的伴随物种记录，无新纪录声明（与CBNR排除规则一致）；证据完备者可选保留为occurrence
2050,北滑蜥,Scincella septentrionalis,辽宁,nan,记录类型无法判定（原表未标注且引用无线索）,待溯源-无引用信息,需人工,该行无文献引用，无法验证记录性质；请补充来源后再判定（建议查网盘合并前原始表）
2071,黑眶蟾蜍,Duttaphrynus melanostictus,澳门,黄继展、葛研、龚世平、简汉彪、李志锐、吴作谦 (2015) 动物学杂志 10.13859/j.cjz.201502016,记录类型无法判定（原表未标注且引用无线索）,排除-伴随物种（调查背景种）,高,"已核原文：《澳门发现台北纤蛙》(动物学杂志2015,50(2))仅报道台北纤蛙一种澳门新纪录，本行为文中背景种"
2072,斑腿泛树蛙,Polypedates megacephalus,澳门,黄继展、葛研、龚世平、简汉彪、李志锐、吴作谦 (2015) 动物学杂志 10.13859/j.cjz.201502016,记录类型无法判定（原表未标注且引用无线索）,排除-伴随物种（调查背景种）,高,"已核原文：《澳门发现台北纤蛙》(动物学杂志2015,50(2))仅报道台北纤蛙一种澳门新纪录，本行为文中背景种"
2073,饰纹姬蛙,Microhyla fissipes,澳门,黄继展、葛研、龚世平、简汉彪、李志锐、吴作谦 (2015) 动物学杂志 10.13859/j.cjz.201502016,记录类型无法判定（原表未标注且引用无线索）,排除-伴随物种（调查背景种）,高,"已核原文：《澳门发现台北纤蛙》(动物学杂志2015,50(2))仅报道台北纤蛙一种澳门新纪录，本行为文中背景种"
2074,白唇竹叶青蛇,Trimeresurus albolabris,澳门,黄继展、葛研、龚世平、简汉彪、李志锐、吴作谦 (2015) 动物学杂志 10.13859/j.cjz.201502016,记录类型无法判定（原表未标注且引用无线索）,排除-伴随物种（调查背景种）,高,"已核原文：《澳门发现台北纤蛙》(动物学杂志2015,50(2))仅报道台北纤蛙一种澳门新纪录，本行为文中背景种"
2075,中国水蛇,Enhydris chinensis,澳门,黄继展、葛研、龚世平、简汉彪、李志锐、吴作谦 (2015) 动物学杂志 10.13859/j.cjz.201502016,记录类型无法判定（原表未标注且引用无线索）,排除-伴随物种（调查背景种）,高,"已核原文：《澳门发现台北纤蛙》(动物学杂志2015,50(2))仅报道台北纤蛙一种澳门新纪录，本行为文中背景种"
2079,棘胸蛙,Quasipaa spinosa,,王臻祺、仇志欣、梁涛、沈伟、鲁长虎 (2022) 动物学杂志 10.13859/j.cjz.202202017,记录类型无法判定（原表未标注且引用无线索）,A3 排除-无省份且无坐标,高,无省级归属信息，无法构成省级事件
2080,泽陆蛙,Fejervarya multistriata,,王臻祺、仇志欣、梁涛、沈伟、鲁长虎 (2022) 动物学杂志 10.13859/j.cjz.202202017,记录类型无法判定（原表未标注且引用无线索）,A3 排除-无省份且无坐标,高,无省级归属信息，无法构成省级事件
2081,中华蟾蜍,Bufo gargarizans,,王臻祺、仇志欣、梁涛、沈伟、鲁长虎 (2022) 动物学杂志 10.13859/j.cjz.202202017,记录类型无法判定（原表未标注且引用无线索）,A3 排除-无省份且无坐标,高,无省级归属信息，无法构成省级事件
2082,阔褶水蛙,Hylarana latouchii,,王臻祺、仇志欣、梁涛、沈伟、鲁长虎 (2022) 动物学杂志 10.13859/j.cjz.202202017,记录类型无法判定（原表未标注且引用无线索）,A3 排除-无省份且无坐标,高,无省级归属信息，无法构成省级事件
2083,武夷湍蛙,Amolops wuyiensis,,王臻祺、仇志欣、梁涛、沈伟、鲁长虎 (2022) 动物学杂志 10.13859/j.cjz.202202017,记录类型无法判定（原表未标注且引用无线索）,A3 排除-无省份且无坐标,高,无省级归属信息，无法构成省级事件
2092,钝尾两头蛇,Calamaria septentrionalis,,nan,记录类型无法判定（原表未标注且引用无线索）,A3 排除-无省份且无坐标,高,无省级归属信息，无法构成省级事件
2093,翠青蛇,Cyclophiops major,,nan,记录类型无法判定（原表未标注且引用无线索）,A3 排除-无省份且无坐标,高,无省级归属信息，无法构成省级事件
2095,小弧斑姬蛙,Microhyla heymonsi,,nan,记录类型无法判定（原表未标注且引用无线索）,A3 排除-无省份且无坐标,高,无省级归属信息，无法构成省级事件
2107,福建竹叶青蛇,Trimeresurus stejnegeri,,陈慧玲、杨瑞刚、杨志刚、武正军、陈泽柠 (2025) 动物学杂志 10.13859/j.cjz.202524276,记录类型无法判定（原表未标注且引用无线索）,A3 排除-无省份且无坐标,高,无省级归属信息，无法构成省级事件
2113,棘胸短腿蟾,Brachytarsophrys carinense,,Yao Li and Dan-Dan Zhang and Zhi-Tong Lyu and Jian Wang and Yu-Long Li and Zu-Yao Liu and Hong-Hui Chen and Di,新种描述文献中的伴随物种记录，非明确新纪录事件,A3 排除-无省份且无坐标,高,无省级归属信息，无法构成省级事件
2117,波普短腿蟾,Brachytarsophrys popei,,Yao Li and Dan-Dan Zhang and Zhi-Tong Lyu and Jian Wang and Yu-Long Li and Zu-Yao Liu and Hong-Hui Chen and Di,新种描述文献中的伴随物种记录，非明确新纪录事件,A3 排除-无省份且无坐标,高,无省级归属信息，无法构成省级事件
2125,棘胸蛙,Paaspinosa,,nan,记录类型无法判定（原表未标注且引用无线索）,A3 排除-无省份且无坐标,高,无省级归属信息，无法构成省级事件
2126,双团棘胸蛙,Paas yunnanensis,,nan,记录类型无法判定（原表未标注且引用无线索）,A3 排除-无省份且无坐标,高,无省级归属信息，无法构成省级事件
2127,铜蜓蜥,Sphenomorphus indicus,,nan,记录类型无法判定（原表未标注且引用无线索）,A3 排除-无省份且无坐标,高,无省级归属信息，无法构成省级事件
2129,香港湍蛙,Amolops hongkongensis,香港,"YIK-HEI SUNG, PING HU, JIAN WANG, HAI-JUN LIU & YING-YONG WANG (2016). A new species of Amolops (Anura: Ranida",新种描述文献中的伴随物种记录，非明确新纪录事件,A4 排除(建议)-伴随物种记录,高-政策项,新种/分类文献中的伴随物种记录，无新纪录声明（与CBNR排除规则一致）；证据完备者可选保留为occurrence
2130,戴云湍蛙,Amolops daiyunensis,福建,"YIK-HEI SUNG, PING HU, JIAN WANG, HAI-JUN LIU & YING-YONG WANG (2016). A new species of Amolops (Anura: Ranida",新种描述文献中的伴随物种记录，非明确新纪录事件,A4 排除(建议)-伴随物种记录,高-政策项,新种/分类文献中的伴随物种记录，无新纪录声明（与CBNR排除规则一致）；证据完备者可选保留为occurrence
2131,棘胸湍蛙,Amolops ricketti,江西、福建,"YIK-HEI SUNG, PING HU, JIAN WANG, HAI-JUN LIU & YING-YONG WANG (2016). A new species of Amolops (Anura: Ranida",新种描述文献中的伴随物种记录，非明确新纪录事件,A4 排除(建议)-伴随物种记录,高-政策项,新种/分类文献中的伴随物种记录，无新纪录声明（与CBNR排除规则一致）；证据完备者可选保留为occurrence
2132,中国石龙子,Eumeces chinensis,,nan,记录类型无法判定（原表未标注且引用无线索）,A3 排除-无省份且无坐标,高,无省级归属信息，无法构成省级事件
2133,黑背白环蛇,Lycodon ruhstrati,,nan,记录类型无法判定（原表未标注且引用无线索）,A3 排除-无省份且无坐标,高,无省级归属信息，无法构成省级事件
2137,艾氏树蛙,Kurixalus eiffingeri,,Shu-Ping Wu and Chuan-Chin Huang and Chi-Li Tsai and Te-En Lin and Jhih-Jia Jhang and Sheng-Hai Wu (2016). Sys,记录类型无法判定（原表未标注且引用无线索）,B7 坐标在境内可反推省份,中,无省份但坐标在境内；反推省份后按其文献类型处理（多为伴随→排除）
2138,台北树蛙,Kurixalus idiootocus,,Shu-Ping Wu and Chuan-Chin Huang and Chi-Li Tsai and Te-En Lin and Jhih-Jia Jhang and Sheng-Hai Wu (2016). Sys,记录类型无法判定（原表未标注且引用无线索）,B7 坐标在境内可反推省份,中,无省份但坐标在境内；反推省份后按其文献类型处理（多为伴随→排除）
2140,台湾中国石龙子,Plestiodon chinensis formosensis,新北,Kazuki Kurita and Yukiko Nakamura and Taku Okamoto and Si-Min Lin and Tsutomu Hikida (2017). Taxonomic reasses,记录类型无法判定（原表未标注且引用无线索）,C 排除-记录地为国外省区,高,省份为国外行政区
2145,北方印蛙,Ingerana borealis,西藏,Fang YAN and Ke JIANG and Kai WANG and Jie-Qiong JIN and Chatmongkon SUWANNAPOOM and Cheng LI and Jens V. VIND,记录类型无法判定（原表未标注且引用无线索）,待人工复核-未能在线定性,需人工,文献类型未能在线确认，建议查网盘原文（新纪录报道→事件表；调查/分类文→排除）
2153,安氏后棱蛇,Opisthotropis andersonii,,YING-YONG WANG and QIANG GUO and ZU-YAO LIU and ZHI-TONG LYU and JIAN WANG and LIN LUO and YAN-JUN SUN and YAN,新种描述文献中的伴随物种记录，非明确新纪录事件,B7 坐标在境内可反推省份,中,无省份但坐标在境内；反推省份后按其文献类型处理（多为伴随→排除）
2154,麦氏后棱蛇,Opisthotropis maxwelli,福建,YING-YONG WANG and QIANG GUO and ZU-YAO LIU and ZHI-TONG LYU and JIAN WANG and LIN LUO and YAN-JUN SUN and YAN,新种描述文献中的伴随物种记录，非明确新纪录事件,A4 排除(建议)-伴随物种记录,高-政策项,新种/分类文献中的伴随物种记录，无新纪录声明（与CBNR排除规则一致）；证据完备者可选保留为occurrence
2155,棘胸蛙,Quasipaa spinosa,,陈智强、王远飞、樊晓丽、丁国骅、林植华 (2018) 动物学杂志 Chinese Journal of Zoology 10.13859/j.cjz.201806017,记录类型无法判定（原表未标注且引用无线索）,A3 排除-无省份且无坐标,高,无省级归属信息，无法构成省级事件
2156,泽陆蛙,Fejervarya multistriata,,陈智强、王远飞、樊晓丽、丁国骅、林植华 (2018) 动物学杂志 Chinese Journal of Zoology 10.13859/j.cjz.201806017,记录类型无法判定（原表未标注且引用无线索）,A3 排除-无省份且无坐标,高,无省级归属信息，无法构成省级事件
2157,中华蟾蜍,Bufo gargarizans,,陈智强、王远飞、樊晓丽、丁国骅、林植华 (2018) 动物学杂志 Chinese Journal of Zoology 10.13859/j.cjz.201806017,记录类型无法判定（原表未标注且引用无线索）,A3 排除-无省份且无坐标,高,无省级归属信息，无法构成省级事件
2159,武夷湍蛙,Amolops wuyiensis,,陈智强、王远飞、樊晓丽、丁国骅、林植华 (2018) 动物学杂志 Chinese Journal of Zoology 10.13859/j.cjz.201806017,记录类型无法判定（原表未标注且引用无线索）,A3 排除-无省份且无坐标,高,无省级归属信息，无法构成省级事件
2161,单后颞鳞腹链蛇,Plagiopholis unipostocularis,云南,GUANG HUI ZHONG and WEN DE CHEN and QIN LIU and FEI ZHU and PEI HAO PENG & PENG GUO (2015). Valid or not? Yunn,记录类型无法判定（原表未标注且引用无线索）,待人工复核-未能在线定性,需人工,文献类型未能在线确认，建议查网盘原文（新纪录报道→事件表；调查/分类文→排除）
2162,布莱克威腹链蛇,Plagiopholis blakewayi,云南,GUANG HUI ZHONG and WEN DE CHEN and QIN LIU and FEI ZHU and PEI HAO PENG & PENG GUO (2015). Valid or not? Yunn,记录类型无法判定（原表未标注且引用无线索）,待人工复核-未能在线定性,需人工,文献类型未能在线确认，建议查网盘原文（新纪录报道→事件表；调查/分类文→排除）
2164,海南棱蜥,Tropidophorus hainanus,江西,杨道德、刘松、费冬波、喻兴雷、谷颖乐、卢何军、陈辉敏、朱家椿 (2008) 动物学杂志,记录类型无法判定（原表未标注且引用无线索）,疑为真实省级新纪录-高优先人工复核,需人工,海南闪鳞蛇/海南棱蜥/福建华珊瑚蛇之江西记录疑出自新纪录/考察报道，未能在线核实原文，建议到网盘查PDF确认后转入事件表
2165,福建华珊瑚蛇,Sinomicrurus kelloggi,江西,杨道德、刘松、费冬波、喻兴雷、谷颖乐、卢何军、陈辉敏、朱家椿 (2008) 动物学杂志,记录类型无法判定（原表未标注且引用无线索）,疑为真实省级新纪录-高优先人工复核,需人工,海南闪鳞蛇/海南棱蜥/福建华珊瑚蛇之江西记录疑出自新纪录/考察报道，未能在线核实原文，建议到网盘查PDF确认后转入事件表
2168,中华湍蛙,Amolops sinensis,湖南,高志伟、齐硕、钱天宇、黄太福、康祖杰、杨道德 (2023) 动物学杂志 Chinese Journal of Zoology 10.13859/j.cjz.202302012,记录类型无法判定（原表未标注且引用无线索）,排除-伴随物种（比较种）,高,已核原文：《湖南发现四川竹叶青蛇》(动物学杂志2023)，主新纪录种已在事件表，本行为文中比较种
2169,崇安湍蛙,Amolops,湖南,高志伟、齐硕、钱天宇、黄太福、康祖杰、杨道德 (2023) 动物学杂志 Chinese Journal of Zoology 10.13859/j.cjz.202302012,记录类型无法判定（原表未标注且引用无线索）,排除-伴随物种（比较种）,高,已核原文：《湖南发现四川竹叶青蛇》(动物学杂志2023)，主新纪录种已在事件表，本行为文中比较种
2171,福建竹叶青蛇,Trimeresurus stejnegeri,湖南,高志伟、齐硕、钱天宇、黄太福、康祖杰、杨道德 (2023) 动物学杂志 Chinese Journal of Zoology 10.13859/j.cjz.202302012,记录类型无法判定（原表未标注且引用无线索）,排除-伴随物种（比较种）,高,已核原文：《湖南发现四川竹叶青蛇》(动物学杂志2023)，主新纪录种已在事件表，本行为文中比较种
2172,越南臭蛙,Odorrana yentuensis,广西,"Wei-Cai Chen and Yun-Ming Mo and Li Lin and Kun Qin (2024). A new species of Odorrana Fei, Ye & Huang, 1990 (A",新种描述文献中的伴随物种记录，非明确新纪录事件,A4 排除(建议)-伴随物种记录,高-政策项,新种/分类文献中的伴随物种记录，无新纪录声明（与CBNR排除规则一致）；证据完备者可选保留为occurrence
2173,小臭蛙,Odorrana exiliversabilis,福建,"Wei-Cai Chen and Yun-Ming Mo and Li Lin and Kun Qin (2024). A new species of Odorrana Fei, Ye & Huang, 1990 (A",新种描述文献中的伴随物种记录，非明确新纪录事件,A4 排除(建议)-伴随物种记录,高-政策项,新种/分类文献中的伴随物种记录，无新纪录声明（与CBNR排除规则一致）；证据完备者可选保留为occurrence
2175,刘氏臭蛙,Odorrana grahami,云南,"Wei-Cai Chen and Yun-Ming Mo and Li Lin and Kun Qin (2024). A new species of Odorrana Fei, Ye & Huang, 1990 (A",新种描述文献中的伴随物种记录，非明确新纪录事件,A4 排除(建议)-伴随物种记录,高-政策项,新种/分类文献中的伴随物种记录，无新纪录声明（与CBNR排除规则一致）；证据完备者可选保留为occurrence
2176,草臭蛙,Odorrana graminea,海南,"Wei-Cai Chen and Yun-Ming Mo and Li Lin and Kun Qin (2024). A new species of Odorrana Fei, Ye & Huang, 1990 (A",新种描述文献中的伴随物种记录，非明确新纪录事件,A4 排除(建议)-伴随物种记录,高-政策项,新种/分类文献中的伴随物种记录，无新纪录声明（与CBNR排除规则一致）；证据完备者可选保留为occurrence
2177,棕脊蛇,Achalinus rufescens,,马舜、石胜超、江建平 (2023) 动物学杂志 10.13859/j.cjz.202305010,记录类型无法判定（原表未标注且引用无线索）,B7 坐标在境内可反推省份,中,无省份但坐标在境内；反推省份后按其文献类型处理（多为伴随→排除）
2184,花臭蛙,Odorrana schmackeri,湖南,何玉晓、朱艳军、冯琦琦、李真、陈卓、陈晓虹 (2017) 动物学杂志 Chinese Journal of Zoology 10.13859/j.cjz.201704008,记录类型无法判定（原表未标注且引用无线索）,待人工复核-未能在线定性,需人工,文献类型未能在线确认，建议查网盘原文（新纪录报道→事件表；调查/分类文→排除）
2197,镇海林蛙,Rana zhenhaiensis,,赵玉瑞、朱滨清、高朔、王乐、吴延庆 (2023) 动物学杂志 Chinese Journal of Zoology 10.13859/j.cjz.202304013,记录类型无法判定（原表未标注且引用无线索）,A3 排除-无省份且无坐标,高,无省级归属信息，无法构成省级事件
2199,寒露林蛙,Rana hanluica,,赵玉瑞、朱滨清、高朔、王乐、吴延庆 (2023) 动物学杂志 Chinese Journal of Zoology 10.13859/j.cjz.202304013,记录类型无法判定（原表未标注且引用无线索）,A3 排除-无省份且无坐标,高,无省级归属信息，无法构成省级事件
2201,橙脊瘰螈,Paramesotriton aurantius,,赵玉瑞、朱滨清、高朔、王乐、吴延庆 (2023) 动物学杂志 Chinese Journal of Zoology 10.13859/j.cjz.202304013,记录类型无法判定（原表未标注且引用无线索）,A3 排除-无省份且无坐标,高,无省级归属信息，无法构成省级事件
2203,镇海林蛙,Rana zhenhaiensis,,金伟、王聿凡、蒋珂、刘宝权、周佳俊、许济南 (2017) 动物学杂志 10.13859/j.cjz.201706014,记录类型无法判定（原表未标注且引用无线索）,A3 排除-无省份且无坐标,高,无省级归属信息，无法构成省级事件
2204,中华蟾蜍,Bufo gargarizans,,金伟、王聿凡、蒋珂、刘宝权、周佳俊、许济南 (2017) 动物学杂志 10.13859/j.cjz.201706014,记录类型无法判定（原表未标注且引用无线索）,A3 排除-无省份且无坐标,高,无省级归属信息，无法构成省级事件
2217,铅山壁虎,Gekko hokouensis,,林俊聰 & 姚秋如 and Jun-Tsong Lin and Chiou-Ju Yao (2016). 臺灣宜蘭縣龜山島壁虎屬 (Gekko) (有鱗目:蜥蜴亞目: 壁虎科) 一新種 A New Species of ,新种描述文献中的伴随物种记录，非明确新纪录事件,A3 排除-无省份且无坐标,高,无省级归属信息，无法构成省级事件
2226,雷山角蟾,Panophrys leishanensis,贵州,Tao Luo and Yali Wang and Siwei Wang and Xueli Lu and Weifeng Wang and Huaiqing Deng and Jiang Zhou (2021). A ,记录类型无法判定（原表未标注且引用无线索）,待人工复核-未能在线定性,需人工,文献类型未能在线确认，建议查网盘原文（新纪录报道→事件表；调查/分类文→排除）
2227,荔波角蟾,Panophrys liboensis,贵州,Tao Luo and Yali Wang and Siwei Wang and Xueli Lu and Weifeng Wang and Huaiqing Deng and Jiang Zhou (2021). A ,记录类型无法判定（原表未标注且引用无线索）,待人工复核-未能在线定性,需人工,文献类型未能在线确认，建议查网盘原文（新纪录报道→事件表；调查/分类文→排除）
