ID,Class_CN,Chinese_name_COL_China_2026,Scientific_name_COL_China_2026,Chinese_name_as_published,Scientific_name_as_published,Reported_rank,OrderCN_COL_China_2026,OrderLA_COL_China_2026,FamilyCN_COL_China_2026,FamilyLA_COL_China_2026,GenusCN_COL_China_2026,GenusLA_COL_China_2026,Taxon_match_method,Taxon_match_note,Original_distribution,New_distribution_province,Province_basis,Discovery_sites,Longitude,Latitude,Coordinate_basis,Altitude_raw,Altitude_m,Discovery_date,Discovery_date_raw,Habitat_category,Habitat_raw,Evidence_type,Voucher,Record_type,Record_type_basis,Duplicate_group,IUCN_RED_LIST,CHINA_RED_LIST,China_Protection_Class,Endemic_to_China,Source_citation,Source_publication_year,Source_authors,Source_journal,DOI,Source_row
1,两栖纲,多疣棘蛙,Quasipaa verrucospinosa,多疣棘蛙,Paa verrucospinosa,种,无尾目,Anura,叉舌蛙科,Dicroglossidae,棘胸蛙属,Quasipaa,中文名精确,,国外仅分布于越南北部的沙坝,云南,原表标注,景洪市勐龙乡勐宋村、勐腊县勐远镇艺班东村,100.51,21.49,原文报道坐标,1600、1400,1500.0,2003-07,2003年7月、2004年8月,混合生境（溪流/河流+森林+灌丛/草地）,"山溪及其附近,常蹲在长有苔藓的石头上;溪流内水流清澈,石块甚多,两岸植被茂密,多为常绿阔叶林和灌丛,有竹类杂生",标本,20040801、20040802、20040803、20040804、20030724003、20030724004、20030724005、20030724006,新纪录,原表标注,,,,,,"胡健生,陈明勇,董永华.中国两栖动物新纪录——多疣棘蛙的再证实[J].四川动物,2005,(3):340-341+441.",2005,胡健生、陈明勇、董永华,四川动物,,2
2,两栖纲,大蟾蜍,Bufo bufo,大蟾蜍,Bufo bufo,种,无尾目,Anura,蟾蜍科,Bufonidae,蟾蜍属,Bufo,拉丁名精确,,"主要分布在欧洲、非洲西北部和亚洲,向北可达斯堪维尼亚半岛,西起葡萄牙,向东可达西伯利亚的贝加尔湖",新疆,原表标注,新疆维吾尔自治区哈巴河县郊,86.42,48.06,原文报道坐标,511,511.0,2004-08-07,2004年8月7日,,,标本,"XND04011,XND04012,XND04013",新纪录,原表标注,,,,,,"时磊,周永恒,原洪.中国蟾蜍一新纪录——大蟾蜍[J].动物分类学报,2005,(2):444-445.",2005,时磊、周永恒、原洪,动物分类学报,,5
3,两栖纲,河口湍蛙,Amolops shihaitaoi,河口湍蛙,Amolops shihaitaoi,种,无尾目,Anura,蛙科,Ranidae,湍蛙属,Amolops,拉丁名精确,,中国云南省河口县;中国广西壮族自治区靖西市;越南北部(永福省、高平省和老街省),广西,原表标注,中国广西壮族自治区靖西市,106.42,23.13,原文报道坐标,,,,,,,标本,YPX6306,新纪录,原表标注,,,,,,"Jian Wang and Jing Li and Lingyun Du and Mian Hou and Guohua Yu (2022). A cryptic species of the Amolops ricketti species group (Anura, Ranidae) from China–Vietnam border regions ZooKeys, 1112, 139–159 https://doi.org/10.3897/zookeys.1112.82551",2022,"Wang J, Li J, Du L, Hou M, Yu G",ZooKeys,10.3897/zookeys.1112.82551,8
4,两栖纲,合江棘蛙,Quasipaa robertingeri,合江棘蛙,Paarobertingeri,种,无尾目,Anura,叉舌蛙科,Dicroglossidae,棘胸蛙属,Quasipaa,中文名精确,,此前仅发现于四川合江县天堂坝,云南,原表标注,云南威信县与四川省交界的长安镇大雪山白鹤池林场及其附近区域,104.77,27.88,原文报道坐标,900~1500,1200.0,2007-07,2007年7月~2008年6月,混合生境（溪流/河流+森林+灌丛/草地）,"山溪及其附近,溪水清澈,溪内石块和枯枝落叶甚多,两岸植被繁茂,多为常绿乔木和灌丛,间生有竹类,部分溪流两岸主要为竹林",标本,YBU072025、YBU072042-44,新纪录,原表标注,,,,,,"李操,张中东,温涛,等.云南省两栖动物一新纪录——合江棘蛙[J].四川动物,2009,28(6):923-924.",2009,李操、张中东、温涛、彭浩、郭鹏,四川动物,,9
5,两栖纲,阔褶水蛙,Sylvirana latouchii,阔褶蛙,Ranalatouchii,种,无尾目,Anura,蛙科,Ranidae,肱腺蛙属,Sylvirana,中文名模糊,"中文名疑有出入,按名录“阔褶水蛙”匹配,请复核",分布于我国贵州、广西、广东、湖北、湖南、江西、安徽、江苏、浙江、福建、台湾等地,云南,原表标注,云南省勐仑中国科学院西双版纳热带植物园,101.4167,21.0667,原文报道坐标,570,570.0,2008-03-13,2008年3月13日,混合生境（森林+湿地/静水水体）,"水塘,水深约0.5m,水面有荷叶,周围是阔叶植物和假山",标本,,新纪录,原表标注,,,,,,"Xue, H. F., Jiang, K., & Rao, D. Q. (2009). A new record of amphibian in Yunnan Province: Rana latouchii. Sichuan Journal of Zoology, 28(6), 924–924.",2009,薛皓峰、蒋珂、饶定齐,四川动物,,10
6,两栖纲,棕点湍蛙,Amolops loloensis,棕点湍蛙,Amolops loloensis,种,无尾目,Anura,蛙科,Ranidae,湍蛙属,Amolops,拉丁名精确,,省外目前仅分布于四川的部分县市,云南,原表标注,巧家县东坪乡威宁村,103.0861,27.3125,原文报道坐标,2200,2200.0,2002-08,2002年8月,混合生境（溪流/河流+灌丛/草地）,灌丛茂密、山溪湍流地带,标本,200208001、200208002、200208012、200208013、200208050、200208051,新纪录,原表标注,,,,,,"胡健生,陈明勇,吴竹刚.云南省两栖动物新纪录——棕点湍蛙[J].四川动物,2003,(3):148.",2003,胡健生、陈明勇、吴竹刚,四川动物,,11
7,两栖纲,奥氏越南姬蛙,Vietnamophryne orlovi,奥氏越南姬蛙,Vietnamophryne orlovi,种,无尾目,Anura,姬蛙科,Microhylidae,越南姬蛙属,Vietnamophryne,拉丁名精确,,越南中部及北部的嘉莱省和高平省,云南,原表标注,大围山国家级自然保护区,103.6995,22.9634,原文报道坐标,1502,1502.0,2019-07-17,2019年7月17日,森林,针阔混交林,标本,SWFU 036798,新纪录,原表标注,DUP085,,,,,"吴东益、刘小龙、刘春雨、史兴惠、杨泽鹏、施德山、袁智勇 (2022). 云南省两栖类新属纪录—越南姬蛙属 西南林业大学学报(自然科学), 42(4), 155–160 https://doi.org/10.11929/j.swfu.202108048",2022,吴东益、刘小龙、刘春宇、史兴辉、杨泽鹏、史德善、袁智勇,西南林业大学学报,10.11929/j.swfu.202108048,12
8,爬行纲,菱斑小头蛇,Oligodon catenatus,菱斑小头蛇,Oligodon catenata,种,有鳞目,Squamata,游蛇科,Colubridae,小头蛇属,Oligodon,中文名精确,,国外分布于柬埔寨、缅甸、越南北部;国内已知分布于广东、广西、福建,云南,原表标注,绿春县三猛乡腊姑村俄扎水沟内,102.57,22.96,原文报道坐标,1600,1600.0,2008-05,2008年5月,混合生境（森林+农田/种植园+灌丛/草地）,"季风常绿阔叶林遭到破坏后形成的次生类型,以旱生落叶阔叶林为主体,有农田景观、稀树灌木草丛、残存的季风常绿阔叶林等",标本,,新纪录,原表标注,,,,,,"何疆海、饶定齐 (2009). 云南省蛇类新记录———菱斑小头蛇 林业调查规划, 34(5), 67-68 https://doi.org/10.3969/j.issn.1671-3168.2009.05.016",2009,何疆海、饶定齐,林业调查规划,10.3969/j.issn.1671-3168.2009.05.016,13
9,两栖纲,东北林蛙,Rana dybowskii,东北林蛙,Rana dybowskii,种,无尾目,Anura,蛙科,Ranidae,蛙属,Rana,拉丁名精确,,黑龙江、辽宁、吉林三省境内,内蒙古,原表标注,白音锡勒牧场,116.6478,43.6092,原文报道坐标,1166,1166.0,2016-10-01,2016年10月1日,混合生境（湿地/静水水体+农田/种植园+灌丛/草地）,"植被较好的湿润环境,灌丛、草地以及水塘和农田等多种静水域及其附近",标本,,新纪录,原表标注,,,,,,"张晓丽、毕俊怀、张晓东、马颖伟 (2017). 内蒙古东北林蛙Rana dybowskii一新分布 内蒙古师范大学学报(自然科学汉文版), 46(5), 715-717 https://doi.org/10.3969/j.issn.1001-8735.2017.05.025",2017,张晓丽、毕俊怀、张晓东、马颖伟,内蒙古师范大学学报(自然科学汉文版),10.3969/j.issn.1001-8735.2017.05.025,19
10,爬行纲,黑背链蛇,Lycodon ruhstrati,黑背白环蛇,Lycodon ruhstrati,种,有鳞目,Squamata,游蛇科,Colubridae,链蛇属,Lycodon,拉丁名精确,,江苏、浙江、安徽、福建、台湾、江西、湖南、广东、广西、四川、贵州、陕西及甘肃等地区,北京,原表标注,小龙门林场,115.6,39.83,原文报道坐标,,,2005-07-15,2005年7月15日,混合生境（森林+人工生境）,林场院内靠近山坡的土路上,标本,,新纪录,原表标注,,,,,,"王宁、郑光美 (2005). 北京市爬行动物新纪录———黑背白环蛇 四川动物, 24(4), 489-489",2005,王宁、郑光美,四川动物,,20
11,两栖纲,黑耳水蛙,Sylvirana nigrotympanica,黑耳水蛙,Hylarana nigrotympanica,种,无尾目,Anura,蛙科,Ranidae,肱腺蛙属,Sylvirana,中文名精确,,,广东,原表标注,南岭自然保护区,112.5,24.5,原文报道坐标,800-1000,900.0,,,,,照片/影像,,新纪录,原表标注,,,,,,"徐剑,邹佩贞,温彩燕,等.南岭地区两栖动物区系的研究[J].中山大学学报(自然科学版),2000,(S3):78-81.",2000,徐剑、邹佩贞、温彩燕、陈建荣,中山大学学报(自然科学版),,21
12,两栖纲,莽山角蟾,Xenophrys mangshanensis,莽山角瘰,Xenophrys mangshanensis,种,无尾目,Anura,角蟾科,Megophryidae,异角蟾属,Xenophrys,中文名模糊,"中文名疑有出入,按名录“莽山角蟾”匹配,请复核",,广东,原表标注,南岭自然保护区,112.5,24.5,原文报道坐标,800-1000,900.0,,,,,照片/影像,,新纪录,原表标注,DUP086,,,,,"徐剑,邹佩贞,温彩燕,等.南岭地区两栖动物区系的研究[J].中山大学学报(自然科学版),2000,(S3):78-82.",2000,徐剑、邹佩贞、温彩燕、陈建荣,中山大学学报(自然科学版),,22
13,两栖纲,小棘蛙,Quasipaa exilispinosa,小棘蛙,Quasipaa exilispinosa,种,无尾目,Anura,叉舌蛙科,Dicroglossidae,棘胸蛙属,Quasipaa,中文名精确,,,广东,原表标注,南岭自然保护区,112.5,24.5,原文报道坐标,800-1000,900.0,,,,,照片/影像,,新纪录,原表标注,DUP071,,,,,"徐剑,邹佩贞,温彩燕,等.南岭地区两栖动物区系的研究[J].中山大学学报(自然科学版),2000,(S3):78-83.",2000,徐剑、邹佩贞、温彩燕、陈建荣,中山大学学报(自然科学版),,23
14,爬行纲,崇安斜鳞蛇,Pseudoxenodon karlschmidti,崇安斜鳞蛇,Pseudoxenodon karlschmidti,种,有鳞目,Squamata,游蛇科,Colubridae,斜鳞蛇属,Pseudoxenodon,拉丁名精确,,福建、广东、江西、湖南、贵州(指名亚种);广西、贵州(罗香亚种);海南(海南亚种),四川,原表标注,中国保护大熊猫研究中心核桃坪野化培训基地的一条小路边的黑麦草草丛里,103.2206,31.0744,原文报道坐标,1820,1820.0,2014-06-10,2014年6月10日,混合生境（溪流/河流+森林+灌丛/草地）,"黑麦草草丛里,距皮条河约30m,周围高大乔木较少,仅有几棵高约6m的银杏树,郁闭度小于20%,植被盖度大于90%,整体坡度约40°,土壤类型为山地棕壤;伴生有禾本科(白夹竹和油竹)、马齿苋科、苋科、兰科、豆科、藤黄科、卫矛科和夹竹桃科等植物组成的草本灌丛群落",照片/影像、野外观察,,新纪录,原表标注,,,,,,"马凯、王力军、杨波、李仁贵、刘定震 (2014). 卧龙自然保护区首次发现崇安斜鳞蛇 北京师范大学学报(自然科学版), 50(6), 620-621",2014,马凯、王力军、杨波、李仁贵、刘定震,北京师范大学学报(自然科学版),,27
15,两栖纲,桓仁林蛙,Rana huanrenensis,桓仁林蛙,Rana huanrenensis,种,无尾目,Anura,蛙科,Ranidae,蛙属,Rana,拉丁名精确,,辽宁省桓仁县和朝鲜半岛,吉林,原表标注,吉林省抚松县松江河镇老岭林场小溪流石下,127.7167,41.8833,原文报道坐标,961,961.0,2005-05,2005年5月,混合生境（溪流/河流+高山流石滩/石山）,小溪流石下,照片/影像,,新纪录,原表标注,,,,,,"陆宇燕、王晶琦、董丙君、李丕鹏 (2005). 吉林省两栖动物一种新纪录---桓仁林蛙 四川动物, 24(3), 259",2005,陆宇燕、王晶琦、董丙君、李丕鹏,四川动物,,34
16,爬行纲,,,紫灰锦蛇,Elaphe porphyracea,种,有鳞目,Squamata,游蛇科,Colubridae,锦蛇属,Elaphe,种未收录-按属填分类,"名录中存在种加词相同的“紫灰蛇 Oreocryptophis porphyraceus”,但原属Elaphe仍在名录、两属非已知拆分对,请人工确认",云南、西藏、陕西、四川、贵州、重庆以及河南等地,四川,原表标注,合江县天堂坝洞坪村,106.2806,28.5614,原文报道坐标,910,910.0,2003-06-15,2003年6月15日,其他/未归类,玉米地,标本,SCUM035036,新纪录,原表标注,,,,,,"郭鹏 (2005). 四川泸州地区蛇类一新记录 宜宾学院学报, 63-63",2005,郭鹏,宜宾学院学报,,38
17,爬行纲,黄脊东方蛇(黄脊游蛇),Orientocoluber spinalis,黄脊游蛇,Coluber spinalis,种,有鳞目,Squamata,游蛇科,Colubridae,东方蛇属,Orientocoluber,中文名精确,,,安徽,原表标注,安徽省宿州市符离集北的牛头山,117.28,30.41,原文报道坐标,,,1999-05-02,1999年5月2日,,,标本,,新纪录,原表标注,,,,,,"许雪峰、黄健、张珑、张猛 (2000). 安徽省蛇类一新记录———黄脊游蛇 四川动物, 19(3), 158",2000,许雪峰、黄健、张珑、张猛,四川动物,,44
18,爬行纲,中国石龙子,Plestiodon chinensis,中国石龙子,Plestiodon chinensis,种,有鳞目,Squamata,石龙子科,Scincidae,多齿石龙子属,Plestiodon,拉丁名精确,,"多分布于东洋界,在江苏和安徽均有分布",山东,原表标注,乳山市普集镇,121.83,37.09,原文报道坐标,,,2001-03,2001年3月植树节期间,,,标本,,新纪录,原表标注,DUP064,,,,,"陆宇燕,贾雅丽,刘金香,等.山东省爬行动物新记录──中国石龙子[J].四川动物,2002,(1):35-36.",2002,陆宇燕、贾雅丽、刘金香、李巫鹏,四川动物,,47
19,爬行纲,刘氏链蛇(刘氏白环蛇),Lycodon liuchengchaoi,刘氏链蛇,Lycodon liuchengchaoi,种,有鳞目,Squamata,游蛇科,Colubridae,链蛇属,Lycodon,拉丁名精确,,四川省青川唐家河,山西,原表标注,树皮沟管护站的前庄,112.4234,35.2879,原文报道坐标,970,970.0,2018-08-08,2018年8月8日,,,标本,MHLP2018008,新纪录,原表标注,,,,,,"张建军 (2019). 山西阳城发现刘氏链蛇 动物学杂志, 54, 164-188 https://doi.org/10.13859/j.cjz.201902018",2019,张建军,动物学杂志,10.13859/j.cjz.201902018,48
20,两栖纲,峨眉髭蟾,Vibrissaphora boringii,峨眉髭蟾,Vibrissaphora boringii,种,无尾目,Anura,角蟾科,Megophryidae,髭蟾属,Vibrissaphora,拉丁名精确,,"分布于重庆酉阳县大板营以东的湖南桑植县八大公山、石门县壶瓶山,以南的贵州印江县和江口县梵净山,以西的四川峨眉市峨眉山、雅安市碧峰峡、都江堰市青城山和筠连县",重庆,原表标注,酉阳县大板营,108.9667,29.0667,原文报道坐标,,,2008-05,2008年5月,溪流/河流,小溪,标本,,新纪录,原表标注,,,,,,"李晶尧,李丕鹏,侯勉,等.峨眉髭蟾在重庆的分布——蝌蚪在无尾类分类和多样性调查中的应用一例[J].四川动物,2010,29(1):63-65+162.",2010,李晶尧、李丕鹏、侯勉、陆宇燕,四川动物,,49
21,两栖纲,小湍蛙,Amolops torrentis,小湍蛙,Amolops torrentis,种,无尾目,Anura,蛙科,Ranidae,湍蛙属,Amolops,拉丁名精确,,,广东,原表标注,云开山自然保护区东坑附近山间溪流,111.1833,22.2522,原文报道坐标,933,933.0,2009-06,2009年6月,溪流/河流,山间溪流,标本,YKS09061321、YKS09061322、YKS09061323、YKS09061324,新纪录,原表标注,,,,,,"韦启浪,何兵,胡慧建.广东省两栖动物一新纪录——小湍蛙[J].四川动物,2010,29(3):345.",2010,韦启浪、何兵、胡慧建,四川动物,,50
22,两栖纲,费氏短腿蟾,Brachytarsophrys feae,费氏短腿蟾,Brachytarsophrys feae,种,无尾目,Anura,角蟾科,Megophryidae,短腿蟾属,Brachytarsophrys,拉丁名精确,,分布于缅甸北部、泰国北部、老挝和我国云南省的陇川、腾冲、永德、景东、孟连及西双版纳,广西,原表标注,广西蜻西底定自然保护区内(,105.9702,21.114167,原文报道坐标,840,840.0,,2004/9/20,混合生境（溪流/河流+森林+人工生境）,"溪沟边的林内小路上,沟内植被繁茂,四季流水,阴暗潮湿,植被类型为沟谷热带雨林",标本,200409046,新纪录,原表标注,,,,,,"莫运明,邹异.广西三种两栖动物的新记录[C]//中国动物学会两栖爬行学分会.中国动物学会两栖爬行动物学分会2005年学术研讨会暨会员代表大会论文集.吉林人民出版社,2005:97-100.",2005,莫运明、邹异,两栖爬行动物学研究,,52
23,两栖纲,海南拟髭蟾,Leptobrachium hainanense,海南拟髭蟾,Leptobrachium hainanensis,种,无尾目,Anura,角蟾科,Megophryidae,拟髭蟾属,Leptobrachium,中文名精确,,"我国特有物种,仅分布于海南省的五指山和吊罗山",广西,原表标注,广西十万大山国家级自然保护区的上思县平龙凹林区内,107.89535,21.84155,原文报道坐标,500-530,515.0,2005-04-18,2005年4月18日至5月7日,混合生境（森林+灌丛/草地）,"次生常绿阔叶林,环境阴暗潮湿,植被繁茂,地面草丛及落叶甚多",标本,2005052,新纪录,原表标注,,,,,,"莫运明,邹异.广西三种两栖动物的新记录[C]//中国动物学会两栖爬行学分会.中国动物学会两栖爬行动物学分会2005年学术研讨会暨会员代表大会论文集.吉林人民出版社,2005:97-101.",2005,莫运明、邹异,两栖爬行动物学研究,,53
24,两栖纲,黑眼睑纤树蛙,Gracixalus gracilipes,黑眼睑小树蛙,Gracixalus gracilipes,种,无尾目,Anura,树蛙科,Rhacophoridae,纤树蛙属,Gracixalus,拉丁名精确,,分布于越南北部、泰国及我国云南省河口及广东省,广西,原表标注,广西十万大山国家级自然保护区的上思县平龙凹林区内,107.891683,21.840783,原文报道坐标,530,530.0,,2005/4/15,混合生境（森林+灌丛/草地）,"次生常绿阔叶林,环境阴暗潮湿,植被繁茂,竹子较多,地面草丛及落叶甚多",标本,2005079,新纪录,原表标注,,,,,,"莫运明,邹异.广西三种两栖动物的新记录[C]//中国动物学会两栖爬行学分会.中国动物学会两栖爬行动物学分会2005年学术研讨会暨会员代表大会论文集.吉林人民出版社,2005:97-102.",2005,莫运明、邹异,两栖爬行动物学研究,,54
25,两栖纲,昭觉林蛙,Rana chaochiaoensis,昭觉林蛙,Rana chaochiaoensis,种,无尾目,Anura,蛙科,Ranidae,蛙属,Rana,拉丁名精确,,我国云南、贵州和四川,广西,原表标注,广西猫儿山国家级自然保护区,115.58,39.84,原文报道坐标,1100~2000,1550.0,2004-10,2004年10月至今,湿地/静水水体,山区沼泽和水塘周围,照片/影像,,新纪录,原表标注,,,,,,"陆宇燕、李丕鹏、蒋得斌、张建华、罗远周、王绍能 (2006). 广西两栖动物一新纪录—昭觉林蛙 四川动物, 25(2), 267",2006,陆宇燕、李丕鹏、蒋得斌、张建华、罗远周、王绍能,四川动物,,55
26,爬行纲,锯尾蜥虎,Hemidactylus garnotii,锯尾蜥虎,Hemidactylus garnotii,种,有鳞目,Squamata,壁虎科,Gekkonidae,蜥虎属,Hemidactylus,拉丁名精确,,,广西,原表标注,北仑河口国家级自然保护区珍珠湾保护站,110.19,25.25,原文报道坐标,20,20.0,2005-08-11,2005年8月11日,人工生境,平房中,标本,1号(♀),新纪录,原表标注,,,,,,"蒋爱伍、周放、陆舟、韩小静、李相林 (2006). 广西壁虎科分布新记录———锯尾蜥虎 四川动物, 25(2), 268",2006,蒋爱伍、周放、陆舟、韩小静、李相林,四川动物,,56
27,爬行纲,疣尾蜥虎,Hemidactylus frenatus,疣尾蜥虎,Hemidactylus f renatus,种,有鳞目,Squamata,壁虎科,Gekkonidae,蜥虎属,Hemidactylus,中文名精确,,,广西,原表标注,广西北海市涠洲岛,109.083333,21.016667,原文报道坐标,40,40.0,,2003/1/4,高山流石滩/石山,岩壁,标本,,新纪录,原表标注,,,,,,"周放,余丽江,徐蕴丽.广西壁虎科分布新记录——疣尾蜥虎[J].四川动物,2003,(4):234-235.",2003,"周放,余丽江,徐蕴丽",四川动物,,57
28,爬行纲,,,方花小头蛇,Oligodon bellus,种,有鳞目,Squamata,游蛇科,Colubridae,小头蛇属,Oligodon,种未收录-按属填分类,"名录中存在种加词相同的“方花蛇 Archelaphe bella”,但原属Oligodon仍在名录、两属非已知拆分对,请人工确认",福建和云南的高山森林中,广西,原表标注,广西猫儿山国家级自然保护区,115.58,39.84,原文报道坐标,1200,1200.0,2005-09-06,2005年9月6日和10月10日,森林,亚热带常绿落叶阔叶林混交林,标本,,新纪录,原表标注,,,,,,"蒋爱伍、周放、刘宏、王绍能 (2006). 广西蛇类一新记录———方花小头蛇 四川动物, 25(2), 271",2006,蒋爱伍、周放、刘宏、王绍能,四川动物,,61
29,爬行纲,四川竹叶青蛇,Trimeresurus sichuanensis,四川华蝮,Sinovipera sichuanensis,种,有鳞目,Squamata,蝰科,Viperidae,竹叶青蛇属,Trimeresurus,核定异名,华蝮属已并入竹叶青蛇属,四川省合江县、贵州省江口县,广西,原表标注,龙胜县,109.9161,25.6345,原文报道坐标,748,748.0,2020-08-04,2020年8月4日,森林,常绿森林,标本,CIB 119086、CIB 117412,新纪录,原表标注,,,,,,"黄俊杰、吴帝豪、任金龙、李家堂、蒋珂 (2023). 广西蛇类新记录——四川华蝮及半阴茎形态描述 四川动物, 42(3), 292-293",2023,黄俊杰、吴帝豪、任金龙、李家堂、蒋珂,四川动物,,62
30,两栖纲,云南棘蛙,Gynandropaa yunnanensis,双团棘胸蛙,Paa yunnanensis,种,无尾目,Anura,叉舌蛙科,Dicroglossidae,双团棘蛙属,Gynandropaa,核定异名,"双团棘胸蛙(旧名)现为云南棘蛙,请复核",,广西,原表标注,龙滩自然保护区,106.7667,24.8,原文报道坐标,500~1200,850.0,2002,2002年7~8月、10月和2004年4~8月,溪流/河流,山涧溪流,照片/影像,,新纪录,原表标注,,,,,,"周放、余丽江、覃建欢、韦智毅、田发聪、韩小静 (2006). 广西龙滩自然保护区的两栖爬行动物 四川动物, 25(2), 298-300",2006,周放、余丽江、覃建欢、韦智毅、田发聪、韩小静,四川动物,,63
31,爬行纲,棕背树蜥,Calotes emma,棕背树蜥,Calotes emma,种,有鳞目,Squamata,鬣蜥科,Agamidae,树蜥属,Calotes,拉丁名精确,,,广西,原表标注,龙滩自然保护区,106.7667,24.8,原文报道坐标,500~1200,850.0,2002,2002年7~8月、10月和2004年4~8月,森林,森林,照片/影像,,新纪录,原表标注,,,,,,"周放、余丽江、覃建欢、韦智毅、田发聪、韩小静 (2006). 广西龙滩自然保护区的两栖爬行动物 四川动物, 25(2), 298-300",2006,周放、余丽江、覃建欢、韦智毅、田发聪、韩小静,四川动物,,64
32,爬行纲,脆蛇蜥,Dopasia harti,脆蛇蜥,Ophisaurus harti,种,有鳞目,Squamata,蛇蜥科,Anguidae,亚洲脆蛇蜥属,Dopasia,中文名精确,,"国外分布于越南北部,国内分布较广泛",四川,原表标注,"米易县草场乡、得石乡,盐边县安宁乡",101.9,26.9,文字地名地理编码/后续补充,1000,1000.0,1999,1999年5~8月,混合生境（森林+灌丛/草地）,山地泥土、草丛、庄稼地、潮湿竹林,照片/影像,,新纪录,原表标注,,,,,,"吴光举、朱洁、肖立、王本菊 (2001). 攀枝花市蜥蜴类一新记录---脆蛇蜥 四川动物, 20(3), 147-147",2001,吴光举、朱洁、肖立、王本菊,四川动物,,65
33,,,,湖蛙,,种,,,,,,,未匹配,,阿尔及利亚、埃及、巴勒斯坦、中亚细亚、伊朗、高加索、欧洲整个南北方,新疆,原表标注,新疆霍城县清水河以西约八公里处的大西沟小河及其附近沼泽,80.75,44.15,文字地名地理编码/后续补充,,,,文中未明确具体年月,混合生境（溪流/河流+湿地/静水水体）,小河及其附近沼泽,照片/影像,,新纪录,原表标注,,,,,,,,向礼咳、黄人鑫、玉,新疆大学学报,,66
34,爬行纲,崇安草蜥,Takydromus sylvaticus,崇安地蜥,Platyplacopus sylvaticus,种,有鳞目,Squamata,蜥蜴科,Lacertidae,草蜥属,Takydromus,种加词推断,"按种加词推断为名录中该名的异名对应种,请复核",福建崇安县(今武夷山市)挂墩村、安徽岭南自然保护区,江西,原表标注,阳际峰省级自然保护区,117.1917,27.8528,原文报道坐标,191,191.0,2008-06,2008年6月,混合生境（灌丛/草地+人工生境）,"房舍墙壁上,墙壁附近生有茂密杂草",标本,JXr0072,新纪录,原表标注,,,,,,"乐新贵、洪宏志、王英永 (2009). 江西省爬行纲动物新纪录———崇安地蜥Platyplacopussylvaticus 四川动物, 28(4), 600-601",2009,乐新贵、洪宏志、王英永,四川动物,,72
35,爬行纲,平鳞钝头蛇,Pareas boulengeri,平鳞钝头蛇,Pareas boulengeri,种,有鳞目,Squamata,钝头蛇科,Pareidae,钝头蛇属,Pareas,拉丁名精确,,江苏、浙江、安徽、福建、江西、广东、广西、四川、贵州、云南、陕西(宁强)、甘肃(文县)和重庆,河南,原表标注,金岗台自然保护区,115.5333,31.7167,原文报道坐标,420,420.0,2004-05,2004年5月,森林,"亚热带常绿、落叶阔叶林,阔叶林与温带针叶林相结合",标本,,新纪录,原表标注,,,,,,"陈晓虹、朱命炜、侯名根、瞿文元 (2006). 河南游蛇科一新记录———平鳞钝头蛇 四川动物, 25(2), 269",2006,陈晓虹、朱命炜、侯名根、瞿文元,四川动物,,73
36,爬行纲,丽纹华珊瑚蛇(中华珊瑚蛇),Sinomicrurus macclellandi,丽纹蛇,Calliophis macclellandi,种,有鳞目,Squamata,眼镜蛇科,Elapidae,中华珊瑚蛇属,Sinomicrurus,种加词推断,"按种加词推断为名录中该名的异名对应种,请复核",江苏、浙江、安徽、福建、江西、湖南、广东、广西、四川、贵州、云南、西藏、甘肃、湖北五峰县、陕西宁强县,河南,原表标注,新县连康山国家级自然保护区,114.75,31.5167,原文报道坐标,817,817.0,2009-08,2009年8月,混合生境（森林+灌丛/草地）,"水源充足、植被茂盛的林间山地,腐殖质丰厚的草丛石块间",标本,,新纪录,原表标注,,,,,,"陈晓虹、王新卫 (2010). 河南省眼镜蛇科新记录-丽纹蛇 河南师范大学学报(自然科学版), 38(4), 158-159 https://doi.org/10.16366/j.cnki.1000-2367.2010.04.018",2010,陈晓虹、王新卫,河南师范大学学报(自然科学版),10.16366/j.cnki.1000-2367.2010.04.018,74
37,爬行纲,黄纹石龙子,Plestiodon capito,黄纹石龙子,Eumeces capito,种,有鳞目,Squamata,石龙子科,Scincidae,多齿石龙子属,Plestiodon,中文名精确,,北京、河北、辽宁、湖北、四川、陕西、甘肃、宁夏、内蒙古,河南,原表标注,嵩山鹰愁崖附近小山顶,113.0,34.5,文字地名地理编码/后续补充,900,900.0,2011-04-07,2011年4月7日,灌丛/草地,乱草丛中,标本,,新纪录,原表标注,,,,,,"张珑、何淑艳、何少峰 (2012). 河南省石龙子一新记录种——黄纹石龙子 河南科学, 30(1), 63-64 https://doi.org/10.13537/j.issn.1004-3918.2012.01.036",2012,张珑、何淑艳、何少峰,河南科学,10.13537/j.issn.1004-3918.2012.01.036,75
38,两栖纲,,,秦巴拟小鲵,Pseudohynobius tsinpaensis,种,有尾目,Caudata,小鲵科,Hynobiidae,拟小鲵属,Pseudohynobius,种未收录-按属填分类,"名录中存在种加词相同的“秦巴巴鲵 Liua tsinpaensis”,但原属Pseudohynobius仍在名录、两属非已知拆分对,请人工确认",,河南,原表标注,十方院沟、叫河乡桦树坪村,111.5333,33.7111,原文报道坐标,1399~1824,1611.5,2007-08,2007年8月、2008年6月和10月,溪流/河流,陆栖-流溪型,标本,,新纪录,原表标注,,,,,,,2010,李磊、张建设、陈晓虹、王丽、陶娟,四川动物,,77
39,两栖纲,宁陕齿突蟾,Scutiger ningshanensis,宁陕齿突蟾,Scutiger ningshanensis,种,无尾目,Anura,角蟾科,Megophryidae,齿突蟾属,Scutiger,拉丁名精确,,,河南,原表标注,十方院沟,111.5333,33.7111,原文报道坐标,1422~1599,1510.5,2005-08,2005年8月~2008年10月,溪流/河流,陆栖-流溪型,标本,,新纪录,原表标注,,,,,,,2010,李磊、张建设、陈晓虹、王丽、陶娟,四川动物,,78
40,爬行纲,颈槽蛇(湖北颈槽蛇),Rhabdophis nuchalis,颈槽蛇,Rhabdophis nuchalis,种,有鳞目,Squamata,游蛇科,Colubridae,颈槽蛇属,Rhabdophis,拉丁名精确,,,河南,原表标注,伏牛山自然保护区,111.2,33.3,原文报道坐标,700,700.0,2009-07,2009 年7 月,混合生境（森林+灌丛/草地+人工生境）,阔叶林路边的草丛中,标本,CIB94009,新纪录,原表标注,,,,,,"雷隽、丁利 (2013). 河南省蛇类新纪录———颈槽蛇 四川动物, 32(3), 404-407",2013,雷隽、丁利,四川动物,,84
41,爬行纲,黑背链蛇,Lycodon ruhstrati,黑背白环蛇,Lycodon ruhstrati,种,有鳞目,Squamata,游蛇科,Colubridae,链蛇属,Lycodon,拉丁名精确,,江苏(宜兴)、浙江、安徽、福建、台湾、江西、湖南、广东、广西、四川、贵州、陕西、甘肃、湖北(赤壁)、海南(吊罗山)、重庆(南川),河南,原表标注,商城县金岗台自然保护区,115.55,31.75,文字地名地理编码/后续补充,,,2004-05-03,2004年5月3日,混合生境（森林+灌丛/草地+人工生境）,"林间小路上,路边植被结构复杂,有针叶林、常绿落叶阔叶林、针阔叶混交林、竹林、灌丛、杂草等",标本,,新纪录,原表标注,,,,,,"陈晓虹、朱命炜、陶立奎 (2006). 河南蛇类新记录---黑背白环蛇 河南师范大学学报(自然科学版), 34(1), 153-154 https://doi.org/10.16366/j.cnki.1000-2367.2006.01.041",2006,陈晓虹、朱命炜、陶立奎,河南师范大学学报(自然科学版),10.16366/j.cnki.1000-2367.2006.01.041,85
42,两栖纲,合征姬蛙,Microhyla mixtura,合征姬蛙,Microhyla mixtura,种,无尾目,Anura,姬蛙科,Microhylidae,姬蛙属,Microhyla,拉丁名精确,,四川万源县花警山、陕西洋县、贵州印江、湖北均县、神农架、安徽霍山、金寨、岳西,浙江,原表标注,宁波市北仑区柴桥,121.85,29.95,文字地名地理编码/后续补充,约---,,,----年-月和----年-一-月,混合生境（湿地/静水水体+灌丛/草地）,"丘陵山区草丛中和静水池边,繁殖水域周围杂草茂密",标本,,新纪录,原表标注,,,,,,,,费梁、叶昌媛、谢锋、蔡春抹,动物学报,,91
43,爬行纲,中国光蜥,Ateuchosaurus chinensis,光蜥,Ateuchosaurus chinensis,种,有鳞目,Squamata,石龙子科,Scincidae,光蜥属,Ateuchosaurus,拉丁名精确,,"中国东南部的多个省份,包括福建、江西、广东、海南、广西、贵州、香港和澳门等地",浙江,原表标注,左溪村,119.7839,27.6472,原文报道坐标,392,392.0,2024-11-04,2024年11月4日,其他/未归类,山脚的枯木落叶间,标本,WZUre2024110401,新纪录,原表标注,,,,,,黄珺、秦铖、张永普、李一凡、李树然 (2025). 浙江省爬行动物新纪录——光蜥 野生动物学报 https://doi.org/https://link.cnki.net/urlid/23.1587.S.20250506.1148.004,2025,黄珺、秦铖、张永普、李一凡、李树然,野生动物学报,,92
44,爬行纲,崇安斜鳞蛇,Pseudoxenodon karlschmidti,崇安斜鳞蛇,Pseudoxenodon karlschmidti,种,有鳞目,Squamata,游蛇科,Colubridae,斜鳞蛇属,Pseudoxenodon,拉丁名精确,,福建、广东、广西、海南、江西、湖南、湖北、贵州、四川和云南,浙江,原表标注,庆元县,119.0,27.65,原文报道坐标,750,750.0,2025-08-21,2025年8月21日,森林,常绿阔叶林下,标本,ZJFR 20250821,新纪录,原表标注,,,,,,王聿凡、朱志成、刘凯怊、许济南、黄镇杨、何珂、刘宝权 (2025). 浙江省爬行类新纪录—崇安斜鳞蛇 野生动物学报 https://doi.org/https://link.cnki.net/urlid/23.1587.S.20251117.1652.002,2025,王聿凡、朱志成、刘凯怊、许济南、黄镇杨、何珂、刘宝权,野生动物学报,,93
45,两栖纲,无声囊泛树蛙,Polypedates mutus,布氏泛树蛙,Polypedates mutus,种,无尾目,Anura,树蛙科,Rhacophoridae,泛树蛙属,Polypedates,拉丁名精确,"中文名与拉丁名在名录中指向不同物种,请复核",东南亚地区、中国南方,湖北,原表标注,湖北省宜昌市秭归县两河口镇狮子坪,110.5392,30.8062,原文报道坐标,855,855.0,2025-05-15,2025年5月15日,,,标本,Gal2505001~003,新纪录,原表标注,,,,,,,2025,徐吉龙、李辉、吴家亮、舒勇、代知广、张劲,四川动物,,94
46,两栖纲,仙琴蛙,Nidirana daunchina,仙琴水蛙,Nidirana daunchina,种,无尾目,Anura,蛙科,Ranidae,琴蛙属,Nidirana,中文名模糊,"中文名疑有出入,按名录“仙琴蛙”匹配,请复核",,湖北,原表标注,,,,,,,,,,,照片/影像,,新纪录,原表标注,,,,,,"戴宗兴、张洪茂、周权、刘绪生 (2011). 湖北省两栖动物资源概况 四川动物, 30(1), 144-147 https://doi.org/10.3969/j.issn.1000-7083.2011.01.036",2011,戴宗兴、张洪茂、周权、刘绪生,四川动物,10.3969/j.issn.1000-7083.2011.01.036,100
47,爬行纲,棕黑腹链蛇,Hebius sauteri,棕黑腹链蛇,Amphiesma sauteri,种,有鳞目,Squamata,游蛇科,Colubridae,东亚腹链蛇属,Hebius,中文名精确,,安徽、福建、台湾、江西、湖南、广东、香港、海南、广西、四川、贵州,湖北,原表标注,大贵寺林场,108.0,27.5,文字地名地理编码/后续补充,,,2006-07,2006年7月,,,标本,HB06004,新纪录,原表标注,,,,,,,2008,戴宗兴、王美芳、李兵、刘家武、吴法清、刘绪生,四川动物,,107
48,爬行纲,龙胜小头蛇,Oligodon lungshenensis,龙胜小头蛇,Oligodon lungshenensis,种,有鳞目,Squamata,游蛇科,Colubridae,小头蛇属,Oligodon,拉丁名精确,,广西、贵州、湖南和重庆,湖北,原表标注,三县场水库,109.2333,30.0667,原文报道坐标,1179,1179.0,2022-08-12,2022年8月12日,森林,常绿阔叶林下,标本,XDSNR0011,新纪录,原表标注,,,,,,"董俊材、邓正双、杨晨希、王建礼 (2023). 湖北省蛇类新记录种——龙胜小头蛇 四川动物, 42(2), 197-198",2023,董俊材,四川动物,,108
49,两栖纲,桂北琴蛙,Nidirana guibeiensis,桂北琴蛙,Nidirana guibeiensis,种,无尾目,Anura,蛙科,Ranidae,琴蛙属,Nidirana,拉丁名精确,,广西兴安县、越城岭山脉,湖南,原表标注,白云湖,110.3348,26.3101,原文报道坐标,606,606.0,2023-04-21,2023年4月21日,混合生境（森林+农田/种植园+灌丛/草地）,"针阔混交林旁的农田(部分为水稻田,部分为杂草荒地)",标本,HNNU2342101、HNNU2342102,新纪录,原表标注,DUP044,,,,,"马艺涵、李辉、朱乐强、刘佳昱、刘五洲、张荣华、聂美红、张志强、莫小阳 (2024). 湖南省两栖类新记录——桂北琴蛙及其系统发育分析 生命科学研究, 28(2), 159-164 https://doi.org/10.16605/j.cnki.1007-7847.2023.05.0158",2024,马艺涵、李辉、朱乐强、刘佳宇、刘五洲、张荣华、聂美红、张志强、莫小阳,生命科学研究,10.16605/j.cnki.1007-7847.2023.05.0158,112
50,爬行纲,纹尾斜鳞蛇,Pseudoxenodon stejnegeri,花尾斜鳞蛇,Pseudoxenodon stejnegeri striaticaudatus,亚种（已归并至种级）,有鳞目,Squamata,游蛇科,Colubridae,斜鳞蛇属,Pseudoxenodon,亚种归并至种,按三名法亚种归并至种,我国的浙江、安徽、福建、台湾、江西、河南、广西、四川、贵州以及湖南,湖南,原表标注,新宁舜皇山林场紫花坪紫溪河边,110.85,26.45,文字地名地理编码/后续补充,,,2005-08-12,2005年8月12日,,,标本,HNU200508001,新纪录,原表标注,,,,,,,2008,郭克疾、米小其、邓学建,四川动物,,114
51,两栖纲,岜沙掌突蟾,Paramegophrys bashaensis,岜沙掌突蟾,Leptobrachella bashaensis,种,无尾目,Anura,角蟾科,Megophryidae,掌突蟾属,Paramegophrys,中文名精确,,贵州省从江县岜沙自然保护区及雷公山国家级自然保护区,湖南,原表标注,上洞村,109.9425,26.1908,原文报道坐标,928,928.0,2024-09,2024年9月,混合生境（溪流/河流+森林）,山地常绿次生林内的小溪沿岸,标本,HUNL24091601、HUNL24091602,新纪录,原表标注,,,,,,马艺涵、程雨薇、李辉、吴少武、杨利勋、张志强、莫小阳 (2026). 湖南通道发现岜沙掌突蟾 野生动物学报,2026,马艺涵、程雨薇、李辉、吴少武、杨利勋、张志强、莫小阳,野生动物学报,,116
52,爬行纲,北草蜥,Takydromus septentrionalis,北草蜥,Takydromus septentrionalis,种,有鳞目,Squamata,蜥蜴科,Lacertidae,草蜥属,Takydromus,拉丁名精确,,,山东,原表标注,,,,,,,,,,,照片/影像,,新纪录,原表标注,,,,,,,1996,徐敬明,动物学杂志,,125
53,两栖纲,大绿臭蛙,Odorrana graminea,大绿臭蛙,Odorrana graminea,种,无尾目,Anura,蛙科,Ranidae,臭蛙属,Odorrana,拉丁名精确,,"陕西、四川、云南、贵州、安徽、浙江、江西、湖北、湖南、福建、广东、海南、广西和香港等省(区),国外分布于越南等国",甘肃,原表标注,康县三河坝镇,105.6833,33.1333,原文报道坐标,866,866.0,2020-06-14,2020年6月14日,混合生境（溪流/河流+森林+灌丛/草地）,"海拔800~1000 m的山间溪流,溪流内石头甚多,环境阴湿,石上有苔藓等植物,周边植被主要是低矮灌丛及常绿、落叶阔叶林",标本,,新纪录,原表标注,,,,,,"张勇、龚大洁 (2021). 甘肃两栖类新记录———大绿臭蛙 四川动物, 40(1)",2021,张勇、龚大洁,四川动物,,126
54,两栖纲,秦岭雨蛙,Hyla tsinlingensis,秦岭雨蛙,Hyla tsinlingensis,种,无尾目,Anura,雨蛙科,Hylidae,雨蛙属,Hyla,拉丁名精确,,"首次发现于陕西周至县和洋县,以后陆续在四川省和湖北省发现,分布据成都生物研究所报导是沿大巴山、巫山向南直到湖北利川",甘肃,原表标注,徽县蔗沿公社、天水李子园,105.8,33.8,文字地名地理编码/后续补充,1200-1800,1500.0,1978-06,1978年6月和1979年7月,混合生境（森林+灌丛/草地）,近水源的杂草丛及灌木林中,标本,,新纪录,原表标注,,,,,,冯孝义、当苗 (1980). 甘肃两栖类的新纪录一秦岭雨蛙 兰州大学学报 https://doi.org/10.13885/j.issn.0455-2059.1980.01.012,1980,冯孝义、当苗,兰州大学学报,10.13885/j.issn.0455-2059.1980.01.012,127
55,两栖纲,红吸盘棱皮树蛙,Theloderma rhododiscus,红吸盘棱皮树蛙,Theloderma rhododiscus,种,无尾目,Anura,树蛙科,Rhacophoridae,棱皮树蛙属,Theloderma,拉丁名精确,,"广西、广东、湖南、福建、江西,可能还包括贵州和云南东部",广西,原表标注,中国广西壮族自治区金秀县,110.1833,24.1333,文字地名地理编码/后续补充,,,,,,,标本,"CIB GX200807017, KIZ060821063, KIZ060821170, SCUM 061102L, CIB GX200807048, GXNU YU000069, GXNU YU000070, C051, C089, C090",新纪录,据引用/备注推断,DUP081,,,,,"Lingyun Du and Jian Wang and Shuo Liu and Guohua Yu (2022). A new cryptic species in the Theloderma rhododiscus complex (Anura, Rhacophoridae) from China–Vietnam border regions ZooKeys, 1099, 123–138 https://doi.org/10.3897/zookeys.1099.80390",2022,"Du, Lingyun, Wang, Jian, Liu, Shuo, Yu, Guohua",ZooKeys,10.3897/zookeys.1099.80390,128
56,两栖纲,罗斯坦棘蛙,Paa rostandi,罗斯坦棘蛙,Nanorana rostandi,种,无尾目,Anura,叉舌蛙科,Dicroglossidae,棘蛙属,Paa,中文名精确,,尼泊尔的喜马拉雅山南坡地区,西藏,原表标注,吉隆镇,85.326,28.406,原文报道坐标,2900,2900.0,2012-06-10,2012年6月10日,灌丛/草地,"泥沼地浸水滩中,植被主要为草地,间或稀疏的灌木丛",标本,KIZ012530~KIZ012532、KIZ012587~KIZ012588,新纪录,原表标注,,,,,,"蒋珂、王剀、杨军校、金洁琼、邹大虎、颜芳、潘虎君、车静 (2016). 西藏两栖纲新纪录2 种及缅甸树蛙描述 四川动物, 35(2), 210-216 https://doi.org/10.11984/j.issn.1000-7083.20150324",2016,蒋珂、王剀、杨军校、金洁琼、邹大虎、颜芳、潘虎君、车静,四川动物,10.11984/j.issn.1000-7083.20150324,136
57,两栖纲,倭蛙,Nanorana pleskei,倭蛙,Nanorana pleskei,种,无尾目,Anura,叉舌蛙科,Dicroglossidae,倭蛙属,Nanorana,拉丁名精确,,甘肃(玛曲)、青海(南部)和四川(西部和北部),西藏,原表标注,青泥洞乡,95.219,31.395,原文报道坐标,4084,4084.0,2013-07-03,2013年7月3日,,,标本,KIZ014906~KIZ014911、KIZ014921~KIZ014926,新纪录,原表标注,,,,,,"蒋珂、王剀、杨军校、金洁琼、邹大虎、颜芳、潘虎君、车静 (2016). 西藏两栖纲新纪录2 种及缅甸树蛙描述 四川动物, 35(2), 210-216 https://doi.org/10.11984/j.issn.1000-7083.20150324",2016,蒋珂、王剀、杨军校、金洁琼、邹大虎、颜芳、潘虎君、车静,四川动物,10.11984/j.issn.1000-7083.20150324,137
58,两栖纲,缅甸树蛙,Zhangixalus burmanus,缅甸树蛙,Rhacophorus burmanus,种,无尾目,Anura,树蛙科,Rhacophoridae,张树蛙属,Zhangixalus,中文名精确,,缅甸、印度东北部、云南省,西藏,原表标注,背崩乡布穷湖(西工湖)、格林村、札墨公路80K附近,95.219,29.253,原文报道坐标,1386;1774;2102,1754.0,2010-08,2011年5月12日;2015年4月28日;2015年5月4日;2010年8月10—11日,混合生境（森林+湿地/静水水体）,阔叶林的水塘或湖边;山地热带雨林湖泊,标本,KIZ010957、KIZ016376~KIZ016380、KIZ016408~KIZ016410、KIZ016441~KIZ016447、KIZ016455,新纪录,据引用/备注推断,,,,,,"蒋珂、王剀、杨军校、金洁琼、邹大虎、颜芳、潘虎君、车静 (2016). 西藏两栖纲新纪录2 种及缅甸树蛙描述 四川动物, 35(2), 210-216 https://doi.org/10.11984/j.issn.1000-7083.20150324",2016,蒋珂、王剀、杨军校、金洁琼、邹大虎、颜芳、潘虎君、车静,四川动物,10.11984/j.issn.1000-7083.20150324,138
59,爬行纲,原矛头蝮,Protobothrops mucrosquamatus,尖鳞原矛头蝮,Protobothrops mucrosquamatus,种,有鳞目,Squamata,蝰科,Viperidae,原矛头蝮属,Protobothrops,拉丁名精确,,,江苏,原表标注,中国江苏省,118.7969,32.0603,文字地名地理编码/后续补充,,,,,,,照片/影像、野外观察,,新纪录,原表标注,DUP067,,,,,"Shengchao SHI and Yinmeng HOU and Zhaobin SONG and Jianping JIANG and Bin WANG (2021). A New Leaf Litter Toad of Leptobrachella Smith, 1925 (Anura, Megophryidae) from Sichuan Province, China with Supplementary Description of L. oshanensis Asian Herpetological Research, 12(2), 143–166 https://doi.org/10.16373/j.cnki.ahr.200118",2021,"Dallin B. Kohler, Xiaoli Zhang, Kevin R. Messenger, Kenneth Chin Yu An, Deyatima Ghosh, Siti N.",Herpetozoa,10.15468/DL.AGK3WJ,142
60,两栖纲,岜沙掌突蟾,Paramegophrys bashaensis,岜沙掌突蟾,Leptobrachella bashaensis,种,无尾目,Anura,角蟾科,Megophryidae,掌突蟾属,Paramegophrys,中文名精确,,此前仅分布于贵州省从江县岜沙自然保护区,贵州,原表标注,贵州雷公山国家级自然保护区,108.1955,26.3702,原文报道坐标,1400 m~1 530 m,643.7,2023-04-30,2023年4月30日,溪流/河流,"山溪附近,周围植被茂盛,湿度较高",标本,LS20230430001~LS20230430002,新纪录,原表标注,,,,,,"彭彩淳、张夏军、陈继军、叶荣欢、唐秀俊 (2024). 贵州山区岜沙掌突蟾分布新纪录研究 特种经济动植物, 49-51",2024,彭彩淳、张夏军、陈继军、叶荣欢、唐秀俊,特种经济动植物,,155
61,两栖纲,桑植臭蛙,Odorrana sangzhiensis,桑植臭蛙,Odorrana sangzhiensis,种,无尾目,Anura,蛙科,Ranidae,臭蛙属,Odorrana,拉丁名精确,,湖南桑植,贵州,原表标注,滴水滩,105.6133,25.98,文字地名地理编码/后续补充,730,730.0,2021-05-30,2021年5月30日,混合生境（溪流/河流+灌丛/草地+高山流石滩/石山）,"瀑布下的河沟内,河沟内有多处裸露的岩石,河道两侧具乔灌丛,河岸多为凹凸不平具有一定倾斜度的石壁",标本,GL20210530001、GL20210530002、GL20210530003、GL20210530004,新纪录,原表标注,,,,,,"穆浪、沈拓、刘京、李仕泽、粟海军 (2022). 贵州省桑植臭蛙及其系统发育分析 野生动物学报, 43(3), 760-765 https://doi.org/10.12375/ysdwx b.20220320",2022,穆浪、沈拓、刘静、李世泽、粟海军,野生动物学报,10.12375/ysdwx b.20220320,162
62,爬行纲,锦链蛇(锦白环蛇),Lycodon pictus,锦白环蛇,Lycodon pictus,种,有鳞目,Squamata,游蛇科,Colubridae,链蛇属,Lycodon,拉丁名精确,,越南北部高平省;中国广西壮族自治区弄岗国家级自然保护区,贵州,原表标注,荔波县,108.0276,25.2176,原文报道坐标,735,735.0,2020-08-25,2020年8月25日,,,标本,CIB 119085,新纪录,原表标注,DUP040,,,,,"吴帝豪、黄俊杰、蒋珂、李家堂、任金龙 (2023). 贵州省蛇类新记录——锦白环蛇及半阴茎补充描述 四川动物, 42(2), 141-142",2023,吴帝豪、黄俊杰、蒋珂、李家堂、任金龙,四川动物,,163
63,两栖纲,茅索角蟾/母山角蟾,Xenophrys maosonensis,茅索角蟾,Xenophrys maosonensis,种,无尾目,Anura,角蟾科,Megophryidae,异角蟾属,Xenophrys,拉丁名精确,,"国外分布于越南和印度,国内分布于云南麻栗坡",贵州,原表标注,龙头大山州级自然保护区,105.5102,25.3987,原文报道坐标,1165,1165.0,2021-08-19,2021年8月19日,溪流/河流,"溪沟边石头上,周围植被茂盛",标本,ZF20210819001、ZF20210819002,新纪录,原表标注,DUP087,,,,,,2022,沈拓、李仕泽、刘京、穆兰、粟海军,野生动物学报,10.12375/ysdwbxb.20220338,164
64,两栖纲,侗掌突蟾,Paramegophrys dong,侗掌突蟾,Leptobrachella dong,种,无尾目,Anura,角蟾科,Megophryidae,掌突蟾属,Paramegophrys,中文名精确,,湖南遂宁、贵州荔波,贵州,原表标注,雷山县丹江镇仙女塘、雷山县大塘镇三湾村,108.1979,26.3714,原文报道坐标,1547;1167,1357.0,2024,2024年3—4月,混合生境（溪流/河流+森林+灌丛/草地）,竹林溪流旁的石头上;常绿灌木覆盖的岩石溪流旁的枯枝落叶下,标本,LS20230331004、LS20230331005、LS20230331007、LS20230331011、LS20230331014、LS20230408008、LS20230408009、LS20230408010,新纪录,原表标注,,,,,,"彭彩淳、伍名渊、张夏军、叶荣欢、田洪金、陈继军、唐秀俊 (2025). 贵州雷公山国家级自然保护区新纪录种———侗掌突蟾 安徽农业科学, 53(4), 67-70 https://doi.org/10.3969/j.issn.0517-6611.2025.04.014",2025,彭彩淳、伍名渊、张夏军、叶荣欢、田洪金、陈继军、唐秀俊,安徽农业科学,10.3969/j.issn.0517-6611.2025.04.014,166
65,爬行纲,乌梢蛇(乌梢鼠蛇),Ptyas dhumnades,乌梢蛇,Ptyas dhumnades,种,有鳞目,Squamata,游蛇科,Colubridae,鼠蛇属,Ptyas,拉丁名精确,,安徽、重庆、福建、甘肃、广东、广西、贵州、河北、河南、湖北、湖南、江苏、江西、山西、陕西、四川、台湾、天津、上海、云南、浙江、山东、北京,辽宁,原表标注,葫芦岛市西沟村溪流边石墙处,119.6953,40.2158,原文报道坐标,275,275.0,2022-06-29,2022年6月29日,溪流/河流,溪流附近石墙处,标本,SYNU220610,新纪录,原表标注,,,,,,"邱显淳、周圣博、齐硕、王小平、王昊天、王锦泽、史静耸、李丕鹏 (2023). 辽宁省爬行动物名录及地理区划更新 动物学杂志, 58(4), 523-539 https://doi.org/10.13859/j.cjz.202304006",2023,邱显淳、周圣博、齐硕、王小平、王昊天、王锦泽、史静耸、李丕鹏,动物学杂志,10.13859/j.cjz.202304006,168
66,爬行纲,绿海龟,Chelonia mydas,海龟,Chelonia mydas,种,龟鳖目,Testudines,海龟科,Cheloniidae,海龟属,Chelonia,拉丁名精确,,,辽宁,原表标注,黄海海域一海区,123.0,35.0,文字地名地理编码/后续补充,,,1983-07-15,1983年7月15日,,,标本,,新纪录,原表标注,,,,,,,1984,李建立,两栖爬行动物学研究,,172
67,爬行纲,蓝尾石龙子,Plestiodon elegans,石龙子,Plestiodon elegans,种,有鳞目,Squamata,石龙子科,Scincidae,多齿石龙子属,Plestiodon,拉丁名精确,,山东长山列岛中的大黑山岛,辽宁,原表标注,大连市旅顺口区杨树沟林场,121.25,38.85,文字地名地理编码/后续补充,,,1983-08-20,1983年8月20日,其他/未归类,山坡,标本,,新纪录,原表标注,,,,,,,1984,李建立,两栖爬行动物学研究,,173
68,两栖纲,金线侧褶蛙,Pelophylax plancyi,金线侧褶蛙,Pelophylax plancyi,种,无尾目,Anura,蛙科,Ranidae,侧褶蛙属,Pelophylax,拉丁名精确,,"华东(江苏、浙江、上海、山东、江西、安徽),华北(山西、河北、北京、天津),华中(湖北、湖南、河南),东北(辽宁丹东);朝鲜和韩国",陕西,原表标注,西安市长乐公园、曲江池遗址公园、沣渭生态景观区,108.9997,36.2619,原文报道坐标,431 m;442 m;383 m,418.7,2023-07,2023年7月及2024年6月—8月,其他/未归类,"挺水和浮水植被茂盛的静水域,以莲花、荷花或芦苇为主",标本,JCL01、JCL02、JQJ01、JQJ02、JQJ03、JQJ04、JQJ05、JFW01、JFW02、JFW03、JFW04、JFW05、JFW06、JFW07、JFW08、JFW09,新纪录,原表标注,,,,,,,2025,束潇潇、唐施翼、陈宝玉、刘菲、朱代博、郭斌、王立志,生物资源,10.14188/j.2025⁃04⁃24,180
69,两栖纲,棘疣角蟾,Boulenophrys tuberogranulatus,疣粒角蟾,Megophrys tuberogrannulus,种,无尾目,Anura,角蟾科,Megophryidae,布角蟾属,Boulenophrys,核定异名,原名拼写含双写笔误,湖南省武陵山区(桑植县、永顺县),湖南,原表标注,雪峰山,110.5,27.5,文字地名地理编码/后续补充,,,2018-08,2018年8月,森林,竹林,标本,,新纪录,原表标注,,,,,,,2020,邓文静、莫小阳,硕士学位论文,,182
70,两栖纲,海南原指树蛙,Kurixalus hainanus,海南原指树蛙,Kurixalus hainanus,种,无尾目,Anura,树蛙科,Rhacophoridae,原指树蛙属,Kurixalus,拉丁名精确,,国内记录分布于海南、广东、广西及贵州;国外记录分布于越南,云南,原表标注,多依河村,104.4948,24.7645,原文报道坐标,827,827.0,2019-06-08,2019年6月8日,混合生境（森林+灌丛/草地+人工生境）,路边人工种植林及周边灌丛中,标本,yu000202、yu000203、yu000204,新纪录,原表标注,,,,,,"张栋儒、唐尚婧、沈文菁、李琪、韦新葵 (2024). 云南发现海南原指树蛙 四川动物, 43(2), 195-201 https://doi.org/10.11984/j.issn.1000-7083.20240008",2024,张栋儒、唐尚婧、沈文菁、李琪、韦新葵,四川动物,,194
71,爬行纲,,,细白环蛇,Lycodon subcinctus,种,有鳞目,Squamata,游蛇科,Colubridae,链蛇属,Lycodon,种未收录-按属填分类,,福建、广东、海南、广西,云南,原表标注,西双版纳;西双版纳,100.8,22.0,文字地名地理编码/后续补充,,,,,,,标本,KIZ R240;KIZ R241,新纪录,原表标注,,,,,,,2023,黎诗敏、饶定齐,四川动物,,196
72,爬行纲,云开脊蛇,Achalinus yunkaiensis,云开脊蛇,Achalinus yunkaiensis,种,有鳞目,Squamata,闪皮蛇科,Xenodermidae,脊蛇属,Achalinus,拉丁名精确,,广东云开山大雾岭、广西猫儿山,四川,原表标注,画稿溪国家级自然保护区,105.45,28.25,文字地名地理编码/后续补充,,,2022-06,2022年6月,混合生境（森林+灌丛/草地+人工生境）,竹林与公路相接的浅草丛中;常绿阔叶林,标本,YBU 22050、YBU 22148,新纪录,原表标注,,,,,,"张佳琦、李科、王朝英、吴亚勇、舒国成、时磊 (2023). 四川发现云开脊蛇 四川动物, 42(5), 560-567 https://doi.org/10.11984/j.issn.1000-7083.20230037",2023,张佳琦、李科、王朝英、吴亚勇、舒国成、时磊,四川动物,,197
73,两栖纲,秉志肥螈,Pachytriton granulosus,秉志肥螈,Pachytriton granulosus,种,有尾目,Caudata,蝾螈科,Salamandridae,肥螈属,Pachytriton,拉丁名精确,,浙江、江西、福建、湖南、广东、广西和贵州等长江以南亚热带地区,安徽,原表标注,马金岭自然保护区,118.3079,29.5323,原文报道坐标,445,445.0,2022,2022年7—8月,混合生境（溪流/河流+荒漠/沙地）,"瀑布下的深水潭里,水流较缓,水质清澈见底,水底多为落叶、石块、泥沙等",标本,ANU000476,新纪录,原表标注,,,,,,"黄平倩、汪帆、鲁航、荣鹏、肖祥寅、张方、黄松、吴孝兵、李冰欣、陈进民 (2023). 安徽省两栖动物新记录种——秉志肥螈 四川动物, 42(4), 420-427 https://doi.org/10.11984/j.issn.1000-7083.20220364",2023,黄平倩、汪帆、鲁航、荣鹏、肖祥寅、张方、黄松、吴孝兵、李冰欣、陈进民,四川动物,,202
74,爬行纲,云开脊蛇,Achalinus yunkaiensis,云开脊蛇,Achalinus yunkaiensis,种,有鳞目,Squamata,闪皮蛇科,Xenodermidae,脊蛇属,Achalinus,拉丁名精确,,,湖南,原表标注,南山国家公园,110.3833,26.1667,原文报道坐标,1533,1533.0,2023-04-18,2023年4月18日,混合生境（森林+高山流石滩/石山）,森林底层的落叶堆、岩缝、朽木等腐殖质较多的阴暗潮湿环境,标本,NS230418,新纪录,原表标注,DUP004,,,,,,2023,李辉、朱乐强、莫小阳,四川动物,,203
75,两栖纲,徂徕林蛙,Rana culaiensis,徂徕林蛙,Rana culaiensis,种,无尾目,Anura,蛙科,Ranidae,蛙属,Rana,拉丁名精确,,分布于山东徂徕山和沂山、广西猫儿山、湖南阳明山、湖北利川、河南桐柏-大别山区、重庆黔江区、贵州武陵山脉、江西罗霄山脉、安徽大别山区及江淮丘陵区,江苏,原表标注,铁山寺国家森林公园,118.4584,32.7539,原文报道坐标,106,106.0,2023-08,2023年8月—2024年3月,混合生境（溪流/河流+森林+湿地/静水水体）,"静水塘边,次生阔叶林,人工林(茅栗和响叶杨为主),溪流和农田生境,水塘边多枯枝杂草堆",标本,NAUR230801、NAUR240301~240306,新纪录,原表标注,,,,,,"马文萱、叶琳、高国富、包浩然 (2024). 江苏新记录——徂徕林蛙及其谱系地理学研究 四川动物, 43(5), 524-535 https://doi.org/10.11984/j.issn.1000-7083.20240113",2024,马文萱、叶琳、高国富、包浩然,四川动物,,210
76,爬行纲,华西腹链蛇,Hebius maximus,华西腹链蛇,Hebius maximus,种,有鳞目,Squamata,游蛇科,Colubridae,东亚腹链蛇属,Hebius,拉丁名精确,,我国四川、贵州和重庆,湖北,原表标注,湖北省恩施土家族苗族自治州利川市毛坝镇三县场村,109.2167,30.0667,原文报道坐标,1179,1179.0,2022-08-02,2022年8月2日,混合生境（森林+湿地/静水水体+高山流石滩/石山）,水库边山体滑坡造成的阴湿岩壁;水杉林和常绿阔叶林,标本,CIB 119633,新纪录,原表标注,,,,,,"李茂良、董俊材、任金龙、李家堂 (2023). 湖北省蛇类新记录种——华西腹链蛇 四川动物, 42(6), 668-675 https://doi.org/10.11984/j.issn.1000-7083.20230081",2023,李茂良、董俊材、任金龙、李家堂,四川动物,,222
77,爬行纲,红沙蚺(红沙蟒),Eryx miliaris,红沙蚺,Eryx miliaris,种,有鳞目,Squamata,蚺科,Boidae,沙蚺属,Eryx,拉丁名精确,,在我国主要分布于甘肃、宁夏、内蒙古和新疆等地;新疆分布区仅限于东疆、准噶尔盆地及西部山地、吐鲁番盆地、北天山和伊犁谷地,新疆,原表标注,阿拉尔市塔南镇,81.3,40.5,文字地名地理编码/后续补充,,,2017-05,2017年5月—2021年10月,混合生境（灌丛/草地+荒漠/沙地）,"流动性与半流动性沙漠,植被类型有胡杨群落、柽柳群落、甘草群落和骆驼刺群落等,低洼地着生白麻-芦苇-黑果枸杞群落",标本,R-2017-1、R-2018-1,新纪录,原表标注,,,,,,"夏可心、史楠楠、王智超、程勇 (2024). 塔克拉玛干沙漠北缘发现红沙蚺兼记繁殖数量新纪录 Chinese Journal of Wildlife, 45(1), 222-225 https://doi.org/10.12375/ysdwxb.20240130",2024,夏可心、史楠楠、王智超、程勇,Chinese Journal of Wildlife,10.12375/ysdwxb.20240130,230
78,爬行纲,台湾小头蛇,Oligodon formosanus,台湾小头蛇,Oligodon formosanus,种,有鳞目,Squamata,游蛇科,Colubridae,小头蛇属,Oligodon,拉丁名精确,,澳门、福建、广东、广西、贵州、海南、湖南、江苏、江西、台湾、香港、云南和浙江,安徽,原表标注,安徽升金湖国家级自然保护区,117.2094,30.4142,原文报道坐标,20.37,20.4,2023-05-15,2023年5月15日22时20分,混合生境（森林+人工生境）,常绿阔叶林下的道路旁,标本,PHSQU0035,新纪录,原表标注,,,,,,"陈圣、梁涛、钟晶晶、杨华琴、杨雪姣、徐文彬、宋昀微、张永 (2024). 安徽省蛇类新纪录——台湾小头蛇 Chinese Journal of Wildlife, 45(1), 226-227 https://doi.org/10.12375/ysdwxb.20240131",2024,陈圣、张永,Chinese Journal of Wildlife,10.12375/ysdwxb.20240131,232
79,爬行纲,古氏草蜥(古纳氏草蜥),Takydromus kuehnei,古氏草蜥,Takydromus kuehnei,种,有鳞目,Squamata,蜥蜴科,Lacertidae,草蜥属,Takydromus,拉丁名精确,,台湾、福建省、浙江省,安徽,原表标注,黄山风景区,118.1482,30.0808,原文报道坐标,578,578.0,2021-06-26,2021年6月26日,混合生境（溪流/河流+森林+灌丛/草地）,"溪流和阔叶林之间,在石块周围的草丛中",标本,AHU0626,新纪录,原表标注,,,,,,"洪飞、胡降临、潘少杰、虞磊、韩杰、方杰 (2023). 安徽黄山发现蜥蜴类新纪录——古氏草蜥 Chinese Journal of Wildlife, 44(3), 705-707 https://doi.org/10.12375/ysdwxb.20230327",2023,洪飞、方杰,Chinese Journal of Wildlife,10.12375/ysdwxb.20230327,233
80,两栖纲,饰纹姬蛙,Microhyla fissipes,饰纹姬蛙,Microhyla fissipes,种,无尾目,Anura,姬蛙科,Microhylidae,姬蛙属,Microhyla,拉丁名精确,,,河南,原表标注,淮阳县,114.8667,33.7333,文字地名地理编码/后续补充,,,2016-08,2016年8月和2018年2月,,,标本,HENUH028、HENUH029,新纪录,原表标注,,,,,,"耿传宁、黄华、刘志文、赵海鹏 (2019). 河南省淮河以北地区(古北界)发现饰纹姬蛙 野生动物学报, 40(3), 814-816 https://doi.org/10.19711/j.cnki.issn2310-1490.2019.03.034",2019,耿传宁、赵海鹏,野生动物学报,10.19711/j.cnki.issn2310-1490.2019.03.034,241
81,爬行纲,赤链蛇,Lycodon rufozonatus,赤链蛇,Lycodon rufozonatum,种,有鳞目,Squamata,游蛇科,Colubridae,链蛇属,Lycodon,中文名精确,,,浙江,原表标注,衢山岛,122.35,30.45,文字地名地理编码/后续补充,,,,,,,照片/影像,,新纪录,据引用/备注推断,,,,,,"陈传武、张财文、丁国骅、张保卫、王彦平 (2022). 浙江蛇类新纪录———黄家岭脊蛇 野生动物学报, 43(4), 1149-1150 https://doi.org/10.12375/ysdwx b.20220435",2022,陈传武、张财文、丁国骅、张保卫、王彦平,亚洲两栖爬行动物研究,10.12375/ysdwx b.20220435,243
82,爬行纲,翡翠攀蜥,Diploderma iadinum,翡翠攀蜥,Japalura iadina,种,有鳞目,Squamata,鬣蜥科,Agamidae,攀蜥属,Diploderma,种加词推断,"按种加词推断为名录中该名的异名对应种,请复核",,云南,据坐标空间匹配推定,澜沧江干流距其模式产地下游17公里处;澜沧江河谷五个新地点,100.5,22.5,文字地名地理编码/后续补充,,,,,,,标本,"KIZ 027702, KIZ 027704",新纪录,原表标注,,,,,,"KAI WANG and KE JIANG and JINLONG REN and DAHU ZOU and JIAWEI WU and JING CHE and CAMERON D. SILER (2019). A new species of Dwarf Japalura sensu lato (Reptilia: Squamata: Agamidae) from the upper Mekong River in Eastern Tibet, China, with notes on morphological variation, distribution, and conservation of two congeners along the same river Zootaxa, 4544(4), 505–522 https://doi.org/10.11646/zootaxa.4544.4.3",2019,"Kai Wang, Ke Jiang, Jinlong Ren, Dahu Zou, Jiawei Wu, Jing Che, Cameron D. Siler",Zootaxa,10.11646/zootaxa.4544.4.3,246
83,爬行纲,帆背攀蜥,Diploderma vela,帆背攀蜥,Japalura vela,种,有鳞目,Squamata,鬣蜥科,Agamidae,攀蜥属,Diploderma,种加词推断,"按种加词推断为名录中该名的异名对应种,请复核",,云南,原表标注,云南省南部种群;澜沧江上游如美和通沙的北部种群,100.5,22.5,文字地名地理编码/后续补充,,,,,海滨/海洋,澜沧江上游高海拔生境,标本,,新纪录,原表标注,,,,,,"KAI WANG and KE JIANG and JINLONG REN and DAHU ZOU and JIAWEI WU and JING CHE and CAMERON D. SILER (2019). A new species of Dwarf Japalura sensu lato (Reptilia: Squamata: Agamidae) from the upper Mekong River in Eastern Tibet, China, with notes on morphological variation, distribution, and conservation of two congeners along the same river Zootaxa, 4544(4), 505–522 https://doi.org/10.11646/zootaxa.4544.4.3",2019,"Kai Wang, Ke Jiang, Jinlong Ren, Dahu Zou, Jiawei Wu, Jing Che, Cameron D. Siler",Zootaxa,10.11646/zootaxa.4544.4.3,247
84,爬行纲,花坪链蛇(花坪白环蛇),Lycodon cathaya,花坪白环蛇,Lycodon cathaya,种,有鳞目,Squamata,游蛇科,Colubridae,链蛇属,Lycodon,拉丁名精确,,广西花坪自然保护区,湖南,原表标注,南山国家公园金童山片区,110.2581,26.2506,原文报道坐标,532,532.0,2023-07-27,2023年7月27日,森林,针阔混交林,标本,HNNU 230727,新纪录,原表标注,,,,,,"刘佳昱、李辉、朱乐强、张先泰、彭德永、莫小阳、张志强 (2024). 湖南省蛇类新纪录——花坪白环蛇 Chinese Journal of Wildlife, 45(2), 434-440 https://doi.org/10.12375/ysdwxb.20240225",2024,刘佳昱、李辉、朱乐强、张先泰、彭德永、莫小阳、张志强,Chinese Journal of Wildlife,10.12375/ysdwxb.20240225,248
85,两栖纲,猫儿山小鲵,Hynobius maoershanensis,猫儿山小鲵,Hynobius maoershanensis,种,有尾目,Caudata,小鲵科,Hynobiidae,小鲵属,Hynobius,拉丁名精确,,广西猫儿山国家级自然保护区海拔1966 m以上的森林沼泽地及周边地区,广西,原表标注,全州天湖国家湿地公园,110.9039,26.1058,原文报道坐标,1680,1680.0,2022-03,2022年3月,湿地/静水水体,湖泊浅水区,标本,TH22001,新纪录,原表标注,,,,,,"崔甄甄、武正军、杨选云、曾志锋、黄华苑 (2024). 猫儿山小鲵分布新纪录 Chinese Journal of Wildlife, 45(2), 441-447 https://doi.org/10.12375/ysdwxb.20240226",2024,崔甄甄、武正军、杨选云、曾志锋、黄华苑,Chinese Journal of Wildlife,10.12375/ysdwxb.20240226,249
86,爬行纲,黄家岭脊蛇,Achalinus huangjietangi,黄家岭脊蛇,Achalinus huangjietangi,种,有鳞目,Squamata,闪皮蛇科,Xenodermidae,脊蛇属,Achalinus,拉丁名精确,,安徽、浙江和福建省,福建,原表标注,福州市闽侯县环山公路旁,119.0311,26.4311,原文报道坐标,1026,1026.0,2023-04-25,2023年4月25日,森林,"常绿阔叶林下,植被丰富,林下多落叶等腐殖质,环境阴凉潮湿",标本,HSR23021,新纪录,原表标注,,,,,,"章铁睿、黄松 (2024). 福建蛇类新纪录——黄家岭脊蛇 Chinese Journal of Wildlife, 45(1), 228-230 https://doi.org/10.12375/ysdwxb.20240132",2024,章铁睿、黄松,Chinese Journal of Wildlife,10.12375/ysdwxb.20240132,250
87,两栖纲,大雪山角蟾,Boulenophrys daxuemontis,大雪山角蟾,Boulenophrys daxuemontis,种,无尾目,Anura,角蟾科,Megophryidae,布角蟾属,Boulenophrys,拉丁名精确,,四川省筠连县(模式产地),云南,原表标注,云南省昭通市威信县扎西镇狮子沟村,105.0334,27.8575,原文报道坐标,1280~1400,1340.0,2024-07-10,2024年7月10日,混合生境（溪流/河流+森林+灌丛/草地）,"亚热带常绿阔叶林和竹林环绕的山涧溪流,溪底为细砾石或淤泥,散布大块岩石,河岸覆盖落叶、菖蒲及其他草本植物",标本,NNU 040604、NNU 040605、NNU 040606、NNU 040607、NNU 040617、NNU 040618,新纪录,原表标注,,,,,,"徐赛颖、高朔、王瑞琪、陈璐、吴云鹤 (2026). 云南省两栖类新记录——大雪山角蟾 四川动物, 1-11 https://doi.org/10.11984/j.issn.1000-7083.20250316",2026,徐赛颖、高朔、王瑞琪、陈璐、吴云鹤,四川动物,10.11984/j.issn.1000-7083.20250316,252
88,两栖纲,龙里瘰螈,Paramesotriton longliensis,龙里瘰螈,Paramesotriton longliensis,种,有尾目,Caudata,蝾螈科,Salamandridae,瘰螈属,Paramesotriton,拉丁名精确,,贵州、重庆和湖北的喀斯特地区,云南,原表标注,下金厂乡附近,104.8106,23.1419,原文报道坐标,1390,1390.0,2019-09,2019年9月,混合生境（溪流/河流+森林+农田/种植园）,"具有典型喀斯特地貌的农田附近的溪流里,溪流周边植被茂密,为常绿阔叶林,周围有石头及草本植物遮盖",标本,SWFU 003653、SWFU 003656、SWFU 003654、SWFU 003655,新纪录,原表标注,,,,,,"李松等 (2021). 云南省发现龙里瘰螈 四川动物, 40(3), 310-313",2021,李波艳、魏平凡、饶静秋、袁智勇,四川动物,,255
89,爬行纲,福建华珊瑚蛇,Sinomicrurus kelloggi,福建华珊瑚蛇,Sinomicrurus kelloggi,种,有鳞目,Squamata,眼镜蛇科,Elapidae,中华珊瑚蛇属,Sinomicrurus,拉丁名精确,,,云南,原表标注,,,,,,,,,,,照片/影像,,新纪录,原表标注,,,,,,"王剀、吕植桐、王健、齐硕、车静 (2022). 云南省爬行动物名录和地理区划更新 生物多样性, 30(4), 1-31 https://doi.org/10.17520/biods.2021326",2022,孙国政、罗伟雄、王继山; 王德青、杨典成、彭丽芳、程周旺、许竟成、胡晓倩、黄松,动物学杂志; 四川动物,10.17520/biods.2021326,257
90,爬行纲,纹尾斜鳞蛇,Pseudoxenodon stejnegeri,纹尾斜鳞蛇,Pseudoxenodon stejnegeri,种,有鳞目,Squamata,游蛇科,Colubridae,斜鳞蛇属,Pseudoxenodon,拉丁名精确,,,云南,原表标注,,,,,,,,,,,照片/影像,,新纪录,原表标注,,,,,,"王剀、吕植桐、王健、齐硕、车静 (2022). 云南省爬行动物名录和地理区划更新 生物多样性, 30(4), 1-31 https://doi.org/10.17520/biods.2021326",2022,李操、温涛、郭鹏,动物学研究,10.17520/biods.2021326,259
91,爬行纲,灰腹绿锦蛇,Gonyosoma frenatum,灰腹绿锦蛇,Gonyosoma frenatus,种,有鳞目,Squamata,游蛇科,Colubridae,绿锦蛇属,Gonyosoma,中文名精确,,国内分布于安徽、福建、广东、广西、贵州、河南、湖南、四川、浙江、江西、重庆、湖北、陕西;国外分布于越南、印度,云南,原表标注,水围城景区附近,103.696,22.9098,原文报道坐标,2109,2109.0,2021-04-16,2021年4月16日,森林,季风常绿阔叶林,照片/影像、野外观察,,新纪录,原表标注,,,,,,"杨泽鹏、魏平凡 (2022). 云南省爬行类首次记录灰腹绿锦蛇 四川动物, 41(1), 7-9",2022,杨泽鹏、魏平凡、饶静秋、刘春雨、史兴惠、袁智勇、段玉宝,四川动物,,260
92,爬行纲,广西华珊瑚蛇,Sinomicrurus peinani,广西华珊瑚蛇,Sinomicrurus peinani,种,有鳞目,Squamata,眼镜蛇科,Elapidae,中华珊瑚蛇属,Sinomicrurus,拉丁名精确,,"国内分布于广西壮族自治区梧州市苍梧县和广东省肇庆鼎湖区,国外分布于越南的高平和保乐",云南,原表标注,马关县古林箐乡,103.9587,22.8243,原文报道坐标,1592,1592.0,2021-07-28,2021年7月28日01:10,森林,植被茂盛、郁闭度较高的森林,标本,SWFU006882,新纪录,原表标注,,,,,,"洪艳华、刘小龙、艾仁达、侯绍兵、杨云、蓝俊麟、袁智勇、段玉宝 (2022). 云南省蛇类新记录——广西华珊瑚蛇 四川动物, 41(2), 184-188",2022,洪艳华、刘小龙、艾仁达、侯绍兵、杨云、蓝俊麟、袁智勇、段玉宝,四川动物,,261
93,爬行纲,双全链蛇(双全白环蛇),Lycodon fasciatus,双全白环蛇,Lycodon fasciatus,种,有鳞目,Squamata,游蛇科,Colubridae,链蛇属,Lycodon,拉丁名精确,,浙江、福建、湖北、四川、贵州、云南、陕西、甘肃,安徽,原表标注,黄山区汤口镇浮溪村,118.15,30.15,文字地名地理编码/后续补充,,,2003-09,2003年9月初,,,照片/影像,,新纪录,原表标注,,,,,,,2003,晏鹏、吴孝兵、胡好远,,,265
94,爬行纲,王锦蛇,Elaphe carinata,王锦蛇,Elaphe carinata,种,有鳞目,Squamata,游蛇科,Colubridae,锦蛇属,Elaphe,拉丁名精确,,"我国南方,见于河南、陕西、甘肃、四川、云南、贵州、湖北、安徽、江苏、浙江、江西、福建、台湾、广东、广西",山东,原表标注,范家石槽村,118.5833,35.0667,原文报道坐标,,,2001-09-08,2001年9月8日,混合生境（人工生境+荒漠/沙地）,村内民宅旁的沙堆上,照片/影像,,新纪录,原表标注,,,,,,"张守富、张守贵 (2002). 山东日照发现王锦蛇 动物学杂志, 72-73",2002,张守富、张守贵,两栖爬行动物学报,,267
95,爬行纲,崇安草蜥,Takydromus sylvaticus,崇安地蜥,Platyplacopus sylvaticus,种,有鳞目,Squamata,蜥蜴科,Lacertidae,草蜥属,Takydromus,种加词推断,"按种加词推断为名录中该名的异名对应种,请复核",福建省崇安县(现武夷山市)挂墩村,安徽,原表标注,岭南保护区,118.15,29.45,原文报道坐标,,,2000-05,2000年5月;2001年1月,,,标本,HS000512;HS001001,新纪录,原表标注,,,,,,,2002,唐鑫生、项鹏,动物学杂志,,268
96,两栖纲,大角蟾,Xenophrys major,大角蟾,Megophrys major,种,无尾目,Anura,角蟾科,Megophryidae,异角蟾属,Xenophrys,中文名精确,,"在国内见于云南(1300m)、广东和湖南,国外分布于印度东北部、孟加拉国、缅甸和越南",广西,原表标注,十万大山国家级自然保护区的防城港区峒中水源林保护区13km处,107.5588,21.7045,原文报道坐标,550,550.0,2001-12,2001年12月-2003年8月,森林,沟谷热带雨林,标本,200308028、200308029、200308030、200308031、200308032、200308033,新纪录,原表标注,,,,,,"莫运明、周天福、谢志明 (2004). 我国三种两栖动物在广西的新分布 动物学杂志, 39(4), 92-94",2004,莫运明、周天福、谢志明,动物学杂志,,271
97,两栖纲,合征姬蛙,Microhyla mixtura,合征姬蛙,Microhyla mixtura,种,无尾目,Anura,姬蛙科,Microhylidae,姬蛙属,Microhyla,拉丁名精确,,陕西洋县、宁强、四川万源县、贵州印江、湖北神农架、均县、安徽霍山、金寨、浙江宁波,河南,原表标注,商城县,115.5333,31.7167,原文报道坐标,400-700,550.0,2002-05,2002年5月和8月,混合生境（湿地/静水水体+灌丛/草地）,山谷静水塘附近的草丛中或水池边,标本,,新纪录,原表标注,DUP043,,,,,"陈晓虹、陶立奎、石灵、孟宪萍 (2003). 河南省发现合征姬蛙 动物学杂志, 38(3), 89-90",2003,陈晓虹、陶立奎、石灵、孟宪萍,动物学杂志,,273
98,两栖纲,湖北侧褶蛙,Pelophylax hubeiensis,湖北侧褶蛙,Pelophylax hubeiensis,种,无尾目,Anura,蛙科,Ranidae,侧褶蛙属,Pelophylax,拉丁名精确,,,河南,原表标注,金岗台自然保护区,115.4783,31.6936,原文报道坐标,300~550,425.0,1999-04,1999年4月~2009年9月,,,标本,,新纪录,原表标注,,,,,,"石灵、侯名根、王新卫、陶立奎、陈晓虹 (2011). 河南省金岗台自然保护区两栖动物资源及保护 四川动物, 30(5), 828-830 https://doi.org/10.3969/j.issn.1000-7083.2011.05.042",2011,王新卫等,,10.3969/j.issn.1000-7083.2011.05.042,276
99,两栖纲,阔褶水蛙,Sylvirana latouchii,阔褶水蛙,Hylarana latouchii,种,无尾目,Anura,蛙科,Ranidae,肱腺蛙属,Sylvirana,中文名精确,,,河南,原表标注,金岗台自然保护区,115.4783,31.6936,原文报道坐标,300~650,475.0,1999-04,1999年4月~2009年9月,,,标本,,新纪录,原表标注,,,,,,"石灵、侯名根、王新卫、陶立奎、陈晓虹 (2011). 河南省金岗台自然保护区两栖动物资源及保护 四川动物, 30(5), 828-830 https://doi.org/10.3969/j.issn.1000-7083.2011.05.042",2011,陈晓虹、梁俊波、杨杰,河南师范大学学报,10.3969/j.issn.1000-7083.2011.05.042,277
100,两栖纲,大树蛙,Zhangixalus dennysi,大树蛙,Rhacophorus dennysi,种,无尾目,Anura,树蛙科,Rhacophoridae,张树蛙属,Zhangixalus,中文名精确,,,河南,原表标注,金岗台自然保护区,115.4783,31.6936,原文报道坐标,350~900,625.0,1999-04,1999年4月~2009年9月,,,标本,,新纪录,原表标注,,,,,,"石灵、侯名根、王新卫、陶立奎、陈晓虹 (2011). 河南省金岗台自然保护区两栖动物资源及保护 四川动物, 30(5), 828-830 https://doi.org/10.3969/j.issn.1000-7083.2011.05.042",2011,陈晓虹、瞿文元、胡焕富、等,四川动物,10.3969/j.issn.1000-7083.2011.05.042,278
101,两栖纲,斑腿泛树蛙,Polypedates megacephalus,斑腿泛树蛙,Polypedates megacephalus,种,无尾目,Anura,树蛙科,Rhacophoridae,泛树蛙属,Polypedates,拉丁名精确,,,河南,原表标注,金岗台自然保护区,115.4783,31.6936,原文报道坐标,300~800,550.0,1999-04,1999年4月~2009年9月,,,标本,,新纪录,原表标注,,,,,,"石灵、侯名根、王新卫、陶立奎、陈晓虹 (2011). 河南省金岗台自然保护区两栖动物资源及保护 四川动物, 30(5), 828-830 https://doi.org/10.3969/j.issn.1000-7083.2011.05.042",2011,陈晓虹、瞿文元、胡焕富、等,四川动物,10.3969/j.issn.1000-7083.2011.05.042,279
102,爬行纲,哀鳞趾虎,Lepidodactylus lugubris,哀鳞趾虎,Lepidodactylus lugubris,种,有鳞目,Squamata,壁虎科,Gekkonidae,鳞趾虎属,Lepidodactylus,拉丁名精确,,"目前,分布于几乎整个热带亚洲(包括中国、斯里兰卡、印度、缅甸等),印度洋和大洋洲岛屿,甚至已被引入到美洲大陆及加勒比海岛屿。在国内,已知分布在海南万宁、台湾岛的东部和南部。",海南,原表标注,海南万宁石梅湾,110.35,18.65,文字地名地理编码/后续补充,,,2021-04,2021年4月和2022年7月,其他/未归类,榕树上,标本,SYNU210417,新纪录,原表标注,,,,,,"王昊天 (2023). 海南岛壁虎科多样性研究 兼记二新记录属(有鳞目,蜥蜴亚目)",2023,王昊天,"海南岛壁虎科多样性研究兼记二新记录属(有鳞目,蜥蜴亚目)",,299
103,爬行纲,半叶趾虎,Hemiphyllodactylus typus,半叶趾虎,Hemiphyllodactylus typus,种,有鳞目,Squamata,壁虎科,Gekkonidae,半叶趾虎属,Hemiphyllodactylus,拉丁名精确,,"分布广泛,从太平洋中部的夏威夷和法属波利尼西亚向西到东南亚各国,以及印度和斯里兰卡,也被引入到日本琉球群岛。我国目前已知分布在海南三亚和台湾东部(包括兰屿岛)。",海南,原表标注,海南三亚临春岭公园,109.55,18.25,文字地名地理编码/后续补充,,,2021-04,2021年4月和2022年7月,其他/未归类,公园内步道两侧扶手及邻近树上,标本,SYSr002677-2679,新纪录,原表标注,,,,,,"王昊天 (2023). 海南岛壁虎科多样性研究 兼记二新记录属(有鳞目,蜥蜴亚目)",2023,王昊天,"海南岛壁虎科多样性研究兼记二新记录属(有鳞目,蜥蜴亚目)",,300
104,爬行纲,黑头蝰,Azemiops feae,白头蛙,Azemiops feae,种,有鳞目,Squamata,蝰科,Viperidae,白头蝰属,Azemiops,拉丁名精确,,云南、贵州、四川、西藏、陕西、甘肃、广西、安徽、江西、浙江、福建,湖北,原表标注,后河村,110.61,30.098,文字地名地理编码/后续补充,,,2005-09-04,2005年9月4日,人工生境,农家庭院,照片/影像,,新纪录,原表标注,,,,,,,2005,索建中、周友兵、江广华、肖春芳、向明喜,,,302
105,爬行纲,中国石龙子,Plestiodon chinensis,中国石龙子,Eumeces chinensis,种,有鳞目,Squamata,石龙子科,Scincidae,多齿石龙子属,Plestiodon,中文名精确,,江苏、安徽及以南诸省,河北,原表标注,无极县赵户营;石家庄市北郊,114.55,38.15,文字地名地理编码/后续补充,,,1998-08-22,1998年8月22日;1999年5月8日,,,标本,980801;990502,新纪录,原表标注,,,,,,,2001,吴跃峰、武明录,动物学杂志,,306
106,两栖纲,广东纤树蛙,Gracixalus guangdongensis,广东纤树蛙,Gracixalus guangdongensis,种,无尾目,Anura,树蛙科,Rhacophoridae,纤树蛙属,Gracixalus,拉丁名精确,,广东茂名、韶关、惠州和湖南宜章,福建,原表标注,梅花山国家级自然保护区,116.8361,25.3306,原文报道坐标,1400,1400.0,2024-05-24,2024年5月24日,混合生境（溪流/河流+森林+湿地/静水水体）,"竹林中,林边有小片湿地沼泽和小溪涧,长有较密的鹿角杜鹃",标本,XMU0270003~XMU0270005,新纪录,原表标注,DUP027,,,,,"王鹤霖、王臻祺、林清贤、周晓平 (2025). 福建省两栖动物新记录种———广东纤树蛙 厦门大学学报(自然科学版), 64(5), 910-916 https://doi.org/10.6043/j.issn.0438-0479.202407017",2025,王鹤霖、王臻祺、林清贤、周晓平,厦门大学学报(自然科学版),10.6043/j.issn.0438-0479.202407017,316
107,两栖纲,天目臭蛙,Odorrana tianmuii,天目臭蛙,Odorrana tianmuii,种,无尾目,Anura,蛙科,Ranidae,臭蛙属,Odorrana,拉丁名精确,,"除模式产地浙江天目山外,分布于浙江钱塘江和瓯江流域、安徽南部、江苏南部以及江西东北部",福建,原表标注,浦城县管厝乡东北部,118.6567,28.0535,原文报道坐标,1658,1658.0,2016-09,2016年9月至10月,混合生境（溪流/河流+灌丛/草地+高山流石滩/石山）,"植被茂密、水流平缓且开阔的山间溪流环境,溪中多石块,成蛙栖息于溪边的石块、岩壁、岩缝或溪边灌丛",标本,HNNU1610001、HNNU1610002、HNNU1610003,新纪录,原表标注,,,,,,"王秋亚、朱艳军、陈卓、申惠君、陈晓虹 (2019). 福建省花臭蛙复合体组成及天目臭蛙分布新记录记述 动物学杂志, 54(4), 501-508 https://doi.org/10.13859/j.cjz.201904007",2019,王秋亚、朱艳军、陈卓、申惠君、陈晓虹,动物学杂志,10.13859/j.cjz.201904007,319
108,两栖纲,黄岗臭蛙,Odorrana huanggangensis,黄岗臭蛙,Odorrana huanggangensis,种,无尾目,Anura,蛙科,Ranidae,臭蛙属,Odorrana,拉丁名精确,,"不仅分布于福建和江西武夷山区,还广泛分布于福建(北部、西部、南部、西南部和中部)、湖南(南部、西南部和北部的张家界武陵源区)、广西东北部、广东(北部、东北部至南部)以及贵州(东部和东南部)",福建,原表标注,屏南县双溪镇,119.04,27.0368,原文报道坐标,,,2016-09,2016年9月至10月,,,标本,HNNU1609001、HNNU1609002、HNNU1609003,新纪录,据引用/备注推断,,,,,,"王秋亚、朱艳军、陈卓、申惠君、陈晓虹 (2019). 福建省花臭蛙复合体组成及天目臭蛙分布新记录记述 动物学杂志, 54(4), 501-508 https://doi.org/10.13859/j.cjz.201904007",2019,王秋亚、朱艳军、陈卓、申惠君、陈晓虹,动物学杂志,10.13859/j.cjz.201904007,320
109,两栖纲,巫山角蟾,Boulenophrys wushanensis,巫山布氏角蟾,Boulenophrys wushanensis,种,无尾目,Anura,角蟾科,Megophryidae,布角蟾属,Boulenophrys,拉丁名精确,,陕西、甘肃、四川、重庆和湖北等地,陕西,原表标注,"周至县集贤镇南蒿坪,赤峪沟支沟水潭",108.3667,34.0,原文报道坐标,1010,1010.0,2016-06,2016年6月,混合生境（溪流/河流+森林）,山区流溪及其附近林间,标本,,新纪录,原表标注,,,,,,"赵虎、孔飞、张红星 (2022). 秦岭北坡发现巫山布氏角蟾 野生动物学报, 43(2), 579-580 https://doi.org/10.12375/ysdwsb.20220244",2022,赵虎、张红星,野生动物学报,10.12375/ysdwsb.20220244,321
110,爬行纲,眼斑水龟,Sacalia bealei,眼斑水龟,Clemmys bealei,种,龟鳖目,Testudines,地龟科,Geoemydidae,眼斑水龟属,Sacalia,中文名精确,,,贵州,原表标注,松桃,109.2,28.15,文字地名地理编码/后续补充,,,1974,1974年-1978年,,,照片/影像,,新纪录,原表标注,,,,,,"伍律、李德俊、须润华、黄谋、刘积深 (1978). 贵州爬行动物新纪录及一新种 贵州爬行动物新纪录及一新种, 105",1978,伍律、李德俊、须润华、董谦、刘积深,动物学报,,324
111,爬行纲,古氏草蜥(古纳氏草蜥),Takydromus kuehnei,台湾地蜥,Platyplacopus kuehnei,种,有鳞目,Squamata,蜥蜴科,Lacertidae,草蜥属,Takydromus,种加词推断,"按种加词推断为名录中该名的异名对应种,请复核",,贵州,原表标注,兴义,104.9,25.0833,文字地名地理编码/后续补充,,,1974,1974年-1978年,,,照片/影像,,新纪录,原表标注,,,,,,"伍律、李德俊、须润华、黄谋、刘积深 (1978). 贵州爬行动物新纪录及一新种 贵州爬行动物新纪录及一新种, 105",1978,伍律、李德俊、须润华、董谦、刘积深,动物学报,,325
112,爬行纲,,,蟒蛇,Python molurus bivittatus,种,有鳞目,Squamata,蟒科,Pythonidae,蟒属,Python,种未收录-按属填分类,,,贵州,原表标注,望谟,106.1,25.1833,文字地名地理编码/后续补充,,,1974,1974年-1978年,,,照片/影像,,新纪录,原表标注,,,,,,"伍律、李德俊、须润华、黄谋、刘积深 (1978). 贵州爬行动物新纪录及一新种 贵州爬行动物新纪录及一新种, 105",1978,伍律、李德俊、须润华、董谦、刘积深,动物学报,,326
113,爬行纲,绿锦蛇,Gonyosoma prasinum,绿锦蛇,Elaphe prasina,种,有鳞目,Squamata,游蛇科,Colubridae,绿锦蛇属,Gonyosoma,中文名精确,,,贵州,原表标注,兴义,104.9,25.0833,文字地名地理编码/后续补充,,,1974,1974年-1978年,,,照片/影像,,新纪录,原表标注,,,,,,"伍律、李德俊、须润华、黄谋、刘积深 (1978). 贵州爬行动物新纪录及一新种 贵州爬行动物新纪录及一新种, 105",1978,伍律、李德俊、须润华、董谦、刘积深,动物学报,,329
114,爬行纲,横纹斜鳞蛇,Pseudoxenodon bambusicola,横纹斜鳞蛇,Pseudoxenodon bambusicola,种,有鳞目,Squamata,游蛇科,Colubridae,斜鳞蛇属,Pseudoxenodon,拉丁名精确,,,贵州,原表标注,雷山、从江,108.5,26.2,文字地名地理编码/后续补充,,,1974,1974年-1978年,,,照片/影像,,新纪录,原表标注,,,,,,"伍律、李德俊、须润华、黄谋、刘积深 (1978). 贵州爬行动物新纪录及一新种 贵州爬行动物新纪录及一新种, 105",1978,伍律、李德俊、须润华、董谦、刘积深,动物学报,,331
115,爬行纲,台湾小头蛇,Oligodon formosanus,台湾小头蛇,Oligodon formosanus,种,有鳞目,Squamata,游蛇科,Colubridae,小头蛇属,Oligodon,拉丁名精确,,,贵州,原表标注,榕江、从江,108.6,25.7,文字地名地理编码/后续补充,,,1974,1974年-1978年,,,照片/影像,,新纪录,原表标注,,,,,,"伍律、李德俊、须润华、黄谋、刘积深 (1978). 贵州爬行动物新纪录及一新种 贵州爬行动物新纪录及一新种, 105",1978,伍律、李德俊、须润华、董谦、刘积深,动物学报,,332
116,两栖纲,中华湍蛙,Amolops sinensis,中华湍蛙,Amolops sinensis,种,无尾目,Anura,蛙科,Ranidae,湍蛙属,Amolops,拉丁名精确,,模式产地为广东省英德市,贵州,原表标注,梵净山国家级自然保护区、雷公山国家级自然保护区,108.5886,27.9189,原文报道坐标,1032;686,859.0,2015-07,2015年7月;2018年7月;2018年8月,混合生境（溪流/河流+海滨/海洋）,"海拔600~1100 m的山间水流较为湍急的河流,常栖于河流内石头上或河边树枝上",标本,CIBFJS20150717005、CIBFJS20150720014、CIBLS20180804003、CIBLS20180717001,新纪录,原表标注,,,,,,"李仕泽、刘京、徐宁、魏刚、王斌 (2020). 贵州省两栖类新记录种——中华湍蛙及其蝌蚪描述 四川动物, 39(1), 75-80 https://doi.org/10.11984/j.issn.1000-7083.20190122",2020,李仕泽、刘京、徐宁、魏刚、王斌,四川动物,10.11984/j.issn.1000-7083.20190122,337
117,爬行纲,白尾双足蜥,Dibamus bourreti,白尾双足蜥,Dibamus bourreti,种,有鳞目,Squamata,双足蜥科,Dibamidae,双足蜥属,Dibamus,拉丁名精确,,湖南(宜章、江永)、广西(龙胜、金秀),广东,原表标注,仁化县黄沙坑,113.6695,25.1905,原文报道坐标,180,180.0,2008-05-26,2008年5月26日,森林,森林林缘的土坡中,标本,SYS r000071,新纪录,原表标注,,,,,,杨剑焕、李云、张天度、张冰、王英永 (2011) 动物学杂志,2011,杨剑焕、李韵、张天度、张冰、王英永,动物学杂志,,349
118,两栖纲,黄山角蟾,Boulenophrys huangshanensis,黄山角蟾,Xenophrys huangshanensis,种,无尾目,Anura,角蟾科,Megophryidae,布角蟾属,Boulenophrys,中文名精确,,安徽南部,江西,原表标注,大鄣山鄣山村,117.75,29.45,文字地名地理编码/后续补充,,,2011-07,2011年7月、2012年4月,溪流/河流,山溪旁,标本,SYSa001314-SYSa001322、SYSa001622、SYSa001623,新纪录,原表标注,,,,,,杨剑焕、洪元华、赵健、张昌友、王英永 (2013) 动物学杂志,2013,杨剑焕、洪元华、赵健、张昌友、王英永,动物学杂志,,350
119,两栖纲,,,侧条跳树蛙,Chirixalus vittatus,种,无尾目,Anura,树蛙科,Rhacophoridae,跳树蛙属,Chirixalus,种未收录-按属填分类,"名录中存在种加词相同的“侧条树蛙 Rohanixalus vittatus”,但原属Chirixalus仍在名录、两属非已知拆分对,请人工确认",国外:印度东北部、缅甸东部、泰国、柬埔寨、老挝、越南西部;国内:西藏(墨脱)、云南(河口、景洪)、广西(凭祥、龙州)、海南(琼中、陵山)、福建(崇安),广东,原表标注,黑石顶省级自然保护区,111.8192,23.4208,原文报道坐标,200,200.0,2008-05-30,2008年5月30日,森林,"开阔地带的禾本科植物叶丛中,南亚热带常绿阔叶林",标本,HSD0010~HSD0014,新纪录,原表标注,,,,,,杨剑焕、马新霞、王和聪、王英永 (2009) 动物学杂志,2009,杨剑焕、马新霞、王和聪、王英永,动物学杂志,,356
120,两栖纲,安吉小鲵,Hynobius amjiensis,安吉小鲵,Hynobius amjiensis,种,有尾目,Caudata,小鲵科,Hynobiidae,小鲵属,Hynobius,拉丁名精确,,,安徽,原表标注,,,,,,,,,,,标本,,新纪录,原表标注,,,,,,,,李永民、吴孝友、方国富、顾长明、薛辉、吴孝兵,,,360
121,爬行纲,东亚腹链蛇,Hebius vibakari,东亚腹链蛇,Hebius vibakari,种,有鳞目,Squamata,游蛇科,Colubridae,东亚腹链蛇属,Hebius,拉丁名精确,,中国东北、朝鲜半岛、俄罗斯远东地区和日本,安徽,原表标注,牛王寨,117.0922,31.2658,原文报道坐标,229,229.0,2021-08-22,2021年8月22日,其他/未归类,大别山区,标本,AHULJ210822,新纪录,原表标注,,,,,,张财文、马号号、吴阿芳、虞磊、张保卫 (2023) 动物学杂志 Chinese Journal of Zoology 10.13859/j.cjz.202303014,2023,张财文、马浩浩、吴阿芳、余磊、张保卫,动物学杂志 Chinese Journal of Zoology,10.13859/j.cjz.202303014,361
122,爬行纲,棕脊蛇,Achalinus rufescens,棕脊蛇,Achalinus rufescens,种,有鳞目,Squamata,闪皮蛇科,Xenodermidae,脊蛇属,Achalinus,拉丁名精确,,,安徽,原表标注,,,,,,,,,,,标本,,新纪录,原表标注,,,,,,彭丽芳、黄松 (2015) 动物学杂志 10.13859/j.cjz.201501024,2015,彭丽芳、黄松,,10.13859/j.cjz.201501024,362
123,爬行纲,福建华珊瑚蛇,Sinomicrurus kelloggi,福建华珊瑚蛇,Sinomicrurus kelloggi,种,有鳞目,Squamata,眼镜蛇科,Elapidae,中华珊瑚蛇属,Sinomicrurus,拉丁名精确,,浙江、福建、江西、湖南、海南、广东、广西、贵州、重庆;国外分布于越南和老挝,安徽,原表标注,石川村,118.1575,29.4597,原文报道坐标,236,236.0,2010-07-26,2010年7月26日,混合生境（溪流/河流+森林+灌丛/草地）,"小溪旁的草丛里,常绿阔叶林下",标本,HS11229,新纪录,原表标注,,,,,,陈进民、唐鑫生、黄松 (2013) 动物学杂志,2013,陈进民、唐鑫生、黄松,动物学杂志,,363
124,爬行纲,股鳞蜓蜥,Sphenomorphus incognitus,股鳞蜓蜥,Sphenomorphus incertus,种,有鳞目,Squamata,石龙子科,Scincidae,蜓蜥属,Sphenomorphus,中文名精确,,台湾、福建、海南、广西、云南、湖北、香港、越南,安徽,原表标注,岭南省级自然保护区,118.3833,30.0667,原文报道坐标,,,2011-07,2011年7月,混合生境（溪流/河流+森林+灌丛/草地）,"溪边石块上、杂草丛中和石块间,溪流上方为常绿阔叶林",标本,,新纪录,原表标注,,,,,,唐鑫生、黄松 (2021) 动物学杂志,2021,唐鑫生、黄松,动物学杂志,,364
125,两栖纲,孟闻琴蛙,Nidirana mangveni,孟闻琴蛙,Nidirana mangveni,种,无尾目,Anura,蛙科,Ranidae,琴蛙属,Nidirana,拉丁名精确,,,安徽,原表标注,,,,,,,,,,,标本,,新纪录,原表标注,DUP045,,,,,刘奔、马秋帆、方沿涛、黄平倩、李伦香、靳志杰、周翔、陈晓春、吴孝兵、陈进民、李冰欣 (2023) 动物学杂志 10.13859/j.cjz.202323091,2023,刘奔、马秋凡、方彦涛、黄平倩、李伦翔、金志杰、周翔、陈晓春、吴孝兵、陈进民、LEE Ping-Shin,,10.13859/j.cjz.202323091,365
126,两栖纲,贺州肥螈/吴氏肥螈,Pachytriton wuguanfui,吴氏肥螈,Pachytriton wuguanfui,种,有尾目,Caudata,蝾螈科,Salamandridae,肥螈属,Pachytriton,拉丁名精确,,广西贺州姑婆山、湖南道县茶花坪,广东,原表标注,连南瑶族自治县大鲵省级自然保护区,112.1797,24.4081,原文报道坐标,1200,1200.0,2023-08-17,2023年8月17日,混合生境（溪流/河流+森林）,常绿阔叶林山溪,标本,SYS a009150,新纪录,原表标注,,,,,,宋晗铭、王昊天、林泽花、郑寿松、周志恩、龚粤宁、刘志发、李友余、齐硕、王英永 (2024) 动物学杂志 10.13859/j.cjz.202424014,2024,宋晗铭、王昊天、林泽花、郑寿松、周志恩、龚粤宁、刘志发、李友余、齐硕、王英永,动物学杂志,10.13859/j.cjz.202424014,368
127,两栖纲,强婚刺铃蟾,Bombina fortinuptialis,强婚刺铃蟾,Bombina fortinuptialis,种,无尾目,Anura,铃蟾科,Bombinatoridae,铃蟾属,Bombina,拉丁名精确,,广西东北部,广东,原表标注,信宜市大雾岭,111.2186,22.2889,原文报道坐标,1500,1500.0,2018-08-21,2018年8月21日,混合生境（森林+海滨/海洋）,海拔1000 m以上的山区林间,标本,SYS a007408,新纪录,原表标注,,,,,,宋晗铭、王昊天、林泽花、郑寿松、周志恩、龚粤宁、刘志发、李友余、齐硕、王英永 (2024) 动物学杂志 10.13859/j.cjz.202424014,2024,宋晗铭、王昊天、林泽花、郑寿松、周志恩、龚粤宁、刘志发、李友余、齐硕、王英永,动物学杂志,10.13859/j.cjz.202424014,369
128,两栖纲,湘琴蛙,Nidirana xiangica,湘琴蛙,Nidirana xiangica,种,无尾目,Anura,蛙科,Ranidae,琴蛙属,Nidirana,拉丁名精确,,江西西部、湖南东部和南部、广西东北部,广东,原表标注,连州市大东山,112.7103,24.9547,原文报道坐标,660,660.0,2023-04-18,2023年4月18日,其他/未归类,丘陵山区静水水域,标本,SYS a009069,新纪录,原表标注,,,,,,宋晗铭、王昊天、林泽花、郑寿松、周志恩、龚粤宁、刘志发、李友余、齐硕、王英永 (2024) 动物学杂志 10.13859/j.cjz.202424014,2024,宋晗铭、王昊天、林泽花、郑寿松、周志恩、龚粤宁、刘志发、李友余、齐硕、王英永,动物学杂志,10.13859/j.cjz.202424014,372
129,两栖纲,北部湾棱皮树蛙,Theloderma corticale,北部湾棱皮树蛙,Theloderma corticale,种,无尾目,Anura,树蛙科,Rhacophoridae,棱皮树蛙属,Theloderma,拉丁名精确,,广西、海南、越南、老挝,广东,原表标注,乳源瑶族自治县南岭,112.9519,24.8486,原文报道坐标,1070,1070.0,2022-09-03,2022年9月3日,森林,山区林木繁茂阴暗潮湿处落叶层下,标本,SYS a009112,新纪录,原表标注,,,,,,宋晗铭、王昊天、林泽花、郑寿松、周志恩、龚粤宁、刘志发、李友余、齐硕、王英永 (2024) 动物学杂志 10.13859/j.cjz.202424014,2024,宋晗铭、王昊天、林泽花、郑寿松、周志恩、龚粤宁、刘志发、李友余、齐硕、王英永,动物学杂志,10.13859/j.cjz.202424014,373
130,爬行纲,横纹翠青蛇(横纹鼠蛇),Ptyas multicinctus,横纹翠青蛇,Cyclophiops multicinctus,种,有鳞目,Squamata,游蛇科,Colubridae,鼠蛇属,Ptyas,中文名精确,,中国海南、湖南、广西、云南;老挝、越南,广东,原表标注,古兜山自然保护区,112.9272,22.2356,原文报道坐标,370,370.0,2008-05-17,2008年5月17日,混合生境（森林+灌丛/草地+人工生境）,"公路边,邻近树林、花园及山坡林地(含乔木和灌丛)",标本,GD20080517001,新纪录,原表标注,,,,,,肖智、黎振昌、庆宁 (2010) 动物学杂志,2010,肖智、黎振昌、庆宁,动物学杂志,,376
131,两栖纲,白线树蛙,Zhangixalus leucofasciatus,白线树蛙,Rhacophorus leucofasciatus,种,无尾目,Anura,树蛙科,Rhacophoridae,张树蛙属,Zhangixalus,中文名精确,,广西上思、防城、金秀;重庆秀山;贵州梵净山、剑河、石阡;湖南张家界,广东,原表标注,老蓬,113.0104,24.9365,原文报道坐标,1204.3,1204.3,2018-09-09,2018年9月9日,森林,亚热带次生常绿阔叶林下,标本,GDNL2018090901,新纪录,原表标注,,,,,,丁向运、张冰、侯德佳、邓国杏、陈军、郑明、杨道德 (2019) 动物学杂志 10.13859/j.cjz.201903020,2019,丁向运、黎振昌,动物学杂志,10.13859/j.cjz.201903020,377
132,两栖纲,台北纤蛙/台北水蛙,Hylarana taipehensis,台北纤蛙,Hylarana taipehensis,种,无尾目,Anura,蛙科,Ranidae,水蛙属,Hylarana,拉丁名精确,,,澳门,原表标注,,,,,,,,,,,标本,,新纪录,原表标注,,,,,,黄继展、葛研、龚世平、简汉彪、李志锐、吴作谦 (2015) 动物学杂志 10.13859/j.cjz.201502016,2015,黄继展、葛研、龚世平、简汉彪、李志锐、吴作谦,,10.13859/j.cjz.201502016,381
133,两栖纲,六盘齿突蟾,Scutiger liupanensis,六盘齿突蟾,Scutiger liupanensis,种,无尾目,Anura,角蟾科,Megophryidae,齿突蟾属,Scutiger,拉丁名精确,,"宁夏六盘山自然保护区的二龙河、梁殿峡沟和香水河上段(泾源县境内),海拔1900–2500 m",甘肃,原表标注,通化乡黄叶沟、永宁乡葛家洞,106.2353,35.3639,原文报道坐标,2360,2360.0,2012-07-23,2012年7月23日-8月3日,混合生境（溪流/河流+海滨/海洋）,海拔2200 m以上的山涧小溪流,标本,GZ20120701、GZ20120702,新纪录,原表标注,,,,,,孙呈祥、龚大洁、孙立新、陈暅、任雅楠 (2013) 动物学杂志,2013,孙呈祥、龚大洁、孙立新、陈暅、任雅楠,动物学杂志,,389
134,爬行纲,若尔盖锦蛇,Elaphe zoigeensis,若尔盖锦蛇,Elaphe zoigeensis,种,有鳞目,Squamata,游蛇科,Colubridae,锦蛇属,Elaphe,拉丁名精确,,四川阿坝藏族羌族自治州若尔盖县,甘肃,原表标注,迭部县城附近,103.2333,34.05,原文报道坐标,2586,2586.0,2018-08-19,2018年8月19日,灌丛/草地,向阳、干燥的灌丛下石堆,标本,IVPP OV2672,新纪录,原表标注,,,,,,史静耸、姜中文、赵伟、石岳 (2019) 动物学杂志 Chinese Journal of Zoology 10.13859/j.cjz.201905020,2019,史静耸、赵伟,动物学杂志 Chinese Journal of Zoology,10.13859/j.cjz.201905020,390
135,两栖纲,乐东蟾蜍,Ingerophrynus ledongensis,乐东蟾蜍,Bufo ledongensis,种,无尾目,Anura,蟾蜍科,Bufonidae,棱顶蟾属,Ingerophrynus,中文名精确,,海南省尖峰岭、吊罗山、霸王岭,广东,原表标注,天井山林区,113.05,24.7167,原文报道坐标,650,650.0,2009-07,2009年7月,森林,常绿阔叶林下,标本,SCIEA-A-A-2009-001、SCIEA-A-A-2009-002,新纪录,原表标注,,,,,,龚世平、王力军、廖广桥、杨昌腾 (2011) 动物学杂志,2011,龚世平、王力军、廖广桥、杨昌腾,动物学杂志,,403
136,两栖纲,长肢林蛙,Rana longicus,长肢林蛙,Rana longicrus,种,无尾目,Anura,蛙科,Ranidae,蛙属,Rana,中文名精确,,台湾北部、中部和西部地区,广东,原表标注,广东古田省级自然保护区,114.7833,23.0833,原文报道坐标,250,250.0,2011-10,2011年10月,森林,常绿阔叶林内,标本,,新纪录,原表标注,,,,,,胡诗佳、翁锦泅、李东洋、周鹏、龚世平 (2012) 动物学杂志,2012,胡诗佳、翁锦泅、李东洋、周鹏、龚世平,动物学杂志,,404
137,爬行纲,刘氏链蛇(刘氏白环蛇),Lycodon liuchengchaoi,刘氏链蛇,Lycodon liuchengchaoi,种,有鳞目,Squamata,游蛇科,Colubridae,链蛇属,Lycodon,拉丁名精确,,四川、陕西、安徽、浙江,广东,原表标注,车八岭国家级自然保护区,114.1511,24.6747,原文报道坐标,330,330.0,2015-07-22,2015年7月22日,森林,原始季雨林区,标本,HUM20180001,新纪录,原表标注,,,,,,彭丽芳、拉琼、张新旺、张亮、黄松 (2018) 动物学杂志 10.13859/j.cjz.201805018,2018,彭丽芳、拉琼、张新旺、张亮、黄松,动物学杂志,10.13859/j.cjz.201805018,405
138,爬行纲,尖喙蛇(尖喙绿锦蛇),Gonyosoma boulengeri,尖喙蛇,Rhynchophis boulengeri,种,有鳞目,Squamata,游蛇科,Colubridae,绿锦蛇属,Gonyosoma,中文名精确,,"我国广西、海南,国外见于越南北部",广东,原表标注,里洞镇洛洞村天露山北麓,112.2333,22.4869,原文报道坐标,429,429.0,2016-09-02,2016年9月2日,森林,南亚热带山地常绿阔叶林,标本,ZL-Gb-20160902-2,新纪录,原表标注,,,,,,彭丽芳、张勇、池鸿健、金爱军、张亮、黄松 (2017) 动物学杂志 Chinese Journal of Zoology 10.13859/j.cjz.201706015,2017,彭丽芳、张勇、池鸿健、金爱军、张亮、黄松,动物学杂志 Chinese Journal of Zoology,10.13859/j.cjz.201706015,406
139,两栖纲,背条跳树蛙,Chirixalus doriae,背条跳树蛙,Chirixalus doriae,种,无尾目,Anura,树蛙科,Rhacophoridae,跳树蛙属,Chirixalus,拉丁名精确,,云南省西部和南部地区(如景东、孟连、河口等县)以及海南省,广东,原表标注,徐闻县海安镇,110.2231,20.2789,原文报道坐标,1,1.0,2017-10,2017年10月,混合生境（湿地/静水水体+灌丛/草地）,水塘、灌木丛,标本,XW171001 ~ XW171006,新纪录,原表标注,,,,,,邓可、陈清华、朱弼成、杨悦、陈勤、崔建国 (2018) 动物学杂志 Chinese Journal of Zoology 10.13859/j.cjz.201803016,2018,邓可、陈清华、朱弼成、杨悦、陈勤、崔建国,动物学杂志 Chinese Journal of Zoology,10.13859/j.cjz.201803016,407
140,爬行纲,福清链蛇,Lycodon futsingensis,福清白环蛇,Lycodon futsingensis,种,有鳞目,Squamata,游蛇科,Colubridae,链蛇属,Lycodon,拉丁名精确,,福建省福清市、香港、湖南宜章、越南三岛国家公园、银山、老街、河静、广平,广东,原表标注,深圳梧桐山、南岭国家森林公园、车八岭国家级自然保护区、天井山林场,114.2038,22.5728,原文报道坐标,738,738.0,2004-05,2004年5月至2010年6月,森林,常绿阔叶林下,标本,,新纪录,原表标注,,,,,,张亮、蒋珂、胡平、遇宝成、彭波涌、唐小平、胡慧建 (2011) 动物学杂志,2011,张亮、蒋珂、胡平、遇宝成、彭波涌、唐小平、胡慧建,动物学杂志,,417
141,爬行纲,双线小头蛇,Oligodon bivirgatus,菱斑小头蛇,Oligodon bivirgatus,种,有鳞目,Squamata,游蛇科,Colubridae,小头蛇属,Oligodon,拉丁名精确,"中文名与拉丁名在名录中指向不同物种,请复核",,广东,原表标注,,,,,,,,,,,标本,,新纪录,原表标注,,,,,,,,龚世平、Markus Auer、张应扬、钟国方、曾锦东,,,418
142,爬行纲,越南烙铁头蛇,Ovophis tonkinensis,越南烙铁头蛇,Ovophis kinensis,种,有鳞目,Squamata,蝰科,Viperidae,烙铁头蛇属,Ovophis,中文名精确,,越南;后在中国海南吊罗山、广西金秀有记录,广东,原表标注,云开山自然保护区,111.1937,22.2736,原文报道坐标,1013,1013.0,2009-06,2009年6月,混合生境（溪流/河流+森林+人工生境）,阔叶林中公路与溪流交汇处一石块下,标本,,新纪录,原表标注,,,,,,张亮、韦启浪、蒋珂、遇宝成、唐小平、丁晓龙、胡慧建 (2011) 动物学杂志,2011,张亮、韦启浪、蒋珂、遇宝成、唐小平、丁晓龙、胡慧建,动物学杂志,,419
143,爬行纲,黑带腹链蛇,Hebius bitaeniatum,黑带腹链蛇,Amphiesma bitaeniata,种,有鳞目,Squamata,游蛇科,Colubridae,东亚腹链蛇属,Hebius,中文名精确,,"国外分布于缅甸北部喀钦山、北禅山及越南北部;国内此前仅见于云南西部的维西、贡山、盈江,南部的西双版纳和西北部的中甸",广东,原表标注,南岭国家级自然保护区大顶山管理站辖区(乳源县洛阳镇附近),112.8975,24.6997,原文报道坐标,1668,1668.0,2008-07,2008年7月,森林,常绿阔叶林,标本,,新纪录,原表标注,,,,,,龚世平、何兵、杨昌腾 (2009) 动物学杂志Chinese Journal of Zoology,2009,龚世平、何兵、杨昌腾,动物学杂志Chinese Journal of Zoology,,420
144,两栖纲,腹斑掌突蟾,Paramegophrys ventripunctatus,腹斑掌突蟾,Leptobrachella ventripunctata,种,无尾目,Anura,角蟾科,Megophryidae,掌突蟾属,Paramegophrys,中文名精确,,中国云南(勐腊、思茅、金平、景东)及越南北部,广西,原表标注,隆林县者浪乡坡合村,105.2242,24.7494,原文报道坐标,826,826.0,2021-05,2021年5月,混合生境（溪流/河流+森林）,常绿阔叶林下溪流周边,标本,Ylusyy0018、Ylusyy0019、Ylusyy0020、Ylusyy0021、Ylusyy0022,新纪录,原表标注,DUP054,,,,,吴志灵、赖洁玲、张廷瑞、白林壮、黄亮亮、郜二虎、贝永建 (2022) 动物学杂志 10.13859/j.cjz.202204016,2022,吴志灵、赖洁玲、张廷瑞、白林壮、黄亮亮、郜二虎、贝永建,动物学杂志,10.13859/j.cjz.202204016,424
145,两栖纲,荔波臭蛙,Odorrana liboensis,荔波臭蛙,Odorrana liboensis,种,无尾目,Anura,蛙科,Ranidae,臭蛙属,Odorrana,拉丁名精确,,,广西,原表标注,,,,,,,,,,,标本,,新纪录,原表标注,,,,,,莫秋妹、刘硕、陈慧、余国华、孙涛 (2022) 动物学杂志 10.13859/j.cjz.202206014,2022,莫秋妹、刘硕、陈慧、余国华、孙涛,,10.13859/j.cjz.202206014,425
146,爬行纲,云开脊蛇,Achalinus yunkaiensis,云开脊蛇,Achalinus yunkaiensis,种,有鳞目,Squamata,闪皮蛇科,Xenodermidae,脊蛇属,Achalinus,拉丁名精确,,广东西南部地区,广西,原表标注,高寨村,110.4833,25.85,原文报道坐标,400,400.0,2014-08,2014年8月,混合生境（溪流/河流+森林+灌丛/草地）,"小溪沟旁,溪边丛生较多低矮湿生植物和灌木,周边为竹林,植被丰富",标本,YBU14612,新纪录,原表标注,,,,,,喻敏、李科、刘芹、杨孔、吴亚勇、郭鹏 (2020) 动物学杂志 Chinese Journal of Zoology 10.13859/j.cjz.202006013,2020,喻敏、李珂、刘琴、杨孔、吴亚勇、郭鹏,动物学杂志 Chinese Journal of Zoology,10.13859/j.cjz.202006013,430
147,两栖纲,印支棱皮树蛙,Theloderma gordoni,印支棱皮树蛙,Theloderma gordoni,种,无尾目,Anura,树蛙科,Rhacophoridae,棱皮树蛙属,Theloderma,拉丁名精确,,,广西,原表标注,,,,,,,,,,,标本,,新纪录,原表标注,,,,,,徐宇浩、吴家祥、龚宴安、侯勉、梁晟铭、彭丽芳 (2024) 动物学杂志 10.13859/j.cjz.202424028,2024,徐宇浩、吴家祥、龚宴安、侯勉、梁晟铭、彭丽芳,,10.13859/j.cjz.202424028,431
148,两栖纲,雷山琴蛙,Nidirana leishanensis,雷山琴蛙,Nidirana leishanensis,种,无尾目,Anura,蛙科,Ranidae,琴蛙属,Nidirana,拉丁名精确,,,广西,原表标注,,,,,,,,,,,标本,,新纪录,原表标注,,,,,,黄忠、廖晓雯、莫运明 (2022) 动物学杂志 10.13859/j.cjz.202201009,2022,黄忠、廖晓雯、莫运明,,10.13859/j.cjz.202201009,435
149,爬行纲,越南烙铁头蛇,Ovophis tonkinensis,越南烙铁头蛇,Ovophis tonkinensis,种,有鳞目,Squamata,蝰科,Viperidae,烙铁头蛇属,Ovophis,拉丁名精确,,,贵州,原表标注,,,,,,,,,,,标本,,新纪录,原表标注,,,,,,徐宇浩、刘丹、韦海潇、龚宴安、黄松、彭丽芳 (2025) 动物学杂志 Chinese Journal of Zoology 10.13859/j.cjz.202424080,2025,徐宇浩、刘丹、韦海潇、龚宴安、黄松、彭丽芳,,10.13859/j.cjz.202424080,436
150,两栖纲,寒露林蛙,Rana hanluica,寒露林蛙,Rana hanluica,种,无尾目,Anura,蛙科,Ranidae,蛙属,Rana,拉丁名精确,,,贵州,原表标注,,,,,,,,,,,标本,,新纪录,原表标注,,,,,,陈继军、古定豪、侯德华、宋志红 (2017) 动物学杂志 10.13859/j.cjz.201701020,2017,陈继军、古定豪、侯德华、宋志红,,10.13859/j.cjz.201701020,437
151,爬行纲,昆明钝头蛇(黑钝头蛇),Pareas niger,昆明钝头蛇,Pareas niger,种,有鳞目,Squamata,钝头蛇科,Pareidae,钝头蛇属,Pareas,拉丁名精确,,云南昆明,贵州,原表标注,普安县,105.0186,25.7839,原文报道坐标,1636,1636.0,2020-08,2020年8月,混合生境（溪流/河流+农田/种植园+人工生境）,"农田和耕地边公路上,附近有溪沟及居民区",标本,MTPA20200811031、MTPA20200811032、MTPA20200811033,新纪录,原表标注,,,,,,杨桂平、李仕泽、刘京、王斌、李灿、魏刚 (2023) 动物学杂志 10.13859/j.cjz.202302013,2023,杨桂平、李世泽、刘静、王斌、李灿、韦刚,动物学杂志,10.13859/j.cjz.202302013,438
152,爬行纲,方花蛇,Archelaphe bella,方花蛇,Archelaphe bella,种,有鳞目,Squamata,游蛇科,Colubridae,方花蛇属,Archelaphe,拉丁名精确,,国外见于越南、缅甸;国内分布于湖南、福建、云南、广西、四川,贵州,原表标注,金顶景区,108.7197,27.8972,原文报道坐标,1153,1153.0,2018-04-13,2018年4月13日,,,标本,GZULIN20180413,新纪录,原表标注,,,,,,王娇娇、王丞、田宇、胡灿实、张明明、李仕泽、粟海军 (2019) 动物学杂志 10.13859/j.cjz.201901025,2019,王娇娇、苏宏杰,动物学杂志,10.13859/j.cjz.201901025,439
153,爬行纲,贡山链蛇,Lycodon gongshan,贡山白环蛇,Lycodon gongshan,种,有鳞目,Squamata,游蛇科,Colubridae,链蛇属,Lycodon,拉丁名精确,,,贵州,原表标注,,,,,,,,,,,标本,,新纪录,原表标注,,,,,,章铁睿、王欣格、朱启辉、黄汝怡、黄松 (2025) 动物学杂志 Chinese Journal of Zoology 10.13859/j.cjz.24255,2025,章铁睿、王欣格、朱启辉、黄汝怡、黄松,,10.13859/j.cjz.24255,440
154,两栖纲,峨眉角蟾,Xenophrys omeimontis,峨眉角蟾,Megophrys omeimontis,种,无尾目,Anura,角蟾科,Megophryidae,异角蟾属,Xenophrys,中文名精确,,四川峨眉、洪雅、合江和屏山等地海拔700–1500 m的山区,贵州,原表标注,赤水桫椤国家级自然保护区金沙沟片区,105.9978,28.4367,原文报道坐标,465,465.0,2019-05-18,2019年5月18日-19日,混合生境（溪流/河流+森林）,"溪沟边或步道旁,两侧树林茂密,溪边石头上",标本,CS20190518032、CS20190518033、CS20190518034、CS20190518035、CS20190518036、CS20190518038、CS20190518039、CS20190518040,新纪录,原表标注,,,,,,刘京、李仕泽、程彦林、魏刚、徐宁 (2020) 动物学杂志 10.13859/j.cjz.202001006,2020,刘京、李仕泽、程彦林、魏刚、徐宁,动物学杂志,10.13859/j.cjz.202001006,445
155,爬行纲,双全链蛇(双全白环蛇),Lycodon fasciatus,双全白环蛇,Lycodon fasciatus,种,有鳞目,Squamata,游蛇科,Colubridae,链蛇属,Lycodon,拉丁名精确,,福建、甘肃、广西、贵州、湖北、陕西、四川、浙江、云南、河南、安徽,湖南,原表标注,曾家湾-顶坪-联防哨所一带,110.4833,29.8333,原文报道坐标,900,900.0,2002-06,2002年6月至2008年8月,森林,阔叶林区,标本,,新纪录,原表标注,,,,,,康祖杰、杨道德、廖庆义 (2009) 动物学杂志,2009,康祖杰、杨道德、廖庆义,动物学杂志,,446
156,爬行纲,颈槽蛇(湖北颈槽蛇),Rhabdophis nuchalis,颈槽蛇,Rhabdophis nuchalis,种,有鳞目,Squamata,游蛇科,Colubridae,颈槽蛇属,Rhabdophis,拉丁名精确,,甘肃、广西(龙胜)、贵州(兴义)、湖北(宜昌、利川)、陕西、四川、香港、云南、西藏东南部,湖南,原表标注,曾家湾-顶坪-联防哨所一带,110.4833,29.8333,原文报道坐标,900,900.0,2002-06,2002年6月至2008年8月,森林,阔叶林区,标本,,新纪录,原表标注,,,,,,康祖杰、杨道德、廖庆义 (2009) 动物学杂志,2009,康祖杰、杨道德、廖庆义,动物学杂志,,447
157,爬行纲,黑头剑蛇,Sibynophis chinensis,黑头剑蛇,Sibynophis chinensis,种,有鳞目,Squamata,游蛇科,Colubridae,剑蛇属,Sibynophis,拉丁名精确,,,河北,原表标注,,,,,,,,,,,标本,,新纪录,原表标注,,,,,,,,孙晓煜、雷隽、丁利,,,448
158,爬行纲,大别山脊蛇,Achalinus dabieshanensis,大别山脊蛇,Achalinus dabieshanensis,种,有鳞目,Squamata,闪皮蛇科,Xenodermidae,脊蛇属,Achalinus,拉丁名精确,,,河南,原表标注,,,,,,,,,,,标本,,新纪录,原表标注,DUP001,,,,,"刘清熔, 侯银梦, 陈卓, & 陈晓虹 (2024). 河南发现大别山脊蛇 动物学杂志, 59(6), 974-980 https://doi.org/10.13859/j.cjz.202424019",2024,刘清熔、侯银梦、陈卓、陈晓虹,,10.13859/j.cjz.202424019,449
159,爬行纲,刘氏链蛇(刘氏白环蛇),Lycodon liuchengchaoi,刘氏链蛇,Lycodon liuchengchaoi,种,有鳞目,Squamata,游蛇科,Colubridae,链蛇属,Lycodon,拉丁名精确,,"四川唐家河、四川宝兴县,后在陕西宁陕县、安徽黄山、浙江凤阳山发现",河南,原表标注,宝天曼国家级自然保护区,111.8838,33.486,原文报道坐标,630,630.0,2017-06-23,2017年6月23日,,,标本,HENUS001,新纪录,原表标注,,,,,,赵海鹏、于中斌、蒋珂、王春平、梁子安 (2018) 动物学杂志 Chinese Journal of Zoology 10.13859/j.cjz.201805026,2018,赵海鹏、梁子安,动物学杂志 Chinese Journal of Zoology,10.13859/j.cjz.201805026,450
160,爬行纲,宁波滑蜥,Scincella modesta,宁波滑蜥,Scincella modesta,种,有鳞目,Squamata,石龙子科,Scincidae,滑蜥属,Scincella,拉丁名精确,,湖北、河北、安徽等邻近省份,河南,原表标注,伏牛山国家级自然保护区桦树盘、太平镇居民住宅,111.8833,33.35,原文报道坐标,750,750.0,2011-08-23,2011年8月23日、2012年8月5日、2012年10月2日,混合生境（灌丛/草地+人工生境）,路边灌丛、篱笆、小花坛、民宅附近,标本,20110801、20110802、20110803、20120801、20121001,新纪录,原表标注,,,,,,赵海鹏、赵志鹏、王晓龙、史庄元、娄帅通、梁子安 (2013) 动物学杂志,2013,赵海鹏、赵志鹏、王晓龙、史庄元、娄帅通、梁子安,动物学杂志,,451
161,爬行纲,米仓山攀蜥,Diploderma micangshanense,米仓山龙蜥,Japalura micangshanensis,种,有鳞目,Squamata,鬣蜥科,Agamidae,攀蜥属,Diploderma,种加词推断,"按种加词推断为名录中该名的异名对应种,请复核",,河南,原表标注,,,,,,,,,,,标本,,新纪录,原表标注,,,,,,,,赵海鹏、王合林、路纪琪,,,452
162,两栖纲,,,广西棱皮树蛙,Theloderma kwangsiensis,种,无尾目,Anura,树蛙科,Rhacophoridae,棱皮树蛙属,Theloderma,种未收录-按属填分类,,广西(大瑶山),海南,原表标注,尖峰岭国家级自然保护区,108.7667,18.3833,原文报道坐标,900,900.0,2007-03-30,2007年3月30日,混合生境（溪流/河流+高山流石滩/石山）,山谷溪涧边、长满苔藓植物的岩石上,标本,,新纪录,原表标注,,,,,,肖智、黎振昌、高利宾 (2008) 动物学杂志,2008,肖智、黎振昌、高利宾,动物学杂志,,453
163,两栖纲,德力小姬蛙,Micryletta inornata,德力小姬蛙,Micryletta inornata,种,无尾目,Anura,姬蛙科,Microhylidae,小姬蛙属,Micryletta,拉丁名精确,,,海南,原表标注,,,,,,,,,,,标本,,新纪录,原表标注,,,,,,,,刘惠宁、陈辈乐,,,454
164,两栖纲,白斑棱皮树蛙,Theloderma albopunctatum,马来棱皮树蛙,Theloderma asperum,种,无尾目,Anura,树蛙科,Rhacophoridae,棱皮树蛙属,Theloderma,核定异名,"中国的马来棱皮树蛙记录现多归白斑棱皮树蛙,请复核",,海南,原表标注,,,,,,,,,,,标本,,新纪录,原表标注,,,,,,,,刘惠宁、陈辈乐,,,455
165,爬行纲,绞花林蛇,Boiga kraepelini,绞花林蛇,Boiga kraepelini,种,有鳞目,Squamata,游蛇科,Colubridae,林蛇属,Boiga,拉丁名精确,,安徽、重庆、福建、甘肃、广东、广西、贵州、海南、湖南、江西、四川、浙江、台湾、香港,湖北,原表标注,下谷坪,110.2167,31.3667,原文报道坐标,818,818.0,2012-05-18,2012年5月18日,森林,常绿阔叶林中,标本,XDSNR110350,新纪录,原表标注,,,,,,章波、周权、杨敬元、戴宗兴、周青春 (2013) 动物学杂志,2013,章波、张三、李四、王五,动物学杂志,,464
166,两栖纲,红吸盘棱皮树蛙,Theloderma rhododiscus,红吸盘棱皮树蛙,Theloderma rhododiscus,种,无尾目,Anura,树蛙科,Rhacophoridae,棱皮树蛙属,Theloderma,拉丁名精确,,,江西,原表标注,,,,,,,,,,,标本,,新纪录,原表标注,,,,,,曾昭驰、张昌友、袁银、吕植桐、王健、王英永 (2017) 动物学杂志 Chinese Journal of Zoology 10.13859/j.cjz.201702007,2017,曾昭驰、张昌友、袁银、吕植桐、王健、王英永,,10.13859/j.cjz.201702007,465
167,两栖纲,景东臭蛙,Odorrana jingdongensis,景东臭蛙,Odorrana jingdongensis,种,无尾目,Anura,蛙科,Ranidae,臭蛙属,Odorrana,拉丁名精确,,"云南省景东、金平、孟连、河口和广西壮族自治区防城港等地,海拔1480–1600 m",贵州,原表标注,雪山镇鱼塘村,104.0789,27.0692,原文报道坐标,2218,2218.0,2020-08-06,2020年8月6日,混合生境（溪流/河流+森林）,针叶林下的溪沟中,标本,WN20200806001、WN20200806002、WN20200806003、WN20200806004、WN20200806008、WN20200806009,新纪录,原表标注,,,,,,刘京、程彦林、周铝、姜世兴、周军健、李仕泽 (2023) 动物学杂志 Chinese Journal of Zoology 10.13859/j.cjz.202301015,2023,刘京、程彦林、周铝、姜世兴、周军健、李仕泽,动物学杂志 Chinese Journal of Zoology,10.13859/j.cjz.202301015,466
168,爬行纲,井冈两头蛇,Calamaria jinggangensis,井冈两头蛇,Calamaria jinggangensis,种,有鳞目,Squamata,游蛇科,Colubridae,两头蛇属,Calamaria,拉丁名精确,,江西省吉安市,贵州,原表标注,榕江县,108.6336,26.1133,原文报道坐标,1080,1080.0,2023-06,2023年6月,森林,针叶阔叶混交林旁的人工水渠,标本,LFR2023028,新纪录,原表标注,,,,,,张天佑、徐宇浩、龚宴安、韦海潇、翁仕洋、彭丽芳 (2024) 动物学杂志 10.13859/j.cjz.202423173,2024,张天佑、徐宇豪、龚 Yan-An、魏海肖、翁世阳、彭丽芳,动物学杂志,10.13859/j.cjz.202423173,467
169,爬行纲,花坪链蛇(花坪白环蛇),Lycodon cathaya,花坪白环蛇,Lycodon cathaya,种,有鳞目,Squamata,游蛇科,Colubridae,链蛇属,Lycodon,拉丁名精确,,广西壮族自治区桂林市龙胜县花坪自然保护区、湖南省城步县南山国家公园,贵州,原表标注,乐里镇,108.7833,26.5167,原文报道坐标,884,884.0,2023-07-18,2023年7月18日,混合生境（森林+人工生境）,常绿阔叶林旁公路,标本,CIB 119811,新纪录,原表标注,,,,,,吴帝豪、左智力、李茂良、贾如菀、高宗元、任金龙 (2025) 动物学杂志 10.13859/j.cjz.202524083,2025,吴帝豪、左智力、李茂良、贾如菀、高宗元、任金龙,动物学杂志,10.13859/j.cjz.202524083,468
170,爬行纲,海南棱蜥,Tropidophorus hainanus,海南棱蜥,Tropidophorus hainanus,种,有鳞目,Squamata,石龙子科,Scincidae,棱蜥属,Tropidophorus,拉丁名精确,,江西(龙南)、海南(五指山、吊罗山)、广东(车八岭国家级自然保护区)、湖南(莽山)、广西(瑶山滴水);国外分布于越南、菲律宾,贵州,原表标注,三都县拉揽乡来楼村,107.95,25.9333,原文报道坐标,529,529.0,2010-07-29,2010年7月29日,混合生境（溪流/河流+森林）,中亚热带常绿阔叶林林缘地带、溪流边阴湿的枯枝落叶处,标本,H-Qian-San-001,新纪录,原表标注,,,,,,张永宏、龚大洁、闫礼、孙立新 (2012) 动物学杂志,2012,张永宏、龚大洁、闫礼、孙立新,动物学杂志,,469
171,两栖纲,宜章臭蛙,Odorrana yizhangensis,宜章臭蛙,Odorrana yizhangensis,种,无尾目,Anura,蛙科,Ranidae,臭蛙属,Odorrana,拉丁名精确,,湖南宜章、湖北五峰、广东南岭、江西井冈山、重庆南川,贵州,原表标注,梵净山国家级自然保护区一段溪流内,108.7214,27.8953,原文报道坐标,800,800.0,2015-05,2015年5月至7月,混合生境（溪流/河流+森林+灌丛/草地）,"溪流两侧灌木林茂密,夜间栖于山溪内石头上或溪边长有苔藓的崖壁上亦或树枝及竹枝上",标本,FJS20150720001、FJS20150720002、FJS20150720004、FJS20150720005、FJS20150720006、FJS20150720007,新纪录,原表标注,,,,,,李仕泽、石磊、吕敬才、魏刚、徐宁、陈靖、姜森、王斌 (2016) 动物学杂志 Chinese Journal of Zoology 10.13859/j.cjz.201606020,2016,李仕泽、石磊、吕敬才、魏刚、徐宁、陈靖、姜森、王斌,动物学杂志 Chinese Journal of Zoology,10.13859/j.cjz.201606020,470
172,两栖纲,白线树蛙,Zhangixalus leucofasciatus,白线树蛙,Rhacophorus leucofasciatus,种,无尾目,Anura,树蛙科,Rhacophoridae,张树蛙属,Zhangixalus,中文名精确,,中国重庆秀山、广西金秀大瑶山、防城扶隆,贵州,原表标注,梵净山黑湾河,108.7653,27.8306,原文报道坐标,700,700.0,1985,1985年,混合生境（溪流/河流+森林）,河边竹林,标本,TRXY850501、TRXY850502,新纪录,原表标注,DUP091,,,,,张雷、陈红、曾强、吕红军 (2010) 动物学杂志,2010,张雷、陈红、曾强、吕红军,动物学杂志,,471
173,两栖纲,短肢角蟾,Boulenophrys brachykolos,短肢角蟾,Megophrys brachykolos,种,无尾目,Anura,角蟾科,Megophryidae,布角蟾属,Boulenophrys,中文名精确,,,贵州,原表标注,,,,,,,,,,,标本,,新纪录,原表标注,,,,,,,,牛克锋、杨业勤,,,472
174,两栖纲,川南短腿蟾,Brachytarsophrys chuannanensis,川南短腿蟾,Leptobrachium chuananense,种,无尾目,Anura,角蟾科,Megophryidae,短腿蟾属,Brachytarsophrys,中文名精确,,,贵州,原表标注,,,,,,,,,,,标本,,新纪录,原表标注,,,,,,,,吕敬才、cyS<@A9K?@A、c-T><9Q?,,,474
175,爬行纲,黄纹石龙子,Plestiodon capito,黄纹石龙子,Eumeces capito,种,有鳞目,Squamata,石龙子科,Scincidae,多齿石龙子属,Plestiodon,中文名精确,,北京、天津、河北、甘肃、宁夏、内蒙古、辽宁、河南、湖北、陕西、四川等地,贵州,原表标注,从江县秀塘乡九万大山,108.6103,25.3426,原文报道坐标,921,921.0,2011-07-30,2011年7月30日,森林,常绿阔叶林的林缘地带,标本,环-黔-从-2011001,新纪录,原表标注,,,,,,龚大洁、张永宏、孙立新、令利军、闫礼 (2012) 动物学杂志,2012,龚大洁、张永宏、孙立新、令利军、闫礼,动物学杂志,,475
176,两栖纲,合江棘蛙,Quasipaa robertingeri,合江棘蛙,Quasipaa robertingeri,种,无尾目,Anura,叉舌蛙科,Dicroglossidae,棘胸蛙属,Quasipaa,拉丁名精确,,四川、重庆、云南北部,贵州,原表标注,三叉河片区,106.4177,28.5121,原文报道坐标,1087,1087.0,2010-07,2010年7月和8月,森林,中亚热带常绿阔叶林区,标本,,新纪录,原表标注,,,,,,张明明、张海波、魏刚、吕敬才、粟海军 (2016) 动物学杂志 Chinese Journal of Zoology 10.13859/j.cjz.201604020,2016,张明明、张海波、魏刚、吕敬才、粟海军,动物学杂志 Chinese Journal of Zoology,10.13859/j.cjz.201604020,489
177,爬行纲,金环蛇,Bungarus fasciatus,金环蛇,Bungarus fasciatus,种,有鳞目,Squamata,眼镜蛇科,Elapidae,环蛇属,Bungarus,拉丁名精确,,云南、福建、广东、广西、海南、江西、香港和澳门,贵州,原表标注,蔗香镇,106.1542,24.9933,原文报道坐标,485,485.0,2021-07,2021年7月,混合生境（溪流/河流+人工生境）,公路边排水沟内,标本,GS0342,新纪录,原表标注,,,,,,陆静、祝非、孙恪、张鹤、张仁意 (2024) 动物学杂志 Chinese Journal of Zoology 10.13859/j.cjz.202423241,2024,陆静、祝非、孙恪、张鹤、张仁意,动物学杂志 Chinese Journal of Zoology,10.13859/j.cjz.202423241,490
178,两栖纲,史氏蟾蜍,Bufo stejnegeri,史氏蟾蜍,Bufo stejnegeri,种,无尾目,Anura,蟾蜍科,Bufonidae,蟾蜍属,Bufo,拉丁名精确,,朝鲜半岛中部山地和中国辽宁省东部长白山余脉地带,吉林,原表标注,白马浪沟,126.6333,41.6833,原文报道坐标,370,370.0,2014-07-15,2014年7月15日-22日,混合生境（森林+灌丛/草地）,温带落叶阔叶林和少量针阔混交林下的林下草丛及临时积水坑附近,标本,SYNU14070001 ~ SYNU14070013,新纪录,原表标注,,,,,,张云捷、李丕鹏、陆宇燕 (2016) 动物学杂志 10.13859/j.cjz.201601014,2016,张云捷、李丕鹏、陆宇燕,动物学杂志,10.13859/j.cjz.201601014,493
179,爬行纲,缅甸钝头蛇,Pareas hamptoni,缅甸钝头蛇,Pareas hamptoni,种,有鳞目,Squamata,钝头蛇科,Pareidae,钝头蛇属,Pareas,拉丁名精确,,,江西,原表标注,,,,,,,,,,,标本,,新纪录,原表标注,,,,,,王平、谢雨林、刘芹、汪继超、时磊、郭鹏 (2018) 动物学杂志 10.13859/j.cjz.201805019,2018,王平、谢雨林、刘芹、汪继超、时磊、郭鹏,,10.13859/j.cjz.201805019,503
180,爬行纲,大别山脊蛇,Achalinus dabieshanensis,大别山脊蛇,Achalinus dabieshanensis,种,有鳞目,Squamata,闪皮蛇科,Xenodermidae,脊蛇属,Achalinus,拉丁名精确,,,江西,原表标注,,,,,,,,,,,标本,,新纪录,原表标注,,,,,,刘丹、徐宇浩、张天佑、常金康、王一凡、彭丽芳 (2025) 动物学杂志 10.13859/j.cjz.202524207,2025,刘丹、徐宇浩、张天佑、常金康、王一凡、彭丽芳,,10.13859/j.cjz.202524207,505
181,两栖纲,长肢林蛙,Rana longicus,长肢林蛙,Rana longicrus,种,无尾目,Anura,蛙科,Ranidae,蛙属,Rana,中文名精确,,台湾地区,江西,原表标注,永丰县,115.6603,26.9323,原文报道坐标,159,159.0,2018-06,2018年6月至8月,混合生境（溪流/河流+湿地/静水水体+农田/种植园）,农耕地(稻田、池塘、水坑和水沟等水草丰盛处),标本,JXYF2018001,新纪录,原表标注,,,,,,吴延庆、陈巧尔、陈智强、丁国骅、黄琰彬、上官海平、黄敬绥、林植华 (2019) 动物学杂志 Chinese Journal of Zoology 10.13859/j.cjz.201903021,2019,吴延庆、胡诗佳、杨军校,动物学杂志 Chinese Journal of Zoology,10.13859/j.cjz.201903021,506
182,爬行纲,大眼斜鳞蛇,Pseudoxenodon macrops,大眼斜鳞蛇福建亚种,Pseudoxenodon macrops fukienensis,亚种（已归并至种级）,有鳞目,Squamata,游蛇科,Colubridae,斜鳞蛇属,Pseudoxenodon,亚种归并至种,按三名法亚种归并至种,,江西,原表标注,诸广山河,113.9167,25.7333,原文报道坐标,,,2007-07-26,2007年7月26日~8月8日,溪流/河流,溪流,标本,,新纪录,原表标注,DUP069,,,,,杨道德、刘松、费冬波、喻兴雷、谷颖乐、卢何军、陈辉敏、朱家椿 (2008) 动物学杂志,2008,杨道德、刘松、费冬波、喻兴雷、谷颖乐、卢何军、陈辉敏、朱家椿,动物学杂志,,507
183,两栖纲,尾突角蟾,Boulenophrys caudoprocta,尾突角蟾,Megophrys caudoprocta,种,无尾目,Anura,角蟾科,Megophryidae,布角蟾属,Boulenophrys,中文名精确,,湖南省桑植县,湖北,原表标注,干沟河,110.5403,30.0786,原文报道坐标,1100,1100.0,2003-07-16,2003年7月16日,混合生境（溪流/河流+森林+灌丛/草地）,"溪流旁,溪水透澈且流动较缓,溪流附近植被茂密,多为常绿阔叶林和灌丛",标本,HBWF03008,新纪录,原表标注,,,,,,戴宗兴、刘爱民、杜建峰、刘家武 (2011) 动物学杂志,2011,戴宗兴、刘爱民、杜建峰、刘家武,动物学杂志,,513
184,两栖纲,大绿臭蛙,Odorrana graminea,大绿臭蛙,Odorrana graminea,种,无尾目,Anura,蛙科,Ranidae,臭蛙属,Odorrana,拉丁名精确,,陕西、四川、云南、贵州、安徽、江西、浙江、福建、湖南、广东、广西、海南、香港,湖北,原表标注,高家堰镇,111.0497,30.5981,原文报道坐标,200–260,230.0,2009-08-30,2009年8月30日–9月4日、2010年7月11日–15日,溪流/河流,"山涧溪流,溪两岸陡峭、植被茂盛,溪中石块多、大小不一",标本,,新纪录,原表标注,,,,,,鲁有强、乔梁、陈晓虹 (2011) 动物学杂志,2011,鲁有强、乔梁、陈晓虹,动物学杂志,,514
185,爬行纲,峨眉草蜥,Takydromus intermedius,峨眉地蜥,Platyplacopus intermedius,种,有鳞目,Squamata,蜥蜴科,Lacertidae,草蜥属,Takydromus,种加词推断,"按种加词推断为名录中该名的异名对应种,请复核",四川、云南、贵州,湖北,原表标注,五峰后河国家级自然保护区,110.4903,30.0458,原文报道坐标,1000,1000.0,2004-04-21,2004年4月21日,,,标本,,新纪录,原表标注,,,,,,,,李强、戴宗兴、查玉平、郑志章、龚仁琥、刘绪生,动物学杂志,,517
186,爬行纲,刘氏链蛇(刘氏白环蛇),Lycodon liuchengchaoi,刘氏白环蛇,Lycodon liuchengchaoi,种,有鳞目,Squamata,游蛇科,Colubridae,链蛇属,Lycodon,拉丁名精确,,"中国特有种,原记录分布于四川、陕西、安徽、浙江、北京、湖南、河南、山西、广东等地",湖北,原表标注,赵湾乡青龙山村、油坊村、红山村,111.4686,31.9097,原文报道坐标,940,940.0,2022-06-16,2022年6月16日、2022年6月30日、2022年8月8日,混合生境（森林+人工生境）,林间道路旁崖壁、丘陵及山区,标本,NHPX00005,新纪录,原表标注,,,,,,李佳、邓正群、刘芳、李迪强、应钦 (2024) 动物学杂志 Chinese Journal of Zoology 10.13859/j.cjz.202322162,2024,李佳、yingqinww@163.com,动物学杂志 Chinese Journal of Zoology,10.13859/j.cjz.202322162,518
187,两栖纲,花坪角蟾,Boulenophrys mirabilis,花坪角蟾,Boulenophrys mirabilis,种,无尾目,Anura,角蟾科,Megophryidae,布角蟾属,Boulenophrys,拉丁名精确,,广西桂林花坪自然保护区,湖南,原表标注,南山国家公园金童山国家级自然保护区,110.195,26.1983,原文报道坐标,709,709.0,2023-06-12,2023年6月12日,混合生境（森林+农田/种植园）,山脚下阔叶林、针阔混交林、竹林及邻近小面积农田,标本,NS20230612,新纪录,原表标注,DUP013,,,,,"张志强, 周琳, 刘佳昱, 李辉, 莫小阳, 王建军, & 杨盛东 (2024). 湖南南山国家公园发现花坪角蟾 动物学杂志, 59(2), 269-275 https://doi.org/10.13859/j.cjz.202423123",2024,张志强、周琳、刘佳昱、李辉、莫小阳、王建军、杨盛东,动物学杂志 Chinese Journal of Zoology,10.13859/j.cjz.202423123,519
188,爬行纲,四川竹叶青蛇,Trimeresurus sichuanensis,四川竹叶青蛇,Trimeresurus sichuanensis,种,有鳞目,Squamata,蝰科,Viperidae,竹叶青蛇属,Trimeresurus,拉丁名精确,,,湖南,原表标注,,,,,,,,,,,标本,,新纪录,原表标注,,,,,,高志伟、齐硕、钱天宇、黄太福、康祖杰、杨道德 (2023) 动物学杂志 Chinese Journal of Zoology 10.13859/j.cjz.202302012,2023,高志伟、齐硕、钱天宇、黄太福、康祖杰、杨道德,,10.13859/j.cjz.202302012,520
189,爬行纲,刘氏链蛇(刘氏白环蛇),Lycodon liuchengchaoi,刘氏链蛇,Lycodon liuchengchaoi,种,有鳞目,Squamata,游蛇科,Colubridae,链蛇属,Lycodon,拉丁名精确,,四川(中部、西北部)、陕西(南部)、安徽、浙江,湖南,原表标注,湖南壶瓶山国家级自然保护区,110.7898,30.0617,原文报道坐标,1421,1421.0,2016-07-21,2016年7月21日,森林,落叶阔叶林,标本,20160721303,新纪录,原表标注,,,,,,白林壮、王剀、康祖杰、廖庆义、刘美斯 (2018) 动物学杂志 10.13859/j.cjz.201804024,2018,白林壮,动物学杂志,10.13859/j.cjz.201804024,527
190,两栖纲,侏树蛙,Zhangixalus minimus,侏树蛙,Rhacophorus minimus,种,无尾目,Anura,树蛙科,Rhacophoridae,张树蛙属,Zhangixalus,中文名精确,,广西金秀大瑶山、广西龙胜,湖南,原表标注,相思坑,112.9884,24.9493,原文报道坐标,1342,1342.0,2016-04,2016年4月和2017年5月,森林,常绿阔叶林下,标本,MSZSW01、MSZSW02,新纪录,原表标注,,,,,,张梦斐、侯银梦、陈德胜、李思源、陈军、胡飞、王斌 (2018) 动物学杂志 Chinese Journal of Zoology 10.13859/j.cjz.201803017,2018,张梦斐、侯银梦、陈德胜、李思源、陈军、胡飞、王斌,动物学杂志 Chinese Journal of Zoology,10.13859/j.cjz.201803017,528
191,两栖纲,峨山掌突蟾,Paramegophrys oshanensis,峨山掌突蟾,Leptolalax oshanensis,种,无尾目,Anura,角蟾科,Megophryidae,掌突蟾属,Paramegophrys,中文名精确,,四川、重庆、贵州、湖北,湖南,原表标注,八面山,110.23,27.1542,原文报道坐标,950,950.0,2006,2006年8~11月,混合生境（溪流/河流+森林）,人工杉木林地、山间溪流中、近岸石块及地面,标本,,新纪录,原表标注,,,,,,向孙军、邓学建、董超、肖智力 (2008) 动物学杂志,2008,向孙军、邓学建、董超、肖智力,动物学杂志,,530
192,两栖纲,白线树蛙,Zhangixalus leucofasciatus,白线树蛙,Rhacophorus leucofasciatus,种,无尾目,Anura,树蛙科,Rhacophoridae,张树蛙属,Zhangixalus,中文名精确,,,湖南,原表标注,,,,,,,,,,,标本,,新纪录,原表标注,,,,,,潘丹、张冰、杨道德、丁向运、崔珊、胡新华 (2018) 动物学杂志 Chinese Journal of Zoology 10.13859/j.cjz.201801021,2018,潘丹、张冰、杨道德、丁向运、崔珊、胡新华,,10.13859/j.cjz.201801021,534
193,爬行纲,广西棱蜥,Tropidophorus guangxiensis,广西棱蜥,Tropidophorus guangxiensis,种,有鳞目,Squamata,石龙子科,Scincidae,棱蜥属,Tropidophorus,拉丁名精确,,广西壮族自治区武鸣县大明山,湖南,原表标注,雪峰山,110.3936,27.3156,原文报道坐标,1126,1126.0,2007-04,2007年4月,混合生境（溪流/河流+人工生境）,公路边水沟中的枯枝落叶中,标本,GKJ200704001、GKJ200704002、GKJ200704003、GKJ200704004,新纪录,原表标注,,,,,,郭克疾、米小其、邓学建 (2010) 动物学杂志,2010,郭克疾、米小其、邓学建,动物学杂志,,537
194,两栖纲,雷山琴蛙,Nidirana leishanensis,雷山琴蛙,Nidirana leishanensis,种,无尾目,Anura,蛙科,Ranidae,琴蛙属,Nidirana,拉丁名精确,,"贵州省雷山县雷公山国家级自然保护区,海拔约1300 m",湖南,原表标注,万佛山镇上洞村,109.9392,26.1964,原文报道坐标,924,924.0,2020-05-23,2020年5月23日,农田/种植园,水田田埂,标本,WB2020215、WB2020216、WB2020217、WB2020218,新纪录,原表标注,,,,,,刘京、程彦林、周铝、姜世兴、张浪、李仕泽 (2022) 动物学杂志 10.13859/j.cjz.202201010,2022,刘京、程彦林、周铝、姜世兴、张浪、李仕泽,动物学杂志,10.13859/j.cjz.202201010,540
195,爬行纲,岭南两头蛇,Calamaria arcana,岭南两头蛇,Calamaria arcana,种,有鳞目,Squamata,游蛇科,Colubridae,两头蛇属,Calamaria,拉丁名精确,,广东北部南岭地区,湖南,原表标注,湘阴渡镇滩头村,113.0217,26.2075,原文报道坐标,174,174.0,2022-08-03,2022年8月3日,混合生境（森林+灌丛/草地）,竹林、灌木乔木混交林下的枯叶堆中,标本,YBU 22810,新纪录,原表标注,,,,,,张鹤、费冬波、赵成、刘松、蔡波、郭鹏、吴亚勇 (2023) 动物学杂志 Chinese Journal of Zoology 10.13859/j.cjz.202304014,2023,张鹤、费冬波、赵成、刘松、蔡波、郭鹏、吴亚勇,动物学杂志 Chinese Journal of Zoology,10.13859/j.cjz.202304014,541
196,两栖纲,朝鲜林蛙/韩国林蛙,Rana coreana,韩国林蛙,Rana coreana,种,无尾目,Anura,蛙科,Ranidae,蛙属,Rana,拉丁名精确,,模式产地为韩国;此前在中国仅分布于山东半岛,辽宁,原表标注,蒲河湿地公园,123.3083,41.5153,原文报道坐标,30,30.0,2021-11,2021年11月,其他/未归类,静水域,标本,SYAU BAA000019、SYAU BAA000020,新纪录,原表标注,,,,,,周圣博、于梦竹、苗青、翟强、徐树军、关萍 (2022) 动物学杂志 Chinese Journal of Zoology 10.13859/j.cjz.202206015,2022,周圣博、于梦竹、苗 Qing、翟强、徐淑君、关 Ping,动物学杂志 Chinese Journal of Zoology,10.13859/j.cjz.202206015,544
197,爬行纲,白条草蜥,Takydromus wolteri,白条草蜥,Takydromus wolteri,种,有鳞目,Squamata,蜥蜴科,Lacertidae,草蜥属,Takydromus,拉丁名精确,,,上海,原表标注,,,,,,,,,,,标本,,新纪录,原表标注,,,,,,余婧、张佳恺、潘婷婷、邓帅涛、薛程 (2025) 动物学杂志 Chinese Journal of Zoology 10.13859/j.cjz.202524294,2025,余婧、张佳恺、潘婷婷、邓帅涛、薛程,,10.13859/j.cjz.202524294,545
198,爬行纲,钝尾两头蛇,Calamaria septentrionalis,钝尾两头蛇,Calamaria septentrionalis,种,有鳞目,Squamata,游蛇科,Colubridae,两头蛇属,Calamaria,拉丁名精确,,,上海,原表标注,,,,,,,,,,,标本,,新纪录,原表标注,,,,,,谢汉宾、张伟、杨刚、王军馥、张云飞、李必成 (2018) 动物学杂志 Chinese Journal of Zoology 10.13859/j.cjz.201802021,2018,谢汉宾、张伟、杨刚、王军馥、张云飞、李必成,,10.13859/j.cjz.201802021,546
199,爬行纲,双斑锦蛇,Elaphe bimaculata,双斑锦蛇,Elaphe bimaculata,种,有鳞目,Squamata,游蛇科,Colubridae,锦蛇属,Elaphe,拉丁名精确,,安徽、重庆、甘肃、河北、河南、湖北、江苏、江西、山东、山西、陕西、上海、四川、浙江,内蒙古,原表标注,赛罕乌拉国家级自然保护区,118.7192,44.2244,原文报道坐标,,,2007-08-17,2007年8月17日、2008年8月、2009年10月8日,混合生境（溪流/河流+灌丛/草地+荒漠/沙地）,部分节段干枯的河沟、沙地、沟谷溪流、草地,标本,,新纪录,原表标注,DUP019,,,,,那顺得力格尔、张逦嘉、鲍伟东 (2010) 动物学杂志,2010,那顺得力格尔、张逦嘉、鲍伟东,动物学杂志,,548
200,两栖纲,务川臭蛙,Odorrana wuchuanensis,务川臭蛙,Odorrana wuchuanensis,种,无尾目,Anura,蛙科,Ranidae,臭蛙属,Odorrana,拉丁名精确,,,湖北,原表标注,,,,,,,2013-09,2013年9月,,,标本,,新纪录,原表标注,,,,,,,2014,刘祖尧、Q-^SG@p;5、ZMUVp=6C@p56C,,10.13859/j.cjz.201405017,549
201,两栖纲,黔北角蟾,Boulenophrys qianbeiensis,黔北角蟾,Boulenophrys qianbeiensis,种,无尾目,Anura,角蟾科,Megophryidae,布角蟾属,Boulenophrys,拉丁名精确,,贵州省桐梓县黄连自然保护区、贵州省宽阔水国家级自然保护区,四川,原表标注,乌岭沟东北,104.75,27.8833,原文报道坐标,1380,1380.0,2021-07,2021年7月,混合生境（森林+灌丛/草地+高山流石滩/石山）,"竹子、灌木与落叶阔叶混交林,积水坑边的岩石",标本,WG202107005、WG202107006,新纪录,原表标注,,,,,,宋佳、梁福轩、毛雨垚、郑普阳、谢锋、王刚 (2023) 动物学杂志 Chinese Journal of Zoology 10.13859/j.cjz.202302014,2023,宋佳、梁福轩、毛雨垚、郑普阳、谢锋、王刚,动物学杂志 Chinese Journal of Zoology,10.13859/j.cjz.202302014,552
202,爬行纲,玉龙攀蜥,Diploderma yulongense,玉龙龙蜥,Diploderma yulongense,种,有鳞目,Squamata,鬣蜥科,Agamidae,攀蜥属,Diploderma,拉丁名精确,,,四川,原表标注,,,,,,,,,,,标本,,新纪录,原表标注,,,,,,舒国成、喻敏、郑普阳、程明阳、谢锋 (2021) 动物学杂志 Chinese Journal of Zoology 10.13859/j.cjz.202102012,2021,舒国成、喻敏、郑普阳、程明阳、谢锋,,10.13859/j.cjz.202102012,555
203,爬行纲,贡山链蛇,Lycodon gongshan,贡山链蛇,Lycodon gongshan,种,有鳞目,Squamata,游蛇科,Colubridae,链蛇属,Lycodon,拉丁名精确,,,四川,原表标注,,,,,,,,,,,标本,,新纪录,原表标注,,,,,,陈泽柠、陈勤、唐业忠、宋昭彬、徐海根、丁利 (2018) 动物学杂志 10.13859/j.cjz.201803015,2018,陈泽柠、陈勤、唐业忠、宋昭彬、徐海根、丁利,,10.13859/j.cjz.201803015,556
204,爬行纲,阿拉善蝮,Gloydius cognatus,阿拉善蝮,Gloydius cognatus,种,有鳞目,Squamata,蝰科,Viperidae,亚洲蝮属,Gloydius,拉丁名精确,,,四川,原表标注,,,,,,,,,,,标本,,新纪录,原表标注,,,,,,索郎夺尔基、吴亚勇、史静耸、丁利、齐银 (2017) 动物学杂志 Chinese Journal of Zoology 10.13859/j.cjz.201704017,2017,索郎夺尔基、吴亚勇、史静耸、丁利、齐银,,10.13859/j.cjz.201704017,562
205,爬行纲,紫沙蛇,Psammodynastes pulverulentus,紫沙蛇,Psammodynastes pulverulentus,种,有鳞目,Squamata,紫沙蛇科,Psammodynastidae,紫沙蛇属,Psammodynastes,拉丁名精确,,,四川,原表标注,,,,,,,,,,,标本,,新纪录,原表标注,,,,,,陈美琦、李科、赵玺伟、郭鹏、吴亚勇 (2021) 动物学杂志 Chinese Journal of Zoology 10.13859/j.cjz.202104015,2021,陈美琦、李科、赵玺伟、郭鹏、吴亚勇,,10.13859/j.cjz.202104015,563
206,爬行纲,方花蛇,Archelaphe bella,方花丽斑蛇,Maculophis bellus,种,有鳞目,Squamata,游蛇科,Colubridae,方花蛇属,Archelaphe,核定异名,方花丽斑蛇为方花蛇旧称,福建武夷山、云南(泸水、福贡、龙陵、景东、陇川)、广西猫儿山;越南、缅甸、中国南部,四川,原表标注,盐边县红宝,101.5333,27.1,原文报道坐标,1800,1800.0,2008-07,2008年7月,混合生境（森林+灌丛/草地）,林缘灌丛枯枝落叶中,标本,YBU20080701,新纪录,原表标注,,,,,,李操、温涛、郭鹏 (2009) 动物学杂志,2009,李操、温涛、郭鹏,动物学杂志,,564
207,爬行纲,中介蝮,Gloydius intermedius,中介蝮,Gloydius intermedius,种,有鳞目,Squamata,蝰科,Viperidae,亚洲蝮属,Gloydius,拉丁名精确,,"蒙新区西部沙漠亚区 丶天山亚区以及华北区的西部黄土高原亚区 , 分布省区包括山西 丶 内蒙古 丶陕西 丶甘肃 丶青海 丶宁夏和新疆丶黑龙江丶北京",辽宁,原表标注,,118.916667,40.783333,原文报道坐标,1253,1253.0,,41494,,,标本,,新纪录,原表标注,,,,,,,,史静耸、吕亮、李丕鹏,动物学杂志,10. 13859/j. cjz. 201404018,573
208,爬行纲,刘氏链蛇(刘氏白环蛇),Lycodon liuchengchaoi,刘氏链蛇,Lycodon liuchengchaoi,种,有鳞目,Squamata,游蛇科,Colubridae,链蛇属,Lycodon,拉丁名精确,,,陕西,原表标注,,,,,,,,,,,标本,,新纪录,原表标注,,,,,,,,彭丽芳、RK>HF等,,,574
209,爬行纲,灰腹绿锦蛇,Gonyosoma frenatum,灰腹绿蛇,Rhadinophis frenatus,种,有鳞目,Squamata,游蛇科,Colubridae,绿锦蛇属,Gonyosoma,中文名模糊,"中文名疑有出入,按名录“灰腹绿锦蛇”匹配,请复核",安徽、江西、福建、广东、广西、贵州、河南、湖南、四川、浙江、重庆、湖北;国外分布于印度、越南,陕西,原表标注,茅坪镇山路边,109.6167,32.5667,原文报道坐标,170~1901,1035.5,2018-10-04,2018年10月4日,森林,树木繁茂的山地、丘陵林中,标本,HSR19007,新纪录,原表标注,,,,,,黄汝怡、彭丽芳、黄松 (2019) 动物学杂志 10.13859/j.cjz.201905021,2019,黄汝怡、彭丽芳、黄松,动物学杂志,10.13859/j.cjz.201905021,575
210,两栖纲,绿臭蛙,Odorrana margaretae,绿臭蛙,Odorrana margaretae,种,无尾目,Anura,蛙科,Ranidae,臭蛙属,Odorrana,拉丁名精确,,甘肃、四川、重庆、贵州、湖北、湖南、广东、广西等省,陕西,原表标注,青木川国家级自然保护区,105.5781,32.8439,原文报道坐标,702~737,719.5,2009-08,2009年8月,混合生境（溪流/河流+灌丛/草地+高山流石滩/石山）,"山涧溪流内,溪边岩壁陡峭,乔木、灌丛、杂草、苔藓和蕨类繁茂;成蛙栖息于巨石、崖壁、露出水面的大石块或溪边石缝间",标本,,新纪录,原表标注,,,,,,陈晓虹、鲁有强、乔梁 (2010) 动物学杂志,2010,陈晓虹、鲁有强、乔梁,动物学杂志,,576
211,两栖纲,光雾臭蛙,Odorrana kuangwuensis,光雾臭蛙,Odorrana kuangwuensis,种,无尾目,Anura,蛙科,Ranidae,臭蛙属,Odorrana,拉丁名精确,,,陕西,原表标注,,,,,,,,,,,标本,,新纪录,原表标注,,,,,,周圣博、张勇、徐哲超、宋要强、刘平、胡自强、曲波、关萍 (2023) 动物学杂志 Chinese Journal of Zoology 10.13859/j.cjz.202303016,2023,周圣博、张勇、徐哲超、宋耀强、刘平、胡子强、曲波、管萍,,10.13859/j.cjz.202303016,577
212,两栖纲,黑斑侧褶蛙,Pelophylax nigromaculatus,黑斑侧褶蛙,Pelophylax nigromaculatus,种,无尾目,Anura,蛙科,Ranidae,侧褶蛙属,Pelophylax,拉丁名精确,,中国除新疆、西藏、台湾、海南外的各省(区),青海,原表标注,海湖湿地公园,101.6833,36.65,原文报道坐标,2267,2267.0,2014-05-25,2014年5月25日,混合生境（溪流/河流+湿地/静水水体）,流水缓慢的河流或池塘,标本,201405001,新纪录,原表标注,,,,,,张贺、付海波、李文靖 (2015) 动物学杂志 10.13859/j.cjz.201501018,2015,张贺、付海波、李文靖,动物学杂志,10.13859/j.cjz.201501018,579
213,两栖纲,红点齿蟾,Oreolalax rhodostigmatus,红点齿蟾,Oreolalax rhodostigmatus,种,无尾目,Anura,角蟾科,Megophryidae,齿蟾属,Oreolalax,拉丁名精确,,湖北(利川)、四川(兴文、华蓥)、重庆(南川、万盛、武隆、奉节、丰都、万州、巴南、石柱、酉阳)、贵州(水城、毕节、遵义、务川、清镇、威宁、正安、施秉)、湖南(桑植),云南,原表标注,徐家坝,105.6667,28.3853,原文报道坐标,,,2019-08-09,2019年8月9日,混合生境（洞穴+高山流石滩/石山）,喀斯特溶洞,标本,CIB-wb20190826,新纪录,原表标注,,,,,,王刚、宋雨千、王斌、梁福轩、刘松青 (2021) 动物学杂志 10.13859/j.cjz.202106017,2021,王刚、宋雨千、王斌、梁福轩、刘松青,动物学杂志,10.13859/j.cjz.202106017,580
214,两栖纲,丰沙里湍蛙,Amolops vitreus,丰沙里湍蛙,Amolops vitreus,种,无尾目,Anura,蛙科,Ranidae,湍蛙属,Amolops,拉丁名精确,,老挝丰沙里省丰登国家生物多样性保护区;越南西北部奠边省孟涅自然保护区,云南,原表标注,中国云南省勐腊县西双版纳国家级自然保护区,101.5393,21.7374,原文报道坐标,899,899.0,2022-08-01,01 August 2022,混合生境（溪流/河流+森林+高山流石滩/石山）,夜间(20:30–23:30)活动于常绿阔叶林环绕的岩石急流溪中,标本,KIZ 050452,新纪录,原表标注,DUP007,,,,,"Yun-He Wu and Zhong-Bin Yu and Chen-Qi Lu and Yin-Peng Zhang and Wen-Jie Dong and Xiao-Long Liu and Felista Kasyoka Kilunda and Yun Xiong and Yun-Fang Jiang and Hong Ouyang and Zhong-Xiong Fu and Yun-Biao He and Zhi-Yong Yuan and Jing Che (2024). A new species of the genus Amolops (Amphibia: Ranidae) and the first national record of Amolops vitreus from China Vertebrate Zoology, 74, 343–357 https://doi.org/10.3897/vz.74.e108013",2024,"Wu, Yun-He, Yu, Zhong-Bin, Lu, Chen-Qi, Zhang, Yin-Peng, Dong, Wen-Jie, Liu, Xiao-Long, Kilunda, Felista Kasyoka, Xiong, Yun, Jiang, Yun-Fang, Ouyang, Hong, Fu, Zhong-Xiong, He, Yun-Biao, Yuan, Zhi-Yong, Che, Jing",Vertebrate Zoology,10.3897/vz.74.e108013,582
215,爬行纲,,,伊江巨蜥,Varanus irrawadicus,种,有鳞目,Squamata,巨蜥科,Varanidae,巨蜥属,Varanus,种未收录-按属填分类,,,云南,原表标注,,,,,,,,,,,照片/影像,,新纪录,原表标注,,,,,,丁晨晨、刘杰、李春旺、饶定齐、蒋志刚 (2019) 动物学杂志 10.13859/j.cjz.202001015,2019,丁晨晨、江正 gig、饶定齐,,10.13859/j.cjz.202001015,588
216,两栖纲,三岛掌突蟾,Paramegophrys sangi,三岛掌突蟾,Leptobrachella sungi,种,无尾目,Anura,角蟾科,Megophryidae,掌突蟾属,Paramegophrys,中文名精确,,越南北部(永福、文安、老街、奠边、福寿、山罗、宣光等省)及中国广西十万大山国家级自然保护区防城扶隆林区,云南,原表标注,水头后山,103.8775,22.6286,原文报道坐标,532,532.0,2020-06-21,2020年6月21日,混合生境（溪流/河流+森林）,亚热带常绿阔叶林下山间溪流周边,标本,GXNU YU000535,新纪录,原表标注,,,,,,唐尚婧、谭雪婷、余国华、王剑 (2025) 动物学杂志 Chinese Journal of Zoology 10.13859/j.cjz.202424041,2025,唐尚婧、谭雪婷、余国华、王剑,动物学杂志 Chinese Journal of Zoology,10.13859/j.cjz.202424041,589
217,爬行纲,尖喙蛇(尖喙绿锦蛇),Gonyosoma boulengeri,尖喙蛇,Rhynchophis boulengeri,种,有鳞目,Squamata,游蛇科,Colubridae,绿锦蛇属,Gonyosoma,中文名精确,,中国海南、广西、广东;越南北部,云南,原表标注,花鱼洞国家森林公园及附近,103.9367,22.6706,原文报道坐标,118,118.0,2010-09,2010年9月,森林,"热带雨林,林木茂密高大,原始状态",标本,HUM20110004,新纪录,原表标注,DUP025,,,,,杨典成、侯勉、彭丽芳、翁仕洋、张勇、黄松 (2018) 动物学杂志 Chinese Journal of Zoology 10.13859/j.cjz.201805022,2018,杨典成、侯勉,动物学杂志 Chinese Journal of Zoology,10.13859/j.cjz.201805022,590
218,两栖纲,弄岗狭口蛙,Kaloula nonggangensis,弄岗狭口蛙,Kaloula nonggangensis,种,无尾目,Anura,姬蛙科,Microhylidae,狭口蛙属,Genus Kaloula,拉丁名精确,,广西弄岗国家级自然保护区(海拔160–186 m),云南,原表标注,文山国家级自然保护区小桥沟片区(法斗乡附近),104.8406,23.3614,原文报道坐标,1300,1300.0,2018-06,2018年6月,混合生境（森林+湿地/静水水体+高山流石滩/石山）,"喀斯特石山附近的水塘,周边为常绿阔叶林",标本,SWFU 2501 ~ SWFU 2503,新纪录,原表标注,,,,,,魏平凡、宋艳芳、袁智勇、吴军 (2020) 动物学杂志 Chinese Journal of Zoology 10.13859/j.cjz.202001007,2020,魏平凡、宋艳芳、袁智勇、吴军,动物学杂志 Chinese Journal of Zoology,10.13859/j.cjz.202001007,591
219,两栖纲,藏南角蟾,Xenophrys periosa,藏南角蟾,Megophrys periosa,种,无尾目,Anura,角蟾科,Megophryidae,异角蟾属,Xenophrys,中文名精确,,"西藏自治区墨脱县南部和错那县南部,海拔260–1110 m",云南,原表标注,贡山县独龙江乡,98.35,27.75,文字地名地理编码/后续补充,1461,1461.0,2019-09-25,2019年9月25日-26日,混合生境（溪流/河流+森林）,热带雨林至亚热带常绿阔叶林下的山溪,标本,CIBYN201909254,新纪录,原表标注,,,,,,石胜超、王斌、朱文博、付磊、江温、李东晖、江建平 (2020) 动物学杂志 10.13859/j.cjz.202006006,2020,石胜超、王斌、朱文博、付磊、江温、李东晖、江建平,动物学杂志,10.13859/j.cjz.202006006,592
220,爬行纲,南蹼趾壁虎,Gekko palmatus,南蹼趾壁虎,Gekko palmatus,种,有鳞目,Squamata,壁虎科,Gekkonidae,壁虎属,Gekko,拉丁名精确,,"越南北部(凉山省、安沛省、永福省、广宁省、广平省),中国广东、广西",云南,原表标注,南溪镇,103.9369,22.6694,原文报道坐标,93.8,93.8,2023-07-24,2023年7月24日,混合生境（森林+人工生境+高山流石滩/石山）,阔叶林中喀斯特地貌岩壁和人工建筑物外墙,标本,SWU 0003081,新纪录,原表标注,,,,,,铁民华、曹静、罗旭、刘小龙、艾仁达、李杨、管振华 (2025) 动物学杂志 Chinese Journal of Zoology 10.13859/j.cjz.202524264,2025,铁民华、曹静、罗旭、刘小龙、艾仁达、李杨、管振华,动物学杂志 Chinese Journal of Zoology,10.13859/j.cjz.202524264,593
221,爬行纲,快步麻蜥,Eremias velox,快步麻蜥指名亚种,Eremias velox velox,亚种（已归并至种级）,有鳞目,Squamata,蜥蜴科,Lacertidae,麻蜥属,Eremias,亚种归并至种,按三名法亚种归并至种,新疆准噶尔盆地和伊犁河谷,新疆,原表标注,一万泉,88.8644,43.2164,原文报道坐标,1172,1172.0,2021-05-15,2021年5月15日及2022年7月15日,其他/未归类,戈壁滩生境,标本,GXG1711、GXG2802、GXG2803,新纪录,原表标注,,,,,,田莉莉、蔡子慧、陈达丽、徐瑞、郑小婷、朱哲滢、郭宪光 (2024) 动物学杂志 Chinese Journal of Zoology 10.13859/j.cjz.202423116,2024,田莉莉、蔡子慧、陈大利、徐锐、郑晓婷、朱哲颖、郭宪光,动物学杂志 Chinese Journal of Zoology,10.13859/j.cjz.202423116,600
222,爬行纲,香港半叶趾虎,Hemiphyllodactylus hongkongensis,香港半叶趾虎,Hemiphyllodactylus hongkongensis,种,有鳞目,Squamata,壁虎科,Gekkonidae,半叶趾虎属,Hemiphyllodactylus,拉丁名精确,,香港石鼓洲、蒲台岛、薄扶林郊野公园、香港仔郊野公园及广东、福建福州市等地,浙江,原表标注,贤良镇溪林村,119.2194,27.6489,原文报道坐标,598,598.0,2022-11-15,2022年11月15日-17日,人工生境,老式浙西南传统砖木结构或土木泥墙瓦盖房民居,标本,2022REZJQY001 ~ 2022REZJQY010,新纪录,原表标注,,,,,,朱滨清、高朔、郭伟波、吴延庆、吴军 (2024) 动物学杂志 Chinese Journal of Zoology 10.13859/j.cjz.202423083,2024,朱滨清、高朔、郭伟波、吴延庆、吴军,动物学杂志 Chinese Journal of Zoology,10.13859/j.cjz.202423083,608
223,两栖纲,小棘蛙,Quasipaa exilispinosa,小棘蛙,Paa exilispinosa,种,无尾目,Anura,叉舌蛙科,Dicroglossidae,棘胸蛙属,Quasipaa,中文名精确,,湖南、福建、江西、广东、香港、广西,浙江,原表标注,百山祖国家级自然保护区,119.2183,27.8094,原文报道坐标,1032,1032.0,2010-06-26,2010年6月26日,混合生境（溪流/河流+海滨/海洋）,海拔1000 m左右的小溪流,标本,,新纪录,原表标注,,,,,,杨佳、陈苍松、陈水华、范忠勇、陆祎伟、袁乐洋 (2011) 动物学杂志,2011,杨佳、陈苍松、陈水华、范忠勇、陆祎伟、袁乐洋,动物学杂志,,616
224,爬行纲,刘氏链蛇(刘氏白环蛇),Lycodon liuchengchaoi,刘氏链蛇,Lycodon liuchengchaoi,种,有鳞目,Squamata,游蛇科,Colubridae,链蛇属,Lycodon,拉丁名精确,,四川、陕西、安徽,浙江,原表标注,凤阳山自然保护区山林沟谷处,119.1,27.7667,原文报道坐标,,,2016-08-13,2016年8月13日,森林,山林沟谷,标本,HS16293,新纪录,原表标注,,,,,,彭丽芳、朱毅武、张亮、张勇、黄松 (2017) 动物学杂志 Chinese Journal of Zoology 10.13859/j.cjz.201704024,2017,彭丽芳,动物学杂志 Chinese Journal of Zoology,10.13859/j.cjz.201704024,620
225,两栖纲,黑眶蟾蜍,Duttaphrynus melanostictus,黑眶蟾蜍,Duttaphrynus melanostictus,种,无尾目,Anura,蟾蜍科,Bufonidae,头棱蟾属,Duttaphrynus,拉丁名精确,,,西藏,原表标注,,,,,,,,,,,标本,,新纪录,原表标注,,,,,,张丽霞、盛永笋、袁翔宇、安东、刘振豪、廖家红、陈伟 (2019) 动物学杂志 Chinese Journal of Zoology 10.13859/j.cjz.201906018,2019,张丽霞、陈伟,,10.13859/j.cjz.201906018,626
226,爬行纲,贡山链蛇,Lycodon gongshan,贡山白环蛇,Lycodon gongshan,种,有鳞目,Squamata,游蛇科,Colubridae,链蛇属,Lycodon,拉丁名精确,,,西藏,原表标注,,,,,,,,,,,标本,,新纪录,原表标注,,,,,,黄坤、石胜超、齐银、武佳韵、姚忠祎 (2021) 动物学杂志 10.13859/j.cjz.202103006,2021,黄坤、石胜超、齐银、武佳韵、姚忠祎,,10.13859/j.cjz.202103006,627
227,爬行纲,云南半叶趾虎,Hemiphyllodactylus yunnanensis,云南半叶趾虎,Hemiphyllodactylus yunnanensis,种,有鳞目,Squamata,壁虎科,Gekkonidae,半叶趾虎属,Hemiphyllodactylus,拉丁名精确,,,西藏,原表标注,,,,,,,,,,,标本,,新纪录,原表标注,,,,,,,,时磊、林宣龙、赵蕙,,,628
228,两栖纲,朝鲜侧褶蛙,Pelophylax chosenicus,朝鲜侧褶蛙,Pelophylax chosenicus,种,无尾目,Anura,蛙科,Ranidae,侧褶蛙属,Pelophylax,拉丁名精确,,朝鲜境内,辽宁,原表标注,蒲河湿地公园,122.8719,41.6983,原文报道坐标,35,35.0,2021-09,2021年9月,溪流/河流,"静水域,植物生长较为茂盛,常栖息于河流内植物叶片或河岸斜坡上",标本,SYAU BAA000016、SYAU BAA000017、SYAU BAA000018,新纪录,原表标注,,,,,,周圣博、张芷赫、王惠、苗青、徐树军、关萍、史静耸 (2022) 动物学杂志 10.13859/j.cjz.202203013,2022,周圣博、张芷赫、王惠、苗青、徐树军、关萍、史静耸,动物学杂志,10.13859/j.cjz.202203013,630
229,两栖纲,橙脊瘰螈,Paramesotriton aurantius,橙脊瘰螈,Paramesotriton aurantius,种,有尾目,Caudata,蝾螈科,Salamandridae,瘰螈属,Paramesotriton,拉丁名精确,,,浙江,原表标注,,,,,,,,,,,标本,,新纪录,原表标注,,,,,,刘日林、周佳俊、刘凯怊、金伟、叶文晶、徐小祥 (2019) 动物学杂志 Chinese Journal of Zoology 10.13859/j.cjz.201901015,2019,刘日林、周佳俊、刘凯怊、金伟、叶文晶、徐小祥,,10.13859/j.cjz.201901015,642
230,两栖纲,云南小狭口蛙,Glyphoglossus yunnanensis,云南小狭口蛙,Glyphoglossus yunnanensis,种,无尾目,Anura,姬蛙科,Microhylidae,小狭口蛙属,Glyphoglossus,拉丁名精确,,,重庆,原表标注,,,,,,,,,,,标本,,新纪录,原表标注,,,,,,黄双、李春晓、李成容、黄燕 (2022) 动物学杂志 10.13859/j.cjz.202206013,2022,黄双、李春晓、李成容、黄燕,,10.13859/j.cjz.202206013,644
231,爬行纲,赵氏后棱蛇,Opisthotropis zhaoermii,赵氏后棱蛇,Opisthotropis zhaoermii,种,有鳞目,Squamata,游蛇科,Colubridae,后棱蛇属,Opisthotropis,拉丁名精确,,,重庆,原表标注,,,,,,,,,,,标本,,新纪录,原表标注,,,,,,李科、詹雨洋、郭鹏、唐梓钧、吴亚勇、舒服 (2025) 动物学杂志 Chinese Journal of Zoology 10.13859/j.cjz.202523242,2025,李科、詹雨洋、郭鹏、唐梓钧、吴亚勇、舒服,,10.13859/j.cjz.202523242,645
232,两栖纲,宜章臭蛙,Odorrana yizhangensis,宜章臭蛙,Odorrana yizhangensis,种,无尾目,Anura,蛙科,Ranidae,臭蛙属,Odorrana,拉丁名精确,,湖南宜章、湖北五峰、广东南岭、江西井冈山,重庆,原表标注,三泉镇,107.2075,29.1187,原文报道坐标,700,700.0,2014-07,2014年7月-8月,混合生境（溪流/河流+灌丛/草地）,"山涧溪流中,溪沟狭窄,水质清澈,水流稍缓,溪边潮湿阴暗,多乔木、灌丛、杂草、苔藓和蕨类",标本,HNNU1407II190、HNNU1407II204、HNNU1407II205、HNNU1407II189、HNNU1407II203,新纪录,原表标注,,,,,,朱艳军、陈卓、常利明、翟晓飞、常卫东、陈晓虹 (2015) 动物学杂志 10.13859/j.cjz.201506017,2015,朱艳军、陈卓、常利明、翟晓飞、常卫东、陈晓虹,动物学杂志,10.13859/j.cjz.201506017,650
233,爬行纲,无颞鳞腹链蛇,Hebius atemporale,无颞鳞腹链蛇,Hebius atemporalis,种,有鳞目,Squamata,游蛇科,Colubridae,东亚腹链蛇属,Hebius,中文名精确,,此前已知分布北缘为贵州省铜仁市江口县,重庆,原表标注,重庆市酉阳土家族苗族自治县,108.7667,28.85,文字地名地理编码/后续补充,,,1979-05,1979年5月(2021年2月标本整理时重新鉴定),,,标本,CIB 8449,新纪录,原表标注,,,,,,"李茂良,黄俊杰,任金龙,等.重庆市发现无颞鳞腹链蛇[J].动物学杂志,2023,58(6):992-994.DOI:10.13859/j.cjz.202321091.",2023,李茂良、黄俊杰,动物学杂志,10.13859/j.cjz.202321091,651
234,爬行纲,龙胜小头蛇,Oligodon lungshenensis,龙胜小头蛇,Oligodon lungshenensis,种,有鳞目,Squamata,游蛇科,Colubridae,小头蛇属,Oligodon,拉丁名精确,,,重庆,原表标注,,,,,,,,,,,标本,,新纪录,原表标注,,,,,,,,费智深、agsun2003@163.com,,,652
235,两栖纲,绥阳掌突蟾,Paramegophrys suiyangensis,绥阳掌突蟾,Leptobrachella suiyangensis,种,无尾目,Anura,角蟾科,Megophryidae,掌突蟾属,Paramegophrys,中文名精确,,贵州省绥阳县火秋坝自然保护区,重庆,原表标注,白马山自然保护区,107.6333,29.2833,原文报道坐标,1167,1167.0,2022-08,2022年8月,混合生境（溪流/河流+森林）,"水质清澈、水流速度较慢的流溪或河岸旁,森林茂盛的山间溪流旁",标本,SWU0001384、SWU0001430,新纪录,原表标注,,,,,,马琦、李怡、黄静、万里鹏、王志坚 (2023) 动物学杂志 10.13859/j.cjz.202323078,2023,马琦、李怡、黄静、万里鹏、王志坚,动物学杂志,10.13859/j.cjz.202323078,655
236,两栖纲,贵州臭蛙,Odorrana kweichowensis,贵州臭蛙,Odorrana kweichowensis,种,无尾目,Anura,蛙科,Ranidae,臭蛙属,Odorrana,拉丁名精确,,贵州省金沙、仁怀、贵定、三都和荔波等地,重庆,原表标注,重庆市武隆区土地乡,107.8875,29.5414,原文报道坐标,697,697.0,2022-08-02,2022年8月2日,混合生境（溪流/河流+森林+灌丛/草地）,"喀斯特地貌溪沟,周围为阔叶林及灌木丛",标本,WL20220802001、WL20220802002、WL20220802003、WL20220802005、WL20220802010,新纪录,原表标注,,,,,,刘京、程彦林、周军健、李仕泽 (2024) 动物学杂志 10.13859/j.cjz.202423165,2024,刘京、程彦林、周军健、李仕泽,动物学杂志,10.13859/j.cjz.202423165,656
237,两栖纲,尾突角蟾,Boulenophrys caudoprocta,尾突角蟾,Boulenophrys caudoprocta,种,无尾目,Anura,角蟾科,Megophryidae,布角蟾属,Boulenophrys,拉丁名精确,,湖南省桑植县、湖北省五峰土家族自治县和鹤峰县,重庆,原表标注,武陵山市级自然保护区,108.8833,29.2667,原文报道坐标,1579,1579.0,2022-07-05,2022年7月5日,混合生境（溪流/河流+森林+高山流石滩/石山）,常绿阔叶林环绕的山间溪水附近的岩石和林地,标本,SWU 0001417,新纪录,原表标注,,,,,,马琦、黄静、钟鸣、万里鹏、袁智勇、王志坚 (2023) 动物学杂志 10.13859/j.cjz.202305012,2023,马琦、黄静、钟鸣、万里鹏、袁智勇、王志坚,动物学杂志,10.13859/j.cjz.202305012,657
238,爬行纲,虫纹麻蜥,Eremias vermiculata,虫纹麻蜥,Eremias vermiculata,种,有鳞目,Squamata,蜥蜴科,Lacertidae,麻蜥属,Eremias,拉丁名精确,,"我国分布东起内蒙古西部阿拉善沙漠,经河西走廊西部、哈密而延伸至新疆天山山脉南部地区;国外分布于蒙古国西南部和哈萨克斯坦东部斋桑地区",新疆,原表标注,八家户镇,82.65,44.5333,原文报道坐标,328,328.0,2013-06-02,2013年6月2日,荒漠/沙地,沙漠生境,标本,Guo2099,新纪录,原表标注,DUP022,,,,,"刘金龙、原秀云、周天和、李大江、Tatjana N.Dujsebayeva、郭宪光 (2014). 新疆天山以北发现爬行动物虫纹麻蜥 动物学杂志, 49(3), 423-427 https://doi.org/10.13859/j.cjz.201403015",2014,刘金龙、袁秀云、周天和、李大江、Tatjana N. DUJSEBAYEVA、郭宪光,动物学杂志,10.13859/j.cjz.201403015,659
239,两栖纲,无棘溪蟾,Torrentophryne aspinia,无棘溪蟾,Torrentophryne aspinia,种,无尾目,Anura,蟾蜍科,Bufonidae,溪蟾属,Torrentophryne,拉丁名精确,,云南漾濞,湖北,原表标注,六里半坡,110.3456,31.5586,原文报道坐标,2075,2075.0,2015-07-22,2015年7月22日,森林,高山林下枯枝落叶层中,标本,HBU201510001,新纪录,原表标注,,,,,,"田凯、汪正祥、雷耘、林丽群、李泽、彭乾乾 (2016). 湖北省两栖类新记录———无棘溪蟾 华中师范大学学报(自然科学版), 50(3), 415-416 https://doi.org/10.19603/j.cnki.1000-1190.2016.03.018",2016,田凯、汪正祥、雷耘、林丽群、李泽、彭乾乾,华中师范大学学报(自然科学版),10.19603/j.cnki.1000-1190.2016.03.018,660
240,两栖纲,云开掌突蟾,Paramegophrys yunkaiensis,云开掌突蟾,Leptobrachella yunkaiensis,种,无尾目,Anura,角蟾科,Megophryidae,掌突蟾属,Paramegophrys,中文名精确,,中国广东云开山脉,广东,原表标注；多省记录拆分,广东大雾岭(模式产地);广东鹅凰嶂保护区;广西大容山保护区,111.5,22.3,文字地名地理编码/后续补充,,,,,,,标本,,新纪录,原表标注,DUP056,,,,,"Wei-Cai Chen and Yong-Jian Bei and Peng Li (2025). A new species of the genus Leptobrachella (Amphibia, Anura, Megophryidae) from the Darongshan Nature Reserve, Guangxi, China Darongshan Nature https://doi.org/10.3897/zookeys.1260.161514",2025,"Chen, Wei-Cai, Bei, Yong-Jian, Li, Peng",ZooKeys,10.3897/zookeys.1260.161514,685
241,两栖纲,云开掌突蟾,Paramegophrys yunkaiensis,云开掌突蟾,Leptobrachella yunkaiensis,种,无尾目,Anura,角蟾科,Megophryidae,掌突蟾属,Paramegophrys,中文名精确,,中国广东云开山脉,广西,原表标注；多省记录拆分,广东大雾岭(模式产地);广东鹅凰嶂保护区;广西大容山保护区,,,多省拆分-该省无点位,,,,,,,标本,,新纪录,原表标注,DUP057,,,,,"Wei-Cai Chen and Yong-Jian Bei and Peng Li (2025). A new species of the genus Leptobrachella (Amphibia, Anura, Megophryidae) from the Darongshan Nature Reserve, Guangxi, China Darongshan Nature https://doi.org/10.3897/zookeys.1260.161514",2025,"Chen, Wei-Cai, Bei, Yong-Jian, Li, Peng",ZooKeys,10.3897/zookeys.1260.161514,685
242,两栖纲,北圻臭蛙,Odorrana bacboensis,北越臭蛙,Odorrana bacboensis,种,无尾目,Anura,蛙科,Ranidae,臭蛙属,Odorrana,拉丁名精确,,越南中北部,云南,原表标注；多省记录拆分,云南东南部及广西相邻地区,104.5,23.5,文字地名地理编码/后续补充,,,,2007 to 2014,,,照片/影像、野外观察,,新纪录,原表标注,DUP046,,,,,"YING-YONG WANG, MICHAEL WAI-NENG LAU, JIAN-HUAN YANG, GUO-LING CHEN, ZU-YAO LIU, HONG PANG & YANG LIU (2015). A new species of the genus Odorrana (Amphibia: Ranidae) and the first record of Odorrana bacboensis from China Zootaxa, 3999(2), 235–254 https://doi.org/10.11646/zootaxa.3999.2.4",2015,"Ying-Yong Wang, Michael Wai-Neng Lau, Jian-Huan Yang, Guo-Ling Chen, Zu-Yao Liu, Hong Pang, Yang Liu",Zootaxa,10.11646/zootaxa.3999.2.4,754
243,两栖纲,北圻臭蛙,Odorrana bacboensis,北越臭蛙,Odorrana bacboensis,种,无尾目,Anura,蛙科,Ranidae,臭蛙属,Odorrana,拉丁名精确,,越南中北部,广西,原表标注；多省记录拆分,云南东南部及广西相邻地区,,,多省拆分-该省无点位,,,,2007 to 2014,,,照片/影像、野外观察,,新纪录,原表标注,DUP047,,,,,"YING-YONG WANG, MICHAEL WAI-NENG LAU, JIAN-HUAN YANG, GUO-LING CHEN, ZU-YAO LIU, HONG PANG & YANG LIU (2015). A new species of the genus Odorrana (Amphibia: Ranidae) and the first record of Odorrana bacboensis from China Zootaxa, 3999(2), 235–254 https://doi.org/10.11646/zootaxa.3999.2.4",2015,"Ying-Yong Wang, Michael Wai-Neng Lau, Jian-Huan Yang, Guo-Ling Chen, Zu-Yao Liu, Hong Pang, Yang Liu",Zootaxa,10.11646/zootaxa.3999.2.4,754
244,两栖纲,龙里瘰螈,Paramesotriton longliensis,龙里瘰螈,Paramesotriton longliensis,种,有尾目,Caudata,蝾螈科,Salamandridae,瘰螈属,Paramesotriton,拉丁名精确,,贵州中部,湖北,原表标注,中国湖北省咸丰县,109.1333,29.6833,文字地名地理编码/后续补充,,,,,其他/未归类,不同的水生栖息地,标本,CIB 97881,新纪录,原表标注,,,,,,"YUNKE WU and KE JIANG and JAMES HANKEN (2010). A new species of newt of the genus Paramesotriton (Salamandridae) from southwestern Guangdong, China, with a new northern record of P. longliensis from western Hubei Zootaxa, 2494, 45–58",2010,"Yunke Wu, Ke Jiang, James Hanken",Zootaxa,,816
245,两栖纲,大树蛙,Zhangixalus dennysi,大树蛙,Zhangixalus dennysi,种,无尾目,Anura,树蛙科,Rhacophoridae,张树蛙属,Zhangixalus,拉丁名精确,,中国东南部,江苏,原表标注,中国江苏,118.7969,32.0603,文字地名地理编码/后续补充,,,,,,,照片/影像、野外观察,,新纪录,原表标注,DUP089,,,,,"Dallin B. Kohler and Xiaoli Zhang and Kevin R. Messenger and Kenneth Chin Yu An and Deyatima Ghosh and Siti N. Othman and Zhenqi Wang and Hina Amin and Vishal Kumar Prasad and Zhichao Wu and Amaël Borzée (2024). At home in Jiangsu: Environmental niche modeling and new records for five species of amphibian and reptile in Jiangsu, China Life Science https://doi.org/10.3897/herpetozoa.37.e117370",2024,"Dallin B. Kohler, Xiaoli Zhang, Kevin R. Messenger, Kenneth Chin Yu An, Deyatima Ghosh, Siti N.",Herpetozoa,10.3897/herpetozoa.37.e117370,991
246,两栖纲,天目臭蛙,Odorrana tianmuii,天目臭蛙,Odorrana tianmuii,种,无尾目,Anura,蛙科,Ranidae,臭蛙属,Odorrana,拉丁名精确,,中国东南部,江苏,原表标注,中国江苏,118.7969,32.0603,文字地名地理编码/后续补充,,,,,,,照片/影像、野外观察,,新纪录,原表标注,DUP049,,,,,"Dallin B. Kohler and Xiaoli Zhang and Kevin R. Messenger and Kenneth Chin Yu An and Deyatima Ghosh and Siti N. Othman and Zhenqi Wang and Hina Amin and Vishal Kumar Prasad and Zhichao Wu and Amaël Borzée (2024). At home in Jiangsu: Environmental niche modeling and new records for five species of amphibian and reptile in Jiangsu, China Life Science https://doi.org/10.3897/herpetozoa.37.e117370",2024,"Dallin B. Kohler, Xiaoli Zhang, Kevin R. Messenger, Kenneth Chin Yu An, Deyatima Ghosh, Siti N.",Herpetozoa,10.3897/herpetozoa.37.e117370,992
247,两栖纲,,,,Kurixalus inexpectatus,种,无尾目,Anura,树蛙科,Rhacophoridae,原指树蛙属,Kurixalus,种未收录-按属填分类,,2022年于浙江描述,浙江,原表标注,浙江省,120.1551,30.2741,文字地名地理编码/后续补充,,,,2022,其他/未归类,与江苏调查点相连的山区,照片/影像,,新纪录,据引用/备注推断,DUP034,,,,,"Dallin B. Kohler and Xiaoli Zhang and Kevin R. Messenger and Kenneth Chin Yu An and Deyatima Ghosh and Siti N. Othman and Zhenqi Wang and Hina Amin and Vishal Kumar Prasad and Zhichao Wu and Amaël Borzée (2024). At home in Jiangsu: Environmental niche modeling and new records for five species of amphibian and reptile in Jiangsu, China Life Science https://doi.org/10.3897/herpetozoa.37.e117370",2024,"Dallin B. Kohler, Xiaoli Zhang, Kevin R. Messenger, Kenneth Chin Yu An, Deyatima Ghosh, Siti N.",Herpetozoa,10.3897/herpetozoa.37.e117370,997
248,爬行纲,藏东南林蛇,Boiga stoliczkae,斯托氏林蛇,Boiga stoliczkae,种,有鳞目,Squamata,游蛇科,Colubridae,林蛇属,Boiga,拉丁名精确,,从尼泊尔中部向西经大吉岭、锡金和不丹至印度东北部的阿鲁纳恰尔邦和阿萨姆邦,西藏,原表标注,"中国西藏吉隆县,中尼边境附近",85.3,28.95,文字地名地理编码/后续补充,1958,1958.0,2023-08,August 2023,混合生境（溪流/河流+森林+人工生境）,森林边缘旁的路边排水沟,标本,"HSR23050, TBR2023045",新纪录,原表标注,DUP010,,,,,Unknown Author (2023). Biodiversity Data Journal 12: e123669 doi: 10. Biodiversity Data Journal https://doi.org/10.3897/BDJ.12.e123669,2023,"Weng, Shiyang, Yang, Dian-Cheng, Wei, Cong, Li, Peng, Cui, Zhangbo, Jiang, ZhiHao, Huang, Song",Biodiversity Data Journal,10.3897/BDJ.12.e123669,999
249,爬行纲,山烙铁头蛇,Ovophis monticola,山烙铁头蛇,Ovophis monticola,种,有鳞目,Squamata,蝰科,Viperidae,烙铁头蛇属,Ovophis,拉丁名精确,,"喜马拉雅山东段,向东经缅甸和泰国至中南半岛各国,向南至马来西亚;中国境内分布于西藏聂拉木、横断山及其东延山区、云贵高原、大娄山和南岭至东南沿海丘陵等地区",四川,原表标注；多省记录拆分,四川峨眉;贵州遵义;四川洪雅;贵州雷山;云南腾冲;云南昆明;福建崇安;云南大理;西藏察隅;云南龙陵;福建建阳;广西金秀,,,多省拆分-该省无点位,,,,,,,标本,"Specimens listed in Table 1 (e.g., CIB 00000 series)",新纪录,据引用/备注推断,,,,,,罗晓、莫运明、江建平、谢锋 (2003). 中国烙铁头蛇属物种形态特征分析兼记广西蛇类一新纪录 两栖爬行动物学研究,2003,"Luo Xiao, Mo Yunming, Jiang Jianping, Xie Feng",,,1025
250,爬行纲,山烙铁头蛇,Ovophis monticola,山烙铁头蛇,Ovophis monticola,种,有鳞目,Squamata,蝰科,Viperidae,烙铁头蛇属,Ovophis,拉丁名精确,,"喜马拉雅山东段,向东经缅甸和泰国至中南半岛各国,向南至马来西亚;中国境内分布于西藏聂拉木、横断山及其东延山区、云贵高原、大娄山和南岭至东南沿海丘陵等地区",贵州,原表标注；多省记录拆分,四川峨眉;贵州遵义;四川洪雅;贵州雷山;云南腾冲;云南昆明;福建崇安;云南大理;西藏察隅;云南龙陵;福建建阳;广西金秀,,,多省拆分-该省无点位,,,,,,,标本,"Specimens listed in Table 1 (e.g., CIB 00000 series)",新纪录,据引用/备注推断,,,,,,罗晓、莫运明、江建平、谢锋 (2003). 中国烙铁头蛇属物种形态特征分析兼记广西蛇类一新纪录 两栖爬行动物学研究,2003,"Luo Xiao, Mo Yunming, Jiang Jianping, Xie Feng",,,1025
251,爬行纲,山烙铁头蛇,Ovophis monticola,山烙铁头蛇,Ovophis monticola,种,有鳞目,Squamata,蝰科,Viperidae,烙铁头蛇属,Ovophis,拉丁名精确,,"喜马拉雅山东段,向东经缅甸和泰国至中南半岛各国,向南至马来西亚;中国境内分布于西藏聂拉木、横断山及其东延山区、云贵高原、大娄山和南岭至东南沿海丘陵等地区",云南,原表标注；多省记录拆分,四川峨眉;贵州遵义;四川洪雅;贵州雷山;云南腾冲;云南昆明;福建崇安;云南大理;西藏察隅;云南龙陵;福建建阳;广西金秀,98.4917,25.0222,文字地名地理编码/后续补充,,,,,,,标本,"Specimens listed in Table 1 (e.g., CIB 00000 series)",新纪录,据引用/备注推断,,,,,,罗晓、莫运明、江建平、谢锋 (2003). 中国烙铁头蛇属物种形态特征分析兼记广西蛇类一新纪录 两栖爬行动物学研究,2003,"Luo Xiao, Mo Yunming, Jiang Jianping, Xie Feng",,,1025
252,爬行纲,山烙铁头蛇,Ovophis monticola,山烙铁头蛇,Ovophis monticola,种,有鳞目,Squamata,蝰科,Viperidae,烙铁头蛇属,Ovophis,拉丁名精确,,"喜马拉雅山东段,向东经缅甸和泰国至中南半岛各国,向南至马来西亚;中国境内分布于西藏聂拉木、横断山及其东延山区、云贵高原、大娄山和南岭至东南沿海丘陵等地区",福建,原表标注；多省记录拆分,四川峨眉;贵州遵义;四川洪雅;贵州雷山;云南腾冲;云南昆明;福建崇安;云南大理;西藏察隅;云南龙陵;福建建阳;广西金秀,,,多省拆分-该省无点位,,,,,,,标本,"Specimens listed in Table 1 (e.g., CIB 00000 series)",新纪录,据引用/备注推断,,,,,,罗晓、莫运明、江建平、谢锋 (2003). 中国烙铁头蛇属物种形态特征分析兼记广西蛇类一新纪录 两栖爬行动物学研究,2003,"Luo Xiao, Mo Yunming, Jiang Jianping, Xie Feng",,,1025
253,爬行纲,山烙铁头蛇,Ovophis monticola,山烙铁头蛇,Ovophis monticola,种,有鳞目,Squamata,蝰科,Viperidae,烙铁头蛇属,Ovophis,拉丁名精确,,"喜马拉雅山东段,向东经缅甸和泰国至中南半岛各国,向南至马来西亚;中国境内分布于西藏聂拉木、横断山及其东延山区、云贵高原、大娄山和南岭至东南沿海丘陵等地区",西藏,原表标注；多省记录拆分,四川峨眉;贵州遵义;四川洪雅;贵州雷山;云南腾冲;云南昆明;福建崇安;云南大理;西藏察隅;云南龙陵;福建建阳;广西金秀,,,多省拆分-该省无点位,,,,,,,标本,"Specimens listed in Table 1 (e.g., CIB 00000 series)",新纪录,据引用/备注推断,,,,,,罗晓、莫运明、江建平、谢锋 (2003). 中国烙铁头蛇属物种形态特征分析兼记广西蛇类一新纪录 两栖爬行动物学研究,2003,"Luo Xiao, Mo Yunming, Jiang Jianping, Xie Feng",,,1025
254,爬行纲,山烙铁头蛇,Ovophis monticola,山烙铁头蛇,Ovophis monticola,种,有鳞目,Squamata,蝰科,Viperidae,烙铁头蛇属,Ovophis,拉丁名精确,,"喜马拉雅山东段,向东经缅甸和泰国至中南半岛各国,向南至马来西亚;中国境内分布于西藏聂拉木、横断山及其东延山区、云贵高原、大娄山和南岭至东南沿海丘陵等地区",广西,原表标注；多省记录拆分,四川峨眉;贵州遵义;四川洪雅;贵州雷山;云南腾冲;云南昆明;福建崇安;云南大理;西藏察隅;云南龙陵;福建建阳;广西金秀,,,多省拆分-该省无点位,,,,,,,标本,"Specimens listed in Table 1 (e.g., CIB 00000 series)",新纪录,据引用/备注推断,,,,,,罗晓、莫运明、江建平、谢锋 (2003). 中国烙铁头蛇属物种形态特征分析兼记广西蛇类一新纪录 两栖爬行动物学研究,2003,"Luo Xiao, Mo Yunming, Jiang Jianping, Xie Feng",,,1025
255,爬行纲,察隅烙铁头蛇,Ovophis zayuensis,察隅烙铁头蛇,Ovophis zayuensis,种,有鳞目,Squamata,蝰科,Viperidae,烙铁头蛇属,Ovophis,拉丁名精确,,中国西藏察隅和墨脱特有,四川,原表标注；多省记录拆分,四川洪雅;贵州雷山;云南腾冲;云南昆明;西藏察隅;云南龙陵;福建建阳,,,多省拆分-该省无点位,,,,,,,标本,"Specimens listed in Table 1 (e.g., CIB 00000 series)",新纪录,据引用/备注推断,,,,,,罗晓、莫运明、江建平、谢锋 (2003). 中国烙铁头蛇属物种形态特征分析兼记广西蛇类一新纪录 两栖爬行动物学研究,2003,"Luo Xiao, Mo Yunming, Jiang Jianping, Xie Feng",,,1026
256,爬行纲,察隅烙铁头蛇,Ovophis zayuensis,察隅烙铁头蛇,Ovophis zayuensis,种,有鳞目,Squamata,蝰科,Viperidae,烙铁头蛇属,Ovophis,拉丁名精确,,中国西藏察隅和墨脱特有,贵州,原表标注；多省记录拆分,四川洪雅;贵州雷山;云南腾冲;云南昆明;西藏察隅;云南龙陵;福建建阳,,,多省拆分-该省无点位,,,,,,,标本,"Specimens listed in Table 1 (e.g., CIB 00000 series)",新纪录,据引用/备注推断,,,,,,罗晓、莫运明、江建平、谢锋 (2003). 中国烙铁头蛇属物种形态特征分析兼记广西蛇类一新纪录 两栖爬行动物学研究,2003,"Luo Xiao, Mo Yunming, Jiang Jianping, Xie Feng",,,1026
257,爬行纲,察隅烙铁头蛇,Ovophis zayuensis,察隅烙铁头蛇,Ovophis zayuensis,种,有鳞目,Squamata,蝰科,Viperidae,烙铁头蛇属,Ovophis,拉丁名精确,,中国西藏察隅和墨脱特有,云南,原表标注；多省记录拆分,四川洪雅;贵州雷山;云南腾冲;云南昆明;西藏察隅;云南龙陵;福建建阳,98.4917,25.0222,文字地名地理编码/后续补充,,,,,,,标本,"Specimens listed in Table 1 (e.g., CIB 00000 series)",新纪录,据引用/备注推断,,,,,,罗晓、莫运明、江建平、谢锋 (2003). 中国烙铁头蛇属物种形态特征分析兼记广西蛇类一新纪录 两栖爬行动物学研究,2003,"Luo Xiao, Mo Yunming, Jiang Jianping, Xie Feng",,,1026
258,爬行纲,察隅烙铁头蛇,Ovophis zayuensis,察隅烙铁头蛇,Ovophis zayuensis,种,有鳞目,Squamata,蝰科,Viperidae,烙铁头蛇属,Ovophis,拉丁名精确,,中国西藏察隅和墨脱特有,西藏,原表标注；多省记录拆分,四川洪雅;贵州雷山;云南腾冲;云南昆明;西藏察隅;云南龙陵;福建建阳,,,多省拆分-该省无点位,,,,,,,标本,"Specimens listed in Table 1 (e.g., CIB 00000 series)",新纪录,据引用/备注推断,,,,,,罗晓、莫运明、江建平、谢锋 (2003). 中国烙铁头蛇属物种形态特征分析兼记广西蛇类一新纪录 两栖爬行动物学研究,2003,"Luo Xiao, Mo Yunming, Jiang Jianping, Xie Feng",,,1026
259,爬行纲,察隅烙铁头蛇,Ovophis zayuensis,察隅烙铁头蛇,Ovophis zayuensis,种,有鳞目,Squamata,蝰科,Viperidae,烙铁头蛇属,Ovophis,拉丁名精确,,中国西藏察隅和墨脱特有,福建,原表标注；多省记录拆分,四川洪雅;贵州雷山;云南腾冲;云南昆明;西藏察隅;云南龙陵;福建建阳,,,多省拆分-该省无点位,,,,,,,标本,"Specimens listed in Table 1 (e.g., CIB 00000 series)",新纪录,据引用/备注推断,,,,,,罗晓、莫运明、江建平、谢锋 (2003). 中国烙铁头蛇属物种形态特征分析兼记广西蛇类一新纪录 两栖爬行动物学研究,2003,"Luo Xiao, Mo Yunming, Jiang Jianping, Xie Feng",,,1026
260,爬行纲,越南烙铁头蛇,Ovophis tonkinensis,越南烙铁头蛇,Ovophis convictus,种,有鳞目,Squamata,蝰科,Viperidae,烙铁头蛇属,Ovophis,中文名精确,,越南北部和中国海南,广西,原表标注,广西金秀,110.1833,24.1333,文字地名地理编码/后续补充,,,,,,,标本,"CIB specimens from Jinxiu (e.g., CIB 00000 series)",新纪录,原表标注,,,,,,罗晓、莫运明、江建平、谢锋 (2003). 中国烙铁头蛇属物种形态特征分析兼记广西蛇类一新纪录 两栖爬行动物学研究,2003,"Luo Xiao, Mo Yunming, Jiang Jianping, Xie Feng",,,1027
261,两栖纲,陈塘湍蛙,Amolops pallasitatus,陈塘湍蛙,Amolops pallasitatus,种,无尾目,Anura,蛙科,Ranidae,湍蛙属,Amolops,拉丁名精确,,西藏自治区日喀则市定结县陈塘镇,西藏,原表标注,拉郊乡,91.1906,28.0753,原文报道坐标,2704,2704.0,,2021,溪流/河流,湍急溪流,标本,CIB QZ2021118,新纪录,原表标注,,,,,,"刘美晴、蒋安莉、马舜、石胜超、江建平 (2025). 西藏自治区洛扎县发现陈塘湍蛙 四川动物, 44(1), 116-117",2025,"Liu Meiqing, Jiang Anli, Ma Shun, Shi Shengchao, Jiang Jianping",Sichuan Journal of Zoology,,1035
262,爬行纲,南蹼趾壁虎,Gekko palmatus,南蹼趾壁虎,Gekko palmatus,种,有鳞目,Squamata,壁虎科,Gekkonidae,壁虎属,Gekko,拉丁名精确,,越南(曼松山脉),广东,原表标注,广东省肇庆市鼎湖山,112.57,23.17,文字地名地理编码/后续补充,,,,,,,照片/影像、野外观察,,新纪录,原表标注,DUP023,,,,,"Hao-Tian Wang and Shuo Qi and Dan-Yang Zhou and Ying-Yong Wang (2024). Description of a new karst-adapted species of the subgenus Japonigekko (Squamata: Gekkonidae: Gekko) from Guangxi, southern China Vertebrate Zoology, 74, 121–132 https://doi.org/10.3897/vz.74.e113899",2024,"Wang, Hao-Tian, Qi, Shuo, Zhou, Dan-Yang, Wang, Ying-Yong",Vertebrate Zoology,10.3897/vz.74.e113899,1052
263,爬行纲,南蹼趾壁虎,Gekko palmatus,南蹼趾壁虎,Gekko palmatus,种,有鳞目,Squamata,壁虎科,Gekkonidae,壁虎属,Gekko,拉丁名精确,,,广西,原表标注；多省记录拆分,,,,多省拆分-该省无点位,,,,,,,照片/影像,,新纪录,原表标注,,,,,,"Hao-Tian Wang and Shuo Qi and Dan-Yang Zhou and Ying-Yong Wang (2024). Description of a new karst-adapted species of the subgenus Japonigekko (Squamata: Gekkonidae: Gekko) from Guangxi, southern China Vertebrate Zoology, 74, 121–132 https://doi.org/10.3897/vz.74.e113899",2024,"Wang, Hao-Tian, Qi, Shuo, Zhou, Dan-Yang, Wang, Ying-Yong",Vertebrate Zoology,10.3897/vz.74.e113899,1054
264,两栖纲,法兰克张树蛙,Zhangixalus franki,弗氏张树蛙,Zhangixalus franki,种,无尾目,Anura,树蛙科,Rhacophoridae,张树蛙属,Zhangixalus,拉丁名精确,,越南东北部河江省,云南,原表标注,云南省文山壮族苗族自治州麻栗坡县下金厂乡老山自然保护区,104.8144,23.1683,原文报道坐标,1680,1680.0,2006-06-20,20 June 2006; 8 July 2012,混合生境（森林+湿地/静水水体）,"原始常绿阔叶林,夜间栖息于靠近小水塘的树上",标本,KIZ 0654; KIZ 1263,新纪录,原表标注,DUP090,,,,,"Shuo Liu and Hong Hui and Dingqi Rao (2020). First record of Zhangixalus franki Ninh, Nguyen, Orlov, Nguyen & Ziegler, 2020 (Anura, Rhacophoridae) from China Laoshan Nature https://doi.org/10.3897/herpetozoa.33.e59114",2020,"Shuo Liu, Hong Hui, Dingqi Rao",Herpetozoa,10.3897/herpetozoa.33.e59114,1069
265,两栖纲,山罗湍蛙,Amolops truongi,山罗湍蛙,Amolops truongi,种,无尾目,Anura,蛙科,Ranidae,湍蛙属,Amolops,拉丁名精确,,越南西北部山罗省木州县模式产地,云南,原表标注,中国云南省红河州绿春县骑马坝乡,102.1144,22.9414,原文报道坐标,1430,1430.0,2023-07-22,22 July 2023,混合生境（溪流/河流+灌丛/草地）,河边草本植物上,标本,KIZ2023080–KIZ2023083,新纪录,原表标注,DUP006,,,,,"Shuo Liu and Mingzhong Mo and Jimin Guo and Yi Lu and Wen Wang and Wenxiang Zhang and Dingqi Rao and Song Li (2024). First record of Amolops truongi Pham, Pham, Ngo, Sung, Ziegler & Le, 2023 (Anura, Ranidae) from China Yunnan Huanglianshan National Nature https://doi.org/10.3897/herpetozoa.37.e121610",2024,"Shuo Liu, Song Li, Dingqi Rao",Herpetozoa,10.3897/herpetozoa.37.e121610,1110
266,爬行纲,缅北树蜥(文氏树蜥),Calotes vindumbarbatus,文都髯蜥,Calotes vindumbarbatus,种,有鳞目,Squamata,鬣蜥科,Agamidae,树蜥属,Calotes,拉丁名精确,,缅甸北部,云南,原表标注,云南省德宏州盈江县那邦镇,97.45,24.75,文字地名地理编码/后续补充,320,320.0,,2018 to 2020,人工生境,"白天栖息于路边树干,夜间栖于树枝",标本,"KIZ 059299, KIZ 059176, KIZ20209131, KIZ20209132, KIZ20209133, KIZ20209134, KIZ20209135",新纪录,原表标注,DUP018,,,,,"Shuo Liu and Changsheng Zuo and Fawang Yin and Hong Hui and Dingqi Rao (2022). First record of Calotes vindumbarbatus Wagner, Ihlow, Hartmann, Flecks, Schmitz & Böhme, 2021 (Squamata: Agamidae) from China, with revised diagnosis of this species Biodiversity Data Journal, 10 https://doi.org/10.3897/BDJ.10.e77963",2022,"Liu S, Zuo C, Yin F, Hui H, Rao D",Biodiversity Data Journal,10.3897/BDJ.10.e77963,1112
267,两栖纲,河江棱皮树蛙,Theloderma khoii,克氏疣树蛙,Theloderma khoii,种,无尾目,Anura,树蛙科,Rhacophoridae,棱皮树蛙属,Theloderma,拉丁名精确,,越南东北部河江省,云南,原表标注,云南省文山州西畴县法斗乡,104.7667,23.3667,原文报道坐标,1600,1600.0,2012-04,April 2012,,,标本,KIZRao201204,新纪录,原表标注,DUP080,,,,,"Shuo Liu and Mian Hou and Yi Fan and Mingzhong Mo and Dingqi Rao (2022). First record of Theloderma khoii Ninh, Nguyen, Nguyen, Hoang, Siliyavong, Nguyen, Le, Le & Ziegler, 2022 from China, with confirmation of Rhacophorus orlovi Ziegler & Köhler, 2001 in China (Anura, Rhacophoridae) Herpetozoa, 35, 199-208 https://doi.org/10.3897/herpetozoa.35.e90607",2022,"Shuo Liu, Mian Hou, Yi Fan, Mingzhong Mo, Dingqi Rao",Herpetozoa,10.3897/herpetozoa.35.e90607,1124
268,两栖纲,棘棱皮树蛙,Theloderma moloch,棘疣树蛙,Theloderma moloch,种,无尾目,Anura,树蛙科,Rhacophoridae,棱皮树蛙属,Theloderma,拉丁名精确,,中国西藏;中国西藏墨脱县,云南,原表标注,中国云南省盈江县,97.9333,24.7,文字地名地理编码/后续补充,,,,,,,标本,GXNU YU000115,新纪录,原表标注,,,,,,"Unknown Author (2020). First record of Theloderma pyaukkya Dever, 2017 (Anura: Rhacophoridae) in China, with range extension of Theloderma moloch (Annandale, 1912) to Yunnan National Natural Science https://doi.org/10.24272/j.issn.2095-8137.2020.083",2020,,,10.24272/j.issn.2095-8137.2020.083,1126
269,爬行纲,伊江树蜥(实皆树蜥),Calotes irawadi,实皆树蜥,Calotes irawadi,种,有鳞目,Squamata,鬣蜥科,Agamidae,树蜥属,Calotes,拉丁名精确,,缅甸实皆、马圭、曼德勒等省的中部干旱区,云南,原表标注,中国云南省德宏州盈江县那邦镇铜壁关自然保护区;中国云南省德宏州盈江县太平镇雪里村铜壁关自然保护区,97.5708,24.7631,原文报道坐标,320,320.0,2018-09-05,5 September 2018; 13 and 14 September 2020,人工生境,"村庄附近的小路和大路边;白天在近地面的树干上活动,夜间栖息于较高的树枝上",标本,"KIZ 059191, KIZ NB20180905, KIZ HBH20200913, KIZ HBH20200914",新纪录,原表标注,,,,,,"Shuo Liu and Changsheng Zuo and Dingqi Rao (2021). Distribution extension of Calotes irawadi Zug, Brown, Schulte & Vindum, 2006, previously confused with C. versicolor (Daudin, 1802): first record from China Tongbiguan Nature https://doi.org/10.3897/herpetozoa.32.e62596",2021,Shuo Liu,Herpetozoa,10.3897/herpetozoa.32.e62596,1153
270,两栖纲,奥氏树蛙,Rhacophorus orlovi,奥氏棱皮树蛙,Rhacophorus orlovi,种,无尾目,Anura,树蛙科,Rhacophoridae,树蛙属,Rhacophorus,拉丁名精确,,越南和老挝,云南,原表标注,云南省红河州河口县老范寨乡归良村,103.8292,22.6861,原文报道坐标,750,750.0,2021-05-18,18 May 2021,,,标本,"KIZ20210506, KIZ20210507, KIZ20210508",新纪录,原表标注,,,,,,"Shuo Liu and Mian Hou and Yi Fan and Mingzhong Mo and Dingqi Rao (2022). First record of Theloderma khoii Ninh, Nguyen, Nguyen, Hoang, Siliyavong, Nguyen, Le, Le & Ziegler, 2022 from China, with confirmation of Rhacophorus orlovi Ziegler & Köhler, 2001 in China (Anura, Rhacophoridae) Herpetozoa, 35, 199-208 https://doi.org/10.3897/herpetozoa.35.e90607",2022,"Shuo Liu, Mian Hou, Yi Fan, Mingzhong Mo, Dingqi Rao",Herpetozoa,10.3897/herpetozoa.35.e90607,1199
271,爬行纲,泰国蝘蜓,Lygosoma siamense,泰国蝘蜓,Lygosoma siamense,种,有鳞目,Squamata,石龙子科,Scincidae,蝘蜓属,Lygosoma,拉丁名精确,,柬埔寨、老挝、西马来西亚、泰国和越南,海南,原表标注,三亚市林春岭森林公园,109.5216,18.2636,原文报道坐标,109,109.0,,2019 to 2021,其他/未归类,花盆下、落叶层或其他地表覆盖物下,标本,"SYS r002573, CIB 118520, CIB 118521, CIB 118522",新纪录,原表标注,,,,,,"Shuo Qi and Jin-Long Ren and Zeng Wang and Hao-Cong Yang and Ke Jiang (2022). On the occurrence of Lygosoma siamense Siler, Heitz, Davis, Freitas, Aowphol, Termprayoon & Grismer, 2018 (Squamata, Scincidae) in China Herpetozoa, 35, 51–58 https://doi.org/10.3897/herpetozoa.35.e80151",2022,"Shuo Qi, qishuo1992@outlook.com",Herpetozoa,10.3897/herpetozoa.35.e80151,1200
272,两栖纲,葡萄湍蛙,Amolops putaoensis,葡萄湍蛙,Amolops putaoensis,种,无尾目,Anura,蛙科,Ranidae,湍蛙属,Amolops,拉丁名精确,,仅知分布于缅甸克钦邦葡萄县模式产地,云南,原表标注,中国云南省贡山县独龙江乡,98.2682,27.67,原文报道坐标,1218,1218.0,2019-07-04,4 July 2019,混合生境（溪流/河流+荒漠/沙地+高山流石滩/石山）,沙质河床、岩岸的浅溪,标本,KIZ 035035–035044,新纪录,原表标注,,,,,,"Yin-Peng Zhang and Xiao-Long Liu and Bryan L. Stuart and Dong-Yi Wu and Yu-Fan Wang and Jing Che and Zhi-Yong Yuan (2022). Amolops putaoensis Gan, Qin, Lwin, Li, Quan, Liu & Yu, 2020, a newly recorded torrent frog for China Natural Science https://doi.org/10.3897/herpetozoa.35.e94745",2022,"Yin-Peng Zhang, Xiao-Long Liu, Bryan L. Stuart, Dong-Yi Wu, Yu-Fan Wang, Jing Che, Zhi-Yong Yuan",Herpetozoa,10.3897/herpetozoa.35.e94745,1219
273,两栖纲,阮氏大头娃,Limnonectes nguyenorum,阮氏溪蛙,Limnonectes nguyenorum,种,无尾目,Anura,叉舌蛙科,Dicroglossidae,大头蛙属,Limnonectes,拉丁名精确,,越南北部特有种(河江、永福、山罗、老街、安沛、宣光等省),云南,原表标注,"大围山自然保护区,蔓耗镇,个旧市",103.3978,23.0225,原文报道坐标,500,500.0,2019-03-24,24 March 2019,混合生境（溪流/河流+森林+人工生境）,"道路旁的人工排水沟,两侧为原始森林,沟内有浅水流动",标本,KIZ20193243–KIZ20193247,新纪录,原表标注,,,,,,"Shuo Liu and Mingzhong Mo and Dingqi Rao (2022). First country record of the fanged frog Limnonectes nguyenorum McLeod, Kurlbaum & Hoang, 2015 (Anura, Dicroglossidae) in China Herpetozoa, 35, 1-7 https://doi.org/10.3897/herpetozoa.35.e78015",2022,"Shuo Liu, Mingzhong Mo, Dingqi Rao",Herpetozoa,10.3897/herpetozoa.35.e78015,1224
274,两栖纲,孟加拉虎纹蛙,Hoplobatrachus litoralis,滨海虎纹蛙,Hoplobatrachus litoralis,种,无尾目,Anura,叉舌蛙科,Dicroglossidae,虎纹蛙属,Hoplobatrachus,拉丁名精确,,孟加拉国、缅甸、印度、不丹,云南,原表标注,云南省保山市龙陵县勐糯镇曼干河村,99.0197,24.3447,原文报道坐标,750,750.0,2013-08-21,21 August 2013,湿地/静水水体,植被覆盖的沼泽沟渠或池塘,标本,KIZ 034006–KIZ 034012,新纪录,原表标注,,,,,,"Shuo Liu and Mian Hou and Dingqi Rao and Song Li (2023). First record of Hoplobatrachus litoralis Hasan, Kuramoto, Islam, Alam, Khan & Sumida, 2012 (Anura, Dicroglossidae) from China https://doi.org/10.3897/herpetozoa.36.e98669",2023,"Shuo Liu, Song Li, Dingqi Rao",Herpetozoa,10.3897/herpetozoa.36.e98669,1248
275,两栖纲,越北姬蛙,Microhyla hmongorum,越北姬蛙,Microhyla hmongorum,种,无尾目,Anura,姬蛙科,Microhylidae,姬蛙属,Microhyla,拉丁名精确,,越南北部莱州省、老挝丰沙里省和琅勃拉邦省以及缅甸克钦邦,云南,原表标注,"勐腊,西双版纳和元阳,红河",102.7495,23.0541,原文报道坐标,1375,1375.0,2016-04,April 2016 and September 2017,混合生境（湿地/静水水体+农田/种植园）,稻田、静水池塘和雨水坑,标本,KIZ 027488,新纪录,原表标注,,,,,,"Yun-He Wu and Zhong-Bin Yu and Chen-Qi Lu and Kasyoka Kilunda Felista and Shao-bing Hou and Jie-Qiong Jin and Jin-Min Chen and Dong-Ru Zhang and Zhi-Yong Yuan and Jing Che (2023). First national record of Microhyla hmongorum Hoang, Nguyen, Phan, Pham, Ninh, Wang, Jiang, Ziegler and Nguyen, 2022 (Anura, Microhylidae, Microhyla) in China Biodiversity Data Journal, 11 https://doi.org/10.3897/BDJ.11.e103580",2023,"Wu Y, Yu Z-B, Lu C-Q, Kilunda F K, Hou S-B, Jin J-Q, Chen J-M, Zhang D-R, Yuan Z-Y, Che J",Biodiversity Data Journal,10.3897/BDJ.11.e103580,1274
276,爬行纲,叶氏泛蜥,Ablepharus eremchenkoi,叶氏泛蜥,Ablepharus eremchenkoi,种,有鳞目,Squamata,石龙子科,Scincidae,泛蜥属,Ablepharus,拉丁名精确,,中亚(吉尔吉斯斯坦、哈萨克斯坦),新疆,原表标注,"玉其塔什,乌恰县",74.631,40.1527,原文报道坐标,3014,3014.0,2023-08-09,8–9 August 2023,混合生境（溪流/河流+高山流石滩/石山）,山坡底部、岩石下和河床,标本,"XND20230808001, XND20230809010, XND0808001, XND0808002, XND0808005, XND0808007",新纪录,原表标注,,,,,,"Tao Liang and Qian-ru Liang and Jiang-miao Ran and Jing An and Ya-hui Huang and Peng Ding and Lei Shi (2024). Hiding in the valley: a new national record of Ablepharus eremchenkoi, with rediscovery of Ablepharus alaicus in China: phylogeny, morphology and natural history notes Herpetozoa, 37, 95–105 https://doi.org/10.3897/herpetozoa.37.e116071",2024,"Tao Liang, Lei Shi, Jing An, Peng Ding, Lin Leng, Ke-fan Wu",Herpetozoa,10.3897/herpetozoa.37.e116071,1289
277,两栖纲,,,宋氏掌突蟾,Leptobrachella sungi,种,无尾目,Anura,角蟾科,Megophryidae,掌突蟾属,Leptobrachella,种未收录-按属填分类,,越南北部(永福、安沛、老街、奠边、富寿、山罗、宣光)及中国广西,广西,原表标注,中国广西上思县十万大山国家级自然保护区;中国广西凌云县泗水河自然保护区,107.85,21.95,文字地名地理编码/后续补充,,,2020-06-20,4 July 2021; 20 June 2020,溪流/河流,靠近宽约2.0–3.0米、水流较缓的溪流,标本,"n = 16 (SWDS), n = 3 (SSH)",新纪录,据引用/备注推断,,,,,,"Wei-Cai Chen and Peng Li and Wan-Xiao Peng and You-Jun Liu and Yong Huang (2023). The fourth species of Leptobrachella (Anura, Megophryidae) found at Shiwandashan National Nature Reserve, Guangxi, China Shiwandashan National Nature https://doi.org/10.3897/zookeys.1192.98352",2023,"Chen, Wei-Cai, Li, Peng, Peng, Wan-Xiao, Liu, You-Jun, Huang, Yong",ZooKeys,10.3897/zookeys.1192.98352,1302
278,两栖纲,红斑蟾蜍,Bufo rubroventromaculatus,红斑蟾蜍,Bufo rubroventromaculatus,种,无尾目,Anura,蟾蜍科,Bufonidae,蟾蜍属,Bufo,拉丁名精确,,越南中北部,云南,原表标注；多省记录拆分,广西百色市那坡县百南乡;云南省文山州麻栗坡县下金厂乡,,,多省拆分-该省无点位,1030,1030.0,,2019 to 2021,,,标本、分子证据,"KIZ2019019, KIZ2019020, KIZ2019021, KIZ2019022, KIZ2020007, KIZ2020008, KIZ2020009, KIZ2020010, KIZ2021107",新纪录,原表标注,,,,,,"Shuo Liu and Mian Hou and Mingzhong Mo and Dingqi Rao (2024). First confirmed record of Bufo rubroventromaculatus Orlov, Ananjeva, Ermakov, Lukonina, Ninh & Nguyen, 2024 (Anura, Bufonidae) from China, with supplementary description of this species Biodiversity Data Journal, 12 https://doi.org/10.3897/BDJ.12.e134392",2024,"Liu S, Hou M, Mo M, Rao D",Biodiversity Data Journal,10.3897/BDJ.12.e134392,1329
279,两栖纲,红斑蟾蜍,Bufo rubroventromaculatus,红斑蟾蜍,Bufo rubroventromaculatus,种,无尾目,Anura,蟾蜍科,Bufonidae,蟾蜍属,Bufo,拉丁名精确,,越南中北部,广西,原表标注；多省记录拆分,广西百色市那坡县百南乡;云南省文山州麻栗坡县下金厂乡,105.9,23.15,文字地名地理编码/后续补充,1030,1030.0,,2019 to 2021,,,标本、分子证据,"KIZ2019019, KIZ2019020, KIZ2019021, KIZ2019022, KIZ2020007, KIZ2020008, KIZ2020009, KIZ2020010, KIZ2021107",新纪录,原表标注,DUP016,,,,,"Shuo Liu and Mian Hou and Mingzhong Mo and Dingqi Rao (2024). First confirmed record of Bufo rubroventromaculatus Orlov, Ananjeva, Ermakov, Lukonina, Ninh & Nguyen, 2024 (Anura, Bufonidae) from China, with supplementary description of this species Biodiversity Data Journal, 12 https://doi.org/10.3897/BDJ.12.e134392",2024,"Liu S, Hou M, Mo M, Rao D",Biodiversity Data Journal,10.3897/BDJ.12.e134392,1329
280,爬行纲,北部湾蜓蜥,Sphenomorphus tonkinensis,东京棱蜥,Sphenomorphus tonkinensis,种,有鳞目,Squamata,石龙子科,Scincidae,蜓蜥属,Sphenomorphus,拉丁名精确,,越南北部和中国海南,广西,原表标注；多省记录拆分,五皇岭森林公园;黑石顶自然保护区;井冈山自然保护区,,,多省拆分-该省无点位,510,510.0,2009-05-16,16 May 2009; 30 May 2009; 26 October 2009,森林,森林,标本,"SYS r000105, r000110, r000173, r000334, r000335, r000418, r000420, r000540, r000541, r000542, r000543, r000601, r000606",新纪录,原表标注,,,,,,"Yingyong WANG and Jianhuan YANG and Yang LIU (2013). New Distribution Records for Sphenomorphus tonkinensis (Lacertilia: Scincidae) with Notes on Its Variation and Diagnostic Characters Asian Herpetological Research, 4(2), 147–150 https://doi.org/10.3724/SP.J.1245.2013.00147",2013,"Yingyong WANG, et al.",Journal of Herpetology,10.3724/SP.J.1245.2013.00147,1347
281,爬行纲,北部湾蜓蜥,Sphenomorphus tonkinensis,东京棱蜥,Sphenomorphus tonkinensis,种,有鳞目,Squamata,石龙子科,Scincidae,蜓蜥属,Sphenomorphus,拉丁名精确,,越南北部和中国海南,广东,原表标注；多省记录拆分,五皇岭森林公园;黑石顶自然保护区;井冈山自然保护区,,,多省拆分-该省无点位,510,510.0,2009-05-16,16 May 2009; 30 May 2009; 26 October 2009,森林,森林,标本,"SYS r000105, r000110, r000173, r000334, r000335, r000418, r000420, r000540, r000541, r000542, r000543, r000601, r000606",新纪录,原表标注,,,,,,"Yingyong WANG and Jianhuan YANG and Yang LIU (2013). New Distribution Records for Sphenomorphus tonkinensis (Lacertilia: Scincidae) with Notes on Its Variation and Diagnostic Characters Asian Herpetological Research, 4(2), 147–150 https://doi.org/10.3724/SP.J.1245.2013.00147",2013,"Yingyong WANG, et al.",Journal of Herpetology,10.3724/SP.J.1245.2013.00147,1347
282,爬行纲,北部湾蜓蜥,Sphenomorphus tonkinensis,东京棱蜥,Sphenomorphus tonkinensis,种,有鳞目,Squamata,石龙子科,Scincidae,蜓蜥属,Sphenomorphus,拉丁名精确,,越南北部和中国海南,江西,原表标注；多省记录拆分,五皇岭森林公园;黑石顶自然保护区;井冈山自然保护区,114.2672,26.6044,原文报道坐标,510,510.0,2009-05-16,16 May 2009; 30 May 2009; 26 October 2009,森林,森林,标本,"SYS r000105, r000110, r000173, r000334, r000335, r000418, r000420, r000540, r000541, r000542, r000543, r000601, r000606",新纪录,原表标注,,,,,,"Yingyong WANG and Jianhuan YANG and Yang LIU (2013). New Distribution Records for Sphenomorphus tonkinensis (Lacertilia: Scincidae) with Notes on Its Variation and Diagnostic Characters Asian Herpetological Research, 4(2), 147–150 https://doi.org/10.3724/SP.J.1245.2013.00147",2013,"Yingyong WANG, et al.",Journal of Herpetology,10.3724/SP.J.1245.2013.00147,1347
283,两栖纲,无斑瘰螈,Paramesotriton labiatus,宽口肥螈,Pachytriton labiatus,种,有尾目,Caudata,蝾螈科,Salamandridae,瘰螈属,Paramesotriton,种加词推断,"按种加词推断为名录中该名的异名对应种,请复核",中国南方,广西,据坐标空间匹配推定,中国南方,110.0,25.0,文字地名地理编码/后续补充,,,,,,,照片/影像,,新纪录,据引用/备注推断,,,,,,"Tom GOLDSCHMIDT and Reinhard GERECKE and Gerd ALBERTI (2002). Hygrobates salamandrarum sp. nov. (Acari, Hydrachnidia, Hygrobatidae) from China: the First Record of a Freshwater Mite Parasitizing Newts (Amphibia, Urodela) , 241(04), 297",2002,"Tom Goldschmidt, Reinhard Gerecke, Gerd Alberti",Zoologischer Anzeiger,,1349
284,两栖纲,北方狭口蛙,Kaloula borealis,北方狭口蛙,Kaloula borealis,种,无尾目,Anura,姬蛙科,Microhylidae,狭口蛙属,Kaloula,拉丁名精确,,中国北方、朝鲜、小巽他群岛、菲律宾、孟加拉国、印度和斯里兰卡,上海,原表标注,上海市滨江森林公园和吴淞海岸森林公园,121.5064,31.3939,原文报道坐标,5,5.0,2014-06-22,22 June 2014 and 5 September 2014,混合生境（溪流/河流+湿地/静水水体+灌丛/草地）,"毗邻湿地的城市绿地,人工种植樟树、落羽杉、池杉和广玉兰等乔木;水生植物包括芦苇、鸢尾、藨草等;蛙类在暴雨后聚集于城市排水沟中繁殖",标本,ECNU14062203; ECNU14062204; ECNU14062205,新纪录,原表标注,DUP033,,,,,"Wei ZHANG and Ben LI and Xiaoxiao SHU and Hanbin XIE and Enle PEI and Xiao YUAN and Yujie SUN and Tianhou WANG and Zhenghuan WANG (2015). A New Record of Kaloula (Amphibia: Anura: Microhylidae) in Shanghai, China Asian Herpetological Research, 6(3), 240–244 https://doi.org/10.16373/j.cnki.ahr.140070",2015,"Wei ZHANG, Ben LI, Xiaoxiao SHU, Hanbin XIE, Enle PEI, Xiao YUAN, Yujie SUN, Tianhou WANG, Zhenghuan WANG",Asian Herpetological Research,10.16373/j.cnki.ahr.140070,1389
285,两栖纲,借母溪林蛙,Rana jiemuxiensis,界木溪蛙,Rana jiemuxiensis,种,无尾目,Anura,蛙科,Ranidae,蛙属,Rana,拉丁名精确,,中国湖南界木溪国家级自然保护区,安徽,原表标注,长江附近的达龙窝湖,118.2122,31.2564,原文报道坐标,0,0.0,2022-04,April 2022,湿地/静水水体,长江附近的湖泊,标本,7 individuals (5 females and 2 males),新纪录,原表标注,,,,,,"Min TANG, Xing YU, Jiahui LI, Taiyue LI, Wenrui ZHU, Jing CHE, Jianjun LIU, Huaxing ZHOU and Liuwang NIE (2025). New Distribution Records of Rana jiemuxiensis in Anhui Province Asian Herpetological Research, 16(1), 122–124 https://doi.org/10.3724/ahr.2095-0357.2024.0018",2025,"Min TANG, Xing YU, Jiahui LI, Taiyue LI, Wenrui ZHU, Jing CHE, Jianjun LIU, Huaxing ZHOU, Liuwang NIE",Asian Herpetological Research,10.3724/ahr.2095-0357.2024.0018,1397
286,爬行纲,挛斑链蛇,Lycodon jara,双斑狼蛇,Lycodon jara,种,有鳞目,Squamata,游蛇科,Colubridae,链蛇属,Lycodon,拉丁名精确,,中东部喜马拉雅山区及孟加拉湾沿岸丘陵地区,云南,原表标注,云南省盈江县铜壁关乡,97.5872,24.6596,原文报道坐标,778,778.0,,"June 15, 2024",,,标本,ANU20230057,新纪录,原表标注,,,,,,"Tierui ZHANG and Li DING and Xinge WANG and Frank T. BURBRINK and Song HUANG and Zhihao JIANG and Zhangbo CUI and Zicheng SU and Beibei HE and Ruyi HUANG and Jinmin CHEN (2024). Confirmation of Distribution of Twin-spotted Wolf Snake, Lycodon jara (Shaw, 1802) (Serpentes, Colubridae) in China, with Detailed Morphological Description Asian Herpetological Research, 15(4), 225–231 https://doi.org/10.3724/ahr.2095-0357.2024.0020",2024,"Tierui ZHANG, Li DING, Xinge WANG, Frank T. BURBRINK, Song HUANG, Zhihao JIANG, Zhangbo CUI, Zicheng SU, Beibei HE, Ruyi HUANG, Jinmin CHEN",Asian Herpetological Research,10.3724/ahr.2095-0357.2024.0020,1400
287,爬行纲,条纹小头蛇,Oligodon hamptoni,条纹小头蛇,Oligodon hamptoni,种,有鳞目,Squamata,游蛇科,Colubridae,小头蛇属,Oligodon,拉丁名精确,,缅甸北部,云南,原表标注,中国云南省腾冲市大蒿坪村附近乡村公路,98.7298,24.9941,原文报道坐标,1926,1926.0,2020-07,8th July 2020,森林,严重退化的中山湿性常绿阔叶林,照片/影像、野外观察,,新纪录,原表标注,,,,,,"Justin L. Lee and Jian-Huan Yang and Platon Yushchenko and Nikolay A. Poyarkov Jr (2021). Rediscovery and distribution extension of the rare Kukri Snake, Oligodon hamptoni Boulenger, 1918 (Reptilia, Serpentes, Colubridae), with the first record of this species from China Gaoligongshan Nature https://doi.org/10.3897/herpetozoa.34.e60875",2021,"Justin L. Lee, Jian-Huan Yang, Platon Yushchenko, Nikolay A. Poyarkov Jr",Herpetozoa,10.3897/herpetozoa.34.e60875,1438
288,爬行纲,朱利安氏脊蛇,Achalinus juliani,朱氏脊蛇,Achalinus juliani,种,有鳞目,Squamata,闪皮蛇科,Xenodermidae,脊蛇属,Achalinus,拉丁名精确,,越南高平省,广西,原表标注,广西弄岗国家级自然保护区,106.95,22.45,文字地名地理编码/后续补充,,,,,,,标本,NGAJ01,新纪录,原表标注,,,,,,"Yanyuan XIE and Ruigang YANG and Shengyuan LIU and Zhengjun WU and Zening CHEN (2025). First Record of Achalinus juliani Ziegler et al., 2019 (Serpentes: Xenodermidae) from China Asian Herpetological Research, 16(4), 392–394 https://doi.org/10.3724/ahr.2095-0357.2025.0012",2025,"Yanyuan XIE, Ruigang YANG, Shengyuan LIU, Zhengjun WU, Zening CHEN",Asian Herpetological Research,10.3724/ahr.2095-0357.2025.0012,1440
289,两栖纲,吻斑雨林蛙,Wjayarana melasma,黑斑维贾蛙,Wijayarana melasma,种,无尾目,Anura,蛙科,Ranidae,雨林蛙属,Wjayarana,种加词推断,"按种加词推断为名录中该名的异名对应种,请复核",老挝和泰国,云南,原表标注,西双版纳州,100.8,22.0,文字地名地理编码/后续补充,,,,,混合生境（溪流/河流+森林）,原始热带雨林中的溪流,标本、分子证据,SWU 0003536,新纪录,原表标注,,,,,,"Dongyi WU and Junkai HUANG and Yunhe WU and Xiaolong LIU and Jing CHE and Zhiyong YUAN (2023). First Record of the Genus Wijayarana (Anura, Ranidae) from Yunnan, China Asian Herpetological Research, 14(1), 116–120 https://doi.org/10.16373/j.cnki.ahr.220058",2023,"Dongyi WU, Junkai HUANG, Yunhe WU, Xiaolong LIU, Jing CHE, Zhiyong YUAN",Asian Herpetological Research,10.16373/j.cnki.ahr.220058,1443
290,爬行纲,海河后棱蛇,Opisthotropis haihaensis,海河后棱蛇,Opisthotropis haihaensis,种,有鳞目,Squamata,游蛇科,Colubridae,后棱蛇属,Opisthotropis,拉丁名精确,,越南北部广宁省太极村附近森林,广西,原表标注,十万大山自然保护区,107.85,21.95,文字地名地理编码/后续补充,493,493.0,2009-07-10,10 July 2009,混合生境（溪流/河流+森林+高山流石滩/石山）,流经保存完好的茂密落叶林的岩石溪流,标本,SYS a000537,新纪录,原表标注,DUP051,,,,,"Jian Wang and Zhi-Tong Lyu and Zhao-Chi Zeng and Chao-Yu Lin and Jian-Huan Yang and Truong Quang Nguyen and Minh D. Le and Thomas Ziegler and Ying-Yong Wang (2020). Re-examination of the Chinese record of Opisthotropis maculosa (Squamata, Natricidae), resulting in the first national record of O. haihaensis and description of a new species ZooKeys, 913, 141–159 https://doi.org/10.3897/zookeys.913.48622",2020,"Wang J, Lyu Z-T, Zeng Z-C, Lin C-Y, Yang J-H, Nguyen TQ, Le MD, Ziegler T, Wang Y-Y",ZooKeys,10.3897/zookeys.913.48622,1447
291,爬行纲,宁陕线形蛇,Stichophanes ningshaanensis,宁陕颈棱蛇,Stichophanes ningshaanensis,种,有鳞目,Squamata,游蛇科,Colubridae,线形蛇属,Stichophanes,拉丁名精确,,中国陕西省特有种,陕西,原表标注,"火地塘,宁陕县",108.45,33.55,文字地名地理编码/后续补充,1550,1550.0,,2008; 2009,人工生境,"日行性落叶层栖息者,以陆生软体动物为食;发现于道路和小径附近的枯叶中,通常靠近水源",标本,NAFU071227; CIB100191; CIB100192–100200,新纪录,原表标注,,,,,,"Xiaohe WANG and Kevin MESSENGER and Ermi ZHAO and Chaodong ZHU (2014). Reclassification of Oligodon ningshaanensis Yuan, 1983 (Ophidia: Colubridae) into a New Genus, Stichophanes gen. nov. with Description on Its Malacophagous Behavior Asian Herpetological Research, 5(3), 137–149 https://doi.org/10.3724/SP.J.1245.2014.00137",2014,"Xiaohe WANG, Kevin MESSENGER, Ermi ZHAO, Chaodong ZHU",Asian Herpetological Research,10.3724/SP.J.1245.2014.00137,1454
292,爬行纲,横纹玉斑蛇(横斑锦蛇),Euprepiophis perlaceus,四川鼠蛇,Euprepiophis perlaceus,种,有鳞目,Squamata,游蛇科,Colubridae,玉斑蛇属,Euprepiophis,拉丁名精确,,"中国特有种,此前已知分布于四川(卧龙国家级自然保护区汶川县;海螺沟国家冰川森林公园泸定县)",陕西,原表标注,中国陕西省汉中市佛坪县,107.9833,33.5167,文字地名地理编码/后续补充,1650,1650.0,2019-06-23,23 June 2019,混合生境（森林+灌丛/草地）,由高大乔木和灌木组成的次生落叶阔叶林,标本,,新纪录,原表标注,,,,,,"Shi-Yi Tang, Chen-Liang Li, Yu-Li Li, and Bao-Guo Li (2021). New records of the Endangered Szechwan Rat Snake, Euprepiophis perlaceus (Stejneger, 1929) (Squamata: Colubridae: Coronellini), from Shaanxi, China Amphibian & Reptile Conservation, 15(2), 23–30 https://doi.org/e279",2021,"Tang SY, Li CL, Li YL, Li BG",Amphibian & Reptile Conservation,,1464
293,爬行纲,黄连山滑蜥,Scincella fansipanensis,黄连山滑蜥,Scincella fansipanensis,种,有鳞目,Squamata,石龙子科,Scincidae,滑蜥属,Scincella,拉丁名精确,,越南老街省番西邦山,云南,原表标注,中国云南省景东县哀牢山,100.95,24.45,文字地名地理编码/后续补充,2480,2480.0,,2025,,,标本,"QHU R2025004, QHU R2025005, QHU R2025006, QHU R2025007",新纪录,原表标注,,,,,,"Yuhao Xu and Chencan Liao and Nikolay Poyarkov and Shiyang Weng and Jundong Deng and Andrei Bragin and Tierui Zhang and Nguyen Van Tan and Lifang Peng (2025). First record of Scincella fansipanensis Okabe, Motokawa, Koizumi, Nguyen, Nguyen & Bui, 2024 (Squamata, Scincidae) from China Biodiversity Data Journal, 13 https://doi.org/10.3897/BDJ.13.e161782",2025,Xu Y et al,,10.3897/BDJ.13.e161782,1484
294,两栖纲,藏南拟髭蟾,Leptobrachium bompu,邦布掌突蟾,Leptobrachium bompu,种,无尾目,Anura,角蟾科,Megophryidae,拟髭蟾属,Leptobrachium,拉丁名精确,,"邦布(北纬27°06'61"",东经92°40'64"",海拔1940米),鹰巢野生动物保护区,东喜马拉雅山脉南坡",西藏,原表标注,上墨脱格林村和布琼湖,95.45,29.25,文字地名地理编码/后续补充,,,,"April 19–23, 2014",溪流/河流,日落后多云降雨条件下的溪流,标本,seven adults and three tadpoles collected; holotype from Bompu: KA0001/200905,新纪录,原表标注,,,,,,"Xixi LIANG and Wulin LIU and Bin WANG and Li DING and Jianpu WU and Feng XIE and Jianping JIANG (2017). Leptobrachium bompu (Amphibia, Anura, Megophryidae) Discovered in Upper Medog, Tibet, China with Descriptions of its Tadpoles, Advertisement Calls and Systematic Position Asian Herpetological Research, 8(2), 137–146 https://doi.org/10.16373/j.cnki.ahr.160023",2017,"Xixi LIANG, Wulin LIU, Bin WANG, Li DING, Jianpu WU, Feng XIE, Jianping JIANG",Asian Herpetological Research,10.16373/j.cnki.ahr.160023,1493
295,两栖纲,,,广西疣背树蛙,Theloderma kwangsiense,种,无尾目,Anura,树蛙科,Rhacophoridae,棱皮树蛙属,Theloderma,种未收录-按属填分类,,,广西,原表标注,广西大瑶山香炉冲,110.1,24.1,文字地名地理编码/后续补充,,,,,森林,热带和亚热带雨林,标本,CIB 601687,新纪录,原表标注,,,,,,"Hou Mian and Yu Guo-hua and Chen Hong-man and Liao Chang-le and Zhang Li and Chen Jin and Li Pi-peng and Nikolai L. Orlov (2017). THE TAXONOMIC STATUS AND DISTRIBUTION RANGE OF SIX Theloderma SPECIES (ANURA: RHACOPHORIDAE) WITH A NEW RECORD IN CHINA Folium Publishing Company Russian Journal, 24, 99-127",2017,"Hou Mian, Yu Guo-hua, Chen Hong-man, Liao Chang-le, Zhang Li, Chen Jin, Li Pi-peng, Nikolai L. Orlov",The Taxonomic Status and Distribution Range of Six Theloderma Species with a New Record in China,,1530
296,爬行纲,隐耳蜓蜥,Sphenomorphus cryptotis,隐耳棱蜥,Sphenomorphus cryptotis,种,有鳞目,Squamata,石龙子科,Scincidae,蜓蜥属,Sphenomorphus,拉丁名精确,,越南,广西,原表标注,中国广西十万大山自然保护区,107.85,21.95,文字地名地理编码/后续补充,,,,,其他/未归类,十万大山自然保护区的自然生境,标本,"SYS r002555, SYS r002556",新纪录,原表标注,,,,,,"Shuo Qi, Zhi-Tong Lyu, Wei-Liang Xie, Shao-Ping Wan, Wei Zhang, Jun Liu, Yun-Ming Mo, and Ying-Yong Wang (2022). FIRST NATIONAL RECORD OF Sphenomorphus cryptotis DAREVSKY, ORLOV ET HO, 2004 (SAURIA, SCINCIDAE) FROM CHINA Russian Journal of Herpetology, 29(2), 110-116 https://doi.org/10.30906/1026-2296-2022-29-2-110-116",2022,"Shuo Qi, Zhi-Tong Lyu, Wei-Liang Xie, Shao-Ping Wan, Wei Zhang, Jun Liu, Yun-Ming Mo, Ying-Yong Wang",Russian Journal of Herpetology,10.30906/1026-2296-2022-29-2-110-116,1535
297,爬行纲,老挝拟须唇蛇,Parafimbrios lao,老挝奇鳞蛇,Parafimbrios lao,种,有鳞目,Squamata,闪皮蛇科,Xenodermidae,拟须唇蛇属,Parafimbrios,拉丁名精确,,泰国北部、老挝北部和越南西北部,云南,原表标注,江城县,101.8667,22.5833,文字地名地理编码/后续补充,1218,1218.0,2019-09,September 2019,森林,亚热带-热带湿润低地森林或低山雨林,标本,2019090746,新纪录,原表标注,DUP052,,,,,"Bo Cai and Zening Chen and Jun Gao and Li Ding and Rong Dai (2020). NEW RECORD OF A GENUS AND SPECIES OF ODD-SCALED SNAKE (SERPENTES: XENODERMIDAE) FROM CHINA Russian Journal of Herpetology, 27(6), 348-352 https://doi.org/10.30906/1026-2296-2020-27-6-348-352",2020,"Bo Cai, Zening Chen, Jun Gao, Li Ding, Rong Dai",Russian Journal of Herpetology,10.30906/1026-2296-2020-27-6-348-352,1541
298,两栖纲,喜山侧条树蛙,Rohanixalus shyamrupus,喜山侧条树蛙,Rohanixalus shyamrupus,种,无尾目,Anura,树蛙科,Rhacophoridae,罗树蛙属,Rohanixalus,拉丁名精确,,,云南,原表标注,,,,,,,,,,,照片/影像,,新纪录,原表标注,,,,,,"Biju, Garg, Gokulakrishnan, Chandrakasan, Thammachoti, Ren, Gopika, Bisht, Hamidy and Shouche (2020). Taxonomic revision of genus Rohanixalus (Anura: Rhacophoridae) in China with description of one new species https://doi.org/10.24272/j.issn.2095-8137.2023.179",2020,"Bernstein, Chatmongkon Suwannapoom, Siriwadee Chomdej, Jing Che, Zhi-Yong Yuan",Zoological Research,10.24272/j.issn.2095-8137.2023.179,1580
299,两栖纲,西藏舌突蛙,Liurana xizangensis,西藏拟髭蟾,Liurana xizangensis,种,无尾目,Anura,亚洲角蛙科,Ceratobatrachidae,舌突蛙属,Liurana,拉丁名精确,,,西藏,原表标注,中国西藏墨脱(=墨脱县),95.3333,29.3,文字地名地理编码/后续补充,,,,,,,标本,,新纪录,原表标注,DUP038,,,,,"Fang YAN and Ke JIANG and Kai WANG and Jie-Qiong JIN and Chatmongkon SUWANNAPOOM and Cheng LI and Jens V. VINDUM and Rafe M. BROWN and Jing CHE (2016). The Australasian frog family Ceratobatrachidae in China, Myanmar and Thailand: discovery of a new Himalayan forest frog clade ZOOLOGICAL RESEARCH, 37(1), 7-14 https://doi.org/10.13918/j.issn.2095-8137.2016.1.7",2016,"Fang YAN, Ke JIANG, Kai WANG, Jie-Qiong JIN, Chatmongkon SUWANNAPOOM, Cheng LI, Jens V. VINDUM, Rafe M.",Zoological Research,10.13918/j.issn.2095-8137.2016.1.7,1592
300,两栖纲,高山舌突蛙,Liurana alpina,高山舌突蛙,Liurana alpine,种,无尾目,Anura,亚洲角蛙科,Ceratobatrachidae,舌突蛙属,Liurana,种加词推断,"按种加词推断为名录中该名的异名对应种,请复核",,西藏,原表标注,中国西藏墨脱(=墨脱县),95.3333,29.3,文字地名地理编码/后续补充,,,,,,,标本,,新纪录,原表标注,DUP036,,,,,"Fang YAN and Ke JIANG and Kai WANG and Jie-Qiong JIN and Chatmongkon SUWANNAPOOM and Cheng LI and Jens V. VINDUM and Rafe M. BROWN and Jing CHE (2016). The Australasian frog family Ceratobatrachidae in China, Myanmar and Thailand: discovery of a new Himalayan forest frog clade ZOOLOGICAL RESEARCH, 37(1), 7-14 https://doi.org/10.13918/j.issn.2095-8137.2016.1.7",2016,"Fang YAN, Ke JIANG, Kai WANG, Jie-Qiong JIN, Chatmongkon SUWANNAPOOM, Cheng LI, Jens V. VINDUM, Rafe M.",Zoological Research,10.13918/j.issn.2095-8137.2016.1.7,1593
301,两栖纲,越南瘰螈/德氏瘰螈,Paramesotriton deloustali,越南瘰螈,Paramesotriton deloustali,种,有尾目,Caudata,蝾螈科,Salamandridae,瘰螈属,Paramesotriton,拉丁名精确,,越南北部海拔600–1900米的山地地区;预计分布于邻近的中国云南,云南,原表标注,靠近中越边界的云南南部,103.5,22.5,文字地名地理编码/后续补充,,,,2015,其他/未归类,山地地区,照片/影像,,新纪录,原表标注,DUP060,,,,,"Mingwang Zhang and Fuyao Han and Jiang Ye and Qingyong Ni and Ying Li and Yongfang Yao and Huailiang Xu (2018). The entire mitochondrial genome of Vietnam Warty Newt Paramesotriton deloustali (Salamandridae: Paramesotriton) with a new distribution record from China Conservation Genet Resour, 10(2), 551–554 https://doi.org/10.1007/s12686-017-0804-3",2018,"Mingwang Zhang, Fuyao Han",Conservation Genetics Resources,10.1007/s12686-017-0804-3,1598
302,两栖纲,双色棱皮树蛙,Theloderma bicolor,双色棱皮树蛙,Theloderma bicolor,种,无尾目,Anura,树蛙科,Rhacophoridae,棱皮树蛙属,Theloderma,拉丁名精确,,,云南,原表标注,云南省,102.7183,25.0389,文字地名地理编码/后续补充,,,,,森林,热带和亚热带雨林,照片/影像,,新纪录,据引用/备注推断,,,,,,"Hou Mian and Yu Guo-hua and Chen Hong-man and Liao Chang-le and Zhang Li and Chen Jin and Li Pi-peng and Nikolai L. Orlov (2017). THE TAXONOMIC STATUS AND DISTRIBUTION RANGE OF SIX Theloderma SPECIES (ANURA: RHACOPHORIDAE) WITH A NEW RECORD IN CHINA Folium Publishing Company Russian Journal, 24, 99-127",2017,"Hou Mian, Yu Guo-hua, Chen Hong-man, Liao Chang-le, Zhang Li, Chen Jin, Li Pi-peng, Nikolai L. Orlov",The Taxonomic Status and Distribution Range of Six Theloderma Species with a New Record in China,,1611
303,两栖纲,白斑棱皮树蛙,Theloderma albopunctatum,白斑棱皮树蛙,Theloderma albopunctatum,种,无尾目,Anura,树蛙科,Rhacophoridae,棱皮树蛙属,Theloderma,拉丁名精确,,,云南,原表标注,中国云南省金平县,103.2333,22.7833,文字地名地理编码/后续补充,,,,,森林,热带和亚热带雨林,标本,KIZ0608201,新纪录,据引用/备注推断,,,,,,"Hou Mian and Yu Guo-hua and Chen Hong-man and Liao Chang-le and Zhang Li and Chen Jin and Li Pi-peng and Nikolai L. Orlov (2017). THE TAXONOMIC STATUS AND DISTRIBUTION RANGE OF SIX Theloderma SPECIES (ANURA: RHACOPHORIDAE) WITH A NEW RECORD IN CHINA Folium Publishing Company Russian Journal, 24, 99-127",2017,"Hou Mian, Yu Guo-hua, Chen Hong-man, Liao Chang-le, Zhang Li, Chen Jin, Li Pi-peng, Nikolai L. Orlov",The Taxonomic Status and Distribution Range of Six Theloderma Species with a New Record in China,,1613
304,爬行纲,锯尾蜥虎,Hemidactylus garnotii,锯尾蜥虎,Hemidactylus garnotii,种,有鳞目,Squamata,壁虎科,Gekkonidae,蜥虎属,Hemidactylus,拉丁名精确,,,福建,原表标注,漳浦县、长泰县,117.8,24.5,文字地名地理编码/后续补充,,,2019-10,2019年10月至2020年7月,,,标本,MNYH2020091203,新纪录,原表标注,,,,,,"郭淳鹏、钟茂君、汪晓意、杨胜男、唐科、贾乐乐、张春兰、胡军华 (2022). 福建省两栖、爬行动物更新名录 生物多样性, 30(8), 1-10 https://doi.org/10.17520/biods.2022090",2022,郭淳鹏、钟茂君、汪晓意、杨胜男、唐科、贾乐乐、张春兰、胡军华,生物多样性,10.17520/biods.2022090,1736
305,爬行纲,香港半叶趾虎,Hemiphyllodactylus hongkongensis,香港半叶趾虎,Hemiphyllodactylus hongkongensis,种,有鳞目,Squamata,壁虎科,Gekkonidae,半叶趾虎属,Hemiphyllodactylus,拉丁名精确,,主要发现于香港和广东地区,福建,原表标注,福建君子峰国家级自然保护区、福建梅花山国家级自然保护区、福建省福州市闽侯县,116.7833,26.3167,原文报道坐标,,,2023-06-14,2023年6月14日;2024年5月12日;2024年7月21日,,,标本,2023JZFLX001;2024MHSLX001~003;2024MHLX001,新纪录,原表标注,DUP032,,,,,"马良、罗萧、周承源、曾文昊、吴锦平、汤小明、陈世品 (2025). 福建省爬行动物新记录——香港半叶趾虎 四川动物, 44(3), 299-304 https://doi.org/10.11984/j.issn.1000-7083.20250008",2025,马良、罗萧、周承源、曾文昊、吴锦平、汤小明、陈世品,四川动物,10.11984/j.issn.1000-7083.20250008,1738
306,爬行纲,独山半叶趾虎,Hemiphyllodactylus dushanensis,独山半叶趾虎,Hemiphyllodactylus dushanensis,种,有鳞目,Squamata,壁虎科,Gekkonidae,半叶趾虎属,Hemiphyllodactylus,拉丁名精确,,福建省(梅花山国家级自然保护区、上杭县、连城县、德化县),福建,原表标注,梅花山国家级自然保护区、上杭县、连城县、德化县,116.9,25.4,文字地名地理编码/后续补充,,,,,,,照片/影像,,新纪录,据引用/备注推断,,,,,,"马良、罗萧、周承源、曾文昊、吴锦平、汤小明、陈世品 (2025). 福建省爬行动物新记录——香港半叶趾虎 四川动物, 44(3), 299-304 https://doi.org/10.11984/j.issn.1000-7083.20250008",2025,马良、罗萧、周承源、曾文昊、吴锦平、汤小明、陈世品,四川动物,10.11984/j.issn.1000-7083.20250008,1746
307,两栖纲,蒙侧褶蛙,Pelophylax mongolius,蒙侧褶蛙,Pelophylax mongolius,种,无尾目,Anura,蛙科,Ranidae,侧褶蛙属,Pelophylax,拉丁名精确,,中国内蒙古自治区(模式产地)、陕西省、宁夏回族自治区,甘肃,原表标注；多省记录拆分,甘肃省临夏回族自治州永靖县;青海省海东市民和回族土族自治县,103.1121,36.2173,原文报道坐标,1647;1723,1685.0,2021-08,2021年8月;2023年6月,湿地/静水水体,长有水生植物(如菖蒲)的池塘生境中,标本,AMP 1721、AMP 1722、AMP 1723、AMP 1724、AMP 1725、AMP 899、AMP 900、AMP 901、AMP 902、AMP 903,新纪录,原表标注,DUP061,,,,,"田瑞、张得宁、袁智勇、周炜帏 (2024). 甘肃和青海发现蒙侧褶蛙两栖类新纪录 西南林业大学学报(自然科学), 44(6), 209–214 https://doi.org/10.11929/j.swfu.202401011",2024,田瑞、张得宁、袁智勇、周炜帏,西南林业大学学报(自然科学),10.11929/j.swfu.202401011,1748
308,两栖纲,蒙侧褶蛙,Pelophylax mongolius,蒙侧褶蛙,Pelophylax mongolius,种,无尾目,Anura,蛙科,Ranidae,侧褶蛙属,Pelophylax,拉丁名精确,,中国内蒙古自治区(模式产地)、陕西省、宁夏回族自治区,青海,原表标注；多省记录拆分,甘肃省临夏回族自治州永靖县;青海省海东市民和回族土族自治县,,,多省拆分-该省无点位,1647;1723,1685.0,2021-08,2021年8月;2023年6月,湿地/静水水体,长有水生植物(如菖蒲)的池塘生境中,标本,AMP 1721、AMP 1722、AMP 1723、AMP 1724、AMP 1725、AMP 899、AMP 900、AMP 901、AMP 902、AMP 903,新纪录,原表标注,DUP062,,,,,"田瑞、张得宁、袁智勇、周炜帏 (2024). 甘肃和青海发现蒙侧褶蛙两栖类新纪录 西南林业大学学报(自然科学), 44(6), 209–214 https://doi.org/10.11929/j.swfu.202401011",2024,田瑞、张得宁、袁智勇、周炜帏,西南林业大学学报(自然科学),10.11929/j.swfu.202401011,1748
309,爬行纲,新疆岩蜥,Laudakia stoliczkana,新疆岩蜥阿尔泰亚种,Laudakia stoliczkana altaica,亚种（已归并至种级）,有鳞目,Squamata,鬣蜥科,Agamidae,岩蜥属,Laudakia,亚种归并至种,按三名法亚种归并至种,"分布于天山山脉以北至阿尔泰山、戈壁阿尔泰山周缘,国外分布于蒙古阿尔泰和戈壁阿尔泰,国内分布于北塔山、阿尔泰山东部",甘肃,原表标注,明水村,96.1863,42.0646,原文报道坐标,2097.7,2097.7,2014-08-09,2014年8月9日,高山流石滩/石山,干燥裸露的石山,标本,NWNU1401、NWNU1402、NWNU1403、NWNU1404,新纪录,原表标注,DUP035,,,,,"赵海斌、龚大洁、李晓军、李万江、刘开明 (2016). 甘肃马鬃山发现新疆岩蜥 干旱区研究, 33(2), 431-433 https://doi.org/10.13866/j.azr.2016.02.27",2016,赵海斌、龚大洁、李晓军、李万江、刘开明,干旱区研究,10.13866/j.azr.2016.02.27,1750
310,两栖纲,侗掌突蟾,Paramegophrys dong,侗掌突蟾,Leptobrachella dong,种,无尾目,Anura,角蟾科,Megophryidae,掌突蟾属,Paramegophrys,中文名精确,,中国湖南通道县、绥宁县和贵州从江县,广西,原表标注,猫儿山安堂平,110.4653,25.9117,原文报道坐标,,,2016-04-04,2016年4月4日,,,标本,KIZ 027219、KIZ 045761、KIZ 045711、KIZ 027220,新纪录,原表标注,DUP053,,,,,"曹宇阳、伍春莲、吴云鹤 (2024). 广西掌突蟾属新纪录——侗掌突蟾 Chinese Journal of Wildlife, 45(2), 456-460 https://doi.org/10.12375/ysdwxb.20240228",2024,曹宇阳、蒋瑛、王绍能、车静、伍春莲、吴云鹤,Chinese Journal of Wildlife,10.12375/ysdwxb.20240228,1752
311,爬行纲,中国棱蜥,Tropidophorus sinicus,中国棱蜥,Tropidophorus sinicus,种,有鳞目,Squamata,石龙子科,Scincidae,棱蜥属,Tropidophorus,拉丁名精确,,广东、广西、香港、江西;国外分布于越南,贵州,原表标注,亚木沟风景区,108.73,27.7761,原文报道坐标,700,700.0,2019-08,2019年8月,混合生境（溪流/河流+森林+人工生境）,中亚热带常绿阔叶林下路边水沟中,标本,Hu01,新纪录,原表标注,DUP084,,,,,"胡政坤、黄勇、姚忠祎、蔡波 (2022). 贵州江口和福建连江分别发现中国棱蜥和变色树蜥 动物学杂志, 57(1), 112-116 https://doi.org/10.13859/j.cjz.202201011",2022,胡政坤、黄勇、姚忠祎、蔡波,动物学杂志,10.13859/j.cjz.202201011,1754
312,爬行纲,,,变色树蜥,Calotes versicolor,种,有鳞目,Squamata,鬣蜥科,Agamidae,树蜥属,Calotes,种未收录-按属填分类,,云南、广西、广东、海南、香港、澳门、湖南;国外分布于伊朗、阿富汗、巴基斯坦、尼泊尔、不丹、印度、斯里兰卡、孟加拉国、缅甸、泰国、马来西亚、越南、柬埔寨、老挝、新加坡等国,福建,原表标注,潘渡乡,119.4314,26.2189,原文报道坐标,20,20.0,2019-10,2019年10月,混合生境（森林+人工生境）,中亚热带丘陵常绿阔叶林路边行道树树干上,照片/影像、野外观察,,新纪录,原表标注,DUP017,,,,,"胡政坤、黄勇、姚忠祎、蔡波 (2022). 贵州江口和福建连江分别发现中国棱蜥和变色树蜥 动物学杂志, 57(1), 112-116 https://doi.org/10.13859/j.cjz.202201011",2022,胡政坤、黄勇、姚忠祎、蔡波,动物学杂志,10.13859/j.cjz.202201011,1755
313,爬行纲,缅甸钝头蛇,Pareas hamptoni,缅甸钝头蛇,Pareas hamptoni,种,有鳞目,Squamata,钝头蛇科,Pareidae,钝头蛇属,Pareas,拉丁名精确,,,贵州,原表标注,雷山,108.25,26.55,文字地名地理编码/后续补充,,,1974,1974年-1978年,,,照片/影像,,新纪录,原表标注,,,,,,"伍律、李德俊、须润华、黄谋、刘积深 (1978). 贵州爬行动物新纪录及一新种 贵州爬行动物新纪录及一新种, 105",1978,伍律、李德俊、须润华、董谦、刘积深,动物学报,,1758
314,爬行纲,福建钝头蛇,Pareas stanleyi,福建钝头蛇,Pareas stanleyi,种,有鳞目,Squamata,钝头蛇科,Pareidae,钝头蛇属,Pareas,拉丁名精确,,,贵州,原表标注,雷山,108.25,26.55,文字地名地理编码/后续补充,,,1974,1974年-1978年,,,照片/影像,,新纪录,原表标注,,,,,,"伍律、李德俊、须润华、黄谋、刘积深 (1978). 贵州爬行动物新纪录及一新种 贵州爬行动物新纪录及一新种, 105",1978,伍律、李德俊、须润华、董谦、刘积深,动物学报,,1759
315,爬行纲,双全链蛇(双全白环蛇),Lycodon fasciatus,双全白环蛇,Lycodon fasciatus,种,有鳞目,Squamata,游蛇科,Colubridae,链蛇属,Lycodon,拉丁名精确,,,贵州,原表标注,威宁、兴义,104.8,26.5,文字地名地理编码/后续补充,,,1974,1974年-1978年,,,照片/影像,,新纪录,原表标注,,,,,,"伍律、李德俊、须润华、黄谋、刘积深 (1978). 贵州爬行动物新纪录及一新种 贵州爬行动物新纪录及一新种, 105",1978,伍律、李德俊、须润华、董谦、刘积深,动物学报,,1760
316,爬行纲,黑线乌梢蛇(黑线鼠蛇),Ptyas nigromarginata,黑线乌梢蛇,Zaocys nigromarginatus,种,有鳞目,Squamata,游蛇科,Colubridae,鼠蛇属,Ptyas,中文名精确,,,贵州,原表标注,威宁,104.2833,26.8667,文字地名地理编码/后续补充,,,1974,1974年-1978年,,,照片/影像,,新纪录,原表标注,,,,,,"伍律、李德俊、须润华、黄谋、刘积深 (1978). 贵州爬行动物新纪录及一新种 贵州爬行动物新纪录及一新种, 105",1978,伍律、李德俊、须润华、董谦、刘积深,动物学报,,1761
317,爬行纲,紫沙蛇,Psammodynastes pulverulentus,紫沙蛇,Psammodynastes pulverulentus,种,有鳞目,Squamata,紫沙蛇科,Psammodynastidae,紫沙蛇属,Psammodynastes,拉丁名精确,,,贵州,原表标注,榕江,108.5167,25.95,文字地名地理编码/后续补充,,,1974,1974年-1978年,,,照片/影像,,新纪录,原表标注,,,,,,"伍律、李德俊、须润华、黄谋、刘积深 (1978). 贵州爬行动物新纪录及一新种 贵州爬行动物新纪录及一新种, 105",1978,伍律、李德俊、须润华、董谦、刘积深,动物学报,,1762
318,爬行纲,福建颈斑蛇,Plagiopholis styani,福建颈斑蛇,Plagiopholis styani,种,有鳞目,Squamata,游蛇科,Colubridae,颈斑蛇属,Plagiopholis,拉丁名精确,,安徽、福建、甘肃、广西、湖南、江西、四川、浙江,贵州,原表标注,雷公山,108.0833,26.25,原文报道坐标,,,2016-07,2016年7月,,,标本,HS16154,新纪录,原表标注,DUP063,,,,,"张勇、彭丽芳、朱毅武、黄松 (2020). 贵州省发现福建颈斑蛇 Plagiopholis styani (Boulenger, 1899) Found in Guizhou Province, China 动物学杂志 Chinese Journal of Zoology, 55(3), 412 https://doi.org/10.13859/j.cjz.202003018",2020,张勇,动物学杂志,10.13859/j.cjz.202003018,1763
319,爬行纲,缅甸棱蜥,Tropidophorus berdmorei,缅甸棱蜥,Tropidophorus berdmorei,种,有鳞目,Squamata,石龙子科,Scincidae,棱蜥属,Tropidophorus,拉丁名精确,,"中国仅记录分布于云南陇川县户撒乡,国外分布于泰国北部、缅甸和越南",贵州,原表标注,佛顶山国家级自然保护区坪山乡佛顶山村团山,108.3531,27.3584,原文报道坐标,870.7,870.7,2017-07-12,2017年7月12日,森林,"常绿阔叶林,林下枯枝落叶较多,阴凉潮湿",标本,TRU201707001,新纪录,原表标注,DUP083,,,,,"冉辉、米小其、王成、杨天友 (2022). 贵州省爬行动物新纪录——缅甸棱蜥 野生动物学报, 43(2), 576-578 https://doi.org/10.12375/ysdwxb.20220243",2022,冉辉、米小其、王成、杨天友,野生动物学报,10.12375/ysdwxb.20220243,1767
320,两栖纲,缅甸棱皮树蛙,Theloderma pyaukkya,缅甸疣树蛙,Theloderma pyaukkya,种,无尾目,Anura,树蛙科,Rhacophoridae,棱皮树蛙属,Theloderma,拉丁名精确,,缅甸克钦邦和钦邦,云南,原表标注,中国云南省盈江县,97.9333,24.7,文字地名地理编码/后续补充,,,,,其他/未归类,云南采集点的生境,标本,GXNU YU000116,新纪录,原表标注,,,,,,"Unknown Author (2020). First record of Theloderma pyaukkya Dever, 2017 (Anura: Rhacophoridae) in China, with range extension of Theloderma moloch (Annandale, 1912) to Yunnan National Natural Science https://doi.org/10.24272/j.issn.2095-8137.2020.083",2020,,,10.24272/j.issn.2095-8137.2020.083,1772
321,两栖纲,细痣瑶螈,Yaotriton asperrimus,细痣疣螈,Tylototriton asperrimus,种,有尾目,Caudata,蝾螈科,Salamandridae,瑶螈属,Yaotriton,种加词推断,"按种加词推断为名录中该名的异名对应种,请复核",,湖北,原表标注,,,,,,,,,,,照片/影像,,新纪录,原表标注,DUP088,,,,,"戴宗兴、张洪茂、周权、刘绪生 (2011). 湖北省两栖动物资源概况 四川动物, 30(1), 144-147 https://doi.org/10.3969/j.issn.1000-7083.2011.01.036",2011,戴宗兴、张洪茂、周权、刘绪生,四川动物,10.3969/j.issn.1000-7083.2011.01.036,1777
322,两栖纲,淡肩角蟾,Boulenophrys boettgeri,淡肩角蟾,Megophrys boettgeri,种,无尾目,Anura,角蟾科,Megophryidae,布角蟾属,Boulenophrys,中文名精确,,山西、陕西、甘肃、四川、浙江、江西、湖南、福建、广东、广西,湖北,原表标注,通山县老鸦尖,114.75,29.55,文字地名地理编码/后续补充,,,1983-05-16,1983年5月16日,,,标本,1983HB021~1983HB024,新纪录,原表标注,DUP011,,,,,"戴宗兴、李神斌、郑志章、龚仁琥、刘绪生 (2009). 湖北省两栖类新纪录———淡肩角蟾、短肢角蟾 四川动物, 28(2), 291-291",2009,戴宗兴、李神斌、郑志章、龚仁琥、刘绪生,四川动物,,1780
323,两栖纲,短肢角蟾,Boulenophrys brachykolos,短肢角蟾,Megophrys brachykolos,种,无尾目,Anura,角蟾科,Megophryidae,布角蟾属,Boulenophrys,中文名精确,,香港、广东、广西、湖南,湖北,原表标注,后河国家级自然保护区湾潭,110.4833,30.1,原文报道坐标,1030,1030.0,2006-07-29,2006年7月29日,,,标本,2006HB045,新纪录,原表标注,DUP012,,,,,"戴宗兴、李神斌、郑志章、龚仁琥、刘绪生 (2009). 湖北省两栖类新纪录———淡肩角蟾、短肢角蟾 四川动物, 28(2), 291-291",2009,戴宗兴、李神斌、郑志章、龚仁琥、刘绪生,四川动物,,1784
324,两栖纲,蔡氏疣螈,Tylototriton ziegleri,齐氏疣螈,Tylototriton ziegleri,种,有尾目,Caudata,蝾螈科,Salamandridae,疣螈属,Tylototriton,拉丁名精确,,越南北部(河江省和高平省),云南,原表标注,麻栗坡县,104.7167,23.1333,文字地名地理编码/后续补充,,,,2015,,,标本,KIZ2015000082,新纪录,原表标注,,,,,,"Ye Jiang and Zhimin Wei and Fuyao Han and Qingyong Ni and Yongfang Yao and Huailiang Xu and Ying Li and Dingqi Rao and Mingwang Zhang (2017). The complete mitogenome sequence of Tylototriton ziegleri (Amphibia: Caudata) Conservation Genet Resour, 9, 503–506 https://doi.org/10.1007/s12686-017-0710-8",2017,"Dingqi Rao, Mingwang Zhang",Conservation Genetics Resources,10.1007/s12686-017-0710-8,1785
325,爬行纲,大别山原矛头蝮,Protobothrops dabieshanensis,大别山原矛头蝮,Protobothrops dabieshanensis,种,有鳞目,Squamata,蝰科,Viperidae,原矛头蝮属,Protobothrops,拉丁名精确,,安徽省大别山区鹞落坪自然保护区、河南省驻马店市西平县,湖北,原表标注,随县山区,112.9244,31.5603,原文报道坐标,160,160.0,2017-07,2017年7月,,,标本,SYNU 170799,新纪录,原表标注,DUP066,,,,,"齐硕、张武元、陆宇燕、孔平、杨尧、李丕鹏 (2019). 湖北省蛇类新纪录———大别山原矛头蝮 野生动物学报, 40(3), 817-820 https://doi.org/10.19711/j.cnki.issn2310-1490.2019.03.035",2019,齐硕、张武元、陆宇燕、孔平、杨尧、李丕鹏,野生动物学报,10.19711/j.cnki.issn2310-1490.2019.03.035,1786
326,两栖纲,隐耳溪蟾,Torrentophryne cryptotympanicus,隐耳蟾蜍,Bufo cryptotympanicus,种,无尾目,Anura,蟾蜍科,Bufonidae,溪蟾属,Torrentophryne,种加词推断,"按种加词推断为名录中该名的异名对应种,请复核",中国广西(龙胜、兴安、资源)、广东(龙门、河源、乳源)、云南(绿春)以及越南北部(老街、岘港),湖南,原表标注,黑山岭近溪流区,110.1547,26.1533,原文报道坐标,1760,1760.0,2024-03-24,2024年3月24日,森林,常绿阔叶林下,标本,HNNU2024032401 ~ HNNU2024032404,新纪录,原表标注,DUP082,,,,,"肖蓓、李辉、朱乐强、唐旭芬、张荣华、兰晓明、莫小阳 (2025). 湖南城步发现隐耳蟾蜍 动物学杂志, 60(1), 105-114 https://doi.org/10.13859/j.cjz.202424123",2025,肖蓓、李辉、朱乐强、唐旭芬、张荣华、兰晓明、莫小阳,动物学杂志,10.13859/j.cjz.202424123,1788
327,两栖纲,龙胜臭蛙,Odorrana lungshengensis,龙胜臭蛙,Odorrana lungshengensis,种,无尾目,Anura,蛙科,Ranidae,臭蛙属,Odorrana,拉丁名精确,,贵州、广西、湖北,湖南,原表标注,黄桑国家级自然保护区,110.1102,26.4683,原文报道坐标,1113,1113.0,2013-08,2013年8月,混合生境（溪流/河流+森林+灌丛/草地）,"常绿阔叶乔木及灌丛和杂草,两岸崖石陡壁甚多的林区山溪内",标本,,新纪录,原表标注,DUP048,,,,,"刘钊、石胜超、舒服、柳勇、王璐、邓学建 (2018). 湖南省两栖类新纪录——龙胜臭蛙 生命科学研究, 22(5), 375-376 https://doi.org/10.16605/j.cnki.1007-7847.2018.05.005",2018,刘钊、石胜超、舒服、柳勇、王璐、邓学建,生命科学研究,10.16605/j.cnki.1007-7847.2018.05.005,1794
328,爬行纲,华西腹链蛇,Hebius maximus,华西腹链蛇,Hebius maximus,种,有鳞目,Squamata,游蛇科,Colubridae,东亚腹链蛇属,Hebius,拉丁名精确,,四川、贵州等地,湖南,原表标注,高望界国家级自然保护区,110.1583,28.6933,原文报道坐标,212,212.0,2023-05-24,2023年5月24日,,,标本,JSUWT006,新纪录,原表标注,DUP029,,,,,"黄杰、张自亮、李辉、杨鑫宇、胡小龙、唐依萍、刘昕、刘慧、张佑祥、吴涛 (2024). 湖南省爬行动物新纪录——华西腹链蛇及其系统发育分析 生命科学研究, 28(2), 165-170 https://doi.org/10.16605/j.cnki.1007-7847.2023.07.0177",2024,黄杰、张子良、李慧、杨欣宇、胡小龙、唐义平、刘鑫、刘慧、张友祥、吴涛,生命科学研究,10.16605/j.cnki.1007-7847.2023.07.0177,1796
329,爬行纲,东亚腹链蛇,Hebius vibakari,东亚腹链蛇,Hebius vibakari,种,有鳞目,Squamata,游蛇科,Colubridae,东亚腹链蛇属,Hebius,拉丁名精确,,日本(本州、九州、四国、伊豆大岛和男女群岛)、朝鲜半岛、俄罗斯远东地区、中国东北地区、安徽省大别山区,江苏,原表标注,孔山,119.0172,32.0664,原文报道坐标,179,179.0,2022,2022年7—9月,混合生境（森林+湿地/静水水体+灌丛/草地）,常绿阔叶林中的水塘、水库及灌丛附近,标本,NAUH220901,新纪录,原表标注,DUP030,,,,,"叶琳、朱文启、章铁睿、虞磊、高国富、包浩然 (2024). 江苏省蛇类新纪录——东亚腹链蛇 Chinese Journal of Wildlife, 45(1), 216-221 https://doi.org/10.12375/ysdwxb.20240129",2024,叶琳、朱文启、章铁睿、虞磊、高国富、包浩然,Chinese Journal of Wildlife,10.12375/ysdwxb.20240129,1798
330,爬行纲,黑头剑蛇,Sibynophis chinensis,黑头剑蛇,Sibynophis chinensis,种,有鳞目,Squamata,游蛇科,Colubridae,剑蛇属,Sibynophis,拉丁名精确,,安徽、重庆、福建、甘肃、广东、广西、贵州、海南、河南、湖北、湖南、江苏、江西、山西、陕西、上海、四川、台湾、香港、云南、浙江、天津、河北、北京,辽宁,原表标注,青龙河自然保护区公路上,118.9194,40.7925,原文报道坐标,842,842.0,2020-09-02,2020年9月2日,人工生境,公路,标本,SYNU202106SC,新纪录,原表标注,,,,,,"邱显淳、周圣博、齐硕、王小平、王昊天、王锦泽、史静耸、李丕鹏 (2023). 辽宁省爬行动物名录及地理区划更新 动物学杂志, 58(4), 523-539 https://doi.org/10.13859/j.cjz.202304006",2023,邱显淳、周圣博、齐硕、王小平、王昊天、王锦泽、史静耸、李丕鹏,动物学杂志,10.13859/j.cjz.202304006,1805
331,爬行纲,山地麻蜥,Eremias brenchleyi,山地麻蜥,Eremias brenchleyi,种,有鳞目,Squamata,蜥蜴科,Lacertidae,麻蜥属,Eremias,拉丁名精确,,,辽宁,原表标注,,,,,,,,,,,照片/影像,,新纪录,原表标注,DUP021,,,,,"王超、田应洲、谷晓明 (2014). 辽宁省蜥蜴类新纪录———山地麻蜥 四川动物, 33(3), 383-387",2014,史静耸、齐硕、李丕鹏,四川动物,,1808
332,爬行纲,巴塘攀蜥,Diploderma batangense,巴塘龙蜥,Diploderma batangense,种,有鳞目,Squamata,鬣蜥科,Agamidae,攀蜥属,Diploderma,拉丁名精确,,四川省甘孜藏族自治州巴塘县,西藏,原表标注,昌都地区芒康县金沙江河谷,98.65,29.65,文字地名地理编码/后续补充,,,2018,2015—2018 年,,,标本,KIZ 019312、019314、09404,新纪录,原表标注,,,,,,"王剀、任金龙、蒋珂、巫嘉伟、杨春华、徐会明、Kevin Messanger、雷开明、余辉亮、杨敬元、Cameron D. Siler、李家堂、车静 (2019). 龙蜥属Diploderma( 爬行纲Reptilia: 鬣蜥科Agamidae)部分物种的分类及分布记录修订 四川动物, 38(5), 481-495 https://doi.org/10.11984/j.issn.1000-7083.20180405",2019,王剀、任金龙,四川动物,,1818
333,爬行纲,米仓山攀蜥,Diploderma micangshanense,米仓山龙蜥,Diploderma micangshanense,种,有鳞目,Squamata,鬣蜥科,Agamidae,攀蜥属,Diploderma,拉丁名精确,,陕西省南部青木川、甘肃省南部文县和康县、河南省南部、四川省广元市,湖北,原表标注,十堰市,110.7872,32.6467,文字地名地理编码/后续补充,,,2018,2015—2018 年,,,标本,KIZ 032801、KIZ 032802,新纪录,原表标注,,,,,,"王剀、任金龙、蒋珂、巫嘉伟、杨春华、徐会明、Kevin Messanger、雷开明、余辉亮、杨敬元、Cameron D. Siler、李家堂、车静 (2019). 龙蜥属Diploderma( 爬行纲Reptilia: 鬣蜥科Agamidae)部分物种的分类及分布记录修订 四川动物, 38(5), 481-495 https://doi.org/10.11984/j.issn.1000-7083.20180405",2019,王剀、任金龙,四川动物,,1819
334,两栖纲,无斑山溪鲵,Batrachuperus karlschmidti,无斑山溪鲵,Batrachuperus karlschmidti,种,有尾目,Caudata,小鲵科,Hynobiidae,山溪鲵属,Batrachuperus,拉丁名精确,,四川康定、新龙、白玉、炉霍、色达、壤塘、理塘、雅江、木里和云南宁蒗,青海,原表标注,班玛县玛柯河乡,100.4831,33.0886,原文报道坐标,3800,3800.0,2012-08-15,2012年8月15日,,,标本,AH1,新纪录,原表标注,DUP009,,,,,"丁义晶、王贵虎、陈振宁、石长宏、马永贵、许升全 (2014). 青海省发现两栖纲小鲵科无斑山溪鲵 动物学杂志, 49(3), 428-431 https://doi.org/10.13859/j.cjz.201403016",2014,丁义晶、王贵虎、陈振宁、石长宏、马永贵、许升全,动物学杂志,10.13859/j.cjz.201403016,1839
335,爬行纲,宁波滑蜥,Scincella modesta,北滑蜥,Scincella modesta septentrionalis,亚种（已归并至种级）,有鳞目,Squamata,石龙子科,Scincidae,滑蜥属,Scincella,亚种归并至种,按三名法亚种归并至种,辽宁、河北及江苏的云台山,山东,原表标注,昆嵛山第三林场所属的殿后县,121.75,37.25,文字地名地理编码/后续补充,500,500.0,2002,2002年,,,标本,YTC20020601、YTC20020602、YTC20020603、YTC20020604,新纪录,原表标注,,,,,,"陆宇燕、李丕鹏 (2002). 山东省爬行动物新记录———北滑蜥 四川动物, 21(3), 187-188",2002,陆宇燕、李丕鹏,四川动物,,1841
336,爬行纲,龙胜小头蛇,Oligodon lungshenensis,龙胜小头蛇,Oligodon lungshenensis,种,有鳞目,Squamata,游蛇科,Colubridae,小头蛇属,Oligodon,拉丁名精确,,"中国特有种,主要分布于广西、贵州、湖南、湖北、重庆等地,海拔约1000 m的林草地",四川,原表标注,合江县先滩镇显龙村,106.2758,28.6517,原文报道坐标,696,696.0,2023-06-22,2023年6月22日,混合生境（森林+农田/种植园+人工生境）,公路两侧分别为农田和林地;常绿阔叶林为主,标本,YBU 240279,新纪录,原表标注,DUP050,,,,,"刘帆、刘洋、刘芹、郭鹏、吴亚勇 (2025). 四川泸州发现龙胜小头蛇 动物学杂志, 60(4), 613-618 https://doi.org/10.13859/j.cjz.202524241",2025,刘帆、刘洋、刘芹、郭鹏、吴亚勇,动物学杂志,10.13859/j.cjz.202524241,1843
337,爬行纲,黑头剑蛇,Sibynophis chinensis,黑头剑蛇指名亚种,Sibynophis chinensis chinensis,亚种（已归并至种级）,有鳞目,Squamata,游蛇科,Colubridae,剑蛇属,Sibynophis,亚种归并至种,按三名法亚种归并至种,"我国长江以南大部分省份,长江以北仅见于甘肃(文县,徽县)、河南、山西(沁水县)、陕西,国外分布于老挝和越南",天津,原表标注,蓟县下营镇船舱峪村的公路旁及村中水塘旁的草地,117.5167,40.15,原文报道坐标,185m;240m,212.5,2012-08-21,2012年8月21日,混合生境（湿地/静水水体+灌丛/草地+人工生境）,公路旁;水塘旁的草地,标本,SYNU12110049、SYNU12110050,新纪录,原表标注,DUP076,,,,,"齐 硕、史静耸、李丕鹏 (2012). 天津市蛇类新记录———黑头剑蛇指名亚种 蛇志, 24(4), 385-386 https://doi.org/10.3969/j.issn.1001-5639.2012.04.025",2012,齐硕、史静耸、李丕鹏,蛇志,10.3969/j.issn.1001-5639.2012.04.025,1849
338,两栖纲,高山掌突蟾,Paramegophrys alpinus,高山掌突蟾,Leptolalax alpinus,种,无尾目,Anura,角蟾科,Megophryidae,掌突蟾属,Paramegophrys,中文名精确,,"我国特有物种,以前仅见于云南景东(海拔2400m左右)",广西,原表标注,岑王老山,106.344,24.4427,原文报道坐标,1150~1400,1275.0,2001-12,2001年12月-2003年8月,混合生境（溪流/河流+人工生境）,山溪石块上及两旁的小路落叶或树枝上,标本,200306014、200306015、200306016、200306017、200308077,新纪录,原表标注,,,,,,"莫运明、周天福、谢志明 (2004). 我国三种两栖动物在广西的新分布 动物学杂志, 39(4), 92-94",2004,莫运明、周天福、谢志明,动物学杂志,,1851
339,两栖纲,景东角蟾,Boulenophrys jingdongensis,景东角蟾,Megophrys jingdongensis,种,无尾目,Anura,角蟾科,Megophryidae,布角蟾属,Boulenophrys,中文名精确,,分布于云南景东地区(海拔1750~2100m)和越南北部,广西,原表标注,岑王老山,106.344,24.4427,原文报道坐标,1150-1400,1275.0,2001-12,2001年12月-2003年8月,混合生境（溪流/河流+森林）,山溪及其附近的密林中,标本,200308036、200308057、200308058、200308059、200308060、200308061、200305062、200308065,新纪录,原表标注,,,,,,"莫运明、周天福、谢志明 (2004). 我国三种两栖动物在广西的新分布 动物学杂志, 39(4), 92-94",2004,莫运明、周天福、谢志明,动物学杂志,,1852
340,爬行纲,乡城原矛头蝮,Protobothrops xiangchengensis,乡城原矛头蝮,Protobothrops xiangchengensis,种,有鳞目,Squamata,蝰科,Viperidae,原矛头蝮属,Protobothrops,拉丁名精确,,四川西部(乡城、九龙和巴塘)及云南西北部,西藏,原表标注,芒康县朱巴龙乡海通沟,99.0017,29.7617,原文报道坐标,2495,2495.0,2020-06-29,2020年6月29日,灌丛/草地,灌丛,标本,CIB_07757,新纪录,原表标注,DUP068,,,,,"石胜超、石秀东、姚忠祎、齐银、江建平 (2022). 西藏八宿、左贡和芒康两栖爬行动物多样性调查报告 动物学杂志, 57(2), 236-246 https://doi.org/10.13859/j.cjz.202202009",2022,石胜超、石秀东、姚忠祎、齐银、江建平,动物学杂志,10.13859/j.cjz.202202009,1854
341,爬行纲,湖南脊蛇,Achalinus hunanensis,湖南脊蛇,Achalinus hunanensis,种,有鳞目,Squamata,闪皮蛇科,Xenodermidae,脊蛇属,Achalinus,拉丁名精确,,湖南省(安化县、鹤城区、宁乡县)和贵州省(独山县),广西,原表标注,中国广西壮族自治区柳州市融水苗族自治县,109.25,25.0667,文字地名地理编码/后续补充,891,891.0,,,森林,"山地常绿阔叶林,地面覆盖落叶层",标本,"GXNU20240905009, GXNU2024102112, GXNU2024090120",新纪录,原表标注,,,,,,"Yanyuan Xie and Yuhui Li and Zhengjun Wu and Zening Chen (2025). First record of Achalinus hunanensis Ma, Shi, Xiang, Shu & Jiang, 2023 (Serpentes, Xenodermidae) in Guangxi, China, with supplementary morphological information Biodiversity Data Journal, 13 https://doi.org/10.3897/BDJ.13.e168622",2025,"Xie Y, et al.",Biodiversity Data Journal,10.3897/BDJ.13.e168622,1876
342,爬行纲,棕脊蛇,Achalinus rufescens,红脊蛇,Achalinus rufescens,种,有鳞目,Squamata,闪皮蛇科,Xenodermidae,脊蛇属,Achalinus,拉丁名精确,,,香港,原表标注,中国香港,114.1694,22.3193,文字地名地理编码/后续补充,,,,,,,标本,SYSr001866,新纪录,据引用/备注推断,,,,,,"Yanyuan Xie and Yuhui Li and Zhengjun Wu and Zening Chen (2025). First record of Achalinus hunanensis Ma, Shi, Xiang, Shu & Jiang, 2023 (Serpentes, Xenodermidae) in Guangxi, China, with supplementary morphological information Biodiversity Data Journal, 13 https://doi.org/10.3897/BDJ.13.e168622",2025,"Xie Y, et al.",Biodiversity Data Journal,10.3897/BDJ.13.e168622,1877
343,爬行纲,黑脊蛇,Achalinus spinalis,脊鳞蛇,Achalinus spinalis,种,有鳞目,Squamata,闪皮蛇科,Xenodermidae,脊蛇属,Achalinus,拉丁名精确,,,湖南,原表标注,中国湖南省八大公山,110.05,29.75,文字地名地理编码/后续补充,,,,,,,标本,SYSr001327,新纪录,据引用/备注推断,DUP003,,,,,"Yanyuan Xie and Yuhui Li and Zhengjun Wu and Zening Chen (2025). First record of Achalinus hunanensis Ma, Shi, Xiang, Shu & Jiang, 2023 (Serpentes, Xenodermidae) in Guangxi, China, with supplementary morphological information Biodiversity Data Journal, 13 https://doi.org/10.3897/BDJ.13.e168622",2025,"Xie Y, et al.",Biodiversity Data Journal,10.3897/BDJ.13.e168622,1878
344,两栖纲,越南林蛙/越南趾沟蛙,Rana johnsi,越南趾沟蛙,Rana johnsi,种,无尾目,Anura,蛙科,Ranidae,蛙属,Rana,拉丁名精确,,"国内分布于广西、广东、海南和重庆,国外分布于越南和老挝",云南,原表标注,古林箐省级自然保护区,103.962,22.7545,原文报道坐标,1160,1160.0,2019-07,2019年7月,混合生境（溪流/河流+森林+灌丛/草地）,"山间溪流内,溪流水流缓慢,溪中有一些石块;附近植被丰富,主要以灌木、草本植物和喀斯特地貌常绿阔叶林为主,间有小面积的低海拔热带雨林成分",标本,SWFU 005647,新纪录,原表标注,DUP073,,,,,"杨云、刘小龙、饶静秋、贺艳红、韩克国、王剑、袁智勇 (2022). 云南省发现越南趾沟蛙 野生动物学报, 43(2), 533-537 https://doi.org/10.12375/ysdwxb.20220235",2022,杨云、刘小龙、饶静秋、贺艳红、韩克国、王剑、袁智勇,野生动物学报,10.12375/ysdwxb.20220235,1900
345,爬行纲,黑背链蛇,Lycodon ruhstrati,黑背白环蛇,Lycodon ruhstrati,种,有鳞目,Squamata,游蛇科,Colubridae,链蛇属,Lycodon,拉丁名精确,,江苏(宜兴)、浙江、安徽、福建、台湾、江西、湖南、广东、广西、四川、贵州、陕西、甘肃、湖北(赤壁)、海南(吊罗山)、重庆(南川)、北京(小龙门林场)、河南(商城);国外主要分布于老挝、越南中部和南部地区以及日本琉球群岛南部,云南,原表标注,腾冲县上营乡大蒿坪河边草坪的石块之下,98.7314,24.9698,原文报道坐标,2040,2040.0,2005-05-31,2005年5月31日,混合生境（溪流/河流+灌丛/草地）,河边草坪的石块之下,标本,HNU200505001,新纪录,原表标注,DUP041,,,,,"郭克疾、米小其、邓学建 (2007). 云南省蛇类新记录---黑背白环蛇 河南师范大学学报(自然科学版), 35(4), 189-190 https://doi.org/10.16366/j.cnki.1000-2367.2007.04.022",2007,郭克疾、米小其、邓学建,河南师范大学学报(自然科学版),10.16366/j.cnki.1000-2367.2007.04.022,1903
346,两栖纲,腾冲掌突蟾,Paramegophrys tengchongensis,腾冲掌突蟾,Leptobrachella tengchongensis,种,无尾目,Anura,角蟾科,Megophryidae,掌突蟾属,Paramegophrys,中文名精确,,,云南,原表标注,云南腾冲北海湿地自然保护区,98.5153,25.1117,原文报道坐标,1731 ~ 2800,2265.5,2018-08,2018年8月至2020年10月,混合生境（湿地/静水水体+灌丛/草地）,漂浮状苔草沼泽湿地,照片/影像、野外观察,,新纪录,原表标注,,,,,,"闻苡、张蔚、丁利、张宇、慕震、贾炬初、成功、戴蓉 (2021). 云南腾冲北海湿地自然保护区两栖动物多样性现状 动物学杂志, 56(6), 844-855 https://doi.org/10.13859/j.cjz.202106006",2021,闻苡、张蔚、丁利、张宇、慕震、贾炬初、成功、戴蓉,动物学杂志,10.13859/j.cjz.202106006,1907
347,两栖纲,红蹼树蛙,Rhacophorus rhodopus,红蹼树蛙,Rhacophorus rhodopus,种,无尾目,Anura,树蛙科,Rhacophoridae,树蛙属,Genus Rhacophorus,拉丁名精确,,我国特有种,云南,原表标注,云南腾冲北海湿地自然保护区,98.5153,25.1117,原文报道坐标,1731 ~ 2800,2265.5,2018-08,2018年8月至2020年10月,混合生境（湿地/静水水体+灌丛/草地）,漂浮状苔草沼泽湿地,照片/影像、野外观察,,新纪录,原表标注,,,,,,"闻苡、张蔚、丁利、张宇、慕震、贾炬初、成功、戴蓉 (2021). 云南腾冲北海湿地自然保护区两栖动物多样性现状 动物学杂志, 56(6), 844-855 https://doi.org/10.13859/j.cjz.202106006",2021,闻苡、张蔚、丁利、张宇、慕震、贾炬初、成功、戴蓉,动物学杂志,10.13859/j.cjz.202106006,1908
348,两栖纲,南亚泛树蛙,Polypedates teraiensis,特莱树蛙,Polypedates teraiensis,种,无尾目,Anura,树蛙科,Rhacophoridae,泛树蛙属,Polypedates,拉丁名精确,,印度东部、喜马拉雅东南部、中国南部、中南半岛及东南亚多个岛屿,云南,原表标注,铜壁关,97.55,24.65,文字地名地理编码/后续补充,1167,1167.0,,2023,,,标本,KIZ; occurrenceID: D4B5A174-7CF0-5725-A51B-1522939853AD,新纪录,原表标注,,,,,,"Zhong-Bin Yu and Felista Kasyoka Kilunda and Kai Wang and Yu-Yang Cao and Chun-Lian Wu and Zheng-Pan Duan and Chang-Sheng Zuo and Ding-Can Zhang and Yun-He Wu and Jing Che (2024). The first discovery of Polypedates teraiensis (Dubois, 1987) (Rhacophoridae, Anura) in China Biodiversity Data Journal, 12 https://doi.org/10.3897/BDJ.12.e127029",2024,"Zhong-Bin Yu, Felista Kasyoka Kilunda",Biodiversity Data Journal,10.3897/BDJ.12.e127029,1912
349,爬行纲,黄家岭脊蛇,Achalinus huangjietangi,黄家岭脊蛇,Achalinus huangjietaangi,种,有鳞目,Squamata,闪皮蛇科,Xenodermidae,脊蛇属,Achalinus,中文名精确,,安徽省黄山市,浙江,原表标注,衢山岛观音山景区,122.3167,30.4283,原文报道坐标,200,200.0,2021-06-14,2021年6月14日,灌丛/草地,山径灌丛中,标本,AHU-EE-2021001,新纪录,原表标注,,,,,,"陈传武、张财文、丁国骅、张保卫、王彦平 (2022). 浙江蛇类新纪录———黄家岭脊蛇 野生动物学报, 43(4), 1149-1150 https://doi.org/10.12375/ysdwx b.20220435",2022,陈传武、张财文、丁国骅、张保卫、王彦平,亚洲两栖爬行动物研究,10.12375/ysdwx b.20220435,1913
350,爬行纲,王锦蛇,Elaphe carinata,王锦蛇,Elaphe carinata,种,有鳞目,Squamata,游蛇科,Colubridae,锦蛇属,Elaphe,拉丁名精确,,,浙江,原表标注,衢山岛,122.35,30.45,文字地名地理编码/后续补充,,,,,,,照片/影像,,新纪录,据引用/备注推断,,,,,,"陈传武、张财文、丁国骅、张保卫、王彦平 (2022). 浙江蛇类新纪录———黄家岭脊蛇 野生动物学报, 43(4), 1149-1150 https://doi.org/10.12375/ysdwx b.20220435",2022,陈传武、张财文、丁国骅、张保卫、王彦平,亚洲两栖爬行动物研究,10.12375/ysdwx b.20220435,1914
351,爬行纲,翠青蛇(翠青鼠蛇),Ptyas major,翠青蛇,Cyclophiops major,种,有鳞目,Squamata,游蛇科,Colubridae,鼠蛇属,Ptyas,中文名精确,,,浙江,原表标注,衢山岛,122.35,30.45,文字地名地理编码/后续补充,,,,,,,照片/影像,,新纪录,据引用/备注推断,,,,,,"陈传武、张财文、丁国骅、张保卫、王彦平 (2022). 浙江蛇类新纪录———黄家岭脊蛇 野生动物学报, 43(4), 1149-1150 https://doi.org/10.12375/ysdwx b.20220435",2022,陈传武、张财文、丁国骅、张保卫、王彦平,亚洲两栖爬行动物研究,10.12375/ysdwx b.20220435,1915
352,两栖纲,德氏棘蛙,Quasipaa delacouri,德氏棘蛙,Quasipaa delacouri,种,无尾目,Anura,叉舌蛙科,Dicroglossidae,棘胸蛙属,Quasipaa,拉丁名精确,,越南北部(老街省、北干省、山罗省、永福省、河江省、和平省、义安省、清化省、承天顺化省和岘港市)及邻近的老挝等地区,云南,原表标注,麻栗坡老山省级自然保护区,104.6767,22.8393,原文报道坐标,1100~1500,1300.0,2022-07-03,2022年7月3日,混合生境（溪流/河流+森林+灌丛/草地）,"山涧溪流中,水流急,两侧植被丰富,主要以灌木、草本植物和季风常绿阔叶林为主",标本,SWU 0002320、SWU 0002321、SWU 0002322、SWU 0002323,新纪录,原表标注,DUP070,,,,,"贺艳红、艾仁达、黄镇杨、张洋、刘小龙、袁智勇 (2023). 中国两栖类物种新纪录——德氏棘蛙 Chinese Journal of Wildlife, 44(3), 708-714 https://doi.org/10.12375/ysdwxb.20230328",2023,贺艳红、艾仁达、黄镇杨、张洋、刘小龙、袁智勇,Chinese Journal of Wildlife,10.12375/ysdwxb.20230328,1920
353,两栖纲,中国瘰螈,Paramesotriton chinensis,中国瘰螈,Paramesotriton chinensis,种,有尾目,Caudata,蝾螈科,Salamandridae,瘰螈属,Paramesotriton,拉丁名精确,,浙江、安徽、湖南、福建、广东和广西,重庆,原表标注,酉阳县大板营保护区木叶乡附近小溪,108.95,29.3,原文报道坐标,800~1700,1250.0,2002-09,2002年9月10~11日,溪流/河流,"较大型流溪中,水面宽20~30m,栖息水位较深达2~3m",标本,UYM20020919-1~UYM20020919-9,新纪录,原表标注,,,,,,"谢锋、何学福、温涛 (2004). 重庆地区有尾两栖动物两新记录 四川动物, 23(3), 215-216",2004,谢锋、何学福、温涛,四川动物,,1923
354,两栖纲,尾斑瘰螈,Paramesotriton caudopunctatus,尾斑瘰螈,Paramesotriton caudopunctatus,种,有尾目,Caudata,蝾螈科,Salamandridae,瘰螈属,Paramesotriton,拉丁名精确,,湖南、广西和贵州,重庆,原表标注,酉阳县青华林场,108.95,29.3,原文报道坐标,800~1200,1000.0,2002-09-19,2002年9月19日,混合生境（溪流/河流+森林）,"低山次生阔叶林小型流溪(溪宽<5m)中的积水凼内,溪边有丰富的竹丛,郁蔽度高",标本,"20020910-1~2,20020911-13~14",新纪录,原表标注,,,,,,"谢锋、何学福、温涛 (2004). 重庆地区有尾两栖动物两新记录 四川动物, 23(3), 215-216",2004,谢锋、何学福、温涛,四川动物,,1924
355,爬行纲,绞花林蛇,Boiga kraepelini,绞花林蛇,Boiga kraeplini,种,有鳞目,Squamata,游蛇科,Colubridae,林蛇属,Boiga,中文名精确,,华中华南区,重庆,原表标注,开县麻柳乡双河口,108.2667,31.4833,原文报道坐标,800,800.0,2001-05-24,2001年5月24日,森林,阔叶林,标本,CQH010524339,新纪录,原表标注,,,,,,"罗键、高红英、周元媛 (2004). 重庆市爬行动物物种多样性研究及保护 四川动物, 23(3), 249-256",2004,罗键、高红英、周元媛,四川动物,,1925
356,爬行纲,双全链蛇(双全白环蛇),Lycodon fasciatus,双全白环蛇,Lycodon fasciatus,种,有鳞目,Squamata,游蛇科,Colubridae,链蛇属,Lycodon,拉丁名精确,,华中区,重庆,原表标注,南川市,107.1,29.15,文字地名地理编码/后续补充,1400,1400.0,1996-09,1996年9月~2004年4月,混合生境（农田/种植园+灌丛/草地）,稀树灌丛、山地农田,照片/影像,,新纪录,原表标注,,,,,,"罗键、高红英、周元媛 (2004). 重庆市爬行动物物种多样性研究及保护 四川动物, 23(3), 249-256",2004,罗键、高红英、周元媛,四川动物,,1926
357,爬行纲,黑背链蛇,Lycodon ruhstrati,黑背白环蛇,Lycodon ruhstrati,种,有鳞目,Squamata,游蛇科,Colubridae,链蛇属,Lycodon,拉丁名精确,,华中区,重庆,原表标注,南川市,107.1,29.15,文字地名地理编码/后续补充,1400,1400.0,1996-09,1996年9月~2004年4月,混合生境（农田/种植园+灌丛/草地）,稀树灌丛、山地农田,照片/影像,,新纪录,原表标注,,,,,,"罗键、高红英、周元媛 (2004). 重庆市爬行动物物种多样性研究及保护 四川动物, 23(3), 249-256",2004,罗键、高红英、周元媛,四川动物,,1927
358,爬行纲,福建颈斑蛇,Plagiopholis styani,福建颈斑蛇,Plagiopholis styani,种,有鳞目,Squamata,游蛇科,Colubridae,颈斑蛇属,Plagiopholis,拉丁名精确,,华中区,重庆,原表标注,南川市金佛山国家级自然保护区,107.15,29.1,文字地名地理编码/后续补充,1200,1200.0,2004-01,2004年1月,混合生境（森林+灌丛/草地）,阔叶林、稀树灌丛,照片/影像,,新纪录,原表标注,,,,,,"罗键、高红英、周元媛 (2004). 重庆市爬行动物物种多样性研究及保护 四川动物, 23(3), 249-256",2004,罗键、高红英、周元媛,四川动物,,1928
359,两栖纲,细痣瑶螈,Yaotriton asperrimus,细痣疣螈,Tylototriton asperrimus,种,有尾目,Caudata,蝾螈科,Salamandridae,瑶螈属,Yaotriton,种加词推断,"按种加词推断为名录中该名的异名对应种,请复核",四川、贵州、广西、广东等长江以南地区和甘肃南部,安徽,原表标注,岳西县美丽地区,116.35,30.85,文字地名地理编码/后续补充,,,1983-08,1983年8月,,,照片/影像,,新纪录,原表标注,,,,,,,1984,张作干、成都生物研究所两栖爬行动物研究室、邹寿昌、张服基,铁道师院学报,,1934
360,两栖纲,黑点树蛙,Zhangixalus nigropunctatus,黑点树蛙,Rhacophorus nigropunctatus,种,无尾目,Anura,树蛙科,Rhacophoridae,张树蛙属,Zhangixalus,中文名精确,,贵州省西部,安徽,原表标注,岳西县美丽地区,116.35,30.85,文字地名地理编码/后续补充,,,1983-08,1983年8月,,,照片/影像,,新纪录,原表标注,,,,,,,1984,张作干、成都生物研究所两栖爬行动物研究室、邹寿昌、张服基,铁道师院学报,,1935
361,两栖纲,封开角蟾,Boulenophrys acuta,尖布角蟾,Boulenophrys acuta,种,无尾目,Anura,角蟾科,Megophryidae,布角蟾属,Boulenophrys,拉丁名精确,,中国广东省封开县黑石顶自然保护区,广东,原表标注,广东阳春鹅凰嶂省级自然保护区,111.4216,21.8519,原文报道坐标,1060,1060.0,2023-08-11,11 August 2023,混合生境（农田/种植园+海滨/海洋）,"低海拔丘陵和山地,其间被低海拔农田平原和大型城市区域隔断",标本,"GEP asp062, GEP asp064",新纪录,原表标注,,,,,,"Yi-Yang Zhao and Shi-Shi Lin and Yuan-Hang Li and Zhi-Tong Lyu and Ke Zheng and Zhao-Chi Zeng and Amaël Borzée and Jian Wang (2025). A new species of Chinese horned toad (Anura, Megophryidae, Boulenophrys) from western Guangdong Province, China, with recommendations for extinction risk assessments for several related congeners Guangdong Yangchun Ehuangzhang Provincial Nature, 065-066 https://doi.org/10.3897/herpetozoa.38.e171400",2025,"Yi-Yang Zhao, Shi-Shi Lin, Yuan-Hang Li, Zhi-Tong Lyu, Ke Zheng, Zhao-Chi Zeng, Amaël Borzée, Jian Wang",Herpetozoa,10.3897/herpetozoa.38.e171400,1938
362,两栖纲,云开角蟾,Boulenophrys yunkaiensis,云开布角蟾,Boulenophrys yunkaiensis,种,无尾目,Anura,角蟾科,Megophryidae,布角蟾属,Boulenophrys,拉丁名精确,,中国广东省信宜市云开山,广东,原表标注,广东阳春鹅凰嶂省级自然保护区,111.4216,21.8519,原文报道坐标,1060,1060.0,,,混合生境（农田/种植园+海滨/海洋）,"低海拔丘陵和山地,其间被低海拔农田平原和大型城市区域隔断",照片/影像,,新纪录,原表标注,,,,,,"Yi-Yang Zhao and Shi-Shi Lin and Yuan-Hang Li and Zhi-Tong Lyu and Ke Zheng and Zhao-Chi Zeng and Amaël Borzée and Jian Wang (2025). A new species of Chinese horned toad (Anura, Megophryidae, Boulenophrys) from western Guangdong Province, China, with recommendations for extinction risk assessments for several related congeners Guangdong Yangchun Ehuangzhang Provincial Nature, 065-066 https://doi.org/10.3897/herpetozoa.38.e171400",2025,"Yi-Yang Zhao, Shi-Shi Lin, Yuan-Hang Li, Zhi-Tong Lyu, Ke Zheng, Zhao-Chi Zeng, Amaël Borzée, Jian Wang",Herpetozoa,10.3897/herpetozoa.38.e171400,1939
363,爬行纲,滕氏蜥虎,Hemidactylus tenkatei,滕氏蜥虎,Hemidactylus tenkatei,种,有鳞目,Squamata,壁虎科,Gekkonidae,蜥虎属,Hemidactylus,拉丁名精确,,印度尼西亚罗地岛,广东,原表标注,北京师范大学珠海校区附近、将军山公园,113.5181,22.3479,原文报道坐标,30 m;20 m,25.0,2023-09,2023年9月16、17日,混合生境（溪流/河流+森林+人工生境）,"人工建筑物的墙壁上,包括凉亭、公园外墙和排水沟;常绿阔叶林",标本,SYS r002818、SYS r002819、SYS r002821、SYS r002822、SYS r002815,新纪录,原表标注,DUP031,,,,,,2024,王昊天、宋晗铭、齐硕、王英永,四川动物,,1942
364,爬行纲,四爪陆龟,Testudo horsfieldii,四爪陆龟,Testudo horsfieldii,种,龟鳖目,Testudines,陆龟科,Testudinidae,陆龟属,Testudo,拉丁名精确,,此前仅知分布于新疆霍城县的霍城四爪陆龟国家级自然保护区内,新疆,原表标注,艾比湖湿地国家级自然保护区,82.85,44.85,文字地名地理编码/后续补充,250,250.0,2019-04-23,23 April 2019,混合生境（溪流/河流+荒漠/沙地）,"荒漠半荒漠环境,附近有河流流过",照片/影像、野外观察,,新纪录,原表标注,,,,,,"巴特乔龙, 杨长乐, 姚书印, 牛忠泽, 柴永斌, & 徐峰 (2019). 新疆艾比湖湿地国家级自然保护区发现四爪陆龟 动物学杂志, 54(6), 859 https://doi.org/10.13859/j.cjz.201906024",2019,"Bat Qiaolong, Yang Changle, Yao Shuyin, Niu Zhongze, Chai Yongbin, Xu Feng",Chinese Journal of Zoology,10.13859/j.cjz.201906024,1946
365,两栖纲,寒露林蛙,Rana hanluica,寒露林蛙,Rana hanluica,种,无尾目,Anura,蛙科,Ranidae,蛙属,Rana,拉丁名精确,,,浙江,原表标注,,,,,,,,,,,照片/影像,,新纪录,原表标注,DUP072,,,,,,2007,刘宝权、王聿凡、许济南、金伟、吴丞昊,浙江省两栖爬行类多样性研究进展,,1948
366,爬行纲,角原矛头蝮,Protobothrops cornutus,角原矛头蝮,Protobothrops cornutus,种,有鳞目,Squamata,蝰科,Viperidae,原矛头蝮属,Protobothrops,拉丁名精确,,,浙江,原表标注,,,,,,,,,,,照片/影像,,新纪录,原表标注,DUP065,,,,,,1930,刘宝权、王聿凡、许济南、金伟、吴丞昊,浙江省两栖爬行类多样性研究进展,,1949
367,两栖纲,中华湍蛙,Amolops sinensis,中华湍蛙,Amolops sinensis,种,无尾目,Anura,蛙科,Ranidae,湍蛙属,Amolops,拉丁名精确,,湖南湘西北山地,湖北,原表标注,利川市星斗山,109.1304,30.0494,原文报道坐标,1191,1191.0,2023-06,2023年6月20—21日,森林,常绿阔叶林下,标本,CIB 121671,新纪录,原表标注,DUP005,,,,,,2025,李茂良、胡昌昊、董俊材、李辰亮、吕植桐、姜德纯、李家堂,四川动物,,1950
368,两栖纲,贵师掌突蟾,Paramegophrys yunyangensis,贵师掌突蟾,Leptobrachella yunyangensis,种,无尾目,Anura,角蟾科,Megophryidae,掌突蟾属,Paramegophrys,中文名精确,,重庆市云阳县,湖北,原表标注,巴东县沿渡河镇,109.8142,30.4548,原文报道坐标,426,426.0,2023-04-29,2023年4月29日,森林,常绿阔叶林下,标本,"CIB 121667,121672~673",新纪录,原表标注,DUP058,,,,,,2025,李茂良、胡昌昊、董俊材、李辰亮、吕植桐、姜德纯、李家堂,四川动物,,1951
369,两栖纲,桑植角蟾,Boulenophrys sangzhiensis,桑植角蟾,Boulenophrys sangzhiensis,种,无尾目,Anura,角蟾科,Megophryidae,布角蟾属,Boulenophrys,拉丁名精确,,湖南省桑植县,湖北,原表标注,利川市星斗山;宣恩县沙道沟镇白水河村,109.1304,30.0494,原文报道坐标,1191;948,1069.5,2023-06,2023年6月20—21日;2023年7月24—25日,混合生境（森林+灌丛/草地）,常绿阔叶林下;落叶阔叶灌丛,标本,CIB 121674~675;CIB 121676~677,新纪录,原表标注,DUP014,,,,,,2025,李茂良、胡昌昊、董俊材、李辰亮、吕植桐、姜德纯、李家堂,四川动物,,1952
370,爬行纲,龙胜小头蛇,Oligodon lungshenensis,龙胜小头蛇,Oligodon lungshenensis,种,有鳞目,Squamata,游蛇科,Colubridae,小头蛇属,Oligodon,拉丁名精确,,广西龙胜、贵州赤水和雷山,湖南,原表标注,莽山自然保护区,112.8667,24.9667,原文报道坐标,1000,1000.0,2008-07,2008年7月,混合生境（溪流/河流+森林+灌丛/草地）,"常绿阔叶林溪边的草丛中,较潮湿,岩石较多",标本,,新纪录,原表标注,,,,,,,,,,,1954
371,爬行纲,中介蝮,Gloydius intermedius,中介蝮,Gloydius intermedius,种,有鳞目,Squamata,蝰科,Viperidae,亚洲蝮属,Gloydius,拉丁名精确,,,北京,原表标注,,,,,,,,,,,照片/影像,,新纪录,原表标注,DUP024,,,,,林宣龙、郭冬生 (2012) 动物学杂志,2012,林宣龙、郭冬生,动物学杂志,,1960
372,爬行纲,桓仁滑蜥,Scincella huanrenensis,北滑蜥,Scincella huanrenensis,种,有鳞目,Squamata,石龙子科,Scincidae,滑蜥属,Scincella,拉丁名精确,,,山东,原表标注,,,,,,,,,,,照片/影像,,新纪录,原表标注,,,,,,,2002,陆宇燕、李丕鹏,四川动物,,1961
373,爬行纲,新疆漠虎,Alsophylax przewalskii,新疆漠虎,Alsophylax przewalskii,种,有鳞目,Squamata,壁虎科,Gekkonidae,漠虎属,Alsophylax,拉丁名精确,,"中国特有种,目前仅知分布于新疆南部和东部地区,自哈密至喀什,南至塔里木盆地南缘",甘肃,原表标注,敦煌市旧民房土墙边、瓜州县安西古城老城墙边及墙上,95.5,40.3,文字地名地理编码/后续补充,1138–1270,1204.0,2022-08-12,2022年8月12日-2022年9月15日,人工生境,旧的土木结构住房、围墙或古城墙附近,标本,"未明确编号(文中仅提‘采到X号标本’,无具体标本号)",新纪录,原表标注,,,,,,,2023,林宣龙、赵蕙、时磊,新疆农业大学学报,,1963
374,爬行纲,广西华珊瑚蛇,Sinomicrurus peinani,广西华珊瑚蛇,Sinomicrurus peinani,种,有鳞目,Squamata,眼镜蛇科,Elapidae,中华珊瑚蛇属,Sinomicrurus,中文名精确,,越南北部和我国广西、广东、云南地区,湖南,原表标注,宁远县无名野山,111.9,25.6,文字地名地理编码/后续补充,,,,,,,照片/影像,,新纪录,原表标注,,,,,,,2024,彭雅惠,湖南日报,,1968
375,爬行纲,股鳞蜓蜥,Sphenomorphus incognitus,股鳞蜓蜥,Sphenomorphus incognitus,种,有鳞目,Squamata,石龙子科,Scincidae,蜓蜥属,Sphenomorphus,拉丁名精确,,台湾恒春、福建、海南、广西、云南、湖北、香港等地,福建,原表标注,溪源庵大峡谷一鱼塘旁边,118.25,26.65,文字地名地理编码/后续补充,,,2015-09,2015年9月至2016年10月,混合生境（溪流/河流+灌丛/草地）,溪边石块上、杂草丛中和石块间,照片/影像、野外观察,,新纪录,原表标注,,,,,,,,,,,1971
376,爬行纲,福清链蛇,Lycodon futsingensis,福清链蛇,Lycodon futsingensis,种,有鳞目,Squamata,游蛇科,Colubridae,链蛇属,Lycodon,拉丁名精确,,福建福清、江西全南、浙江缙云、湖南莽山、香港、广东南岭、越南北部,福建,原表标注,三楼村阔叶林,,,,,,2016-06,2016年6月,森林,阔叶林,照片/影像、野外观察,,新纪录,原表标注,,,,,,,,,,,1972
377,两栖纲,腹斑掌突蟾,Paramegophrys ventripunctatus,腹斑掌突蟾,Leptolalax ventripunctatus,种,无尾目,Anura,角蟾科,Megophryidae,掌突蟾属,Paramegophrys,中文名精确,,我国云南勐腊,贵州,原表标注,习水三岔河,105.8389,28.0,原文报道坐标,850-1000,925.0,2010-07,2010年7月及2013年4月,混合生境（溪流/河流+森林+灌丛/草地）,"高质量常绿阔叶林带,山间小溪繁殖,林内有竹类、芭蕉、灌丛及杂草等,植被茂盛",标本,,新纪录,原表标注,DUP055,,,,,,2016,李光容、魏刚、张海波、粟海军,野生动物学报,10.12345/j.cnki.cjwz.2016.02.020,1974
378,两栖纲,太行林蛙,Rana taihangensis,太行林蛙,Rana taihangensis,种,无尾目,Anura,蛙科,Ranidae,蛙属,Rana,拉丁名精确,,河南省、河北省、北京市、天津市、山西省、陕西省、辽宁省、山东省、内蒙古自治区和宁夏回族自治区,宁夏,原表标注,泾源县,106.3644,35.4011,原文报道坐标,1653,1653.0,2022-06,2022年6月—2023年10月,混合生境（溪流/河流+灌丛/草地）,"2~4 m 宽的浅水河沟附近,河中水草和藻类密集,水底和沿岸散布石块,河岸两侧为开阔土坡,坡上种植有低矮乔木",标本,SYAUBAA000036、SYAU100501、SYAU100502,新纪录,原表标注,,,,,,,2024,邱显淳、周圣博、齐硕、王锦泽、周瑜、陆宇燕、徐克阳、袁静、梁咏亮、朱亚超、李静尧、王兴哲、史静耸、李丕鹏,四川动物,,1975
379,两栖纲,太行林蛙,Rana taihangensis,太行林蛙,Rana taihangensis,种,无尾目,Anura,蛙科,Ranidae,蛙属,Genus Rana,拉丁名精确,,河南省、河北省、北京市、天津市、山西省、陕西省、辽宁省、山东省、内蒙古自治区和宁夏回族自治区,山东,原表标注,崂山,120.5917,36.2,原文报道坐标,404,404.0,2022-06,2022年6月—2023年10月,溪流/河流,散布碎石的溪流,标本,SYAUBAA000082,新纪录,原表标注,,,,,,,2024,邱显淳、周圣博、齐硕、王锦泽、周瑜、陆宇燕、徐克阳、袁静、梁咏亮、朱亚超、李静尧、王兴哲、史静耸、李丕鹏,四川动物,,1982
380,爬行纲,黑头蝰,Azemiops feae,白头蝰,Azemiops feae,种,有鳞目,Squamata,蝰科,Viperidae,白头蝰属,Azemiops,拉丁名精确,"中文名与拉丁名在名录中指向不同物种,请复核",缅甸北部克钦山区、越南北部、西藏东南部、四川(兴文县周家镇、彭州市)、贵州(兴义)、福建(福州、南靖、龙岩)、浙江(武义、天台、开化)、云南(孟连)、广西(德保)等地,广东,原表标注,车八岭国家级自然保护区核心区公路,114.0839,24.5364,原文报道坐标,698,698.0,2011-10-25,2011年10月25日,,,标本,KIZ2011125,新纪录,原表标注,DUP008,,,,,,2012,张亮、肖荣高、遇宝成、罗键,四川动物,,1989
381,爬行纲,股鳞蜓蜥,Sphenomorphus incognitus,股鳞蜓蜥,Sphenomorphus incognitus,种,有鳞目,Squamata,石龙子科,Scincidae,蜓蜥属,Sphenomorphus,拉丁名精确,,,浙江,原表标注,遂昌九龙山,118.8456,28.3917,原文报道坐标,480,480.0,2016,2016年7—8月,混合生境（溪流/河流+森林+人工生境）,"常绿阔叶林下,林中水坑、较缓溪流的岩石附近、石块间或腐殖质较为丰富的小路旁",标本,LSU2016001,新纪录,原表标注,DUP078,,,,,,2017,陈智强、魏浩华、刘菊莲、等,四川动物,,2002
382,爬行纲,股鳞蜓蜥,Sphenomorphus incognitus,股鳞蜓蜥,Sphenomorphus incognitus,种,有鳞目,Squamata,石龙子科,Scincidae,蜓蜥属,Sphenomorphus,拉丁名精确,,,江西,原表标注,江西马头山,117.195,27.8017,原文报道坐标,400,400.0,2016,2016年7—8月,混合生境（溪流/河流+森林+人工生境）,"常绿阔叶林下,林中水坑、较缓溪流的岩石附近、石块间或腐殖质较为丰富的小路旁",标本,LSU2016003,新纪录,原表标注,DUP077,,,,,,2017,陈智强、魏浩华、刘菊莲、等,四川动物,,2004
383,两栖纲,,,西藏拟髭蟾,Leptobrachium banae,种,无尾目,Anura,角蟾科,Megophryidae,拟髭蟾属,Leptobrachium,种未收录-按属填分类,,西藏东南部,西藏,原表标注,米林县,94.25,29.2333,文字地名地理编码/后续补充,,,,,,,照片/影像,,新纪录,原表标注,,,,,,,2023,李树深、杨剑焕、刘洋、张亮、王斌、陈晓虹,动物学杂志,,2015
384,两栖纲,墨脱角蟾,Xenophrys medogensis,墨脱角蟾,Xenophrys medogensis,种,无尾目,Anura,角蟾科,Megophryidae,异角蟾属,Xenophrys,拉丁名精确,,西藏墨脱,西藏,原表标注,墨脱县,95.3333,29.3,文字地名地理编码/后续补充,,,,,,,照片/影像,,新纪录,原表标注,,,,,,,2023,李树深、杨剑焕、刘洋、张亮、王斌、陈晓虹,动物学杂志,,2016
385,爬行纲,北草蜥,Takydromus septentrionalis,北草蜥,Takydromus septentrionalis,种,有鳞目,Squamata,蜥蜴科,Lacertidae,草蜥属,Takydromus,拉丁名精确,,,河北,原表标注,衡水市郊区,115.65,37.75,文字地名地理编码/后续补充,,,2003-10-25,2003年10月25日,灌丛/草地,居住区的草坪中,标本,031025002,新纪录,原表标注,,,,,,,,,,,2019
386,两栖纲,丽水树蛙,Zhangixalus lishuiensis,丽水树蛙,Rhacophorus lishuiensis,种,无尾目,Anura,树蛙科,Rhacophoridae,张树蛙属,Zhangixalus,中文名精确,,浙江丽水,福建,原表标注,福建省光泽县坪溪地区,117.35,27.55,文字地名地理编码/后续补充,400-499,449.5,2015-10,2015年10月至2018年11月,,,照片/影像、野外观察,,新纪录,原表标注,,,,,,,,,,,2041
387,两栖纲,宜章臭蛙,Odorrana yizhangensis,宜章臭蛙,Odorrana yizhangensis,种,无尾目,Anura,蛙科,Ranidae,臭蛙属,Odorrana,拉丁名精确,,湖南宜章、湖北五峰,广东,原表标注,南岭国家级自然保护区,113.013,24.9303,原文报道坐标,920,920.0,2009-08-13,2009年8月13日-14日,混合生境（溪流/河流+森林+海滨/海洋）,较高海拔的茂密森林间溪流边,标本,SYS a000594、SYS a000595、SYS a000596、SYS a000597、SYS a000598,新纪录,原表标注,,,,,,杨剑焕、李云、张天度、张冰、王英永 (2011) 动物学杂志,2011,杨剑焕、李韵、张天度、张冰、王英永,动物学杂志,,2051
388,爬行纲,锯尾蜥虎,Hemidactylus garnotii,锯尾蜥虎,Hemidactylus garnotii,种,有鳞目,Squamata,壁虎科,Gekkonidae,蜥虎属,Hemidactylus,拉丁名精确,,云南、海南、广西、澳门、香港,广东,原表标注,阳春鹅凰嶂自然保护区,111.3581,21.8433,原文报道坐标,50,50.0,2010-03-29,2010年3月29日,人工生境,民房墙壁上,标本,SYS r000212、SYS r000213、SYS r000214,新纪录,原表标注,,,,,,杨剑焕、李云、张天度、张冰、王英永 (2011) 动物学杂志,2011,杨剑焕、李韵、张天度、张冰、王英永,动物学杂志,,2052
389,两栖纲,莽山角蟾,Xenophrys mangshanensis,莽山角蟾,Xenophrys mangshanensis,种,无尾目,Anura,角蟾科,Megophryidae,异角蟾属,Xenophrys,拉丁名精确,,湖南莽山、广东粤北(阳山、韶关、始兴、英德、清远)、广东龙门南昆山,江西,原表标注,虾公塘保护站,117.5,26.5,文字地名地理编码/后续补充,,,2010-07,2010年7月,混合生境（溪流/河流+灌丛/草地）,溪流边的灌丛,标本,SYSa000996、SYSa000997,新纪录,原表标注,,,,,,杨剑焕、洪元华、赵健、张昌友、王英永 (2013) 动物学杂志,2013,杨剑焕、洪元华、赵健、张昌友、王英永,动物学杂志,,2053
390,两栖纲,崇安湍蛙,Amolops chunganensis,崇安湍蛙,Amolops chunganensis,种,无尾目,Anura,蛙科,Ranidae,湍蛙属,Amolops,拉丁名精确,,陕西、甘肃、四川、重庆、贵州、云南、浙江、湖南、福建、广西;越南北部,江西,原表标注,荆竹山、黄岗山国家级自然保护区,117.75,27.85,文字地名地理编码/后续补充,,,2011-06,2011年6月-8月,混合生境（溪流/河流+灌丛/草地）,开阔山溪的灌丛,标本,SYSa001212-SYSa001214、SYSa001331,新纪录,原表标注,,,,,,杨剑焕、洪元华、赵健、张昌友、王英永 (2013) 动物学杂志,2013,杨剑焕、洪元华、赵健、张昌友、王英永,动物学杂志,,2054
391,两栖纲,凹耳竹叶蛙,Bamburana tormota,凹耳臭蛙,Odorrana tormota,种,无尾目,Anura,蛙科,Ranidae,竹叶蛙属,Bamburana,种加词推断,"按种加词推断为名录中该名的异名对应种,请复核",安徽黄山、浙江(建德、安吉、天台),江西,原表标注,大鄣山鄣山村、白山村,117.75,29.45,文字地名地理编码/后续补充,,,2012-04,2012年4月,溪流/河流,开阔溪流,标本,SYSa001629、SYSa001930、SYSa001635,新纪录,原表标注,,,,,,杨剑焕、洪元华、赵健、张昌友、王英永 (2013) 动物学杂志,2013,杨剑焕、洪元华、赵健、张昌友、王英永,动物学杂志,,2055
392,两栖纲,宜章臭蛙,Odorrana yizhangensis,宜章臭蛙,Odorrana yizhangensis,种,无尾目,Anura,蛙科,Ranidae,臭蛙属,Odorrana,拉丁名精确,,广东南岭、湖南宜章、湖北五峰,江西,原表标注,荆竹山,117.7,27.85,文字地名地理编码/后续补充,920-1100,1010.0,,7-9月,混合生境（溪流/河流+森林+海滨/海洋）,高海拔茂密森林内的溪流,标本,SYSa001109、SYSa001110、SYSa001869、SYSa001870,新纪录,原表标注,,,,,,杨剑焕、洪元华、赵健、张昌友、王英永 (2013) 动物学杂志,2013,杨剑焕、洪元华、赵健、张昌友、王英永,动物学杂志,,2056
393,爬行纲,黑头剑蛇,Sibynophis chinensis,黑头剑蛇,Sibynophis chinensis,种,有鳞目,Squamata,游蛇科,Colubridae,剑蛇属,Sibynophis,拉丁名精确,,安徽、福建、湖南、湖北、浙江、贵州、四川、海南、台湾、甘肃、陕西、河南;越南、老挝,北京,原表标注,东长峪山间林道,117.1626,40.2576,原文报道坐标,,,2011-09-06,2011年9月6日-8日,森林,山间林道,标本,BJFU20110901,新纪录,原表标注,DUP075,,,,,,2013,胡磊、刘润泽、曲宏、黄三祥、付士龙、宁俊勇、鲍伟东,动物学杂志,,2057
394,两栖纲,红斑蟾蜍,Bufo rubroventromaculatus,红斑蟾蜍,Bufo rubroventromaculatus,种,无尾目,Anura,蟾蜍科,Bufonidae,蟾蜍属,Bufo,拉丁名精确,,越南中部和北部;中国广西那坡县、云南麻栗坡县,广东,原表标注,大雾岭,111.2208,22.2864,原文报道坐标,1638,1638.0,2022-05,2022年5月,森林,"浓密阔叶林,落叶厚、土壤潮湿",标本,NHMG 2022205014、NHMG 2022205015、NHMG 2022205016、NHMG 2022205017,新纪录,原表标注,DUP015,,,,,黄忠、王昊天、齐硕、宋晗铭、邓振海、李友余、莫运明、王英永 (2025) 动物学杂志 Chinese Journal of Zoology 10.13859/j.cjz.202525035,2025,黄忠、王昊天、齐硕、宋晗铭、邓振海、李友余、莫运明、王英永,动物学杂志 Chinese Journal of Zoology,10.13859/j.cjz.202525035,2060
395,两栖纲,湘南角蟾,Boulenophrys xiangnanensis,湘南角蟾,Boulenophrys xiangnanensis,种,无尾目,Anura,角蟾科,Megophryidae,布角蟾属,Boulenophrys,拉丁名精确,,湖南西南部、广西东北部,广东,原表标注,连南瑶族自治县大鲵省级自然保护区,112.1797,24.4081,原文报道坐标,1200,1200.0,2023-08-17,2023年8月17日,混合生境（溪流/河流+森林）,湿润的亚热带常绿阔叶林缓流山溪附近,标本,SYS a009158,新纪录,原表标注,,,,,,宋晗铭、王昊天、林泽花、郑寿松、周志恩、龚粤宁、刘志发、李友余、齐硕、王英永 (2024) 动物学杂志 10.13859/j.cjz.202424014,2024,宋晗铭、王昊天、林泽花、郑寿松、周志恩、龚粤宁、刘志发、李友余、齐硕、王英永,动物学杂志,10.13859/j.cjz.202424014,2062
396,两栖纲,务川臭蛙,Odorrana wuchuanensis,务川臭蛙,Odorrana wuchuanensis,种,无尾目,Anura,蛙科,Ranidae,臭蛙属,Odorrana,拉丁名精确,,贵州、重庆、湖北、广西,广东,原表标注,阳山县江英镇林场,112.8853,24.585,原文报道坐标,580,580.0,,,混合生境（洞穴+高山流石滩/石山）,石灰岩岩体溶洞,标本,SYS a009110,新纪录,原表标注,,,,,,宋晗铭、王昊天、林泽花、郑寿松、周志恩、龚粤宁、刘志发、李友余、齐硕、王英永 (2024) 动物学杂志 10.13859/j.cjz.202424014,2024,宋晗铭、王昊天、林泽花、郑寿松、周志恩、龚粤宁、刘志发、李友余、齐硕、王英永,动物学杂志,10.13859/j.cjz.202424014,2064
397,爬行纲,福建钝头蛇,Pareas stanleyi,福建钝头蛇,Pareas stanleyi,种,有鳞目,Squamata,钝头蛇科,Pareidae,钝头蛇属,Pareas,拉丁名精确,,福建、湖南、贵州、江西、四川、浙江,广东,原表标注,乳源瑶族自治县南岭,112.9917,24.9506,原文报道坐标,1370,1370.0,2023-09-03,2023年9月3日,混合生境（森林+人工生境）,落叶阔叶林与道路交界土坡,标本,SYS r002828,新纪录,原表标注,,,,,,宋晗铭、王昊天、林泽花、郑寿松、周志恩、龚粤宁、刘志发、李友余、齐硕、王英永 (2024) 动物学杂志 10.13859/j.cjz.202424014,2024,宋晗铭、王昊天、林泽花、郑寿松、周志恩、龚粤宁、刘志发、李友余、齐硕、王英永,动物学杂志,10.13859/j.cjz.202424014,2066
398,爬行纲,斑蜓蜥,Sphenomorphus maculatus,斑蜓蜥,Sphenomorphus maculatus,种,有鳞目,Squamata,石龙子科,Scincidae,蜓蜥属,Sphenomorphus,拉丁名精确,,,广东,原表标注,,,,,,,,,,,标本,,新纪录,原表标注,,,,,,,,杨剑焕、王和聪、马新霞、王英永,,,2069
399,爬行纲,斑蜓蜥,Sphenomorphus maculatus,斑蜓蜥,Sphenomorphus maculatus,种,有鳞目,Squamata,石龙子科,Scincidae,蜓蜥属,Sphenomorphus,拉丁名精确,,,广西,原表标注,,,,,,,,,,,标本,,新纪录,原表标注,,,,,,,,杨剑焕、王和聪、马新霞、王英永,,,2070
400,爬行纲,坡普竹叶青蛇,Trimeresurus popeiorum,坡普蝮,Popeia popeiorum,种,有鳞目,Squamata,蝰科,Viperidae,竹叶青蛇属,Trimeresurus,种加词推断,"按种加词推断为名录中该名的异名对应种,请复核",印度东北部、缅甸、泰国北部和西部以及老挝北部,云南,原表标注,中国云南省勐腊,101.5667,21.4833,文字地名地理编码/后续补充,,,,,,,标本、分子证据,GP 3332,新纪录,原表标注,,,,,,"Peng Guo, Qin Liu, Guanghui Zhong, Fei Zhu, Fang Yan, Ting Tang, Rong Xiao, Min Fang, Ping Wang, Xin Fu (2015). Cryptic diversity of green pitvipers in Yunnan, South-west China (Squamata, Viperidae) Amphibia-Reptilia, 36, 265-276 https://doi.org/10.1163/15685381-00003004",2015,,,10.1163/15685381-00003004,2077
401,两栖纲,凹耳竹叶蛙,Bamburana tormota,凹耳臭蛙,Odorrana tormota,种,无尾目,Anura,蛙科,Ranidae,竹叶蛙属,Bamburana,种加词推断,"按种加词推断为名录中该名的异名对应种,请复核","安徽黄山,浙江建德、天台、安吉,江西婺源,江苏宜兴",福建,原表标注,石墩村,119.3953,26.795,原文报道坐标,557,557.0,2021-04,2021年4月,混合生境（溪流/河流+洞穴）,"山溪附近,溪流两侧多乱石,成蛙白天隐匿在阴湿的石洞或土洞内",标本,202104001、202104002、202104003,新纪录,原表标注,,,,,,王臻祺、仇志欣、梁涛、沈伟、鲁长虎 (2022) 动物学杂志 10.13859/j.cjz.202202017,2022,王臻祺、仇志欣、梁涛、沈伟、鲁长虎,动物学杂志,10.13859/j.cjz.202202017,2078
402,两栖纲,寒露林蛙,Rana hanluica,寒露林蛙,Rana hanluica,种,无尾目,Anura,蛙科,Ranidae,蛙属,Genus Rana,拉丁名精确,,"中国长江以南的丘陵及山地,包括湖南、广西、重庆、贵州、江西、浙江等地",福建,原表标注,梅花山国家级自然保护区,116.85,25.35,文字地名地理编码/后续补充,1200,1200.0,2024-10-15,2024年10月15日-16日,混合生境（溪流/河流+森林）,林下溪流边的潮湿落叶堆中,标本,CEE2024-Anura-Bo-001~CEE2024-Anura-Bo-004,新纪录,原表标注,,,,,,冯金英、王鹤霖、王臻祺、钟鸿辉、林清贤、周晓平 (2025) 动物学杂志 10.13859/j.cjz.202525007,2025,冯金英、王鹤霖、王臻祺、钟鸿辉、林清贤、周晓平,动物学杂志,10.13859/j.cjz.202525007,2084
403,爬行纲,海南棱蜥,Tropidophorus hainanus,海南棱蜥,Tropidophorus hainanus,种,有鳞目,Squamata,石龙子科,Scincidae,棱蜥属,Tropidophorus,拉丁名精确,,"中国海南(五指山、吊罗山)、江西(龙南、齐云山)、广西(瑶山滴水)、湖南(莽山),国外分布于越南和菲律宾",广东,原表标注,车八岭国家级自然保护区检查站东南约500米处环山引水渠旁石块上,114.1495,24.6944,原文报道坐标,510,510.0,2010-06-02,2010年6月2日,混合生境（溪流/河流+森林）,"亚热带常绿阔叶林,林下枯枝落叶较多,森林覆盖率约85%,湿度达90%,有小溪,阴凉潮湿",标本,,新纪录,原表标注,,,,,,饶纪腾、潘虎君、蒋珂、胡慧建、张亮 (2011) 动物学杂志,2011,饶纪腾、潘虎君、蒋珂、胡慧建、张亮,动物学杂志,,2090
404,爬行纲,双全链蛇(双全白环蛇),Lycodon fasciatus,双全白环蛇,Lycodon fasciatus,种,有鳞目,Squamata,游蛇科,Colubridae,链蛇属,Lycodon,拉丁名精确,,浙江、安徽、福建、江西、河南、湖北、湖南、广西、重庆、四川、贵州、云南、西藏、甘肃、陕西;国外分布于印度(阿萨姆)、缅甸、泰国、老挝等地,广东,原表标注,南岭国家森林公园,112.9322,24.925,原文报道坐标,1124,1124.0,2011-09-02,2011年9月2日,森林,常绿阔叶林,标本,HBLfa110902,新纪录,原表标注,DUP039,,,,,,2012,李振宇、罗键、韦启浪、遇宝成、张亮,动物学杂志,,2096
405,爬行纲,福清链蛇,Lycodon futsingensis,福清链蛇,Lycodon futsingensis,种,有鳞目,Squamata,游蛇科,Colubridae,链蛇属,Lycodon,拉丁名精确,,福建福清、湖南莽山、香港、广东(粤北南岭山脉、深圳梧桐山、东莞银瓶山、广州流溪河国家森林公园)、越南北部,广西,原表标注,猫儿山国家级自然保护区,110.45,25.88,文字地名地理编码/后续补充,,,2011-04,2011年4月,混合生境（森林+人工生境）,"环山公路边引水渠内,原生性亚热带山地常绿落叶阔叶混交林",标本,HB-LF-20110401,新纪录,原表标注,,,,,,彭丽芳、张亮、鲁长虎、田园、黄松 (2015) 动物学杂志 Chinese Journal of Zoology 10.13859/j.cjz.201506016,2015,彭丽芳、张亮、鲁长虎、田园、黄松,动物学杂志 Chinese Journal of Zoology,10.13859/j.cjz.201506016,2099
406,爬行纲,福清链蛇,Lycodon futsingensis,福清链蛇,Lycodon futsingensis,种,有鳞目,Squamata,游蛇科,Colubridae,链蛇属,Lycodon,拉丁名精确,,福建福清、湖南莽山、香港、广东(粤北南岭山脉、深圳梧桐山、东莞银瓶山、广州流溪河国家森林公园)、越南北部,浙江,原表标注,新建镇河阳村,120.05,28.75,文字地名地理编码/后续补充,,,2011-05,2011年5月,其他/未归类,荒废农舍墙边,标本,HB-LF-20110502,新纪录,原表标注,,,,,,彭丽芳、张亮、鲁长虎、田园、黄松 (2015) 动物学杂志 Chinese Journal of Zoology 10.13859/j.cjz.201506016,2015,彭丽芳、张亮、鲁长虎、田园、黄松,动物学杂志 Chinese Journal of Zoology,10.13859/j.cjz.201506016,2100
407,爬行纲,福清链蛇,Lycodon futsingensis,福清链蛇,Lycodon futsingensis,种,有鳞目,Squamata,游蛇科,Colubridae,链蛇属,Lycodon,拉丁名精确,,福建福清、湖南莽山、香港、广东(粤北南岭山脉、深圳梧桐山、东莞银瓶山、广州流溪河国家森林公园)、越南北部,江西,原表标注,全南县,114.5333,24.7833,文字地名地理编码/后续补充,,,2012-04,2012年4月,人工生境,公路旁,标本,HB-LFjx-201264,新纪录,原表标注,,,,,,彭丽芳、张亮、鲁长虎、田园、黄松 (2015) 动物学杂志 Chinese Journal of Zoology 10.13859/j.cjz.201506016,2015,彭丽芳、张亮、鲁长虎、田园、黄松,动物学杂志 Chinese Journal of Zoology,10.13859/j.cjz.201506016,2102
408,两栖纲,桑植趾沟蛙,Rana sangzhiensis,桑植蛙,Rana sangzhiensis,种,无尾目,Anura,蛙科,Ranidae,蛙属,Genus Rana,拉丁名精确,,湖南省桑植县、四川省、广东省,广西,原表标注,融水苗族自治县,108.6844,25.2444,原文报道坐标,655,655.0,2024-10-15,2024年10月15日,,,标本,GXNU102338,新纪录,原表标注,DUP074,,,,,陈慧玲、邹同祥、杨瑞刚、武正军、陈泽柠 (2025) 动物学杂志 Chinese Journal of Zoology 10.13859/j.cjz.202525004,2025,陈慧玲、邹同祥、杨瑞刚、武正军、陈泽柠,动物学杂志 Chinese Journal of Zoology,10.13859/j.cjz.202525004,2103
409,爬行纲,赵氏后棱蛇,Opisthotropis zhaoermii,赵氏后棱蛇,Opisthotropis zhaoermii,种,有鳞目,Squamata,游蛇科,Colubridae,后棱蛇属,Opisthotropis,拉丁名精确,,,广西,原表标注,,,,,,,,,,,标本,,新纪录,原表标注,,,,,,陈慧玲、杨瑞刚、杨志刚、武正军、陈泽柠 (2025) 动物学杂志 10.13859/j.cjz.202524276,2025,陈慧玲、杨瑞刚、杨志刚、武正军、陈泽柠,,10.13859/j.cjz.202524276,2106
410,两栖纲,印支棱皮树蛙,Theloderma gordoni,戈登疣树蛙,Theloderma gordoni,种,无尾目,Anura,树蛙科,Rhacophoridae,棱皮树蛙属,Theloderma,拉丁名精确,,"泰国、越南,可能包括老挝",云南,原表标注,"太阳河国家森林公园,思茅县,普洱市;西双版纳国家级自然保护区,勐养镇和勐仑镇,西双版纳州;大围山国家级自然保护区,屏边县,红河州",101.2,21.95,文字地名地理编码/后续补充,,,2015-09,"September 2015, May, June, and November 2016",森林,森林生境(见图9),标本,"HM-IBE20150901, SYNU607001",新纪录,原表标注,,,,,,"Qi Shuo and Yu Guo-hua and Lei Bo and Fan Yi and Zhang Deng-lin and Dong Zhi-wei and Li Pi-peng and Nikolai L. Orlov and Hou Mian (2018). FIRST RECORD OF Theloderma gordoni TAYLOR, 1962 FROM YUNNAN PROVINCE, CHINA Russian Journal of Herpetology, 25(1), 43-50",2018,"Qi Shuo, Yu Guo-hua, Lei Bo, Fan Yi, Zhang Deng-lin, Dong Zhi-wei, Li Pi-peng, Nikolai L. Orlov, Hou Mian",Russian Journal of Herpetology,,2110
411,两栖纲,中国瘰螈,Paramesotriton chinensis,中国瘰螈,Paramesotriton chinensis,种,有尾目,Caudata,蝾螈科,Salamandridae,瘰螈属,Paramesotriton,拉丁名精确,,重庆、湖南、安徽、浙江、福建、广东、广西,湖北,原表标注,咸丰县丁寨乡十字路村野猫河、甲马池乡方家坝村后家河,109.1,29.5833,原文报道坐标,900,900.0,2009-06,2009年6月~9月,溪流/河流,河流及溪流中,标本,1,新纪录,原表标注,DUP059,,,,,,2010,苏振林、曹国斌、朱兆泉、周权、刘绪生、戴宗兴,动物学杂志,,2114
412,爬行纲,灰腹绿锦蛇,Gonyosoma frenatum,灰腹绿蛇,Rhadinophis frenatus,种,有鳞目,Squamata,游蛇科,Colubridae,绿锦蛇属,Gonyosoma,中文名模糊,"中文名疑有出入,按名录“灰腹绿锦蛇”匹配,请复核",安徽、福建、广东、广西、贵州、河南、湖南、四川、浙江、重庆;印度、越南,湖北,原表标注,南阳镇龙门村猕猴桃基地,110.4939,31.3373,原文报道坐标,1026,1026.0,2010-08-16,2010年8月16日,混合生境（森林+灌丛/草地）,"落叶阔叶林为主,下层覆盖大面积灌丛及藤本类植物,植被覆盖度达90%左右",标本,ZKYSNJ 019,新纪录,原表标注,DUP026,,,,,崔继法、吉晟男、王志先、高学斌、陈健、李俊峰、周友兵 (2018) 动物学杂志 Chinese Journal of Zoology 10.13859/j.cjz.201804019,2018,崔继法、吉晟男、王志先、高学斌、陈健、李俊峰、周友兵,动物学杂志 Chinese Journal of Zoology,10.13859/j.cjz.201804019,2120
413,爬行纲,百花锦蛇,Elaphe moellendorffi,百花锦蛇,Elaphe moellendorffi,种,有鳞目,Squamata,游蛇科,Colubridae,锦蛇属,Elaphe,拉丁名精确,,广东、广西、越南北部,贵州,原表标注,板寨,107.25,25.0667,原文报道坐标,786,786.0,2021-05,2021年5月,混合生境（洞穴+高山流石滩/石山）,喀斯特岩洞洞口石隙处,标本,LJZQ2021001,新纪录,原表标注,DUP020,,,,,,2021,谢莉、宋先华、蒋鸿、马志军、周江,动物学杂志,,2134
414,两栖纲,墨脱舌突蛙,Liurana medogensis,墨脱拟髭蟾,Liurana medogensis,种,无尾目,Anura,亚洲角蛙科,Ceratobatrachidae,舌突蛙属,Liurana,拉丁名精确,,,西藏,原表标注,中国西藏墨脱(=墨脱县),95.3333,29.3,文字地名地理编码/后续补充,,,,,,,标本,,新纪录,原表标注,DUP037,,,,,"Fang YAN and Ke JIANG and Kai WANG and Jie-Qiong JIN and Chatmongkon SUWANNAPOOM and Cheng LI and Jens V. VINDUM and Rafe M. BROWN and Jing CHE (2016). The Australasian frog family Ceratobatrachidae in China, Myanmar and Thailand: discovery of a new Himalayan forest frog clade ZOOLOGICAL RESEARCH, 37(1), 7-14 https://doi.org/10.13918/j.issn.2095-8137.2016.1.7",2016,"Fang YAN, Ke JIANG, Kai WANG, Jie-Qiong JIN, Chatmongkon SUWANNAPOOM, Cheng LI, Jens V. VINDUM, Rafe M.",Zoological Research,10.13918/j.issn.2095-8137.2016.1.7,2143
415,爬行纲,黑带腹链蛇,Hebius bitaeniatum,黑带腹链蛇,Amphiesma bitaeniata,种,有鳞目,Squamata,游蛇科,Colubridae,东亚腹链蛇属,Hebius,中文名精确,,缅甸、越南、泰国及中国云南、广西、广东、湖南,贵州,原表标注,雷公山国家级自然保护区,108.3333,26.6167,原文报道坐标,1500,1500.0,2011-07,2011年7月,混合生境（溪流/河流+森林+灌丛/草地）,常绿阔叶林中溪流附近林缘灌木丛的枯枝落叶中,标本,YBU11136,新纪录,原表标注,DUP028,,,,,,2012,刘芹、钟光辉、胡健、赵蕙、郭鹏,动物学杂志,,2148
416,两栖纲,凹耳竹叶蛙,Bamburana tormota,凹耳臭蛙,Odorrana tormota,种,无尾目,Anura,蛙科,Ranidae,竹叶蛙属,Bamburana,种加词推断,"按种加词推断为名录中该名的异名对应种,请复核",安徽黄山以及浙江建德、天台、安吉和江西婺源,江苏,原表标注,宜兴,119.755,31.1836,原文报道坐标,108,108.0,2018-04,2018年4月,混合生境（溪流/河流+灌丛/草地+洞穴）,"山溪附近,白天隐匿在阴湿的土洞或石穴内;夜晚栖息在山溪两旁灌木枝叶、草丛的茎杆上或溪边石块上",标本,LSU2018001,新纪录,原表标注,,,,,,陈智强、王远飞、樊晓丽、丁国骅、林植华 (2018) 动物学杂志 Chinese Journal of Zoology 10.13859/j.cjz.201806017,2018,陈智强、SH2017001,动物学杂志 Chinese Journal of Zoology,10.13859/j.cjz.201806017,2150
417,两栖纲,寒露林蛙,Rana hanluica,寒露林蛙,Rana hanluica,种,无尾目,Anura,蛙科,Ranidae,蛙属,Rana,拉丁名精确,,,江西,原表标注,诸广山河,113.9167,25.7333,原文报道坐标,,,2007-07-26,2007年7月26日~8月8日,溪流/河流,溪流,标本,,新纪录,原表标注,,,,,,杨道德、刘松、费冬波、喻兴雷、谷颖乐、卢何军、陈辉敏、朱家椿 (2008) 动物学杂志,2008,杨道德、刘松、费冬波、喻兴雷、谷颖乐、卢何军、陈辉敏、朱家椿,动物学杂志,,2160
418,两栖纲,龙胜臭蛙,Odorrana lungshengensis,龙胜臭蛙,Odorrana lungshengensis,种,无尾目,Anura,蛙科,Ranidae,臭蛙属,Odorrana,拉丁名精确,,贵州、湖南、广西,湖北,原表标注,长坡村附近小溪,110.7333,30.0667,原文报道坐标,1134,1134.0,2006-07-25,2006年7月25日,,,标本,,新纪录,原表标注,,,,,,戴宗兴、王美芳、唐登奎、舒实、王芊芊、左杰、刘绪生 (2008) 动物学杂志,2008,戴宗兴、王美芳、唐登奎、舒实、王芊芊、左杰、刘绪生,动物学杂志,,2166
419,两栖纲,崇安湍蛙,Amolops chunganensis,崇安湍蛙,Amolops chunganensis,种,无尾目,Anura,蛙科,Ranidae,湍蛙属,Amolops,拉丁名精确,,陕西、甘肃、四川、重庆、云南、贵州、浙江、湖南、福建、广西,湖北,原表标注,白溪河村,110.6667,30.0667,原文报道坐标,440,440.0,2006-07-21,2006年7月21日-30日,,,照片/影像,,新纪录,原表标注,,,,,,戴宗兴、王美芳、唐登奎、舒实、王芊芊、左杰、刘绪生 (2008) 动物学杂志,2008,戴宗兴、王美芳、唐登奎、舒实、王芊芊、左杰、刘绪生,动物学杂志,,2167
420,爬行纲,海南棱蜥,Tropidophorus hainanus,海南棱蜥,Tropidophorus hainanus,种,有鳞目,Squamata,石龙子科,Scincidae,棱蜥属,Tropidophorus,拉丁名精确,,国外分布于越南和菲律宾;国内分布于海南(五指山、吊罗山)、江西(龙南、齐云山)、广西(瑶山滴水),湖南,原表标注,湖南莽山国家级自然保护区夹水电站附近溪流边的沙石滩,112.915,24.9739,原文报道坐标,769,769.0,2009-08-04,2009年8月4日,混合生境（溪流/河流+荒漠/沙地）,溪流边的沙石滩,标本,,新纪录,原表标注,,,,,,费冬波、杨道德、宋玉成、傅祺、杨相伦 (2010) 动物学杂志,2010,费冬波、杨道德、宋玉成、傅祺、杨相伦,动物学杂志,,2178
421,爬行纲,黑带腹链蛇,Hebius bitaeniatum,黑带腹链蛇,Amphiesma bitaeniata,种,有鳞目,Squamata,游蛇科,Colubridae,东亚腹链蛇属,Hebius,中文名精确,,国外分布于缅甸北部(喀钦山和北禅山)以及越南北部;国内仅见于云南西部(维西、贡山、盈江)、南部(西双版纳)、西北部(中甸)以及广东北部(乳源),湖南,原表标注,湖南城步明竹老山县级自然保护区场部附近的土路,110.512,26.2989,原文报道坐标,1350,1350.0,2009-08-10,2009年8月10日,人工生境,土路,标本,,新纪录,原表标注,,,,,,费冬波、杨道德、宋玉成、傅祺、杨相伦 (2010) 动物学杂志,2010,费冬波、杨道德、宋玉成、傅祺、杨相伦,动物学杂志,,2183
422,两栖纲,黄岗臭蛙,Odorrana huanggangensis,黄岗臭蛙,Odorrana huanggangensis,种,无尾目,Anura,蛙科,Ranidae,臭蛙属,Odorrana,拉丁名精确,,福建与江西武夷山区,湖南,原表标注,湖南会同、湖南城步、湖南新宁、湖南双牌、湖南宜章、湖南武陵源景区(A组),111.0,27.0,文字地名地理编码/后续补充,,,2010-08,2010年8月至2015年8月,,,标本,,新纪录,原表标注,,,,,,何玉晓、朱艳军、冯琦琦、李真、陈卓、陈晓虹 (2017) 动物学杂志 Chinese Journal of Zoology 10.13859/j.cjz.201704008,2017,何玉晓、朱艳军、冯琦琦、李真、陈卓、陈晓虹,动物学杂志 Chinese Journal of Zoology,10.13859/j.cjz.201704008,2185
423,两栖纲,中华湍蛙,Amolops sinensis,中华湍蛙,Amolops sinensis,种,无尾目,Anura,蛙科,Ranidae,湍蛙属,Amolops,拉丁名精确,,广东中部到广西东北部、湖南西南部、贵州北部到东南部以及云南盐津,四川,原表标注,画稿溪国家级自然保护区,105.4436,28.1939,原文报道坐标,400,400.0,2023-05,2023年5月及2024年6月,溪流/河流,湍急溪流环境,标本,HGX2023051501、HGX2023051502、HGX2024070401、HGX2024070403、HGX2024070404、HGX2024070405,新纪录,原表标注,,,,,,彭希睿、杨超、黄燕 (2025) 动物学杂志 Chinese Journal of Zoology 10.13859/j.cjz.202524174,2025,彭希睿、杨超、黄燕,动物学杂志 Chinese Journal of Zoology,10.13859/j.cjz.202524174,2188
424,两栖纲,僜湍蛙,Amolops deng,僜湍蛙,Amolops deng,种,无尾目,Anura,蛙科,Ranidae,湍蛙属,Amolops,拉丁名精确,,西藏察隅县察隅镇和墨脱县背崩乡西让村,云南,原表标注,福贡县石月亮乡,98.8781,27.255,原文报道坐标,1385,1385.0,2021-04,2021年4月-5月、7月-8月,溪流/河流,"山间溪流中,溪流较宽,水流缓,有大而光秃的石块",标本,KIZ 038360,新纪录,原表标注,,,,,,于中斌、侯绍兵、陈天恩、安东、赵海鹏、柳青、熊云、朱林、吴云鹤、车静 (2022) 动物学杂志 10.13859/j.cjz.202205008,2022,于中斌、侯绍兵、陈天恩、安栋、赵海鹏、刘青、熊云、朱林、吴云鹤、车静,动物学杂志,10.13859/j.cjz.202205008,2189
425,两栖纲,察隅湍蛙,Amolops chayuensis,察隅湍蛙,Amolops chayuensis,种,无尾目,Anura,蛙科,Ranidae,湍蛙属,Amolops,拉丁名精确,,西藏察隅县和八宿县,云南,原表标注,贡山县独龙江乡,98.8781,27.255,原文报道坐标,1385,1385.0,2021-04,2021年4月-5月、7月-8月,混合生境（溪流/河流+森林+灌丛/草地）,"溪流中,夜间伏于溪间光滑石块上或栖身于溪边矮灌丛枝条与箭竹上",标本,KIZ 038599,新纪录,原表标注,,,,,,于中斌、侯绍兵、陈天恩、安东、赵海鹏、柳青、熊云、朱林、吴云鹤、车静 (2022) 动物学杂志 10.13859/j.cjz.202205008,2022,于中斌、侯绍兵、陈天恩、安栋、赵海鹏、刘青、熊云、朱林、吴云鹤、车静,动物学杂志,10.13859/j.cjz.202205008,2192
426,两栖纲,小弧斑姬蛙,Microhyla heymonsi,小弧斑姬蛙,Microhyla heymonsi,种,无尾目,Anura,姬蛙科,Microhylidae,姬蛙属,Microhyla,拉丁名精确,,浙江、江西、福建、湖南、广东、广西、贵州、云南、台湾、海南、江苏宜兴、湖北九宫山、四川合江、重庆秀山、安徽(休宁、祁门、金寨);国外分布于印度、中南半岛、印度尼西亚,河南,原表标注,商城,115.7,31.8667,原文报道坐标,300–500,400.0,2002-05,2002年5月、2003年8月、2004年5月,混合生境（溪流/河流+湿地/静水水体+农田/种植园）,"山区山溪两岸的草丛中、水塘边或石块间,亦可见于山坡的茶地或花生田里",标本,,新纪录,原表标注,DUP042,,,,,陈晓虹、陶立奎、夏中荣 (2005) 动物学杂志,2005,陈晓虹、陶立奎、夏中荣,动物学杂志,,2193
427,爬行纲,德化脊蛇,Achalinus dehuaensis,德化脊蛇,Achalinus dehuaensis,种,有鳞目,Squamata,闪皮蛇科,Xenodermidae,脊蛇属,Achalinus,拉丁名精确,,福建省德化县、尤溪县,浙江,原表标注,龙泉市剑池街道石武村,119.1606,28.0831,原文报道坐标,225,225.0,2021-10-08,2021年10月8日,混合生境（溪流/河流+森林+灌丛/草地）,"路边小溪沟边的落叶堆边,周边为灌木丛和竹林",标本,ANU20230018,新纪录,原表标注,DUP002,,,,,黄汝怡、杨典成、吴军、朱滨清、黄松、李晨虹 (2024) 动物学杂志 10.13859/j.cjz.202423202,2024,黄汝怡、杨典成、吴军、朱滨清、黄松、李晨虹,动物学杂志,10.13859/j.cjz.202423202,2194
428,两栖纲,长肢林蛙,Rana longicus,长肢林蛙,Rana longicrus,种,无尾目,Anura,蛙科,Ranidae,蛙属,Rana,中文名精确,,中国台湾、广东、福建、江西等地,浙江,原表标注,贤良镇,119.2194,27.6489,原文报道坐标,1074,1074.0,2022-10-11,2022年10月11日-19日,其他/未归类,种植水稻的农耕区,标本,2022AMZJQY001 ~ 2022AMZJQY005,新纪录,原表标注,,,,,,赵玉瑞、朱滨清、高朔、王乐、吴延庆 (2023) 动物学杂志 Chinese Journal of Zoology 10.13859/j.cjz.202304013,2023,赵玉瑞、朱滨清、高朔、王乐、吴延庆,动物学杂志 Chinese Journal of Zoology,10.13859/j.cjz.202304013,2196
429,爬行纲,古氏草蜥(古纳氏草蜥),Takydromus kuehnei,古氏草蜥,Takydromus kuehnei,种,有鳞目,Squamata,蜥蜴科,Lacertidae,草蜥属,Takydromus,拉丁名精确,,,浙江,原表标注,衢江区灰坪乡,118.8217,29.4481,原文报道坐标,,,2021-04-13,2021年4月13日,混合生境（森林+灌丛/草地）,植被较为茂密的山区树林、灌木或草丛中,标本,LSU20210413QLG001,新纪录,原表标注,DUP079,,,,,陈静怡、胡华丽、丁国骅、张振华、曹铭昌 (2022) 动物学杂志 Chinese Journal of Zoology 10.13859/j.cjz.202206018,2022,陈静怡、郭坤、丁国骅,动物学杂志 Chinese Journal of Zoology,10.13859/j.cjz.202206018,2205
430,爬行纲,云开脊蛇,Achalinus yunkaiensis,云开脊蛇,Achalinus yunkaiensis,种,有鳞目,Squamata,闪皮蛇科,Xenodermidae,脊蛇属,Achalinus,拉丁名精确,,中国广东西部云开山脉和广西桂林地区,浙江,原表标注,仰义水库,120.4372,28.0758,原文报道坐标,531,531.0,2023-04-13,2023年4月13日,,,标本,2023AZJLCN2,新纪录,原表标注,,,,,,陈健、罗洪雨、钟俊杰、郭坤、马月 (2024) 动物学杂志 10.13859/j.cjz.202423164,2024,陈健、罗洪宇、钟俊杰、郭坤、马悦,动物学杂志,10.13859/j.cjz.202423164,2207
431,两栖纲,合江棘蛙,Quasipaa robertingeri,合江棘蛙,Paa robertingeri,种,无尾目,Anura,叉舌蛙科,Dicroglossidae,棘胸蛙属,Quasipaa,中文名精确,,,重庆,原表标注,四面山大窝铺,106.3458,28.578,原文报道坐标,1050,1050.0,2009-07-23,2009年7月23日-24日,混合生境（溪流/河流+高山流石滩/石山）,"流溪中,溪沟中裸岩较多",标本,2009072407、2009072408、2009072409、2009072406、2009072410、2009072411、2009072412、2009072304,新纪录,原表标注,,,,,,"黄静,罗键,宋劲秋,等.重庆市两栖类两新纪录——合江棘蛙和合江臭蛙[J].动物学杂志,2010,45(2):158-161.DOI:10.13859/j.cjz.2010.02.010.",2010,黄静、罗键、宋劲秋、王志坚,动物学杂志,10.13859/j.cjz.2010.02.010.,2210
432,两栖纲,合江臭蛙,Odorrana hejiangensis,合江臭蛙,Odorrana hejiangensis,种,无尾目,Anura,蛙科,Ranidae,臭蛙属,Odorrana,拉丁名精确,,,重庆,原表标注,四面山大窝铺,106.3458,28.578,原文报道坐标,1050,1050.0,2009-07-23,2009年7月23日-24日,混合生境（溪流/河流+高山流石滩/石山）,"流溪中,溪沟中裸岩较多",标本,2009072304,新纪录,原表标注,,,,,,"黄静,罗键,宋劲秋,等.重庆市两栖类两新纪录——合江棘蛙和合江臭蛙[J].动物学杂志,2010,45(2):158-161.DOI:10.13859/j.cjz.2010.02.010.",2010,黄静、罗键、宋劲秋、王志坚,动物学杂志,10.13859/j.cjz.2010.02.010.,2211
433,两栖纲,光雾臭蛙,Odorrana kuangwuensis,光雾臭蛙,Odorrana kuangwuensis,种,无尾目,Anura,蛙科,Ranidae,臭蛙属,Odorrana,拉丁名精确,,"四川南江县光雾山(模式产地),湖北保康县五道峡自然保护区",重庆,原表标注,城口县东安乡兴田村亢河,109.0833,31.7667,原文报道坐标,1000,1000.0,2012-06-23,2012年6月23日,溪流/河流,"溪沟,水流湍急,无高大树木遮掩,夜间栖息于离水面较高的石头或石壁上",标本,2012062301、2012062302、2012062303,新纪录,原表标注,,,,,,易建华、甘小平、黄自豪、于丽娟、黄静、罗键、王志坚 (2013) 动物学杂志,2013,易建华、甘小平、黄自豪、于丽娟、黄静、罗键、王志坚,动物学杂志,,2212
434,两栖纲,南江臭蛙,Odorrana nanjiangensis,南江臭蛙,Odorrana nankiangensis,种,无尾目,Anura,蛙科,Ranidae,臭蛙属,Odorrana,中文名精确,,,重庆,原表标注,,,,,,,,,,,标本,,新纪录,原表标注,,,,,,,,易建华、甘小平、黄自豪、于丽娟、黄静、罗键、王志坚,,,2213
435,两栖纲,务川臭蛙,Odorrana wuchuanensis,务川臭蛙,Odorrana wuchuanensis,种,无尾目,Anura,蛙科,Ranidae,臭蛙属,Odorrana,拉丁名精确,,"贵州省务川县、沿河土家族自治县、荔波县,湖北省建始县,广西壮族自治区环江毛南族自治县",重庆,原表标注,新田镇,108.3,29.2333,原文报道坐标,711,711.0,2022-07,2022年7月,混合生境（洞穴+高山流石滩/石山）,喀斯特溶洞内,标本,SWU 0001480,新纪录,原表标注,,,,,,马琦、黄静、万里鹏、侯明、袁智勇、王志坚 (2023) 动物学杂志 10.13859/j.cjz.202304015,2023,马琦、黄静、万立鹏、侯明、袁志勇、王志坚,动物学杂志,10.13859/j.cjz.202304015,2215
436,爬行纲,新疆沙虎,Teratoscincus przewalskii,新疆漠虎,Teratoscincus przewalskii,种,有鳞目,Squamata,球趾虎科,Sphaerodactylidae,沙虎属,Teratoscincus,拉丁名精确,"中文名与拉丁名在名录中指向不同物种,请复核","中国特有种,目前仅知分布于新疆南部和东部地区,自哈密至喀什,南至塔里木盆地南缘",甘肃,原表标注,敦煌市旧民房土墙边;瓜州县安西古城老城墙边及墙上,95.5,40.3,文字地名地理编码/后续补充,未明确给出具体数值,,2022-08,2022年8月至9月(具体日期:2022年8月15日、2022年8月16日、2022年9月3日),人工生境,旧的土木结构住房、围墙或古城墙附近,标本,"未提供具体编号,仅提及共采集多号标本",新纪录,原表标注,,,,,,,2023,林宣龙、赵蕙、时磊,新疆农业大学学报,,2220
