ID,Source_row,Class_CN,Chinese_name_COL_China_2026,Scientific_name_COL_China_2026,Chinese_name_as_published,Scientific_name_as_published,OrderCN_COL_China_2026,FamilyLA,FamilyCN,GenusLA,GenusCN,Type_locality,Province,Longitude,Latitude,Altitude_raw,Discovery_date,Habitat_raw,Voucher,Evidence_type,Source_citation,Source_publication_year,Source_authors,Source_journal,DOI
1,4,两栖纲,梅花山角蟾,Boulenophrys meihuamontis,梅花山角蟾,Boulenophrys meihuamontis,无尾目,Megophryidae,角蟾科,Boulenophrys,布角蟾属,梅花山国家级自然保护区,福建,116.839,25.272,1059,2024-09-14,常绿阔叶林、竹林、杂木林等植被下1~2 m宽的溪流旁,MHSLX18-1、MHSLX18-2、MHSLX18-3,标本,"罗萧,黄俊恺,周承源,等.中国福建发现布角蟾属一新种(两栖纲:角蟾科)[J].野生动物学报,2026,47(2):295-308.",2025,罗萧、黄俊恺、周承源、马良、吴锦平、谢铖林、朱艺耀、陈世品,野生动物学报,https://link.cnki.net/urlid/23.1587.S.20250506.1103.002
2,7,两栖纲,河口湍蛙,Amolops shihaitaoi,河口湍蛙,Amolops shihaitaoi,无尾目,Ranidae,蛙科,Amolops,湍蛙属,中国云南省河口县,云南,103.8776,22.6287,532,2020-06-21,岩石溪流,"Holotype: GXNU YU000353; Paratypes: GXNU YU000351, GXNU YU000352, GXNU YU000354, GXNU YU000355, GXNU YU000478, GXNU YU000479, GXNU YU000482, GXNU YU000483",标本,"Jian Wang and Jing Li and Lingyun Du and Mian Hou and Guohua Yu (2022). A cryptic species of the Amolops ricketti species group (Anura, Ranidae) from China–Vietnam border regions ZooKeys, 1112, 139–159 https://doi.org/10.3897/zookeys.1112.82551",2022,"Wang J, Li J, Du L, Hou M, Yu G",ZooKeys,10.3897/zookeys.1112.82551
3,24,两栖纲,顾莵角蟾,Boulenophrys gutu,顾莵角蟾,Boulenophrys gutu,无尾目,Megophryidae,角蟾科,Boulenophrys,布角蟾属,南岳衡山,湖南,112.72,27.27,250-1100,2024-07,"山溪边,植被保存良好,水质优良的溪沟边,栖息在石缝、落叶堆或灌丛下",,照片/影像,"匡代勇、石胜超 (2025). 南岳衡山发现两栖动物新物种——顾莵角蟾 林业与生态, 18 https://doi.org/10.13552/j.cnki.lyyst.2025.11.002",2025,石胜超、匡代勇、蒲玲,Animals,10.13552/j.cnki.lyyst.2025.11.002
4,26,爬行纲,南岭睑虎,Goniurosaurus varius,南岭睑虎,Goniurosaurus varius,有鳞目,Eublepharidae,睑虎科,Goniurosaurus,睑虎属,"南岭国家级自然保护区,秤架瑶族乡,阳山县",广东,112.5,24.5,180,2018-08-06,喀斯特环境;村庄、农田或乡间小路附近的石灰岩缝隙,"Holotype: SYS r002333; Paratypes: SYS r002330, SYS r002331, SYS r002362, SYS r002363",标本,"Shuo Qi and L. Lee Grismer and Zhi-Tong Lyu and Liang Zhang and Pi-Peng Li and Ying-Yong Wang (2020). A definition of the Goniurosaurus yingdeensis group (Squamata, Eublepharidae) with the description of a new species ZooKeys, 986, 127–155 https://doi.org/10.3897/zookeys.986.47989",2020,"Qi, Shuo, Grismer, L. Lee, Lyu, Zhi-Tong, Zhang, Liang, Li, Pi-Peng, Wang, Ying-Yong",ZooKeys,10.3897/zookeys.986.47989
5,35,爬行纲,英德睑虎,Goniurosaurus yingdeensis,英德睑虎,Goniurosaurus yingdeensis,有鳞目,Eublepharidae,睑虎科,Goniurosaurus,睑虎属,"石门台国家级自然保护区,英德市;锅山瑶村,英德市",广东,113.41,24.21,,,,"Holotype: SYS r000504; Paratypes: SYS r000501–0503, SYS r000535, SYS r000536",标本,"Shuo Qi and L. Lee Grismer and Zhi-Tong Lyu and Liang Zhang and Pi-Peng Li and Ying-Yong Wang (2020). A definition of the Goniurosaurus yingdeensis group (Squamata, Eublepharidae) with the description of a new species ZooKeys, 986, 127–155 https://doi.org/10.3897/zookeys.986.47989",2020,"Qi, Shuo, Grismer, L. Lee, Lyu, Zhi-Tong, Zhang, Liang, Li, Pi-Peng, Wang, Ying-Yong",ZooKeys,10.3897/zookeys.986.47989
6,69,两栖纲,雨神角蟾,Boulenophrys ombrophila,雨神角蟾,Boulenophrys ombrophila,无尾目,Megophryidae,角蟾科,Boulenophrys,布角蟾属,,福建,,,,,,,照片/影像,,2022,张志国、肖芳奕,绿色中国,
7,81,两栖纲,立春角蟾,Boulenophrys lichun,立春角蟾,Boulenophrys lichun,无尾目,Megophryidae,角蟾科,Boulenophrys,布角蟾属,福建省宁德市蕉城区南漈山,福建,119.55,26.65,150-510,2024-02,"山地溪流渗水区及附近林地和落叶层,周围为混有竹林的次生林","Holotype: GEP a214; Paratypes: CIB 121428 [GEP a210], GEP a211–213, GEP a215",标本,"Shi-Shi Lin and Hong-Hui Chen and Yuan-Hang Li and Zhao-Ning Peng and Zhao-Chi Zeng and Jian Wang (2024). A new Boulenophrys species (Anura, Megophryidae) from the coastal hills of eastern Fujian Province, China https://doi.org/10.3897/zookeys.1216.130017",2024,"Shi-Shi Lin, Wang, Zeng, Lyu, Xiao, Wang",ZooKeys,10.3897/zookeys.1216.130017
8,86,两栖纲,,,丽水异角蟾,Xenophrys lishuiensis,无尾目,Megophryidae,角蟾科,Xenophrys,异角蟾属,丽水市莲都区南部山区,浙江,119.95,28.35,,2016,,,标本,"Wang、Liu、Jiang (2017). 丽水异角蟾(Xenophrys lishuiensis Wang, Liu & Jiang, 2017) 动物学杂志, 52(1)",2017,王、刘、蒋,动物学杂志,
9,103,两栖纲,淮源林蛙,Rana qui,淮源林蛙,Rana qui,无尾目,Ranidae,蛙科,Rana,蛙属,河南省南召县,河南,112.72,33.39,299,2008-09,"伏牛山东缘及桐柏-大别山北坡低山地带,淮河干流及其支流源头区域",Holotype HNNU2302I026; Allotype HNNU2302I025; Paratypes 38 adult specimens,标本,"Shuxuan GAO and Huijun SHEN and Xinyue YANG and Zhuo CHEN and Yinmeng HOU and Xiaohong CHEN (2024). A New Brown Frog of Rana (Amphibia, Anura, Ranidae) from Central China, Henan Province Asian Herpetological Research, 15(4), 265–278 https://doi.org/10.3724/ahr.2095-0357.2024.0030",2024,"Shuxuan GAO, Huijun SHEN, Xinyue YANG, Zhuo CHEN, Yinmeng HOU, Xiaohong CHEN",Asian Herpetological Research,10.3724/ahr.2095-0357.2024.0030
10,113,两栖纲,太行林蛙,Rana taihangensis,太行林蛙,Rana taihangensis,无尾目,Ranidae,蛙科,Rana,蛙属,太行山西南缘,河南,113.0,35.0,,,,"HNNU2104II018 (holotype), HNNU2104II019 (allotype), eighty paratypes",标本,"Huijun SHEN and Mengyu XU and Xinyue YANG and Zhuo CHEN and Nengwen XIAO and Xiaohong CHEN (2022). A New Brown Frog of the Genus Rana (Anura, Ranidae) from North China, with a Taxonomic Revision of the R. chensinensis Species Group Asian Herpetological Research, 13(3), 145–158 https://doi.org/10.16373/j.cnki.ahr.210062",2022,"Huijun SHEN, Mengyu XU, Xinyue YANG, Zhuo CHEN, Nengwen XIAO, Xiaohong CHEN",Asian Herpetological Research,10.16373/j.cnki.ahr.210062
11,122,两栖纲,朝鲜林蛙/韩国林蛙,Rana coreana,昆嵛林蛙,Rana kunyuensis,无尾目,Ranidae,蛙科,Rana,蛙属,山东省胶东半岛昆嵛山,山东,121.74,37.26,400,1997-06,,,照片/影像,"陆宇燕,李丕鹏.山东昆嵛山蛙属林蛙群一新种(两栖纲:无尾目:蛙科)[J].动物分类学报,2002,(1):162-166.",2002,陆宇燕、李丕鹏,动物分类学报,
12,124,爬行纲,庙岛蝮,Gloydius lijianlii,庙岛蝮,Gloydius lijianlii,有鳞目,Viperidae,蝰科,Gloydius,亚洲蝮属,,山东,,,,,,,照片/影像,,2009,江帆、赵尔宓,动物分类学报,
13,131,两栖纲,墨脱棱鼻树蛙,Nasutixalus medogensis,墨脱棱鼻树蛙,Nasutixalus medogensis,无尾目,Rhacophoridae,树蛙科,Nasutixalus,棱鼻树蛙属,墨脱县背崩乡格林,西藏,95.1757,29.2167,1619,2015-04-28,,KIZ 016395,标本,"Ke JIANG and Fang YAN and Kai WANG and Da-Hu ZOU and Cheng LI and Jing CHE (2016). A new genus and species of treefrog from Medog, southeastern Tibet, China (Anura, Rhacophoridae) Zoological Research, 37(1), 15-20 https://doi.org/10.13918/j.issn.2095-8137.2016.1.15",2016,"Ke JIANG, Fang YAN, Kai WANG, Da-Hu ZOU, Cheng LI, Jing CHE",Zoological Research,10.13918/j.issn.2095-8137.2016.1.15
14,134,两栖纲,叶氏掌突蟾,Paramegophrys yeae,叶氏掌突蟾,Leptobrachella yeae,无尾目,Megophryidae,角蟾科,Paramegophrys,掌突蟾属,峨眉山,四川,103.3367,29.5419,,,丘陵常绿林落叶层,,标本,"Shengchao SHI and Yinmeng HOU and Zhaobin SONG and Jianping JIANG and Bin WANG (2021). A New Leaf Litter Toad of Leptobrachella Smith, 1925 (Anura, Megophryidae) from Sichuan Province, China with Supplementary Description of L. oshanensis Asian Herpetological Research, 12(2), 143–166 https://doi.org/10.16373/j.cnki.ahr.200118",2021,"Shengchao SHI, Yinmeng HOU, Zhaobin SONG, Jianping JIANG, Bin WANG",Asian Herpetological Research,10.16373/j.cnki.ahr.200118
15,135,两栖纲,缙云掌突蟾,Paramegophrys jinyunensis,缙云掌突蟾,Paramegophrys jinyunensis,无尾目,Megophryidae,角蟾科,Paramegophrys,掌突蟾属,缙云山,重庆,106.35,29.85,,2022,,,照片/影像,,2023,中国科学院成都生物研究所、重庆自然博物馆、贵州大学,亚洲两栖爬行动物研究,
16,143,两栖纲,,,,Leptobrachella chishuiensis,无尾目,Megophryidae,角蟾科,Leptobrachella,掌突蟾属,赤水,贵州,105.7,28.5833,,,,,照片/影像,"Jian Wang and Shuo Qi and Ke-Yuan Dai and Zhi-Tong Lyu and Zhao-Chi Zeng and Hong-Hui Chen and Yuan-Qiu Li and Yong-You Zhao and Yun-Ze Wang and Ying-Yong Wang (2022). A new Leptobrachella species (Anura, Megophryidae) from South China, with comments on the taxonomic status of L. chishuiensis and L. purpurus Life Science, 98(1) https://doi.org/10.3897/zse.98.73162",2022,,,10.3897/zse.98.73162
17,149,爬行纲,盈江烙铁头蛇,Ovophis jenkinsi,盈江烙铁头蛇,Ovophis jenkinsi,有鳞目,Viperidae,蝰科,Ovophis,烙铁头蛇属,中国云南省盈江县铜壁关乡,云南,97.6581,24.6092,1343,2018-10,热带山地雨林,"IOZ 002679 (holotype), IOZ 002680, YJ201801, YJ201802, YJ201803 (paratypes)",标本,"Xian-Chun Qiu and Jin-Ze Wang and Zu-Yao Xia and Zhong-Wen Jiang and Yan Zeng and Nan Wang and Pi-Peng Li and Jing-Song Shi (2024). A new mountain pitviper of the genus Ovophis Burger in Hoge & Romano-Hoge, 1981 (Serpentes, Viperidae) from Yunnan, China https://doi.org/10.3897/zookeys.1203.119218",2024,"Qiu X-C, Wang J-Z, Xia Z-Y, Jiang Z-W, Zeng Y, Wang N, Li P-P, Shi J-S",ZooKeys,10.3897/zookeys.1203.119218
18,151,两栖纲,福鼎蝾螈,Cynops fudingensis,福鼎瘰螈,Cynops fudingensis,有尾目,Salamandridae,蝾螈科,Cynops,蝾螈属,太姥山附近,福建,120.1667,27.1167,718,2009-04-09,,"CIB 97879 (holotype); CIB 97869–78, 9785 (paratypes)",标本,"YUNKE WU and YUEZHAO WANG and KE JIANG and JAMES HANKEN (2010). A new newt of the genus Cynops (Caudata: Salamandridae) from Fujian Province, southeastern China Zootaxa, 2346, 42–52",2010,"Yunke Wu, Yuezhao Wang, Ke Jiang, James Hanken",Zootaxa,
19,167,,,,孟氏大连蟾,Dalianbatrachus mengi,,Ranidae,盘舌蟾科,Dalianchana,大连蟾属,黄半吉沟,辽宁,120.8335,41.6118,,,义县组下部浅黄色泥岩,DZ001、DZ002,标本,,2023,高春玲、刘金远,世界地质,
20,175,两栖纲,,,,Amolops liangshanensis,无尾目,Ranidae,蛙科,Amolops,湍蛙属,"七里坝,昭觉",四川,102.85,28.05,,,,,照片/影像,"ZHI-TONG LYU, ZHAO-CHI ZENG, HAN WAN, JIAN-HUAN YANG, YU-LONG LI, HONG PANG & YING-YONG WANG (2019). A new species of Amolops (Anura: Ranidae) from China, with taxonomic comments on A. liangshanensis and Chinese populations of A. marmoratus Zootaxa, 4609(2), 247–268 https://doi.org/10.11646/zootaxa.4609.2.3",2019,"Lyu, Zhi-Tong, Wang, Yu-Long",Zootaxa,10.11646/zootaxa.4609.2.3
21,181,两栖纲,,,黄岩疣螈,Tylototriton huangyanensis,有尾目,Salamandridae,蝾螈科,Tylototriton,疣螈属,雪峰山黄岩地区,湖南,110.0667,27.4667,846,2016-04-02,覆盖有枯枝落叶且人迹罕至、靠近水源的陆地;繁殖期进入底部富含腐殖质的清澈水池,201605036,标本,,2020,邓文静、莫小阳,硕士学位论文,
22,212,两栖纲,麻栗坡灌树蛙,Raorchestes malipoensis,麻栗坡小树蛙,Raorchestes malipoensis,无尾目,Rhacophoridae,树蛙科,Raorchestes,灌树蛙属,中国云南省麻栗坡县,云南,104.78,23.182,1496,2019-05-07,云南省麻栗坡县麻栗坡小树蛙新种模式产地生境,"SWFU 3110, SWFU 3113, SWFU 3114, SWFU 3116, SWFU 3111, SWFU 3112, GXNU 000338, GXNU 000339, GXNU 000340, GXNU 000341, GXNU 000342",标本,"Junkai Huang and Xiao Long Liu and Lingyun Du and Justin M. Bernstein and Shuo Liu and Yun Yang and Guohua Yu and Zhengjun Wu (2023). A new species of Bush frog (Anura, Rhacophoridae, Raorchestes) from southeastern Yunnan, China ZooKeys, 1151, 47–65 https://doi.org/10.3897/zookeys.1151.95616",2023,"Huang J, Liu XL, Du L, Bernstein JM, Liu S, Yang Y, Yu G, Wu Z",ZooKeys,10.3897/zookeys.1151.95616
23,216,两栖纲,哀牢湍蛙,Amolops ailao,哀牢湍蛙,Amolops ailao,无尾目,Ranidae,蛙科,Amolops,湍蛙属,哀牢山,云南,101.4977,23.9495,2043,2017-07-17,岩石溪流或瀑布,"GXNU YU000004 (holotype); GXNU YU000001–YU000003, GXNU YU20160273, GXNU YU20160274, KIZ 2022041 (paratypes)",标本,"Shangjing Tang and Tao Sun and Shuo Liu and Sangdi Luo and Guohua Yu and Lina Du (2023). A new species of cascade frog (Anura: Ranidae: Amolops) from central Yunnan, China Zoological Letters, 9, 15 https://doi.org/10.1186/s40851-023-00214-9",2023,"Shangjing Tang, Tao Sun, Shuo Liu, Sangdi Luo, Guohua Yu, Lina Du",Zoological Letters,10.1186/s40851-023-00214-9
24,218,爬行纲,孟连裸趾虎,Cyrtodactylus menglianensis,孟连裸趾虎,Cyrtodactylus menglianensis,有鳞目,Gekkonidae,壁虎科,Cyrtodactylus,裸趾虎属,中国云南省普洱市孟连县,云南,99.5747,22.3364,980,2021-07-19,公园内的喀斯特地貌;附近有栈道和河流的喀斯特森林,"KIZ20210713 (holotype); KIZ20210714, KIZ20210715, KIZ20210716 (paratypes)",标本,"Shuo Liu and Dingqi Rao (2022). A new species of Cyrtodactylus Gray, 1827 (Squamata, Gekkonidae) from southwestern Yunnan, China ZooKeys, 1084, 83–100 https://doi.org/10.3897/zookeys.1084.72868",2022,"Liu, Shuo, Rao, Dingqi",ZooKeys,10.3897/zookeys.1084.72868
25,221,爬行纲,光滑裸趾虎,Cyrtodactylus laevis,光滑弯趾虎,Cyrtodactylus laevis,有鳞目,Gekkonidae,壁虎科,Cyrtodactylus,裸趾虎属,中国西藏自治区林芝市朗县金东乡热村,西藏,93.3457,29.0442,3060,2023-07-16,雅鲁藏布江干热河谷,CIB 121654 (holotype); CIB 121655 (paratype),标本,"Shun Ma and Sheng‐Chao Shi and Tian‐Yu Qian and Lu‐Lu Sui and Bin Wang and Jian‐Ping Jiang (2024). A New Species of Cyrtodactylus tibetanus Group (Reptilia: Squamata: Gekkonidae) from Xizang Autonomous Region, China Animals, 14, 2384 https://doi.org/10.3390/ani14162384",2024,"Shun Ma, Sheng-Chao Shi, Tian-Yu Qian, Lu-Lu Sui, Bin Wang, Jian-Ping Jiang",Animals,10.3390/ani14162384
26,223,爬行纲,西藏裸趾虎,Cyrtodactylus tibetanus,西藏弯趾虎,Cyrtodactylus tibetanus,有鳞目,Gekkonidae,壁虎科,Cyrtodactylus,裸趾虎属,青藏高原雅鲁藏布江流域,西藏,89.5,29.5,,,,,照片/影像,"Shun Ma and Sheng‐Chao Shi and Tian‐Yu Qian and Lu‐Lu Sui and Bin Wang and Jian‐Ping Jiang (2024). A New Species of Cyrtodactylus tibetanus Group (Reptilia: Squamata: Gekkonidae) from Xizang Autonomous Region, China Animals, 14, 2384 https://doi.org/10.3390/ani14162384",2024,"Shun Ma, Sheng-Chao Shi, Tian-Yu Qian, Lu-Lu Sui, Bin Wang, Jian-Ping Jiang",Animals,10.3390/ani14162384
27,238,爬行纲,大渡攀蜥,Diploderma daduense,大渡攀蜥,Diploderma daduense,有鳞目,Agamidae,鬣蜥科,Diploderma,攀蜥属,中国四川省汉源县;中国四川省金口河区;中国四川省峨边县,四川,103.0,29.3,,,中国西部干热河谷地区,"CIB−CB2021227, CIB−CB2021228, CIB−CB2021229, CIB−CB2021230, CIB−CB2021237, CIB−CB2021238, CIB−CB2021239, CIB−CB2021240, CIB−CB2021241, CIB−CB2021242",标本,"Bo Cai and Fengjing Liu and Dong Liang and Mian Hou and Huaming Zhou and Jiayun Zhong and Jing Li and Jiang Chang (2024). A New Species of Diploderma (Squamata, Agamidae) from the Valley of Dadu River in Sichuan Province, with a Redescription of Topotypes of D. splendidum from Hubei Province, China Animals, 14, 1344 https://doi.org/10.3390/ani14091344",2024,"Bo Cai, Fengjing Liu, Dong Liang, Mian Hou, Huaming Zhou, Jiayun Zhong, Jing Li, Jiang Chang",Animals,10.3390/ani14091344
28,239,爬行纲,丽纹攀蜥,Diploderma splendidum,丽纹攀蜥,Diploderma splendidum,有鳞目,Agamidae,鬣蜥科,Diploderma,攀蜥属,中国湖北省宜昌市,湖北,111.285,30.69,,,,,照片/影像,"Bo Cai and Fengjing Liu and Dong Liang and Mian Hou and Huaming Zhou and Jiayun Zhong and Jing Li and Jiang Chang (2024). A New Species of Diploderma (Squamata, Agamidae) from the Valley of Dadu River in Sichuan Province, with a Redescription of Topotypes of D. splendidum from Hubei Province, China Animals, 14, 1344 https://doi.org/10.3390/ani14091344",2024,"Bo Cai, Fengjing Liu, Dong Liang, Mian Hou, Huaming Zhou, Jiayun Zhong, Jing Li, Jiang Chang",Animals,10.3390/ani14091344
29,269,爬行纲,耿马半叶趾虎,Hemiphyllodactylus gengmaensis,耿马半叶趾虎,Hemiphyllodactylus gengmaensis,有鳞目,Gekkonidae,壁虎科,Hemiphyllodactylus,半叶趾虎属,云南省耿马傣族佤族自治县班幸村,云南,98.925,23.517,664,2014-05-15,有缝隙的粗糙餐厅墙壁,"2014002302 (holotype); 2014002297, 2014002298, 2014002299, 2014002300, 2014002301 (paratypes)",标本,"Hongxin Zhou and Shimin Li and Ziqi Shen and Shuo Liu and Dingqi Rao (2024). A new species of Hemiphyllodactylus (Squamata, Gekkonidae) from southwest Yunnan, China https://doi.org/10.3897/zookeys.1197.117359",2024,"Zhou, Hongxin, Li, Shimin, Shen, Ziqi, Liu, Shuo, Rao, Dingqi",ZooKeys,10.3897/zookeys.1197.117359
30,274,两栖纲,,,豫南小鲵,Hynobius yunanicus,有尾目,Hynobiidae,小鲵科,Hynobius,小鲵属,金岗台自然保护区,河南,115.4783,31.6936,380~1100,1999-04,,,标本,"石灵、侯名根、王新卫、陶立奎、陈晓虹 (2011). 河南省金岗台自然保护区两栖动物资源及保护 四川动物, 30(5), 828-830 https://doi.org/10.3969/j.issn.1000-7083.2011.05.042",2011,陈晓虹、瞿文元、牛红星,动物分类学报,10.3969/j.issn.1000-7083.2011.05.042
31,275,两栖纲,叶氏隆肛蛙/叶氏肛刺蛙,Yerana yei,叶氏肛刺蛙,Yeirana yei,无尾目,Dicroglossidae,叉舌蛙科,Yerana,肛刺蛙属,金岗台自然保护区,河南,115.4783,31.6936,380~750,1999-04,,,标本,"石灵、侯名根、王新卫、陶立奎、陈晓虹 (2011). 河南省金岗台自然保护区两栖动物资源及保护 四川动物, 30(5), 828-830 https://doi.org/10.3969/j.issn.1000-7083.2011.05.042",2011,陈晓虹、瞿文元、江建平,两栖爬行动物学研究第9辑,10.3969/j.issn.1000-7083.2011.05.042
32,285,两栖纲,金佛拟小鲵,Pseudohynobius jinfo,金佛山拟小鲵,Pseudohynobius jinfo,有尾目,Hynobiidae,小鲵科,Pseudohynobius,拟小鲵属,重庆市南川县金佛山山区凤凰寺附近的一处泉水池塘,重庆,107.3333,28.8333,2150,2006-05-03,金佛山近山顶南坡凤凰寺附近的山地池塘,"CIB 85290 (holotype); CIB 85291, CIB 85292-85293 (paratypes)",标本,"GANG WEI and JIAN-LI XIONG and MIAN HOU and XIAO-MAO ZENG (2009). A new species of hynobiid salamander (Urodela: Hynobiidae: Pseudohynobius) from Southwestern China Zootaxa, 2149, 62–68",2009,"Gang Wei, Jian-Li Xiong, Mian Hou, Xiao-Mao Zeng",Zootaxa,
33,293,爬行纲,帆背攀蜥,Diploderma vela,帆蜥,Japalura vela,有鳞目,Agamidae,鬣蜥科,Diploderma,攀蜥属,中国西藏自治区东部芒康县曲孜卡,西藏,98.6,29.0833,2370,,澜沧江(湄公河)上游河谷,"Holotype: KIZ013801; Paratypes: KIZ013802, KIZ013813, KIZ013800, KIZ013805–013811",标本,"Kai WANG and Ke JIANG and Gang PAN and Mian HOU and Cameron D. SILER and Jing CHE (2015). A New Species of Japalura (Squamata: Sauria: Agamidae) from Upper Lancang (Mekong) Valley of Eastern Tibet, China Asian Herpetological Research, 6(3), 159–168 https://doi.org/10.16373/j.cnki.ahr.140042",2015,"Kai WANG, Ke JIANG, Gang PAN, Mian HOU, Cameron D. SILER, Jing CHE",Asian Herpetological Research,10.16373/j.cnki.ahr.140042
34,318,两栖纲,杨氏原指树蛙,Kurixalus yangi,杨氏树蛙,Kurixalus yangi,无尾目,Rhacophoridae,树蛙科,Kurixalus,原指树蛙属,那邦,云南,97.5745,24.77,354,2014-06-30,,"KIZ 14102911 (holotype); KIZ 14102901, KIZ 14102902, KIZ 14102904, KIZ 14102905, KIZ 14102906, KIZ 14102908, KIZ 14102912, KIZ 14102913 (paratypes)",标本,"Guohua Yu and Hong Hui and Dingqi Rao and Junxing Yang (2018). A new species of Kurixalus from western Yunnan, China (Anura, Rhacophoridae) ZooKeys, 770, 211–226 https://doi.org/10.3897/zookeys.770.23526",2018,"Yu, Guohua, Hui, Hong, Rao, Dingqi, Yang, Junxing",ZooKeys,10.3897/zookeys.770.23526
35,328,两栖纲,绥阳掌突蟾,Paramegophrys suiyangensis,绥阳掌突蟾,Leptobrachella suiyangensis,无尾目,Megophryidae,角蟾科,Paramegophrys,掌突蟾属,贵州省绥阳县宽阔水自然保护区,贵州,107.0764,28.4805,1501,2018-06-07,宽约1.5米、深约10厘米的溪流及附近保存完好的竹林,"Holotype: GZNU20180606007; Paratypes: GZNU20180606001, GZNU20180606002, GZNU20180606003, GZNU20180606004, GZNU20180606005, GZNU20180606006, GZNU20180606008",标本,"Tao Luo and Ning Xiao and Kai Gao and Jiang Zhou (2020). A new species of Leptobrachella (Anura, Megophryidae) from Guizhou Province, China ZooKeys, 923, 115–140 https://doi.org/10.3897/zookeys.923.47172",2020,"Luo, T., Xiao, N., Gao, K., Zhou, J.",ZooKeys,10.3897/zookeys.923.47172
36,335,爬行纲,,,贵州小头蛇,Oligodon guizhouensis,有鳞目,Colubridae,游蛇科,Oligodon,小头蛇属,雷山县永乐、赤水县蟠龙,贵州,108.2,26.4,900~1500,1975-06-15,山区灌木林下的草地上,7600080,标本,"伍律、李德俊、须润华、黄谋、刘积深 (1978). 贵州爬行动物新纪录及一新种 贵州爬行动物新纪录及一新种, 105",1978,伍律、李德俊、须润华、董谦、刘积深,动物学报,
37,354,两栖纲,广西琴蛙,Nidirana guangxiensis,广西琴蛙,Nidirana guangxiensis,无尾目,Ranidae,蛙科,Nidirana,琴蛙属,大明山,广西,108.437,23.5156,1260,2020-07-07,"大明山顶的高山沼泽及其邻近灌丛,周围为亚热带常绿阔叶林","Holotype: NHMG 202007003; Paratypes: NHMG 202007001–002, 202007004–005, 202007007–015, 202007019–020, SYS a008811–8813/NHMG 202008003–005",标本,"Zhi-Tong Lyu and Zhong Huang and Xiao-Wen Liao and Li Lin and Yong Huang and Ying-Yong Wang and Yun-Ming Mo (2021). A new species of Music frog (Anura, Ranidae, Nidirana) from Mt Daming, Guangxi, China ZooKeys, 1059, 35–56 https://doi.org/10.3897/zookeys.1059.68140",2021,"Lyu Z-T, Huang Z, Liao X-W, Lin L, Huang Y, Wang Y-Y, Mo Y-M",ZooKeys,10.3897/zookeys.1059.68140
38,355,两栖纲,华夏齿突蟾,Scutiger feiliangi,华夏齿突蟾,Scutiger feiliangi,无尾目,Megophryidae,角蟾科,Scutiger,齿突蟾属,白云山国家森林公园玉皇顶林场,河南,111.8336,33.6436,1882,2020-05,山区溪流旁多苔藓的阴湿环境石块下,SYAU BAA000040,标本,周圣博、关萍、史静耸 (2023) 动物学杂志 10.13859/j.cjz.202305001,2023,周圣博、关萍、史静耸,动物学杂志,10.13859/j.cjz.202305001
39,383,两栖纲,,,,Nanorana arunachalensis,无尾目,Dicroglossidae,叉舌蛙科,Nanorana,倭蛙属,,,,,,,,,照片/影像,"Shangjing Tang and Shuo Liu and Guohua Yu (2023). A New Species of Nanorana (Anura: Dicroglossidae) from Northwestern Yunnan, China, with Comments on the Taxonomy of Nanorana arunachalensis and Allopaa Animals, 13, 3427 https://doi.org/10.3390/ani13213427",2023,"Shangjing Tang, Shuo Liu, Guohua Yu",Animals,10.3390/ani13213427
40,386,两栖纲,雪林棘蛙,Nanorana xuelinensis,雪林棘蛙,Nanorana xuelinensis,无尾目,Dicroglossidae,叉舌蛙科,Nanorana,倭蛙属,中国云南省普洱市澜沧县雪林乡,云南,99.5431,23.0439,1840,2019-07-13,,"KIZL2019016 (holotype); KIZL2019012, KIZL2019015, KIZL2019013, KIZL2019014, KIZL2019017 (paratypes)",标本,"Shuo Liu and Peisong Zhang and Dingqi Rao (2021). A new species of Nanorana Günther, 1896 (Anura, Dicroglossidae) from Yunnan, China ZooKeys, 1048, 49–67 https://doi.org/10.3897/zookeys.1048.65620",2021,"Liu, Shuo, Zhang, Peisong, Rao, Dingqi",ZooKeys,10.3897/zookeys.1048.65620
41,391,两栖纲,桂北琴蛙,Nidirana guibeiensis,桂北琴蛙,Nidirana guibeiensis,无尾目,Ranidae,蛙科,Nidirana,琴蛙属,中国广西北部,广西,110.6882,25.975,300,2022-05-08,海拔300–1300米的稻田或静水池塘,"NNU 00771 (holotype); NNU 00769–770, 772–773, 00694, 00810, 00864–867, 00917–919 (paratypes)",标本,"Wei-Cai Chen and Jian-Ping Ye and Wan-Xiao Peng and Peng Li and Tong-Ping Su and Gui-Dong Yu and Zhi-Ying Cheng (2022). A new species of Nidirana (Anura, Ranidae) from northern Guangxi, China ZooKeys, 1135, 119–137 https://doi.org/10.3897/zookeys.1135.94371",2022,"Chen W-C, Ye J-P, Peng W-X, Li P, Su T-P, Yu G-D, Cheng Z-Y",ZooKeys,10.3897/zookeys.1135.94371
42,393,两栖纲,桑植臭蛙,Odorrana sangzhiensis,桑植臭蛙,Odorrana sangzhiensis,无尾目,Ranidae,蛙科,Odorrana,臭蛙属,中国湖南省张家界市桑植县,湖南,110.5791,29.6485,540,2019-07-30,"峡谷溪流;栖息于溪流旁岩石上;常绿与落叶混交林,优势乔木为长梗榆、栲树、猴欢喜,灌木为悬叶苎麻、蚊母树,草本为中华楼梯草、异毛马蓝、五节芒","Holotype: CSUFT 4308220051; Paratypes: CSUFT 4308220046, CSUFT 4308220047, CSUFT 4308220048, CSUFT 4308220049",标本,"Bing Zhang and Yuan Li and Ke Hu and Pipeng Li and Zhirong Gu and Nengwen Xiao and Daode Yang (2021). A new species of Odorrana (Anura, Ranidae) from Hunan Province, China ZooKeys, 1024, 91–115 https://doi.org/10.3897/zookeys.1024.56399",2021,"Zhang, Bing, Li, Yuan, Hu, Ke, Li, Pipeng, Gu, Zhirong, Xiao, Nengwen, Yang, Daode",ZooKeys,10.3897/zookeys.1024.56399
43,398,两栖纲,虚竹小鲵,Hynobius bambusicolus,虚竹小鲵,Hynobius bambusicolus,有尾目,Hynobiidae,小鲵科,Hynobius,小鲵属,,,,,,,,,照片/影像,冯金英、王鹤霖、王臻祺、钟鸿辉、林清贤、周晓平 (2025) 动物学杂志 10.13859/j.cjz.202525007,2025,冯金英、王鹤霖、王臻祺、钟鸿辉、林清贤、周晓平,,10.13859/j.cjz.202525007
44,427,两栖纲,茂兰瘰螈,Paramesotriton maolanensis,茂兰瘰螈,Paramesotriton maolanensis,有尾目,Salamandridae,蝾螈科,Paramesotriton,瘰螈属,贵州省荔波县茂兰国家级自然保护区翁昂,贵州,107.8833,25.6667,,,,GZNU 2006030001 (holotype); five specimens examined,标本,"XIAOMING GU and RONGRONG CHEN and YINGZHOU TIAN and SONG LI and JINGCHENG RAN (2012). A new species of Paramesotriton (Caudata: Salamandridae) from Guizhou Province, China Zootaxa, 3510, 41–52",2012,"Xiaoming Gu, Rongrong Chen, Yingzhou Tian, Song Li, Jingcheng Ran",Zootaxa,
45,429,两栖纲,大别山林蛙,Rana dabieshanensis,大别山蛙,Rana dabieshanensis,无尾目,Ranidae,蛙科,Rana,蛙属,中国安徽省岳西县鹞落坪国家级自然保护区,安徽,116.07,30.9714,1150,2015-08,,"AHU2016R001 (holotype); AHU2016R002, AHU2016R003, AHU2016R004, AHU2016R005, AHU2016R00",标本,"Chencheng Wang and Lifu Qian and Chenling Zhang and Weibo Guo and Tao Pan and Jun Wu and Hui Wang and Baowei Zhang (2017). A new species of Rana from the Dabie Mountains in eastern China (Anura, Ranidae) ZooKeys, 724, 135–153 https://doi.org/10.3897/zookeys.724.19383",2017,"Wang, Chencheng, Qian, Lifu, Zhang, Chenling, Guo, Weibo, Pan, Tao, Wu, Jun, Wang, Hui, Zhang, Baowei",ZooKeys,10.3897/zookeys.724.19383
46,433,爬行纲,右江腹链蛇,Hebius youjiangensis,右江腹链蛇,Hebius youjiangensis,有鳞目,Colubridae,游蛇科,Hebius,东亚腹链蛇属,,,,,,,,,照片/影像,徐宇浩、吴家祥、龚宴安、侯勉、梁晟铭、彭丽芳 (2024) 动物学杂志 10.13859/j.cjz.202424028,2024,徐宇浩、吴家祥、龚宴安、侯勉、梁晟铭、彭丽芳,,10.13859/j.cjz.202424028
47,459,两栖纲,那坡树蛙,Rhacophorus napoensis,那坡树蛙,Rhacophorus napoensis,无尾目,Rhacophoridae,树蛙科,Rhacophorus,树蛙属,中国广西壮族自治区百色市那坡县,广西,105.8494,23.0222,1032,2019-03-25,灌木丛中靠近几块大岩石处,"Holotype: GXNU YU000172; Paratypes: GXNU YU000169, GXNU YU000170, GXNU YU000171, GXNU YU000173",标本,"Jing Li and Shuo Liu and Guohua Yu and Tao Sun (2022). A new species of Rhacophorus (Anura, Rhacophoridae) from Guangxi, China ZooKeys, 1117, 123–138 https://doi.org/10.3897/zookeys.1117.85787",2022,"Li, Jing, Liu, Shuo, Yu, Guohua, Sun, Tao",ZooKeys,10.3897/zookeys.1117.85787
48,477,两栖纲,腾冲齿突蟾,Scutiger tengchongensis,腾冲齿蟾,Scutiger tengchongensis,无尾目,Megophryidae,角蟾科,Scutiger,齿突蟾属,"高黎贡山国家级自然保护区,寻马河源头小天河水文站",云南,98.7502,25.5679,3000,2017-06-17,山地溪流区域,"SYS a005793 (holotype); SYS a005794–5797 (paratypes); SYS a005798a–b, SYS a005799–5801 (non-type material)",标本,"Jian-Huan Yang and Xiang-Yuan Huang (2017). A New Species of Scutiger (Anura: Megophryidae) from the Gaoligongshan Mountain Range, China https://doi.org/10.1643/CH-17-661",2017,"Jian-Huan Yang, Xiang-Yuan Huang","A New Species of Scutiger (Anura: Megophryidae) from the Gaoligongshan Mountain Range, China",10.1643/CH-17-661
49,488,两栖纲,孟定湍蛙,Amolops mengdingensis,勐定湍蛙,Amolops mengdingensis,无尾目,Ranidae,蛙科,Amolops,湍蛙属,中国云南省耿马县勐定乡,云南,99.1539,23.463,1040,2017-07-20,,"KIZ 20160266 (holotype); KIZ 20160265, KIZ 20160317, KIZ 20160318, KIZ 20160321–20160323 (paratypes)",标本,"GUOHUA YU, ZHENGJUN WU & JUNXING YANG (2019). A new species of the Amolops monticola group (Anura: Ranidae) from southwestern Yunnan, China Zootaxa, 4577(3), 548–560 https://doi.org/10.11646/zootaxa.4577.3.8",2019,"Guohua Yu, Zhengjun Wu, Junxing Yang",Zootaxa,10.11646/zootaxa.4577.3.8
50,502,两栖纲,赤水掌突蟾,Paramegophrys chishuiensis,赤水掌突蟾,Leptobrachella chishuiensis,无尾目,Megophryidae,角蟾科,Paramegophrys,掌突蟾属,中国贵州省赤水市赤水国家级自然保护区,贵州,105.9978,28.4367,465,2019-05-18,溪流附近的竹林,"Holotype: CIBCS20190518047; Paratypes: CIBCS20190518046, CIBCS20190518048, CIBCS20190518049, CIBCS20190518042, CIBCS20190518043, CIBCS20190518044, CIBCS20190518045",标本,"Shi-Ze Li and Jing Liu and Gang Wei and Bin Wang (2020). A new species of the Asian leaf litter toad genus Leptobrachella (Amphibia, Anura, Megophryidae) from southwest China ZooKeys, 943, 91–118 https://doi.org/10.3897/zookeys.943.51572",2020,"Li, Shi-Ze, Liu, Jing, Wei, Gang, Wang, Bin",ZooKeys,10.3897/zookeys.943.51572
51,511,两栖纲,河谷舌突蛙,Liurana vallecula,谷氏刘树蛙,Liurana vallecula,无尾目,Ceratobatrachidae,亚洲角蛙科,Liurana,舌突蛙属,西藏墨脱县背崩乡西让附近雅鲁藏布江边,西藏,95.0057,29.1776,550,2016-04-17,热带雨林,KIZ014083,标本,"Ke Jiang and Kai Wang and Yu-Fan Wang and Cheng Li and Jing Che (2018). A new species of the endemic Himalayan genus Liurana (Anura, Ceratobatrachidae) from southeastern Tibet, China, with comments on the distribution, reproductive biology, and conservation of the genus ZOOLOGICAL RESEARCH https://doi.org/10.24272/j.issn.2095-8137.2019.025",2018,"Ke Jiang, Kai Wang, Yu-Fan Wang, Cheng Li, Jing Che",Zoological Research,10.24272/j.issn.2095-8137.2019.025
52,539,两栖纲,,,,Fejervarya limnocharis,无尾目,Dicroglossidae,叉舌蛙科,Fejervarya,陆蛙属,,,,,,,,,照片/影像,"Hon Tjong Djong, Masafumi Matsui, Mitsuru Kuramoto, Midori Nishioka and Masayuki Sumida (2011). A New Species of the Fejervarya limnocharis Complex from Japan (Anura, Dicroglossidae) Zoological Science, 28(12), 922-929 https://doi.org/10.2108/zsj.28.922",2011,"Hon Tjong Djong, Masafumi Matsui, Mitsuru Kuramoto, Midori Nishioka, Masayuki Sumida",Zoological Science,10.2108/zsj.28.922
53,542,两栖纲,炳灵角蟾,Boulenophrys binlingensis,炳灵角蟾梵净山亚种,Megophrys binlingensis fanjingshanensis,无尾目,Megophryidae,角蟾科,Boulenophrys,布角蟾属,黑湾河,贵州,108.7653,27.8306,900,2010-06,小溪旁,trxy01,标本,张雷、梁琍、冉辉、沈正雄 (2012) 动物学杂志,2012,张雷、梁琍、冉辉、沈正雄,动物学杂志,
54,553,爬行纲,刘氏棘蜥,Acanthosaura liui,刘氏棘蜥,Acanthosaura liui,有鳞目,Agamidae,鬣蜥科,Acanthosaura,棘蜥属,云南省红河哈尼族彝族自治州建水县,云南,102.8333,23.6333,,2020-05-17,河边树木上,"KIZL2020001 (holotype); KIZL2020002, KIZL2020003, KIZL2020004 (paratypes)",标本,"Shuo Liu and Mian Hou and Mingzhong Mo and Dingqi Rao (2020). A new species of the genus Acanthosaura (Squamata, Agamidae) from Yunnan, China, with comments on its conservation status ZooKeys, 959, 113–135 https://doi.org/10.3897/zookeys.959.54601",2020,"Liu, Shuo, Hou, Mian, Mo, Mingzhong, Rao, Dingqi",ZooKeys,10.3897/zookeys.959.54601
55,565,两栖纲,邛崃原指树蛙,Kurixalus qionglaiensis,邛崃原指树蛙,Kurixalus qionglainesis,无尾目,Rhacophoridae,树蛙科,Kurixalus,原指树蛙属,,四川,,,,,,,照片/影像、野外观察,郭淳鹏、钟茂君、汪晓意、胡军华 (2024) 动物学杂志 10.13859/j.cjz.202421187,2024,郭淳鹏、钟茂君、汪晓意、胡军华,,10.13859/j.cjz.202421187
56,571,爬行纲,铜壁关棘蜥,Acanthosaura tongbiguanensis,铜壁关棘蜥,Acanthosaura tongbiguanensis,有鳞目,Agamidae,鬣蜥科,Acanthosaura,棘蜥属,铜壁关乡,云南,97.5839,24.6142,1170.24,,,"KIZL201804 (holotype); KIZL201801, KIZL201802, KIZL201803, KIZL201805, 74I0039, 74I0040 (paratypes)",标本,"Shuo Liu and Dingqi Rao (2019). A new species of the genus Acanthosaura from Yunnan, China (Squamata, Agamidae) ZooKeys, 888, 105–132 https://doi.org/10.3897/zookeys.888.38491",2019,"Liu, Shuo, Rao, Dingqi",ZooKeys,10.3897/zookeys.888.38491
57,581,两栖纲,杨氏湍蛙,Amolops yangi,杨氏湍蛙,Amolops yangi,无尾目,Ranidae,蛙科,Amolops,湍蛙属,中国云南省怒江傈僳族自治州泸水市俄嘎;福贡县鹿马登乡亚坪公路,云南,98.7504,26.4374,2451,2021-08-07,岩石急流溪岸或沿急流溪边灌木上(距地面约0.5米);海拔2500至3500米的高山地区,"Holotype: KIZ 038643; Paratypes: KIZ 038645, KIZ 050788",标本,"Yun-He Wu and Zhong-Bin Yu and Chen-Qi Lu and Yin-Peng Zhang and Wen-Jie Dong and Xiao-Long Liu and Felista Kasyoka Kilunda and Yun Xiong and Yun-Fang Jiang and Hong Ouyang and Zhong-Xiong Fu and Yun-Biao He and Zhi-Yong Yuan and Jing Che (2024). A new species of the genus Amolops (Amphibia: Ranidae) and the first national record of Amolops vitreus from China Vertebrate Zoology, 74, 343–357 https://doi.org/10.3897/vz.74.e108013",2024,"Wu, Yun-He, Yu, Zhong-Bin, Lu, Chen-Qi, Zhang, Yin-Peng, Dong, Wen-Jie, Liu, Xiao-Long, Kilunda, Felista Kasyoka, Xiong, Yun, Jiang, Yun-Fang, Ouyang, Hong, Fu, Zhong-Xiong, He, Yun-Biao, Yuan, Zhi-Yong, Che, Jing",Vertebrate Zoology,10.3897/vz.74.e108013
58,597,两栖纲,稻城山溪鲵,Batrachuperus daochengensis,道城山溪鲵,Batrachuperus daochengensis,有尾目,Hynobiidae,小鲵科,Batrachuperus,山溪鲵属,四川省道城县桑堆镇2公里处;乡城县沙贡乡,四川,100.1102,29.189,4000,2002-05-08,山涧溪流,"CIB108172 (holotype); CIB83584, CIB83588, CIB83589, CIB83590, CIB83591, CIB99969, CIB99971, CIB99979, CIB99980, CIB99993, CIB99994, CIB108180 (paratypes)",标本,Fu & Zeng (2008). A new species of the genus Batrachuperus (Urodela: Hynobiidae) from Southwestern China https://doi.org/10.24272/j.issn.2095-8137.2020.129,2008,,,10.24272/j.issn.2095-8137.2020.129
59,602,爬行纲,若尔盖锦蛇,Elaphe zoigeensis,若尔盖锦蛇,Elaphe zoigeensis,有鳞目,Colubridae,游蛇科,Elaphe,锦蛇属,中国四川省若尔盖县降扎温泉,四川,102.7133,34.205,3200,2010-07-26,温泉口附近大石上晒太阳;溪流边砾石地;溪流旁小土洞,"HUM20110001 (holotype), HUM20110002–3 (paratypes)",标本,"Song HUANG and Li DING and Frank T. BURBRINK and Jun YANG and Jietang HUANG and Chen LING and Xin CHEN and Yaping ZHANG (2012). A New Species of the Genus Elaphe (Squamata: Colubridae) from Zoige County, Sichuan, China Asian Herpetological Research, 3(1), 38–45 https://doi.org/10.3724/SP.J.1245.2012.00038",2012,"Song HUANG, Li DING, Frank T. BURBRINK, Jun YANG, Jietang HUANG, Chen LING, Xin CHEN, Yaping ZHANG",Asian Herpetological Research,10.3724/SP.J.1245.2012.00038
60,604,两栖纲,康县隆肛蛙,Feirana kangxianensis,康县费氏蛙,Feirana kangxianensis,无尾目,Dicroglossidae,叉舌蛙科,Feirana,隆肛蛙属,甘肃省康县,甘肃,105.6,33.3333,,,,,标本,"Xin YANG and Bin WANG and Junhua HU and Jianping JIANG (2011). A New Species of the Genus Feirana (Amphibia: Anura: Dicroglossidae) from the Western Qinling Mountains of China Asian Herpetological Research, 2(2), 72-86 https://doi.org/10.3724/SP.J.1245.2011.00072",2011,"Xin YANG, Bin WANG, Junhua HU, Jianping JIANG",Asian Herpetological Research,10.3724/SP.J.1245.2011.00072
61,612,两栖纲,丽水角蟾,Boulenophrys lishuiensis,丽水角蟾,Boulenophrys lishuiensis,无尾目,Megophryidae,角蟾科,Boulenophrys,布角蟾属,,,,,,,,,照片/影像,赵玉瑞、朱滨清、高朔、王乐、吴延庆 (2023) 动物学杂志 Chinese Journal of Zoology 10.13859/j.cjz.202304013,2023,赵玉瑞、朱滨清、高朔、王乐、吴延庆,,10.13859/j.cjz.202304013
62,613,爬行纲,大别山壁虎,Gekko kaiyai,凯崖壁虎,Gekko kaiyai,有鳞目,Gekkonidae,壁虎科,Gekko,壁虎属,"大别山,安徽与河南交界处",安徽、河南,115.8,31.2,,,墙壁、岩石和树木,SYSr001185,标本,"Caiwen Zhang and Afang Wu and Bo Cai and Lanrong Wang and Dapeng Pang and Haohao Ma and Lei Yu and Xiangyang Li and Hua Huang and Lin Zeng and Li Li and Jie Yan and Peng Li and Baowei Zhang (2023). A New Species of the Genus Gekko (Squamata: Sauria: Gekkonidae) from the Dabie Mountains, China Animals, 13, 3796 https://doi.org/10.3390/ani13243796",2023,"Caiwen Zhang, Afang Wu, Bo Cai, Lanrong Wang, Dapeng Pang, Haohao Ma, Lei Yu, Xiangyang Li, Hua Huang, Lin Zeng, Li Li, Jie Yan, Peng Li, Baowei Zhang",Animals,10.3390/ani13243796
63,629,两栖纲,祁门大鲵,Andrias cheni,祁门大鲵,Andrias cheni,有尾目,Cryptobranchidae,隐鳃鲵科,Andrias,大鲵属,凫峰镇,安徽,117.95,29.85,200,1989,"溪流中,成年个体常栖息于洞穴中",HSA18037,标本,龚宴安、许竟成、黄松、黄汝怡、李佳琦、江永强、杨典成、余婧、章艺、李文静 (2023) 动物学杂志 Chinese Journal of Zoology 10.13859/j.cjz.202305002,2023,龚宴安、许竟成、黄松、黄汝怡、李佳琦、江永强、杨典成、余婧、章艺、李文静,动物学杂志 Chinese Journal of Zoology,10.13859/j.cjz.202305002
64,631,两栖纲,贵州拟小鲵,Pseudohynobius guizhouensis,贵州拟小鲵,Pseudohynobius guizhouensis,有尾目,Hynobiidae,小鲵科,Pseudohynobius,拟小鲵属,,贵州,,,,,,,照片/影像,,,李松、田应洲、谷晓明,,10.13859/j.cjz.201801001
65,633,两栖纲,,,云雾山拟小鲵,Pseudohynobius yunwuensis,有尾目,Hynobiidae,小鲵科,Pseudohynobius,拟小鲵属,,,,,,,,,照片/影像,,,Wu Y K、Jiang K、Hanken J,,10.13859/j.cjz.201801001
66,635,两栖纲,瑶山肥螈,Pachytriton inexpectatus,肥螈,Pachytriton inexpectatus,有尾目,Salamandridae,蝾螈科,Pachytriton,肥螈属,,广西,,,,,,,照片/影像,,,Nishikawa K、Jiang J P、Matsui M等,,10.13859/j.cjz.201801001
67,636,两栖纲,费氏肥螈,Pachytriton feii,费氏肥螈,Pachytriton feii,有尾目,Salamandridae,蝾螈科,Pachytriton,肥螈属,,,,,,,,,照片/影像,,,Nishikawa K、Matsui M、Jiang J P,,10.13859/j.cjz.201801001
68,641,两栖纲,丽水树蛙,Zhangixalus lishuiensis,丽水树蛙,Rhacophorus lishuiensis,无尾目,Rhacophoridae,树蛙科,Zhangixalus,张树蛙属,葑垟林场,浙江,119.8173,28.1977,1100,2016-04-02,常绿落叶混交林下高山湿地,WYF11032,标本,刘宝权、王聿凡、蒋珂、陈宏满、周佳俊、许济南、吴丞昊 (2017) 动物学杂志 10.13859/j.cjz.201703001,2017,刘宝权、王聿凡、蒋珂、陈宏满、周佳俊、许济南、吴丞昊,动物学杂志,10.13859/j.cjz.201703001
69,647,爬行纲,广西壁虎,Gekko kwangsiensis,广西壁虎,Gekko kwangsiensis,有鳞目,Gekkonidae,壁虎科,Gekko,壁虎属,中国广西壮族自治区南宁市武鸣县,广西,108.28,23.15,340,2013-07-10,次生林边缘的喀斯特岩石,KFBG 14076 (holotype); KFBG 14074–14079 (paratypes),标本,"JIAN-HUAN YANG (2015). A new species of the genus Gekko Laurenti (Squamata: Sauria: Gekkonidae) from Guangxi, China Zootaxa, 3936(2), 287–295 https://doi.org/10.11646/zootaxa.3936.2.9",2015,Jian-Huan Yang,Zootaxa,10.11646/zootaxa.3936.2.9
70,649,两栖纲,井冈纤树蛙,Gracixalus jinggangensis,井冈山纤树蛙,Gracixalus jinggangensis,无尾目,Rhacophoridae,树蛙科,Gracixalus,纤树蛙属,井冈山荆竹山地区,江西,114.0758,26.4913,1208,2014-07-28,,"SYS a004811 (holotype); SYS a004096, a004095, a004806, a004805, a004807, a004809, a004810, a004812, a003186 (paratypes and other material)",标本,"ZHAO-CHI ZENG and JIAN ZHAO and CHUN-QUAN CHEN and GUO-LING CHEN and ZHONG ZHANG & YING-YONG WANG (2017). A new species of the genus Gracixalus (Amphibia: Anura: Rhacophoridae) from Mount Jinggang, southeastern China Zootaxa, 4250(2), 171–185 https://doi.org/10.11646/zootaxa.4250.2.3",2017,"Zhao-Chi Zeng, Jian Zhao, Chun-Quan Chen, Guo-Ling Chen, Zhong Zhang, Ying-Yong Wang",Zootaxa,10.11646/zootaxa.4250.2.3
71,654,两栖纲,弄岗纤树蛙,Gracixalus nonggangensis,弄岗纤树蛙,Gracixalus nonggangensis,无尾目,Rhacophoridae,树蛙科,Gracixalus,纤树蛙属,"弄岗国家级自然保护区,靠近中越边境",广西,106.9523,22.5233,216,2008-09-07,常绿喀斯特森林,"NHMG200809044 (holotype); NHMG200809043, NHMG20091001, NHMG20091003, NHMG20091009–10, NHMG20091002, NHMG201005008, NHMG111024, NHMG1005046, NHMG111025 (paratypes)",标本,"YUNMING MO, WEI ZHANG, YU LUO, SHICHU ZHOU & WEICAI CHEN (2013). A new species of the genus Gracixalus (Amphibia: Anura: Rhacophoridae) from Southern Guangxi, China Zootaxa, 3616(1), 61–72 https://doi.org/10.11646/zootaxa.3616.1.5",2013,"Yunming Mo, Wei Zhang, Yu Luo, Shichu Zhou, Weicai Chen",Zootaxa,10.11646/zootaxa.3616.1.5
72,662,爬行纲,盈江腹链蛇,Hebius citrinoventer,盈江腹链蛇,Hebius citrinoventer,有鳞目,Colubridae,游蛇科,Hebius,东亚腹链蛇属,中国云南省德宏傣族景颇族自治州盈江县铜壁关乡,云南,97.6575,24.6085,1300,,保存完好的季雨林生境,"ANU20230016 (holotype), QHU2024005 (paratype)",标本,"Yu-Hao Xu and Dian-Cheng Yang and Yan-An Gong and Kai-Chen Ouyang and Shi-Yang Weng and Jun-Dong Deng and Song Huang and Li-Fang Peng (2024). A new species of the genus Hebius (Squamata, Natricidae) from Yunnan, China ZooKeys https://doi.org/10.3897/zookeys.1206.123841",2024,"Xu, Yu-Hao, Yang, Dian-Cheng, Gong, Yan-An, Ouyang, Kai-Chen, Weng, Shi-Yang, Deng, Jun-Dong, Huang, Song, Peng, Li-Fang",ZooKeys,10.3897/zookeys.1206.123841
73,672,爬行纲,白眉腹链蛇,Hebius boulengeri,白眉腹链蛇,Hebius boulengeri,有鳞目,Colubridae,游蛇科,Hebius,东亚腹链蛇属,中国广东东部泰雍,广东,115.5,23.5,,,,,照片/影像,"Shuo Liu and JiShan Wang and Mian Hou and Liang Zhang and Qiaoyan Wang and Chunmiao Zong and Jiang Zhou and Dingqi Rao and Patrick David and Gernot Vogel (2025). A new species of the genus Hebius (Squamata, Natricidae), previously confused with H. boulengeri (Gressitt, 1937) Yunnan Xishuangbanna National Nature https://doi.org/10.3897/zookeys.1254.161130",2025,"Liu, Shuo, Wang, JiShan, Hou, Mian, Zhang, Liang, Wang, Qiaoyan, Zong, Chunmiao, Zhou, Jiang, Rao, Dingqi, David, Patrick, Vogel, Gernot",ZooKeys,10.3897/zookeys.1254.161130
74,673,爬行纲,单氏腹链蛇,Hebius shantianfangi,单氏腹链蛇,Hebius shantianfangi,有鳞目,Colubridae,游蛇科,Hebius,东亚腹链蛇属,西双版纳州和普洱市,云南,100.9,22.8,,,,four specimens,标本,"Shuo Liu and JiShan Wang and Mian Hou and Liang Zhang and Qiaoyan Wang and Chunmiao Zong and Jiang Zhou and Dingqi Rao and Patrick David and Gernot Vogel (2025). A new species of the genus Hebius (Squamata, Natricidae), previously confused with H. boulengeri (Gressitt, 1937) Yunnan Xishuangbanna National Nature https://doi.org/10.3897/zookeys.1254.161130",2025,"Liu, Shuo, Wang, JiShan, Hou, Mian, Zhang, Liang, Wang, Qiaoyan, Zong, Chunmiao, Zhou, Jiang, Rao, Dingqi, David, Patrick, Vogel, Gernot",ZooKeys,10.3897/zookeys.1254.161130
75,674,两栖纲,冷泉原指树蛙,Kurixalus lenquanensis,冷泉树蛙,Kurixalus lenquanensis,无尾目,Rhacophoridae,树蛙科,Kurixalus,原指树蛙属,云南省蒙自市冷泉村,云南,103.3761,23.2144,1622,2015-06-20,山地灌丛植被;干水坑旁的果园;水库附近的植被,"KIZ 170180Y (holotype); KIZ 170175Y–170179Y, KIZ 170181Y–170186Y, KISD 1506203–1506204 (paratypes)",标本,"Guohua Yu and Jishan Wang and Mian Hou and Dingqi Rao and Junxing Yang (2017). A new species of the genus Kurixalus from Yunnan, China (Anura, Rhacophoridae) ZooKeys, 694, 71–93 https://doi.org/10.3897/zookeys.694.12785",2017,"Yu, Guohua, Wang, Jishan, Hou, Mian, Rao, Dingqi, Yang, Junxing",ZooKeys,10.3897/zookeys.694.12785
76,680,两栖纲,,,大瑶山掌突蟾,Leptobrachella dayaoshanensis,无尾目,Megophryidae,角蟾科,Leptobrachella,掌突蟾属,广西金秀县大瑶山国家级自然保护区,广西,110.213,24.153,1132,2021-03-12,海拔1000至1600米的常绿林,"Holotype: NNU 20210318; Paratypes: NNU 20210319–26, NNU 20210328–33 (14 adult males), NNU 20210327 (1 adult female)",标本,"Gui-Dong Yu and Kun Qin and Tao Meng and Peng Li and Wan-Xiao Peng and Wei-Cai Chen (2024). A new species of the genus Leptobrachella (Amphibia, Anura, Megophryidae) from Dayaoshan National Nature Reserve, Guangxi, China Dayaoshan National Nature https://doi.org/10.3897/zookeys.1219.121027",2024,"Yu, Gui-Dong, Qin, Kun, Meng, Tao, Li, Peng, Peng, Wan-Xiao, Chen, Wei-Cai",ZooKeys,10.3897/zookeys.1219.121027
77,682,两栖纲,大容山掌突蟾,Leptobrachella darongshanensis,大容山掌突蟾,Leptobrachella darongshanensis,无尾目,Megophryidae,角蟾科,Leptobrachella,掌突蟾属,中国广西玉林市大容山自然保护区,广西,110.202,22.868,1048,,山地常绿森林,NNU 001390 (holotype); other specimens deposited at NNU,标本,"Wei-Cai Chen and Yong-Jian Bei and Peng Li (2025). A new species of the genus Leptobrachella (Amphibia, Anura, Megophryidae) from the Darongshan Nature Reserve, Guangxi, China Darongshan Nature https://doi.org/10.3897/zookeys.1260.161514",2025,"Chen, Wei-Cai, Bei, Yong-Jian, Li, Peng",ZooKeys,10.3897/zookeys.1260.161514
78,691,两栖纲,饶氏原指树蛙,Kurixalus raoi,饶氏原指树蛙,Kurixalus raoi,无尾目,Rhacophoridae,树蛙科,Kurixalus,原指树蛙属,贵州西南自治州清水河自然保护区,贵州,104.95,25.3,1290,2019-05-13,,"Holotype: GXNU YU140145; Paratypes: GXNU YU140141, GXNU YU140143, GXNU YU140144, GXNU YU140146–YU140148, GXNU YU1406033, GXNU YU20160078",标本,"Unknown Author A new species of Kurixalus (Anura, Rhacophoridae) from Guizhou, China https://doi.org/10.24272/j.issn.2095-8137.2020.311",,,,10.24272/j.issn.2095-8137.2020.311
79,692,两栖纲,大明山掌突蟾,Paramegophrys damingshanensis,大明山掌突蟾,Leptobrachella damingshanensis,无尾目,Megophryidae,角蟾科,Paramegophrys,掌突蟾属,中国广西壮族自治区武鸣县大明山国家级自然保护区,广西,108.436,23.471,1145,2021-04-25,山地常绿阔叶林,NNU202103281 (holotype); NNU202103282–3 (paratypes),标本,"Wang, Li, Liu, Wei, Wang (2021). A new species of Leptobrachella (Anura: Megophryidae) from central Guangxi, China https://doi.org/10.24272/j.issn.2095-8137.2021.179",2021,"Wei-Cai Chen, Gui-Dong Yu, Zhi-Ying Cheng, Tao Meng, Hai Wei, Guang-Yong Zhou, Yan-Wu Lu",Zoological Research,10.24272/j.issn.2095-8137.2021.179
80,693,爬行纲,山地攀蜥,Diploderma swild,斯氏龙蜥,Diploderma swild,有鳞目,Agamidae,鬣蜥科,Diploderma,攀蜥属,中国四川省攀枝花市盐边县红宝村,四川,101.558,27.104,2318,,雅砻江下游流域的宏观与微观生境,"KIZ 034912 (holotype); CIB 1871/105074, KIZ 034913, KIZ 040125, KIZ 040149 (paratypes)",标本,"Unknown Author (2019). A new species of Mountain Dragon (Reptilia: Agamidae: Diploderma) from the D. dymondi complex in southern Sichuan Province, China Zoological Research, 40(5), 456-465 https://doi.org/10.24272/j.issn.2095-8137.2019.034",2019,,Zoological Research,10.24272/j.issn.2095-8137.2019.034
81,694,爬行纲,裸耳攀蜥,Diploderma dymondi,滇南龙蜥,Diploderma dymondi,有鳞目,Agamidae,鬣蜥科,Diploderma,攀蜥属,,,,,,,,,照片/影像,"Unknown Author (2019). A new species of Mountain Dragon (Reptilia: Agamidae: Diploderma) from the D. dymondi complex in southern Sichuan Province, China Zoological Research, 40(5), 456-465 https://doi.org/10.24272/j.issn.2095-8137.2019.034",2019,,Zoological Research,10.24272/j.issn.2095-8137.2019.034
82,700,两栖纲,佛山掌突蟾,Leptobrachella kungfu,佛山掌突蟾,Leptobrachella kungfu,无尾目,Megophryidae,角蟾科,Leptobrachella,掌突蟾属,老香山,广东,112.4439,22.7807,250,2025-04-29,森林,"Holotype: GEP a419; Paratypes: GEP a420–423, SYS a009517 (field number: GEP a424)",标本,"Qi-Qi Zhang and Shi-Shi Lin and Yuan-Hang Li and Hong-Lin Su and Hong-Hui Chen and Xiu-Yu Zhang and Zhao-Chi Zeng and Jian Wang (2025). A new species of the genus Leptobrachella (Anura, Megophryidae) from central Guangdong Province, China ZooKeys https://doi.org/10.3897/zookeys.1259.164646",2025,"Zhang, Qi-Qi, Lin, Shi-Shi, Li, Yuan-Hang, Su, Hong-Lin, Chen, Hong-Hui, Zhang, Xiu-Yu, Zeng, Zhao-Chi, Wang, Jian",ZooKeys,10.3897/zookeys.1259.164646
83,701,两栖纲,十万大山浮蛙,Occidozyga shiwandashanensis,十万大山东方蛙,Occidozyga shiwandashanensis,无尾目,Occidozygidae,浮蛙科,Occidozyga,浮蛙属,中国广西防城十万大山,广西,108.881,21.854,550,2021-04-01,山地常绿阔叶林,"Holotype: NNU202103326; Paratypes: NNU202103284, NNU202103297−9, NNU202103285, NNU202103320, NNU202103324, NNU202103327, NNU202103329−34, NNU202103321−3, NNU202103325, NNU202103328",标本,"Kuhl and van Hasselt (1822). A new species of Occidozyga Kuhl and van Hasselt, 1822 (Anura: Dicroglossidae) from Southern Guangxi, China https://doi.org/10.24272/j.issn.2095-8137.2021.252",1822,,Zoological Research,10.24272/j.issn.2095-8137.2021.252
84,703,两栖纲,密疣掌突蟾,Paramegophrys verrucosa,密疣掌突蟾,Leptobrachella verrucosa,无尾目,Megophryidae,角蟾科,Paramegophrys,掌突蟾属,连山笔架山自然保护区,广东,111.9943,24.2138,550,2022-05-31,花岗岩地貌中阔叶林环绕的原始森林内的清澈溪流,"Holotype ♂: GEP a062; Paratypes: GEP a059–061, 063",标本,"Shi-Shi Lin and Yuan-Hang Li and Yu-Hong Lu and Hong-Lin Su and Shi-Bin Wu and Qi-Qi Zhang and Mei-Juan Mo and Shao-Jun Xiao and Zhong Pan and Hu-Jun Pan and Zhao-Chi Zeng and Jian Wang (2022). A new species of the genus Leptobrachella (Anura, Megophryidae) from northwestern Guangdong Province, China Herpetozoa, 35, 165-178 https://doi.org/10.3897/herpetozoa.35.e89981",2022,"Shi-Shi Lin, Yuan-Hang Li, Yu-Hong Lu, Hong-Lin Su, Shi-Bin Wu, Qi-Qi Zhang, Mei-Juan Mo, Shao-Jun Xiao, Zhong Pan, Hu-Jun Pan, Zhao-Chi Zeng, Jian Wang",Herpetozoa,10.3897/herpetozoa.35.e89981
85,707,两栖纲,新都桥湍蛙,Amolops xinduqiao,新都桥湍蛙,Amolops xinduqiao,无尾目,Ranidae,蛙科,Amolops,湍蛙属,四川省康定市新都桥,四川,101.5004,30.1418,3400,1973-09-11,"靠近流速缓慢的山涧河流或大型溪流,生境中有少量高大树木及茂密灌木和杂草","Holotype: CIB 80I0692; Allotype: CIB 80I0696; Paratypes: CIB 73I1151–55, 73I1167–69, 73I1173, 80I0689, 80I0704, 80I0725–26, 80I0729–30, 80I0736, 80I0738–45, 80I0747, 80I0750–55, 80I0757, 80I0760–61, 80I0765, 80I0767–73, 80I0775, 80A0217, CIB73I1156–66, 73I1170–1172, 73I1174, 80I0683–88, 80I0690–91, 80I0693–95, 80I0697–0703, 80I0705–0724, 80I0727–28, 80I0731–35, 80I0737, 80I0746, 80I0748–49, 80I0759, 80I0762–64, 80I0766, 80I0774, 840735, KIZ 014127–31",标本,"Liang Fei and Chang-Yuan Ye and Yu-Fan Wang and Ke Jiang (2017). A new species of the genus Amolops (Anura: Ranidae) from high-altitude Sichuan, southwestern China, with a discussion on the taxonomic status of Amolops kangtingensis Zoological Research, 38(3), 138-145 https://doi.org/10.24272/j.issn.2095-8137.2017.022",2017,"Liang Fei, Chang-Yuan Ye, Yu-Fan Wang, Ke Jiang",Zoological Research,10.24272/j.issn.2095-8137.2017.022
86,708,两栖纲,,,康定湍蛙,Amolops kangtingensis,无尾目,Ranidae,蛙科,Amolops,湍蛙属,康定雅拉沟(大渡河流域),四川,101.85,30.15,,,,,照片/影像,"Liang Fei and Chang-Yuan Ye and Yu-Fan Wang and Ke Jiang (2017). A new species of the genus Amolops (Anura: Ranidae) from high-altitude Sichuan, southwestern China, with a discussion on the taxonomic status of Amolops kangtingensis Zoological Research, 38(3), 138-145 https://doi.org/10.24272/j.issn.2095-8137.2017.022",2017,"Liang Fei, Chang-Yuan Ye, Yu-Fan Wang, Ke Jiang",Zoological Research,10.24272/j.issn.2095-8137.2017.022
87,711,两栖纲,海南小姬蛙,Micryletta immaculata,海南小姬蛙,Micryletta immaculata,无尾目,Microhylidae,姬蛙科,Micryletta,小姬蛙属,中国海南省东方市俄贤村俄贤岭自然保护区南浪护林站;海南省乐东县尖峰岭国家森林公园,海南,109.1076,19.0173,630,2012-07-23,,"KFBG 14271 (holotype); KFBG 14270, 14272, 14105, 14106 (paratypes)",标本,"Unknown Author A new species of the genus Micryletta (Anura, Microhylidae) from Hainan Island, China https://doi.org/10.24272/j.issn.2095-8137.2020.333",2021,,Zoological Research,10.24272/j.issn.2095-8137.2020.333
88,712,两栖纲,,,沧源树蛙,Raorchestes cangyuanensis,无尾目,Rhacophoridae,树蛙科,Raorchestes,灌树蛙属,中国云南省沧源县,云南,99.2251,23.2254,1272,2016-05-25,溪流附近的灌丛,"Holotype: KIZ015856; Paratypes: KIZ015855, KIZ015857",标本,"DEAR EDITOR (2019). A new species of the genus Raorchestes (Anura: Rhacophoridae) from Yunnan Province, China Zoological Research, 40(6), 558-563 https://doi.org/10.24272/j.issn.2095-8137.2019.066",2019,"Wu, Suwannapoom, Xu, Murphy, Che",Zoological Research,10.24272/j.issn.2095-8137.2019.066
89,716,两栖纲,荔波角蟾,Boulenophrys liboensis,荔波角蟾,Xenophrys liboensis,无尾目,Megophryidae,角蟾科,Boulenophrys,布角蟾属,中国贵州省荔波县,贵州,108.1054,25.4731,634,2016-04-08,喀斯特洞穴环境,"Holotype: GNUG20160408008; Paratypes: GNUG20150813001, GNUG20160408001, GNUG20160408004, GNUG20160408007, GNUG20150813002, GNUG20160408002, GNUG20160408003, GNUG20160408005, GNUG20160408006, GNUG20160408009, GNUG20160408010, GNUG20160408011",标本,"Yanan ZHANG and Gang LI and Ning XIAO and Jiaqi LI and Tao PAN and Hui WANG and Baowei ZHANG and Jiang ZHOU (2017). A New Species of the Genus Xenophrys (Amphibia: Anura: Megophryidae) from Libo Country, Guizhou, China Asian Herpetological Research, 8(2), xx–xx https://doi.org/10.16373/j.cnki.ahr.160041",2017,"Yanan ZHANG, Gang LI, Ning XIAO, Jiaqi LI, Tao PAN, Hui WANG, Baowei ZHANG, Jiang ZHOU",Asian Herpetological Research,10.16373/j.cnki.ahr.160041
90,718,两栖纲,腾冲拟髭蟾,Leptobrachium tengchongense,腾冲掌突蟾,Leptobrachium tengchongense,无尾目,Megophryidae,角蟾科,Leptobrachium,拟髭蟾属,中国云南省腾冲县高黎贡山国家级自然保护区腾冲片区大塘变电站,云南,98.696,25.7406,2060,2015-03-13,成熟山地常绿阔叶林中靠近岩石溪流处,"SYS a004603 (holotype); SYS a004623–4627, SYS a004628–4632 (paratypes); SYS a004604a–g (tadpoles)",标本,"JIAN-HUAN YANG and YING-YONG WANG and BOSCO PUI-LOK CHAN (2016). A new species of the genus Leptobrachium (Anura: Megophryidae) from the Gaoligongshan Mountain Range, China Zootaxa, 4150(2), 133–148 https://doi.org/10.11646/zootaxa.4150.2.3",2016,"Jian-Huan Yang, Ying-Yong Wang, Bosco Pui-Lok Chan",Zootaxa,10.11646/zootaxa.4150.2.3
91,719,两栖纲,橙脊瘰螈,Paramesotriton aurantius,橙腹瘰螈,Paramesotriton aurantius,有尾目,Salamandridae,蝾螈科,Paramesotriton,瘰螈属,东圳、飞鸾、柘荣,福建,119.7,26.8,,2011-07,溪流底部;道路附近的排水沟,"KIZ013538–45, KIZ026208–11, KIZ012886, KIZ012907, KIZ012903, KIZ012913–15, KIZ012894, KIZ012878, KIZ012819–25, KIZ012877",标本,"ZHIYONG YUAN and YUNKE WU and JIAJUN ZHOU & JING CHE (2016). A new species of the genus Paramesotriton (Caudata: Salamandridae) from Fujian, southeastern China Zootaxa, 4205(6), 549–563 https://doi.org/10.11646/zootaxa.4205.6.3",2016,"Zhiyong Yuan, Yunke Wu, Jiajun Zhou, Jing Che",Zootaxa,10.11646/zootaxa.4205.6.3
92,721,两栖纲,腾冲掌突蟾,Paramegophrys tengchongensis,腾冲掌突蟾,Leptolalax tengchongensis,无尾目,Megophryidae,角蟾科,Paramegophrys,掌突蟾属,"高黎贡山国家级自然保护区腾冲片区林家铺保护站,腾冲县",云南,98.7011,25.2976,2100,2014-04-29,山地常绿阔叶林,"SYS a004600 (holotype); SYS a004596, a004597, a004598, a004599, a004601, a004602 (paratypes)",标本,"JIAN-HUAN YANG and YING-YONG WANG and GUO-LING CHEN & DING-QI RAO (2016). A new species of the genus Leptolalax (Anura: Megophryidae) from Mt. Gaoligongshan of western Yunnan Province, China Zootaxa, 4088(3), 379–394 https://doi.org/10.11646/zootaxa.4088.3.4",2016,"Jian-Huan Yang, Ying-Yong Wang, Guo-Ling Chen, Ding-Qi Rao",Zootaxa,10.11646/zootaxa.4088.3.4
93,733,爬行纲,花坪链蛇(花坪白环蛇),Lycodon cathaya,花坪白环蛇,Lycodon cathaya,有鳞目,Colubridae,游蛇科,Lycodon,链蛇属,花坪自然保护区,广西,109.9138,25.6252,850,2016-07-20,保存良好的山地常绿阔叶林或混交林,SYS r001542 (holotype); SYS r001630 (paratype),标本,"Jian Wang and Shuo Qi and Zhi-Tong Lyu and Zhao-Chi Zeng and Ying-Yong Wang (2020). A new species of the genus Lycodon (Serpentes, Colubridae) from Guangxi, China ZooKeys, 954, 85–108 https://doi.org/10.3897/zookeys.954.53432",2020,"Wang, Jian, Qi, Shuo, Lyu, Zhi-Tong, Zeng, Zhao-Chi, Wang, Ying-Yong",ZooKeys,10.3897/zookeys.954.53432
94,741,两栖纲,费氏靖角蟾,Jingophrys feii,费氏角蟾,Megophrys feii,无尾目,Megophryidae,角蟾科,Jingophrys,靖角蟾属,云南省盈江县铜壁关乡小浪速村,云南,97.5713,24.5009,700,2016-05-05,山地常绿阔叶林中的溪流区域,SYS a006524 (holotype); SYS a006525–6529 (paratypes),标本,"JIAN-HUAN YANG and JIAN WANG and YING-YONG WANG (2018). A new species of the genus Megophrys (Anura: Megophryidae) from Yunnan Province, China Zootaxa, 4413(2), 325–338 https://doi.org/10.11646/zootaxa.4413.2.5",2018,"Jian-Huan Yang, Jian Wang, Ying-Yong Wang",Zootaxa,10.11646/zootaxa.4413.2.5
95,743,爬行纲,西藏岩蜥,Laudakia papenfussi,帕氏岩蜥,Laudakia papenfussi,有鳞目,Agamidae,鬣蜥科,Laudakia,岩蜥属,玛央村与迪亚村之间的玛央河谷,西藏,79.802,31.481,3300,,玛央河谷的岩石堆,CIB 775001,标本,"Er-mi Zhao (1998). DESCRIPTION OF A NEW SPECIES OF THE GENUS Laudakia FROM XIZANG (TIBET) (Sauria: Agamidae) 动物学研究, 19(5), 401-404",1998,Zhao Er-mi,Zoological Research,
96,748,两栖纲,大别山姬蛙,Microhyla dabieshanensis,大别山姬蛙,Microhyla dabieshanensis,无尾目,Microhylidae,姬蛙科,Microhyla,姬蛙属,"安徽省六安市霍山县青峰岭村,大别山",安徽,115.72,31.28,871,2021-04-22,,,标本,"Caiwen Zhang and Cheng Chen and Meihua Zhang and Zhiyue Wang and Haohao Ma and Ruolei Sun and Jianping Jiang and Baowei Zhang (2022). A New Species of the Genus Microhyla (Amphibia: Anura: Microhylidae) from the Dabie Mountains, China Animals, 12, 2894 https://doi.org/10.3390/ani12212894",2022,"Caiwen Zhang, Cheng Chen, Meihua Zhang, Zhiyue Wang, Haohao Ma, Ruolei Sun, Jianping Jiang, Baowei Zhang",Animals,10.3390/ani12212894
97,753,两栖纲,封开臭蛙,Odorrana fengkaiensis,封开臭蛙,Odorrana fengkaiensis,无尾目,Ranidae,蛙科,Odorrana,臭蛙属,广东省封开县黑石顶自然保护区,广东,111.85,23.55,,,低地宽阔溪流、河流、水塘及河岸附近区域,Odorrana fengkaiensis sp. nov.,标本,"YING-YONG WANG, MICHAEL WAI-NENG LAU, JIAN-HUAN YANG, GUO-LING CHEN, ZU-YAO LIU, HONG PANG & YANG LIU (2015). A new species of the genus Odorrana (Amphibia: Ranidae) and the first record of Odorrana bacboensis from China Zootaxa, 3999(2), 235–254 https://doi.org/10.11646/zootaxa.3999.2.4",2015,"Ying-Yong Wang, Michael Wai-Neng Lau, Jian-Huan Yang, Guo-Ling Chen, Zu-Yao Liu, Hong Pang, Yang Liu",Zootaxa,10.11646/zootaxa.3999.2.4
98,757,两栖纲,普雄原鲵,Protohynobius puxiongensis,普雄原鲵,Pseudohynobius puxiongensis,有尾目,Hynobiidae,小鲵科,Protohynobius,原鲵属,"横断山脉普雄神果庄大熊猫自然保护区,越西县普雄",四川,102.5081,28.6361,2900,,源自泉水的小型山涧上游,"CIB65II0220 (holotype); CIB-XM3364, CIB-XM3323, CIB-XM3365 (adult males); CIB-XM3198 (larva)",标本,"JIAN-LI XIONG、HAI-JUN GU、TIAN-JIAN GONG & XIAO-MAO ZENG (2011). Redescription of an enigmatic salamander, Pseudohynobius puxiongensis (Fei et Ye, 2000) (Urodela: Hynobiidae) Zootaxa, 2919, 51–59",2011,"Xiong, et al.",Zootaxa,
99,762,两栖纲,刘氏掌突蟾/香港掌突蟾,Paramegophrys laui,Lau氏掌突蟾,Leptolalax laui,无尾目,Megophryidae,角蟾科,Paramegophrys,掌突蟾属,香港大帽山郊野公园,香港,114.1179,22.4106,680,2011-04-10,次生林中的岩石溪流,SYS a002057,标本,"Yikhei SUNG and Jianhuan YANG and Yingyong WANG (2014). A New Species of Leptolalax (Anura: Megophryidae) from Southern China Asian Herpetological Research, 5(2), 80–90 https://doi.org/10.3724/SP.J.1245.2014.00080",2014,"Yikhei SUNG, Jianhuan YANG, Yingyong WANG",Asian Herpetological Research,10.3724/SP.J.1245.2014.00080
100,764,两栖纲,钊琴湍蛙,Amolops chaochin,潮琴湍蛙,Amolops chaochin,无尾目,Ranidae,蛙科,Amolops,湍蛙属,中国四川省成都市崇州市鸡冠山,四川,103.3511,30.7826,1179,2020-06-20,山地溪流,CIB 116971 (holotype); CIB 116972 (paratype); CIB 116973–116984 (paratypes),标本,"Ke Jiang and Jin-Long Ren and Zhi-Tong Lyu and Dan Wang and Zeng Wang and Ke Lv and Jia-Wei Wu and Jia-Tang Li (2021). Taxonomic revision of Amolops chunganensis (Pope, 1929) (Amphibia: Anura) and description of a new species from southwestern China, with discussion on Amolops monticola group and assignment of species groups of the genus Amolops https://doi.org/10.24272/j.issn.2095-8137.2021.107",2021,"Ke Jiang, Jin-Long Ren, Zhi-Tong Lyu, Dan Wang, Zeng Wang, Ke Lv, Jia-Wei Wu, Jia-Tang Li",Zoological Research,10.24272/j.issn.2095-8137.2021.107
101,775,爬行纲,百色平胸龟,Platysternon baiseensis,百色平胸龟,Platysternon baiseensis,龟鳖目,Platysternidae,平胸龟科,Platysternon,平胸属,中国广西壮族自治区百色市田林县,广西,106.2383,24.2386,,2019-07-22,海拔300–2000米的山区岩石溪流,"JNU 20191003 (holotype); JNU 20191001–20191002, JNU 20191004–20191006, JNU 20201014 (paratypes)",标本,"Qian-Ru Liang and Jia-Xuan Li and Yan Ge and Jun-Man Ou and You-Qiang Yin and Chatmongkon Suwannapoom and Minh Le and Truong Quang Nguyen and Uwe Fritz and Shi-Ping Gong (2024). Taxonomic revision of the critically endangered big-headed turtles (Reptilia: Testudines: Platysternidae Gray, 1869), with description of a new species https://doi.org/10.24272/j.issn.2095-8137.2025.197",2024,"Qian-Ru Liang, Jia-Xuan Li, Yan Ge, Jun-Man Ou, You-Qiang Yin, Chatmongkon Suwannapoom, Minh Le, Truong Quang Nguyen, Uwe Fritz, Shi-Ping Gong",Zoological Research,10.24272/j.issn.2095-8137.2025.197
102,783,两栖纲,栾川林蛙,Rana luanchuanensis,栾川林蛙,Rana luanchuanensis,无尾目,Ranidae,蛙科,Rana,蛙属,河南省栾川县庙子镇韩秋村附近桐伊河,河南,111.8,33.8,810,2014-05-04,河流,"KIZ016090 (holotype); KIZ047446–047453, KIZ016089, KIZ047383, KIZ047470–047487, KIZ016086–016088, KIZ016091, KIZ0093, KIZ0099, KIZ0101, KIZ0104, KIZ0105 (paratypes)",标本,"Haipeng Zhao and Junxiao Yang and Chunping Wang and Pipeng Li and Robert W. Murphy and Jing Che and Zhiyong Yuan (2017). A new species of the genus Rana from Henan, central China (Anura, Ranidae) ZooKeys, 694, 95–108 https://doi.org/10.3897/zookeys.694.12513",2017,"Zhao, Haipeng, Yang, Junxiao, Wang, Chunping, Li, Pipeng, Murphy, Robert W., Che, Jing, Yuan, Zhiyong",ZooKeys,10.3897/zookeys.694.12513
103,802,爬行纲,水城颈槽蛇,Rhabdophis shuichengensis,水城颈槽蛇,Rhabdophis shuichengensis,有鳞目,Colubridae,游蛇科,Rhabdophis,颈槽蛇属,"明湖国家湿地公园;玉舍国家森林公园,六盘水市钟山区",贵州,104.8159,26.5775,1806,,,"LPSSY2022071701 (holotype); LPSSY2022080501, LPSSY2023060301, LPSSY2024060201, LPSSY2023070801 (paratypes)",标本,"Shihang XU and Rongchuan XIONG and Caiwen ZHANG and Xiaojuan XIANG and Hong CHEN and Baowei ZHANG (2025). A New Species of the Genus Rhabdophis Fitzinger, 1843 (Squamata: Colubridae) from Guizhou Province, Southwestern China Asian Herpetological Research, 16(3), 304–313 https://doi.org/10.3724/ahr.2095-0357.2025.0024",2025,"Shihang XU, Rongchuan XIONG, Caiwen ZHANG, Xiaojuan XIANG, Hong CHEN, Baowei ZHANG",Asian Herpetological Research,10.3724/ahr.2095-0357.2025.0024
104,807,两栖纲,云开湍蛙,Amolops yunkaiensis,云开湍蛙,Amolops yunkaiensis,无尾目,Ranidae,蛙科,Amolops,湍蛙属,鹅凰嶂自然保护区和云开山自然保护区,广东,111.4,22.3,,,,"SYS a004678, SYS a004679, SYS a004680, SYS a004681, SYS a004706, SYS a004707, SYS a004708, SYS a004709",标本,"ZHI-TONG LYU and JUN WU and JIAN WANG and YIK-HEI SUNG and ZU-YAO LIU and ZHAO-CHI ZENG and XIN WANG and YOU-YU LI and YING-YONG WANG (2018). A new species of Amolops (Anura: Ranidae) from southwestern Guangdong, China Zootaxa, 4418(6), 562–576 https://doi.org/10.11646/zootaxa.4418.6.4",2018,"Lyu, Zhi-Tong, Wu, Jun, Wang, Jian, Sung, Yik-Hei, Liu, Zu-Yao, Zeng, Zhao-Chi, Wang, Xin, Li, You-Yu, Wang, Ying-Yong",Zootaxa,10.11646/zootaxa.4418.6.4
105,815,两栖纲,云雾瘰螈,Paramesotriton yunwuensis,云雾瘰螈,Paramesotriton yunwuensis,有尾目,Salamandridae,蝾螈科,Paramesotriton,瘰螈属,广东省罗定市附城镇南冲村附近山溪水潭,广东,111.1667,22.6167,525,,山溪水潭,"CIB 97854 (holotype); CIB 95336–95339, 97853, 97855–97856, 97950 (paratypes)",标本,"YUNKE WU and KE JIANG and JAMES HANKEN (2010). A new species of newt of the genus Paramesotriton (Salamandridae) from southwestern Guangdong, China, with a new northern record of P. longliensis from western Hubei Zootaxa, 2494, 45–58",2010,"Yunke Wu, Ke Jiang, James Hanken",Zootaxa,
106,817,两栖纲,侏树蛙,Zhangixalus minimus,广西小树蛙,Rhacophorus minimus,无尾目,Rhacophoridae,树蛙科,Zhangixalus,张树蛙属,"十里公里里,金秀镇至蒙山公路16公里处的小村庄,大瑶山",广西,110.2407,24.1423,900,2003-04-10,未受干扰的季风常绿阔叶林;浅水池塘和当地人用于诱捕鸟类的木制托盘;草丛和阔叶树上,"KIZ 2003GXJX0021 (holotype); KIZ 2003GXJX001, 2003GXJX003-06, 2003GXJX008-20, 2003GXJX0022-23, CAS 232043-44 (paratypes); KIZ 2003GXJX0024-32 (paratypes)",标本,"DING-QI RAO、JEFFERY A. WILKINSON & HUI-NING LIU (2006). A new species of Rhacophorus (Anura: Rhacophoridae) from Guangxi Province, China Zootaxa, 1258, 17–31",2006,"Ding-Qi Rao, Jeffery A. Wilkinson, Hui-Ning Liu",Zootaxa,
107,820,爬行纲,凉山滑蜥,Scincella liangshanensis,凉山滑蜥,Scincella liangshanensis,有鳞目,Scincidae,石龙子科,Scincella,滑蜥属,"越西县和美姑县,凉山彝族自治州",四川,102.7,28.5,,,,"CIB 6987 (holotype); CIB 6980, CIB 6983, CIB 6986, CIB 7026, CIB 7112, CIB 7144, CIB 7192, CIB 7193, CIB 7197, CIB 7200, CIB 7205, CIB 7210, CIB 6977, CIB 119514, CIB 119513 (paratypes); CBC 02546",标本,"Ruwan JIA and Zongyuan GAO and Dihao WU and Jinlong REN and Dechun JIANG and Wei WU (2024). A New Species of the Genus Scincella Mittleman, 1950 (Squamata: Scincidae) from Sichuan Province, Southwest China Asian Herpetological Research, 15(2), 115–129 https://doi.org/10.3724/ahr.2095-0357.2024.0016",2024,"Ruwan JIA, Zongyuan GAO, Dihao WU, Jinlong REN, Dechun JIANG, Wei WU",Asian Herpetological Research,10.3724/ahr.2095-0357.2024.0016
108,825,两栖纲,刺疣齿突蟾,Scutiger spinosus,刺疣齿蟾,Scutiger spinosus,无尾目,Megophryidae,角蟾科,Scutiger,齿突蟾属,墨脱62K,西藏,95.5822,29.7093,2705,2011-06-07,高海拔山地生境,"Holotype: KIZ 011114; Paratypes: KIZ 011113, KIZ 011093, KIZ 011100, KIZ 012645, KIZ 012647, KIZ 012648, KIZ 012646, KIZ 013862, KIZ 013863, KIZ 013864, KIZ 013865, KIZ 013866, KIZ 013867, KIZ 013868, KIZ 013869",标本,"Ke JIANG and Kai WANG and Da-Hu ZOU and Fang YAN and Pi-Peng LI and Jing CHE (2016). A new species of the genus Scutiger (Anura: Megophryidae) from Medog of southeastern Tibet, China Zoological Research, 37(1), 21-30 https://doi.org/10.13918/j.issn.2095-8137.2016.1.21",2016,"Ke JIANG, Kai WANG, Da-Hu ZOU, Fang YAN, Pi-Peng LI, Jing CHE",Zoological Research,10.13918/j.issn.2095-8137.2016.1.21
109,828,爬行纲,广西华珊瑚蛇,Sinomicrurus peinani,广西华珊瑚蛇,Sinomicrurus peinani,有鳞目,Elapidae,眼镜蛇科,Sinomicrurus,中华珊瑚蛇属,苍梧县,广西,111.56,23.65,30,2016-06-05,,"YBU 16086 (holotype); YBU 16054, YBU 16066, YBU 16067 (paratypes)",标本,"Slowinski, Boundy, and Lawson (2001). A new species of the genus Sinomicrurus (Serpentes: Elapidae) from China and Vietnam https://doi.org/10.24272/j.issn.2095-8137.2020.023",2001,"Peng Guo, Jing Che",,10.24272/j.issn.2095-8137.2020.023
110,832,爬行纲,云开草蜥,Takydromus yunkaiensis,云开草蜥,Takydromus yunkaiensis,有鳞目,Lacertidae,蜥蜴科,Takydromus,草蜥属,广东云开山国家级自然保护区大雾岭林业站,广东,111.1952,22.2758,1500,2016-04-14,保存完好的山地常绿阔叶林或混交林,"SYS r001580 (holotype); SYS r001439, 001442, 001684, 001434, 001507, 001581, 001901 (paratypes)",标本,"Jian Wang and Zhi-Tong Lyu and Chen-Yu Yang and Yu-Long Li and Ying-Yong Wang (2019). A new species of the genus Takydromus (Squamata, Lacertidae) from southwestern Guangdong, China ZooKeys, 871, 119–139 https://doi.org/10.3897/zookeys.871.35947",2019,"Wang, Jian, Lyu, Zhi-Tong, Yang, Chen-Yu, Li, Yu-Long, Wang, Ying-Yong",ZooKeys,10.3897/zookeys.871.35947
111,835,两栖纲,宽脊瑶螈,Yaotriton broadoridgus,宽脊瘰螈,Tylototriton broadoridgus,有尾目,Salamandridae,蝾螈科,Yaotriton,瑶螈属,湖南省桑植县天平山廖叶湾,湖南,110.15,29.8167,,,,"HNUL 840513527 (holotype, ♂); HNUL 841000606 (allotype, ♀); HNUL 88050001, 840513506–840513508, 080721A6, 840513513–840513524, 840513528–840513533 (paratypes, 34 ♂)",标本,"Youhui SHEN and Jianping JIANG and Xiaoyang MO (2012). A New Species of the Genus Tylototriton (Amphibia, Salamandridae) from Hunan, China Asian Herpetological Research, 3(1), 21–30 https://doi.org/10.3724/SP.J.1245.2012.00021",2012,"Youhui SHEN, Jianping JIANG, Xiaoyang MO",Asian Herpetological Research,10.3724/SP.J.1245.2012.00021
112,836,两栖纲,原髭蟾,Vibrissaphora promustache,须髭蟾,Vibrissaphora promustache,无尾目,Megophryidae,角蟾科,Vibrissaphora,髭蟾属,中国云南省屏边县大围山,云南,103.6959,22.9079,2089,2003-11-28,"大围山山顶附近的森林溪流;溪流中等大小、流速缓慢;傍晚、夜间和清晨湿度约90%,中午58%;水温11–12°C","Holotype: KIZ 03005; Paratypes: KIZ 03001, 03002, 03003, 03004, 03006, 03008, 03009",标本,"DING-QI RAO, JEFFERY A. WILKINSON, AND MING-WAN ZHANG (2006). A NEW SPECIES OF THE GENUS VIBRISSAPHORA (ANURA: MEGOPHRYIDAE) FROM YUNNAN PROVINCE, CHINA Herpetologica, 62(1), 90–95",2006,"Ding-Qi Rao, Jeffery A. Wilkinson, Ming-Wan Zhang",Herpetologica,
113,838,两栖纲,,,日本北爪鲵,Onychodactylus nipponoborealis,有尾目,Hynobiidae,小鲵科,Onychodactylus,爪鲵属,,,,,,,,,照片/影像,"NIKOLAY A. POYARKOV, JR. & JING CHE & MI-SOOK MIN & MASAKI KURO-O & FANG YAN & CHENG LI & KOJI IIZUKA & DAVID R. VIEITES (2012). Review of the systematics, morphology and distribution of Asian Clawed Salamanders, genus Onychodactylus (Amphibia, Caudata: Hynobiidae), with the description of four new species Zootaxa, 3465, 1–106",2012,"Nikolay A. Poyarkov, Jr., Jing Che, Mi-Sook Min, Masaki Kuro-o, Fang Yan, Cheng Li, Koji Iizuka, David R. Vieites",Zootaxa,
114,839,两栖纲,辽宁爪鲵,Onychodactylus zhaoermii,赵尔宓爪鲵,Onychodactylus zhaoermii,有尾目,Hynobiidae,小鲵科,Onychodactylus,爪鲵属,,,,,,,,,照片/影像,"NIKOLAY A. POYARKOV, JR. & JING CHE & MI-SOOK MIN & MASAKI KURO-O & FANG YAN & CHENG LI & KOJI IIZUKA & DAVID R. VIEITES (2012). Review of the systematics, morphology and distribution of Asian Clawed Salamanders, genus Onychodactylus (Amphibia, Caudata: Hynobiidae), with the description of four new species Zootaxa, 3465, 1–106",2012,"Nikolay A. Poyarkov, Jr., Jing Che, Mi-Sook Min, Masaki Kuro-o, Fang Yan, Cheng Li, Koji Iizuka, David R. Vieites",Zootaxa,
115,841,两栖纲,贺州肥螈/吴氏肥螈,Pachytriton wuguanfui,吴冠甫肥螈,Pachytriton wuguanfui,有尾目,Salamandridae,蝾螈科,Pachytriton,肥螈属,广西贺州市姑婆山;湖南省道县茶花坪,广西、湖南,111.53,24.64,1202,,阔叶林中的小型山溪,"KIZ08758 (holotype); KIZ08755–08757, 08759, KIZ021705–06, 021708, 021711, 021712, KIZ021832, 021833–35 (paratypes)",标本,"ZHI-YONG YUAN & BAO-LIN ZHANG & JING CHE (2016). A new species of the genus Pachytriton (Caudata: Salamandridae) from Hunan and Guangxi, southeastern China Zootaxa, 4085(2), 219–232 https://doi.org/10.11646/zootaxa.4085.2.3",2016,"Zhi-Yong Yuan, Bao-Lin Zhang, Jing Che",Zootaxa,10.11646/zootaxa.4085.2.3
116,850,两栖纲,封开角蟾,Boulenophrys acuta,尖喙角蟾,Megophrys acuta,无尾目,Megophryidae,角蟾科,Boulenophrys,布角蟾属,黑石顶自然保护区,广东,111.8981,23.4742,277.1,2013-08-15,广东省黑石顶自然保护区模式产地的栖息地,"SYS a002267 (holotype); SYS a002266–2269, 2276, a002159, a000168, a002274 (paratypes)",标本,"YU-LONG LI、MENG-JIE JIN、JIAN ZHAO、ZU-YAO LIU、YING-YONG WANG & HONG PANG (2014). Description of two new species of the genus Megophrys (Amphibia: Anura: Megophryidae) from Heishiding Nature Reserve, Fengkai, Guangdong, China, based on molecular and morphological data Zootaxa, 3795(4), 449–471 https://doi.org/10.11646/zootaxa.3795.4.5",2014,"Yu-Long Li, Meng-Jie Jin, Jian Zhao, Zu-Yao Liu, Ying-Yong Wang, Hong Pang",Zootaxa,10.11646/zootaxa.3795.4.5
117,851,两栖纲,黑石顶角蟾,Boulenophrys obesa,肥角蟾,Megophrys obesa,无尾目,Megophryidae,角蟾科,Boulenophrys,布角蟾属,黑石顶自然保护区,广东,111.8,23.4167,,,,,标本,"YU-LONG LI、MENG-JIE JIN、JIAN ZHAO、ZU-YAO LIU、YING-YONG WANG & HONG PANG (2014). Description of two new species of the genus Megophrys (Amphibia: Anura: Megophryidae) from Heishiding Nature Reserve, Fengkai, Guangdong, China, based on molecular and morphological data Zootaxa, 3795(4), 449–471 https://doi.org/10.11646/zootaxa.3795.4.5",2014,"Yu-Long Li, Meng-Jie Jin, Jian Zhao, Zu-Yao Liu, Ying-Yong Wang, Hong Pang",Zootaxa,10.11646/zootaxa.3795.4.5
118,856,两栖纲,巫溪树蛙,Zhangixalus hongchibaensis,红池坝树蛙,Rhacophorus hongchibaensis,无尾目,Rhacophoridae,树蛙科,Zhangixalus,张树蛙属,中国重庆红池坝,重庆,109.55,31.55,,,,,标本,"JIA-TANG LI and JUN LIU and YUE-YING CHEN and JIA-WEI WU and ROBERT W. MURPHY and ER-MI ZHAO and YUE-ZHAO WANG and YA-PING ZHANG (2012). Molecular phylogeny of treefrogs in the Rhacophorus dugritei species complex (Anura: Rhacophoridae), with descriptions of two new species Zoological Journal of the Linnean Society, 165, 143–162 https://doi.org/10.1111/j.1096-3642.2011.00790.x",2012,"JIA-TANG LI, JUN LIU, YUE-YING CHEN, JIA-WEI WU, ROBERT W. MURPHY, ER-MI ZHAO, YUE-ZHAO WANG, YA-PING ZHANG",Zoological Journal of the Linnean Society,10.1111/j.1096-3642.2011.00790.x
119,857,两栖纲,利川树蛙,Zhangixalus wui,吴氏树蛙,Rhacophorus wui,无尾目,Rhacophoridae,树蛙科,Zhangixalus,张树蛙属,中国湖北利川,湖北,108.95,30.3,,,,,标本,"JIA-TANG LI and JUN LIU and YUE-YING CHEN and JIA-WEI WU and ROBERT W. MURPHY and ER-MI ZHAO and YUE-ZHAO WANG and YA-PING ZHANG (2012). Molecular phylogeny of treefrogs in the Rhacophorus dugritei species complex (Anura: Rhacophoridae), with descriptions of two new species Zoological Journal of the Linnean Society, 165, 143–162 https://doi.org/10.1111/j.1096-3642.2011.00790.x",2012,"JIA-TANG LI, JUN LIU, YUE-YING CHEN, JIA-WEI WU, ROBERT W. MURPHY, ER-MI ZHAO, YUE-ZHAO WANG, YA-PING ZHANG",Zoological Journal of the Linnean Society,10.1111/j.1096-3642.2011.00790.x
120,858,两栖纲,峨眉树蛙,Zhangixalus omeimontis,峨眉树蛙,Rhacophorus dugritei,无尾目,Rhacophoridae,树蛙科,Zhangixalus,张树蛙属,中国四川宝兴县穆坪,四川,102.8333,30.3833,,,,,照片/影像,"JIA-TANG LI and JUN LIU and YUE-YING CHEN and JIA-WEI WU and ROBERT W. MURPHY and ER-MI ZHAO and YUE-ZHAO WANG and YA-PING ZHANG (2012). Molecular phylogeny of treefrogs in the Rhacophorus dugritei species complex (Anura: Rhacophoridae), with descriptions of two new species Zoological Journal of the Linnean Society, 165, 143–162 https://doi.org/10.1111/j.1096-3642.2011.00790.x",2012,"JIA-TANG LI, JUN LIU, YUE-YING CHEN, JIA-WEI WU, ROBERT W. MURPHY, ER-MI ZHAO, YUE-ZHAO WANG, YA-PING ZHANG",Zoological Journal of the Linnean Society,10.1111/j.1096-3642.2011.00790.x
121,875,两栖纲,广东纤树蛙,Gracixalus guangdongensis,广东纤树蛙,Gracixalus guangdongensis,无尾目,Rhacophoridae,树蛙科,Gracixalus,纤树蛙属,大雾岭林场、南昆山和南岭自然保护区,广东,111.214,22.292,1600,2016-04-15,,"SYS a005724 (holotype); SYS a004686, SYS a004698, SYS a004672–4673, SYS a004685, 4687–4689, SYS a004983/CIB106882, SYS a005241 (paratypes); SYS a004671 (referred specimen)",标本,"JIAN WANG & ZHAO-CHI ZENG, ZHI-TONG LYU, ZU-YAO LIU & YING-YONG WANG (2018). Description of a new species of Gracixalus (Amphibia: Anura: Rhacophoridae) from Guangdong Province, southeastern China Zootaxa, 4420(2), 251–269 https://doi.org/10.11646/zootaxa.4420.2.7",2018,"Jian Wang, Zhao-Chi Zeng, Zhi-Tong Lyu, Zu-Yao Liu, Ying-Yong Wang",Zootaxa,10.11646/zootaxa.4420.2.7
122,883,两栖纲,弄岗狭口蛙,Kaloula nonggangensis,弄岗狭口蛙,Kaloula nonggangensis,无尾目,Microhylidae,姬蛙科,Kaloula,狭口蛙属,中国广西壮族自治区南部弄岗国家级自然保护区,广西,106.9354,22.4522,186,,喀斯特生境中从邻近森林的耕地至原始常绿林,"NHMG1106036 (holotype); NHMG1106030–35, NHMG1106037–41, NHMG1108035, NHMG1108036–41 (paratypes)",标本,"YUNMING MO and WEI ZHANG and SHICHU ZHOU and TIANBO CHEN and HUAXING TANG and YUANJUN MENG and WEICAI CHEN (2013). A new species of Kaloula (Amphibia: Anura: Microhylidae) from southern Guangxi, China Zootaxa, 3710(2), 165–178 https://doi.org/10.11646/zootaxa.3710.2.3",2013,"Yunming Mo, Wei Zhang, Shichu Zhou, Tianbo Chen, Huaxing Tang, Yuanjun Meng, Weicai Chen",Zootaxa,10.11646/zootaxa.3710.2.3
123,886,两栖纲,文山湍蛙,Amolops wenshanensis,文山湍蛙,Amolops wenshanensis,无尾目,Ranidae,蛙科,Amolops,湍蛙属,"文山国家级自然保护区,西畴县平寨村附近;靖西县地定村",云南、广西,104.839,23.362,1312,2004-09-23,小型山地溪流,"KIZ 021426 (holotype); KIZ 021425, KIZ 021428-30, KIZ 021435, KU 292041, KU 292040, KU 292045, KU 292039, KU 292042 (paratypes)",标本,"ZHIYONG YUAN and JIEQIONG JIN and JIANNAN LI and BRYAN L. STUART & JUN WU (2018). A new species of cascade frog (Amphibia: Ranidae) in the Amolops monticola group from China Zootaxa, 4415(3), 498–512 https://doi.org/10.11646/zootaxa.4415.3.5",2018,"Zhiyong Yuan, Jieqiong Jin, Jiannan Li, Bryan L. Stuart, Jun Wu",Zootaxa,10.11646/zootaxa.4415.3.5
124,893,两栖纲,赤水角蟾,Boulenophrys chishuiensis,赤水角蟾,Megophrys chishuiensis,无尾目,Megophryidae,角蟾科,Boulenophrys,布角蟾属,中国贵州省赤水市赤水国家级自然保护区,贵州,105.9978,28.4367,460,2019-05-18,溪流附近的竹林,"Holotype: CIBCS20190518031; Paratypes: CIBCS20190518022, CIBCS20190518023, CIBCS20190518019, CIBCS20190518021, CIBCS20190518025, CIBCS20190518027, CIBCS20190518030",标本,"Ning Xu and Shi-Ze Li and Jing Liu and Gang Wei and Bin Wang (2020). A new species of the horned toad Megophrys Kuhl & Van Hasselt, 1822 (Anura, Megophryidae) from southwest China ZooKeys, 943, 119–144 https://doi.org/10.3897/zookeys.943.50343",2020,"Xu, Ning, Li, Shi-Ze, Liu, Jing, Wei, Gang, Wang, Bin",ZooKeys,10.3897/zookeys.943.50343
125,902,两栖纲,九岭山林蛙,Rana jiulingensis,九岭山林蛙,Rana jiulingensis,无尾目,Ranidae,蛙科,Rana,蛙属,官山自然保护区,江西,114.5878,28.5535,300,2016-09-14,亚热带常绿阔叶林,"SYS a005519 (holotype); SYS a002584–2585, a005511, a006494–6496 (paratypes)",标本,"Han Wan and Zhi-Tong Lyu and Shuo Qi and Jian Zhao and Pi-Peng Li and Ying-Yong Wang (2020). A new species of the Rana japonica group (Anura, Ranidae, Rana) from China, with a taxonomic proposal for the R. johnsi group ZooKeys, 942, 141–158 https://doi.org/10.3897/zookeys.942.46928",2020,"Wan H, Lyu Z-T, Qi S, Zhao J, Li P-P, Wang Y-Y",ZooKeys,10.3897/zookeys.942.46928
126,904,两栖纲,梵净山姬蛙,Microhyla fanjingshanensis,梵净山小姬蛙,Microhyla fanjingshanensis,无尾目,Microhylidae,姬蛙科,Microhyla,姬蛙属,贵州省印江土家族苗族自治县梵净山,贵州,108.7,27.92,,,,twelve adult specimens (two females and ten males),标本,"SHIZE LI and MEIHUA ZHANG and NING XU and JINGCAI LV and JIANPING JIANG and JING LIU and GANG WEI & BIN WANG (2019). A new species of the genus Microhyla (Amphibia: Anura: Microhylidae) from Guizhou Province, China Zootaxa, 4624(4), 551–575 https://doi.org/10.11646/zootaxa.4624.4.7",2019,"Shize Li, Meihua Zhang, Ning Xu, Jingcai Lv, Jianping Jiang, Jing Liu, Gang Wei, Bin Wang",Zootaxa,10.11646/zootaxa.4624.4.7
127,908,两栖纲,棘疣角蟾,Boulenophrys tuberogranulatus,瘤疣角蟾,Megophrys tuberogranulatus,无尾目,Megophryidae,角蟾科,Boulenophrys,布角蟾属,湖南省桑植县天子山自然保护区,湖南,110.3333,29.3333,1130,1988-08,自然保护区内山地森林,"Holotype HNUL 03080902; Allotype HNUL 880800853; Paratypes HNUL 03080904, 880800851, 880800852, 880700751, 880700752, 880700753, 88062801, 88062802",标本,"Xiaoyang MO and Youhui SHEN and Honghui LI and Xiushan WU (2010). A new species of Megophrys (Amphibia: Anura: Megophryidae) from the northwestern Hunan Province, China Current Zoology, 56(4), 432-436",2010,"Xiaoyang MO, Youhui SHEN, Honghui LI, Xiushan WU",Current Zoology,
128,911,两栖纲,水城湍蛙,Amolops shuichengicus,水城湍蛙,Amolops shuichengicus,无尾目,Ranidae,蛙科,Amolops,湍蛙属,玉舍森林公园,贵州,104.8,26.47,2041,2016-06-21,,"SYS a007151 (holotype); SYS a004956–4958, SYS a004971, SYS a004972, SYS a007152/CIB 106883, SYS a007154–7158 (paratypes)",标本,"ZHI-TONG LYU, ZHAO-CHI ZENG, HAN WAN, JIAN-HUAN YANG, YU-LONG LI, HONG PANG & YING-YONG WANG (2019). A new species of Amolops (Anura: Ranidae) from China, with taxonomic comments on A. liangshanensis and Chinese populations of A. marmoratus Zootaxa, 4609(2), 247–268 https://doi.org/10.11646/zootaxa.4609.2.3",2019,"Lyu, Zhi-Tong, Wang, Yu-Long",Zootaxa,10.11646/zootaxa.4609.2.3
129,918,两栖纲,越南林蛙/越南趾沟蛙,Rana johnsi,越南林蛙,Rana johnsi,无尾目,Ranidae,蛙科,Rana,蛙属,,,,,,,,,照片/影像,"Han Wan and Zhi-Tong Lyu and Shuo Qi and Jian Zhao and Pi-Peng Li and Ying-Yong Wang (2020). A new species of the Rana japonica group (Anura, Ranidae, Rana) from China, with a taxonomic proposal for the R. johnsi group ZooKeys, 942, 141–158 https://doi.org/10.3897/zookeys.942.46928",2020,"Wan H, Lyu Z-T, Qi S, Zhao J, Li P-P, Wang Y-Y",ZooKeys,10.3897/zookeys.942.46928
130,921,两栖纲,猫儿山掌突蟾,Paramegophrys maoershanensis,猫儿山掌突蟾,Leptolalax maoershanensis,无尾目,Megophryidae,角蟾科,Paramegophrys,掌突蟾属,中国广西资源县猫儿山自然保护区鞍塘坪,广西,110.4652,25.9116,1575,2015-06-05,山地小型竹林,"KIZ046696 (holotype); KIZ019385–86, KIZ045758, KIZ046698–700, KIZ027229, KIZ019384, KIZ027230–41, KIZ046643, KIZ027234 (paratypes)",标本,"ZHIYONG YUAN and RUIDA SUN and JINMIN CHEN and JODI J. L. ROWLEY and ZHENGJUN WU and SHAOBING HOU and SHAONENG WANG & JING CHE (2017). A new species of the genus Leptolalax (Anura: Megophryidae) from Guangxi, China Zootaxa, 4300(4), 551–570 https://doi.org/10.11646/zootaxa.4300.4.5",2017,"Zhiyong Yuan, Ruida Sun, Jinmin Chen, Jodi J. L. Rowley, Jing Che",Zootaxa,10.11646/zootaxa.4300.4.5
131,931,两栖纲,突肛树蛙,Zhangixalus pachyproctus,厚肛张树蛙,Zhangixalus pachyproctus,无尾目,Rhacophoridae,树蛙科,Zhangixalus,张树蛙属,补蚌村,云南,101.5853,21.6149,684,2016-06-09,,"KIZ 20160119 (holotype); KIZ 20160118, KIZ 20160122, KIZ 20160123, KIZ 090148, KIZ 090149, KIZ 20160126, KIZ 20160219–20160221 (paratypes)",标本,"GUOHUA YU and HONG HUI and MIAN HOU and ZHENGJUN WU and DINGQI RAO & JUNXING YANG (2019). A new species of Zhangixalus (Anura: Rhacophoridae), previously confused with Zhangixalus smaragdinus (Blyth, 1852) Zootaxa, 4711(2), 275–292 https://doi.org/10.11646/zootaxa.4711.2.3",2019,"Guohua Yu, Hong Hui, Mian Hou, Zhengjun Wu, Dingqi Rao, Junxing Yang",Zootaxa,10.11646/zootaxa.4711.2.3
132,935,两栖纲,龙门山齿蟾,Oreolalax longmenmontis,龙门山齿蟾,Oreolalax longmenmontis,无尾目,Megophryidae,角蟾科,Oreolalax,齿蟾属,四川省彭州市白河国家级自然保护区下家沟,四川,103.8662,31.2934,1300,2018-05-27,"亚热带常绿阔叶林,常见于山溪中的水塘附近","CIB20180522001 (holotype); CIB20180526001, CIB20180527002 (paratypes)",标本,"Yinmeng Hou and Shengchao Shi and Daming Hu and Yue Deng and Jianping Jiang and Feng Xie and Bin Wang (2020). A new species of the toothed toad Oreolalax (Anura, Megophryidae) from Sichuan Province, China ZooKeys, 929, 93–115 https://doi.org/10.3897/zookeys.929.49748",2020,"Hou Y, Shi S, Hu D, Deng Y, Jiang J, Xie F, Wang B",ZooKeys,10.3897/zookeys.929.49748
133,951,爬行纲,,,勐腊钝头蛇,Pareas menglaensis,有鳞目,Pareidae,钝头蛇科,Pareas,钝头蛇属,中国云南省勐腊县,云南,101.5667,21.4833,700,2012-07,"低山常绿阔叶林,热带季风气候类型","YBU 14124 (holotype); YBU 14141, YBU 14142 (paratypes)",标本,"Ping Wang and Jing Che and Qin Liu and Ke Li and Jie Qiong Jin and Ke Jiang and Lei Shi and Peng Guo (2020). A revised taxonomy of Asian snail-eating snakes Pareas (Squamata, Pareidae): evidence from morphological comparison and molecular phylogeny ZooKeys, 939, 45–64 https://doi.org/10.3897/zookeys.939.49309",2020,"Ping Wang, Jing Che, Qin Liu, Ke Li, Jie Qiong Jin, Ke Jiang, Lei Shi, Peng Guo",ZooKeys,10.3897/zookeys.939.49309
134,952,爬行纲,,,蒙自钝头蛇,Pareas mengziensis,有鳞目,Pareidae,钝头蛇科,Pareas,钝头蛇属,中国云南省蒙自市,云南,103.3944,23.3639,1900,2014-07,"落叶阔叶林,亚热带季风气候","YBU 14252 (holotype); YBU 141251, YBU 15100, YBU 14253, YBU 14288, YBU 15114 (paratypes)",标本,"Ping Wang and Jing Che and Qin Liu and Ke Li and Jie Qiong Jin and Ke Jiang and Lei Shi and Peng Guo (2020). A revised taxonomy of Asian snail-eating snakes Pareas (Squamata, Pareidae): evidence from morphological comparison and molecular phylogeny ZooKeys, 939, 45–64 https://doi.org/10.3897/zookeys.939.49309",2020,"Ping Wang, Jing Che, Qin Liu, Ke Li, Jie Qiong Jin, Ke Jiang, Lei Shi, Peng Guo",ZooKeys,10.3897/zookeys.939.49309
135,960,爬行纲,格致睑虎,Goniurosaurus gezhi,格氏弓背守宫,Goniurosaurus gezhi,有鳞目,Eublepharidae,睑虎科,Goniurosaurus,睑虎属,"中国广西壮族自治区西南部,因保护原因未公开确切地点",广西,107.0,22.5,150,,夜间栖息于石灰岩缝隙;农田附近的道路,"ECNU-V0038 (holotype), ECNU-V0040, ECNU-V0042 (paratypes)",标本,"XIAO-YU ZHU and GUANG-YU CHEN and CRISTIAN ROMÁN-PALACIOS and ZHENG LI and ZHU-QING HE (2020). Goniurosaurus gezhi sp. nov., a new gecko species from Guangxi, China (Squamata: Eublepharidae) Zootaxa, 4852(2), 211–222 https://doi.org/10.11646/zootaxa.4852.2.6",2020,"Zhu, Xiao-Yu, He, Zhu-Qing, Li, Jian",Zootaxa,10.11646/zootaxa.4852.2.6
136,967,爬行纲,大壁虎,Gekko gecko,大壁虎,Gekko gecko,有鳞目,Gekkonidae,壁虎科,Gekko,壁虎属,中国广西西南部石灰岩地区,广西,106.8,22.5,,,石灰岩地区,,照片/影像,"XIAO-YU ZHU and GUANG-YU CHEN and CRISTIAN ROMÁN-PALACIOS and ZHENG LI and ZHU-QING HE (2020). Goniurosaurus gezhi sp. nov., a new gecko species from Guangxi, China (Squamata: Eublepharidae) Zootaxa, 4852(2), 211–222 https://doi.org/10.11646/zootaxa.4852.2.6",2020,"Zhu, Xiao-Yu, He, Zhu-Qing, Li, Jian",Zootaxa,10.11646/zootaxa.4852.2.6
137,969,爬行纲,诚正睑虎,Goniurosaurus chengzheng,程政睑虎,Goniurosaurus chengzheng,有鳞目,Eublepharidae,睑虎科,Goniurosaurus,睑虎属,中国广西中部,广西,108.5,23.8,100-250,2018-07,落水洞附近的石灰岩和土壤坡地,"ECNU-V0090 (holotype), ECNU-V0068 (paratype)",标本,"XIAO-YU ZHU and YI-JIAO LIU and YUN BAI and CRISTIAN ROMÁN-PALACIOS and ZHENG LI and ZHU-QING HE (2021). Goniurosaurus chengzheng sp. nov., a new species of Leopard Gecko from Guangxi, China (Squamata: Eublepharidae) Zootaxa, 4996(3), 555–568 https://doi.org/10.11646/zootaxa.4996.3.8",2021,"Xiao-Yu Zhu, Yi-Jiao Liu, Yun Bai, Cristian Román-Palacios, Zheng Li, Zhu-Qing He",Zootaxa,10.11646/zootaxa.4996.3.8
138,970,两栖纲,吉林爪鲵,Onychodactylus zhangyapingi,张亚平爪鲵,Onychodactylus zhangyapingi,有尾目,Hynobiidae,小鲵科,Onychodactylus,爪鲵属,长白山地区,吉林,128.0,42.0,250,,山地混交阔叶林和针叶林;流动泉水和山间小溪上游,,照片/影像,IUCN SSC Amphibian Specialist Group (2020). Onychodactylus zhangyapingi The IUCN Red List of Threatened Species https://doi.org/10.2305/IUCN.UK.2020-3.RLTS.T79100197A122172407.en,2020,"Che, J., Poyarkov, N.A., Yan, F.",Zootaxa,10.2305/IUCN.UK.2020-3.RLTS.T79100197A122172407.en
139,988,两栖纲,,,,Hynobius sp. nov.,有尾目,Hynobiidae,小鲵科,Hynobius,小鲵属,中国福建省连城县曲溪村,福建,116.938,25.566,,2022-08,竹林,"22HyF001, 22HyF002, 22HyF003, 22HyF004, 22HyF005, 22HyF006",标本,"Zhenqi Wang and Siti N. Othman and Zhixin Qiu and Yiqiu Lu and Vishal Kumar Prasad and Yuran Dong and Chang‐Hu Lu and Amaël Borzée (2023). An Isolated and Deeply Divergent Hynobius Species from Fujian, China Animals, 13, 1661 https://doi.org/10.3390/ani13101661",2023,,Animals,10.3390/ani13101661
140,1001,两栖纲,粤琴蛙,Nidirana guangdongensis,广东琴蛙,Nidirana guangdongensis,无尾目,Ranidae,蛙科,Nidirana,琴蛙属,石门台自然保护区,广东,113.1617,24.445,320,2017-04-24,天然或人工沼泽、池塘和稻田,"SYS a005767 (holotype); SYS a005765, SYS a005766, SYS a005995, SYS a005997–98, SYS a006879/CIB 107273, SYS a007688 (paratypes)",标本,"Zhi-Tong Lyu and Ke-Yuan Dai and Yao Li and Han Wan and Zhe-Yi Liu and Shuo Qi and Si-Min Lin and Jian Wang and Yu-Long Li and Yang-Jin Zeng and Pi-Peng Li and Hong Pang and Ying-Yong Wang (2020). Comprehensive approaches reveal three cryptic species of genus Nidirana (Anura, Ranidae) from China ZooKeys, 914, 127–159 https://doi.org/10.3897/zookeys.914.36604",2020,"Lyu, Zhi-Tong, Dai, Ke-Yuan, Li, Yao, Wan, Han, Liu, Zhe-Yi, Qi, Shuo, Lin, Si-Min, Wang, Jian, Li, Yu-Long, Zeng, Yang-Jin, Li, Pi-Peng, Pang, Hong, Wang, Ying-Yong",ZooKeys,10.3897/zookeys.914.36604
141,1002,两栖纲,孟闻琴蛙,Nidirana mangveni,莽文琴蛙,Nidirana mangveni,无尾目,Ranidae,蛙科,Nidirana,琴蛙属,大盘山,浙江,120.5447,28.9801,860,2017-08-01,天然或人工沼泽、池塘和稻田,"SYS a006313 (holotype); SYS a006311–12, SYS a006314/CIB 107275, SYS a006310, SYS a006413–14, SYS a006416, SYNU 12050569 (paratypes)",标本,"Zhi-Tong Lyu and Ke-Yuan Dai and Yao Li and Han Wan and Zhe-Yi Liu and Shuo Qi and Si-Min Lin and Jian Wang and Yu-Long Li and Yang-Jin Zeng and Pi-Peng Li and Hong Pang and Ying-Yong Wang (2020). Comprehensive approaches reveal three cryptic species of genus Nidirana (Anura, Ranidae) from China ZooKeys, 914, 127–159 https://doi.org/10.3897/zookeys.914.36604",2020,"Lyu, Zhi-Tong, Dai, Ke-Yuan, Li, Yao, Wan, Han, Liu, Zhe-Yi, Qi, Shuo, Lin, Si-Min, Wang, Jian, Li, Yu-Long, Zeng, Yang-Jin, Li, Pi-Peng, Pang, Hong, Wang, Ying-Yong",ZooKeys,10.3897/zookeys.914.36604
142,1003,两栖纲,湘琴蛙,Nidirana xiangica,湘江琴蛙,Nidirana xiangica,无尾目,Ranidae,蛙科,Nidirana,琴蛙属,大围山,湖南,114.0793,28.4237,820,2014-05-08,天然或人工池塘和稻田,"SYS a006492 (holotype); SYS a006493/CIB 107276, SYS a006491, SYS a002591, SYS a002590, SYS a007269–7273 (paratypes)",标本,"Zhi-Tong Lyu and Ke-Yuan Dai and Yao Li and Han Wan and Zhe-Yi Liu and Shuo Qi and Si-Min Lin and Jian Wang and Yu-Long Li and Yang-Jin Zeng and Pi-Peng Li and Hong Pang and Ying-Yong Wang (2020). Comprehensive approaches reveal three cryptic species of genus Nidirana (Anura, Ranidae) from China ZooKeys, 914, 127–159 https://doi.org/10.3897/zookeys.914.36604",2020,"Lyu, Zhi-Tong, Dai, Ke-Yuan, Li, Yao, Wan, Han, Liu, Zhe-Yi, Qi, Shuo, Lin, Si-Min, Wang, Jian, Li, Yu-Long, Zeng, Yang-Jin, Li, Pi-Peng, Pang, Hong, Wang, Ying-Yong",ZooKeys,10.3897/zookeys.914.36604
143,1009,爬行纲,香港盲蛇,Indotyphlops lazelli,拉氏盲蛇,Typhlops lazelli,有鳞目,Typhlopidae,盲蛇科,Indotyphlops,印度盲蛇属,中国香港特别行政区香港岛薄扶林高西,香港,114.1417,22.2583,,1988-05-27,,MCZ 173290 (holotype); MCZ 183578 (paratype),标本,"V. WALLACH and OLIVIER S. G. PAUWELS (2004). TYPHLOPS LAZELLI, A NEW SPECIES OF CHINESE BLINDSNAKE FROM HONG KONG (SERPENTES: TYPHLOPIDAE) BREVIORA",2004,"V. Wallach, Olivier S. G. Pauwels",Breviora,
144,1016,两栖纲,抚华费树蛙,Feihyla fuhua,抚华费氏树蛙,Feihyla fuhua,无尾目,Rhacophoridae,树蛙科,Feihyla,费树蛙属,云南省屏边县前进乡,云南,103.41,22.58,1040,1958-08-16,"海拔约1040米的山坡地带,繁殖期夜间常在水塘边的树枝上活动","CIB584168 (holotype); CIB584166-584167, 584169-584171 (paratypes)",标本,"费梁、叶昌媛、江建平 (2010). 中国云南树蛙科一新种(两栖纲,无尾目) 动物分类学报, 35(2), 413-417",2010,"Fei, Liang, Ye, Changyuan, Jiang, Jianping",Acta Zootaxonomica Sinica,
145,1018,两栖纲,南江臭蛙,Odorrana nanjiangensis,南江臭蛙,Odorrana nanjiangensis,无尾目,Ranidae,蛙科,Odorrana,臭蛙属,四川省南江县,四川,106.8333,32.35,,,,CIB610623,标本,"费梁、叶昌媛、谢锋、江建平 (2007). 中国四川省蛙科一新种——南江臭蛙 (两栖纲:无尾目) 动物学研究, 28(5), 551-555",2007,"Fei Liang, et al.",Zoological Research,
146,1029,两栖纲,宜章臭蛙,Odorrana yizhangensis,宜章臭蛙,Odorrana yizhangensis,无尾目,Ranidae,蛙科,Odorrana,臭蛙属,湖南省宜章县莽山,湖南,113.0,25.0,1200,1975-06-10,,"Holotype CIB75I0900; Allotype CIB75I0903; Paratypes: 5♂♂ (CIB 75I0690, 75I0691, 75I0899, 75I0901, 75I0911), 4♀♀ (CIB 75I0692, 75I0902, 75I0912, 75I0913)",标本,"费梁、叶昌嫒、江建平 (2007). 中国蛙科一新种(两栖纲,无尾目) 动物分类学报, 32(4), 989-992",2007,"Fei Liang, Ye Chang-Yuan, Jiang Jian-Ping",Acta Zootaxonomica Sinica,
147,1030,两栖纲,版纳大头蛙,Limnonectes bannaensis,版纳大头蛙,Limnonectes bannaensis,无尾目,Dicroglossidae,叉舌蛙科,Limnonectes,大头蛙属,云南省景洪市勐养,云南,100.7867,22.1289,,,,CIB 570798 (holotype),标本,"叶昌媛、费梁、谢锋、江建平 (2007). 中国蛙科一新种——版纳大头蛙 (两栖纲:无尾目) 动物学研究, 28(5), 545-550",2007,,Zoological Research,
148,1046,两栖纲,仙居角蟾,Boulenophrys xianjuensis,仙居角蟾,Megophrys xianjuensis,无尾目,Megophryidae,角蟾科,Boulenophrys,布角蟾属,中国浙江省仙居县淡竹乡神仙居景区,浙江,120.5949,28.6775,350,2018-05-14,亚热带山地森林溪流中的石块上,"Holotype: CIBXJ190503; Paratypes: CIB20180514007, CIB20180514008, CIBXJ190501, CIBXJ190505, CIBXJ20190801, CIBXJ20190802, CIBXJ20190803, CIBXJ20190804, CIBXJ20190805",标本,"Bin Wang and Yan-Qing Wu and Jun-Wei Peng and Sheng-Chao Shi and Ning-Ning Lu and Jun Wu (2020). A new Megophrys Kuhl & Van Hasselt (Amphibia, Megophryidae) from southeastern China ZooKeys, 904, 35–62 https://doi.org/10.3897/zookeys.904.47354",2020,"Bin Wang, Yan-Qing Wu, Jun-Wei Peng, Sheng-Chao Shi, Ning-Ning Lu, Jun Wu",ZooKeys,10.3897/zookeys.904.47354
149,1050,两栖纲,荔浦臭蛙,Odorrana lipuensis,荔浦臭蛙,Odorrana lipuensis,无尾目,Ranidae,蛙科,Odorrana,臭蛙属,中国广西阳朔和越南高平省下琅,广西,106.5,24.8,,,"夜行性喀斯特栖居者,见于完全黑暗的喀斯特洞穴和潮湿的地表石灰岩上","NHMG 1303018, NHMG 1303019",标本,"Han-Ming Song and Shuo Qi and Hao-Tian Wang and Yue-Ning Gong and Yang Liu and Ying-Yong Wang (2025). Definition and taxonomic revision of the karst-associated Odorrana lipuensis group (Anura, Ranidae), with a new species from Guangdong, China Life Science, 101(3), 1-10 https://doi.org/10.3897/zse.101.142746",2025,"Han-Ming Song, Shuo Qi, Hao-Tian Wang, Yue-Ning Gong, Yang Liu, Ying-Yong Wang",ZooKeys,10.3897/zse.101.142746
150,1051,爬行纲,百色壁虎,Gekko paucituberculatus,百色壁虎,Gekko paucituberculatus,有鳞目,Gekkonidae,壁虎科,Gekko,壁虎属,中国广西壮族自治区百色市田阳区,广西,106.9872,23.7153,120,2023-08-03,岩栖特化种;夜间发现于石灰岩喀斯特洞穴入口附近的岩石上,"SYS r002806 (holotype), SYS r002807 (paratype)",标本,"Hao-Tian Wang and Shuo Qi and Dan-Yang Zhou and Ying-Yong Wang (2024). Description of a new karst-adapted species of the subgenus Japonigekko (Squamata: Gekkonidae: Gekko) from Guangxi, southern China Vertebrate Zoology, 74, 121–132 https://doi.org/10.3897/vz.74.e113899",2024,"Wang, Hao-Tian, Qi, Shuo, Zhou, Dan-Yang, Wang, Ying-Yong",Vertebrate Zoology,10.3897/vz.74.e113899
151,1061,爬行纲,张氏小头蛇,Oligodon zhangfujii,张氏小头蛇,Oligodon zhangfujii,有鳞目,Colubridae,游蛇科,Oligodon,小头蛇属,背崩乡,西藏,95.1916,29.2441,1115,2023-08-16,,CIB 121710,标本,"Ke JIANG and Dihao WU and Junjie HUANG and Jinlong REN and Zongyuan GAO and Zhitong LYU and Jiatang LI (2025). Description of a New Species of Kukri Snake (Serpentes: Colubridae: Oligodon) from Xizang, China Asian Herpetological Research, 16(1), 36–48 https://doi.org/10.3724/ahr.2095-0357.2024.0058",2025,"Ke JIANG, Dihao WU, Junjie HUANG, Jinlong REN, Zongyuan GAO, Zhitong LYU, Jiatang LI",Asian Herpetological Research,10.3724/ahr.2095-0357.2024.0058
152,1067,两栖纲,东莞角蟾,Boulenophrys dongguanensis,东莞角蟾,Megophrys dongguanensis,无尾目,Megophryidae,角蟾科,Boulenophrys,布角蟾属,广东省东莞市银瓶山,广东,114.15,22.95,,,,,照片/影像,"Jian Wang and Zhi-Tong Lyu and Zu-Yao Liu and Cheng-Kai Liao and Zhao-Chi Zeng and Jian Zhao and Yu-Long Li and Ying-Yong Wang (2019). Description of six new species of the subgenus Panophrys within the genus Megophrys (Anura, Megophryidae) from southeastern China based on molecular and morphological data ZooKeys, 851, 113–164 https://doi.org/10.3897/zookeys.851.29107",2019,"Wang, Jian, Lyu, Zhi-Tong, Liu, Zu-Yao, Liao, Cheng-Kai, Zeng, Zhao-Chi, Zhao, Jian, Li, Yu-Long, Wang, Ying-Yong",ZooKeys,10.3897/zookeys.851.29107
153,1068,两栖纲,南昆山角蟾,Boulenophrys nankunensis,南昆山角蟾,Megophrys nankunensis,无尾目,Megophryidae,角蟾科,Boulenophrys,布角蟾属,广东省惠州市南昆山,广东,113.85,23.65,,,,SYS a004503,标本,"Jian Wang and Zhi-Tong Lyu and Zu-Yao Liu and Cheng-Kai Liao and Zhao-Chi Zeng and Jian Zhao and Yu-Long Li and Ying-Yong Wang (2019). Description of six new species of the subgenus Panophrys within the genus Megophrys (Anura, Megophryidae) from southeastern China based on molecular and morphological data ZooKeys, 851, 113–164 https://doi.org/10.3897/zookeys.851.29107",2019,"Wang, Jian, Lyu, Zhi-Tong, Liu, Zu-Yao, Liao, Cheng-Kai, Zeng, Zhao-Chi, Zhao, Jian, Li, Yu-Long, Wang, Ying-Yong",ZooKeys,10.3897/zookeys.851.29107
154,1070,两栖纲,南岭角蟾,Boulenophrys nanlingensis,南岭角蟾,Megophrys nanlingensis,无尾目,Megophryidae,角蟾科,Boulenophrys,布角蟾属,广东省韶关市南岭自然保护区,广东,113.15,24.95,,,,SYS a002159,标本,"Jian Wang and Zhi-Tong Lyu and Zu-Yao Liu and Cheng-Kai Liao and Zhao-Chi Zeng and Jian Zhao and Yu-Long Li and Ying-Yong Wang (2019). Description of six new species of the subgenus Panophrys within the genus Megophrys (Anura, Megophryidae) from southeastern China based on molecular and morphological data ZooKeys, 851, 113–164 https://doi.org/10.3897/zookeys.851.29107",2019,"Wang, Jian, Lyu, Zhi-Tong, Liu, Zu-Yao, Liao, Cheng-Kai, Zeng, Zhao-Chi, Zhao, Jian, Li, Yu-Long, Wang, Ying-Yong",ZooKeys,10.3897/zookeys.851.29107
155,1071,两栖纲,九连山角蟾,Boulenophrys jiulianensis,九连山角蟾,Megophrys jiulianensis,无尾目,Megophryidae,角蟾科,Boulenophrys,布角蟾属,江西省龙南县九连山国家级自然保护区,江西,114.55,24.65,,,,,照片/影像,"Jian Wang and Zhi-Tong Lyu and Zu-Yao Liu and Cheng-Kai Liao and Zhao-Chi Zeng and Jian Zhao and Yu-Long Li and Ying-Yong Wang (2019). Description of six new species of the subgenus Panophrys within the genus Megophrys (Anura, Megophryidae) from southeastern China based on molecular and morphological data ZooKeys, 851, 113–164 https://doi.org/10.3897/zookeys.851.29107",2019,"Wang, Jian, Lyu, Zhi-Tong, Liu, Zu-Yao, Liao, Cheng-Kai, Zeng, Zhao-Chi, Zhao, Jian, Li, Yu-Long, Wang, Ying-Yong",ZooKeys,10.3897/zookeys.851.29107
156,1072,两栖纲,武功山角蟾,Boulenophrys wugongensis,武功山角蟾,Megophrys wugongensis,无尾目,Megophryidae,角蟾科,Boulenophrys,布角蟾属,江西省萍乡市杨岐山景区及相邻吉安市武功山景区,江西,114.2,27.5,,,,,照片/影像,"Jian Wang and Zhi-Tong Lyu and Zu-Yao Liu and Cheng-Kai Liao and Zhao-Chi Zeng and Jian Zhao and Yu-Long Li and Ying-Yong Wang (2019). Description of six new species of the subgenus Panophrys within the genus Megophrys (Anura, Megophryidae) from southeastern China based on molecular and morphological data ZooKeys, 851, 113–164 https://doi.org/10.3897/zookeys.851.29107",2019,"Wang, Jian, Lyu, Zhi-Tong, Liu, Zu-Yao, Liao, Cheng-Kai, Zeng, Zhao-Chi, Zhao, Jian, Li, Yu-Long, Wang, Ying-Yong",ZooKeys,10.3897/zookeys.851.29107
157,1073,两栖纲,幕阜山角蟾,Boulenophrys mufumontana,幕阜山角蟾,Megophrys mufumontana,无尾目,Megophryidae,角蟾科,Boulenophrys,布角蟾属,湖南省岳阳市幕阜山,湖南,113.85,28.95,,,,,照片/影像,"Jian Wang and Zhi-Tong Lyu and Zu-Yao Liu and Cheng-Kai Liao and Zhao-Chi Zeng and Jian Zhao and Yu-Long Li and Ying-Yong Wang (2019). Description of six new species of the subgenus Panophrys within the genus Megophrys (Anura, Megophryidae) from southeastern China based on molecular and morphological data ZooKeys, 851, 113–164 https://doi.org/10.3897/zookeys.851.29107",2019,"Wang, Jian, Lyu, Zhi-Tong, Liu, Zu-Yao, Liao, Cheng-Kai, Zeng, Zhao-Chi, Zhao, Jian, Li, Yu-Long, Wang, Ying-Yong",ZooKeys,10.3897/zookeys.851.29107
158,1087,两栖纲,岜沙掌突蟾,Paramegophrys bashaensis,岜沙掌突蟾,Leptobrachella bashaensis,无尾目,Megophryidae,角蟾科,Paramegophrys,掌突蟾属,"岜沙自然保护区,从江县",贵州,108.7356,25.8534,900,2017-10,山地常绿次生林;小溪流,"GIB196403 (holotype); GIB196401–02, GIB196404, GIB196406–07 (paratypes)",标本,"Jing-Cai Lyu and Liang-Liang Dai and Ping-Fan Wei and Yan-Hong He and Zhi-Yong Yuan and Wen-Li Shi and Sheng-Lun Zhou and Si-Yu Ran and Zhong-Fan Kuang and Xuan Guo and Gang Wei and Guo Yuan (2020). A new species of the genus Leptobrachella Smith, 1925 (Anura, Megophryidae) from Guizhou, China ZooKeys, 1008, 139–157 https://doi.org/10.3897/zookeys.1008.56412",2020,"Lyu, Jing-Cai, Dai, Liang-Liang, Wei, Ping-Fan, He, Yan-Hong, Yuan, Zhi-Yong, Shi, Wen-Li, Zhou, Sheng-Lun, Ran, Si-Yu, Kuang, Zhong-Fan, Guo, Xuan, Wei, Gang, Yuan, Guo",ZooKeys,10.3897/zookeys.1008.56412
159,1120,两栖纲,,,,Alcalus sp. nov.,无尾目,Ceratobatrachidae,亚洲角蛙科,Alcalus,小山蛙属,中国云南省盈江县铜壁关乡,云南,97.55,24.65,,2023-08,,KIZ specimens (seven adult females and two adult males),标本,"Zhongbin YU and Kai WANG and Tianen CHEN and Ling LI and Felista Kasyoka KILUNDA and Haipeng ZHAO and Yayong WU and Shenpin YANG and Zhengpan DUAN and Anru ZUO and Dingcan ZHANG and Robert W. MURPHY and Yunhe WU and Jing CHE (2025). First Record of the Genus Alcalus (Anura, Ceratobatrachidae) and Describe a New Species from Yunnan, China Asian Herpetological Research, 16(2), 160–168 https://doi.org/10.3724/ahr.2095-0357.2024.0035",2025,"Zhongbin YU, Kai WANG, Tianen CHEN, Ling LI, Felista Kasyoka KILUNDA, Haipeng ZHAO, Yayong WU, Shenpin YANG, Zhengpan DUAN, Anru ZUO, Dingcan ZHANG, Robert W. MURPHY, Yunhe WU, Jing CHE",Asian Herpetological Research,10.3724/ahr.2095-0357.2024.0035
160,1128,两栖纲,花坪角蟾,Boulenophrys mirabilis,花坪角蟾,Megophrys mirabilis,无尾目,Megophryidae,角蟾科,Boulenophrys,布角蟾属,中国广西壮族自治区桂林市临桂区花坪自然保护区,广西,109.949,25.5554,1300,2013-09-09,海拔1300–1330米小径旁灌木枝上,"Holotype: SYS a002917; Paratypes: SYS a002192, SYS a002193, SYS a002289",标本,"Zhi-Tong Lyu and Yuan-Qiu Li and Zhao-Chi Zeng and Jian Zhao and Zu-Yao Liu and Guo-Xin Guo and Ying-Yong Wang (2020). Four new species of Asian horned toads (Anura, Megophryidae, Megophrys) from southern China ZooKeys, 942, 105–140 https://doi.org/10.3897/zookeys.942.47983",2020,"Lyu, Zhi-Tong, Li, Yuan-Qiu, Zeng, Zhao-Chi, Zhao, Jian, Liu, Zu-Yao, Guo, Guo-Xin, Wang, Ying-Yong",ZooKeys,10.3897/zookeys.942.47983
161,1129,两栖纲,石门台角蟾,Boulenophrys shimentaina,石门台角蟾,Megophrys shimentaina,无尾目,Megophryidae,角蟾科,Boulenophrys,布角蟾属,中国广东省清远市英德市石门台自然保护区,广东,113.1095,24.4095,370,2013-04-25,海拔210–500米缓流山溪,"Holotype: SYS a004710; Paratypes: SYS a002077, SYS a002081–2085, SYS a004172–4173, SYS a005448/CIB 110015, SYS a005992–5993",标本,"Zhi-Tong Lyu and Yuan-Qiu Li and Zhao-Chi Zeng and Jian Zhao and Zu-Yao Liu and Guo-Xin Guo and Ying-Yong Wang (2020). Four new species of Asian horned toads (Anura, Megophryidae, Megophrys) from southern China ZooKeys, 942, 105–140 https://doi.org/10.3897/zookeys.942.47983",2020,"Lyu, Zhi-Tong, Li, Yuan-Qiu, Zeng, Zhao-Chi, Zhao, Jian, Liu, Zu-Yao, Guo, Guo-Xin, Wang, Ying-Yong",ZooKeys,10.3897/zookeys.942.47983
162,1130,两栖纲,湘南角蟾,Boulenophrys xiangnanensis,湘南角蟾,Megophrys xiangnanensis,无尾目,Megophryidae,角蟾科,Boulenophrys,布角蟾属,中国湖南省永州市双牌县阳明山,湖南,111.8945,26.1177,1360,2014-06-12,海拔900–1400米、湿润亚热带次生常绿阔叶林环绕的缓流山溪附近,"Holotype: SYS a002875; Paratypes: SYS a002874, SYS a002876/CIB 116072, SYS a002878–2886",标本,"Zhi-Tong Lyu and Yuan-Qiu Li and Zhao-Chi Zeng and Jian Zhao and Zu-Yao Liu and Guo-Xin Guo and Ying-Yong Wang (2020). Four new species of Asian horned toads (Anura, Megophryidae, Megophrys) from southern China ZooKeys, 942, 105–140 https://doi.org/10.3897/zookeys.942.47983",2020,"Lyu, Zhi-Tong, Li, Yuan-Qiu, Zeng, Zhao-Chi, Zhao, Jian, Liu, Zu-Yao, Guo, Guo-Xin, Wang, Ying-Yong",ZooKeys,10.3897/zookeys.942.47983
163,1131,两栖纲,阳明山角蟾,Boulenophrys yangmingensis,阳明山角蟾,Megophrys yangmingensis,无尾目,Megophryidae,角蟾科,Boulenophrys,布角蟾属,中国湖南省永州市双牌县阳明山,湖南,111.8945,26.1177,1360,2013-09-08,海拔1360米山溪区域,"Holotype: SYS a002887; Paratypes: SYS a002877, SYS a002888–2889, SYS a002891–2892, SYS a002307, SYS a002310/CIB 116073",标本,"Zhi-Tong Lyu and Yuan-Qiu Li and Zhao-Chi Zeng and Jian Zhao and Zu-Yao Liu and Guo-Xin Guo and Ying-Yong Wang (2020). Four new species of Asian horned toads (Anura, Megophryidae, Megophrys) from southern China ZooKeys, 942, 105–140 https://doi.org/10.3897/zookeys.942.47983",2020,"Lyu, Zhi-Tong, Li, Yuan-Qiu, Zeng, Zhao-Chi, Zhao, Jian, Liu, Zu-Yao, Guo, Guo-Xin, Wang, Ying-Yong",ZooKeys,10.3897/zookeys.942.47983
164,1147,爬行纲,怒江蝮,Gloydius lipipengi,努江蝮,Gloydius lipipengi,有鳞目,Viperidae,蝰科,Gloydius,亚洲蝮属,西藏林芝市察隅县木杂村,西藏,98.23,28.54,2883,2014-09-08,怒江下游干热河谷附近森林中的落叶层,IVPP OV 2720,标本,"Jing-Song Shi and Jin-Cheng Liu and Rohit Giri and John Benjamin Owens and Vishal Santra and Sourish Kuttalam and Melvin Selvan and Ke-Ji Guo and Anita Malhotra (2021). Molecular phylogenetic analysis of the genus Gloydius (Squamata, Viperidae, Crotalinae), with description of two new alpine species from Qinghai-Tibet Plateau, China ZooKeys, 1061, 87–108 https://doi.org/10.3897/zookeys.1061.70420",2021,"Shi J-S, Liu J-C, Giri R, Owens JB, Santra V, Kuttalam S, Selvan M, Guo K-J, Malhotra A",ZooKeys,10.3897/zookeys.1061.70420
165,1148,爬行纲,冰川蝮,Gloydius swild,SWILD蝮,Gloydius swild,有鳞目,Viperidae,蝰科,Gloydius,亚洲蝮属,四川省阿坝州黑水县,四川,102.8,32.23,2940,,向阳山坡的岩石上或岩石下(尤其靠近植被处),"IVPP OV 2725, IVPP OV 2726",标本,"Jing-Song Shi and Jin-Cheng Liu and Rohit Giri and John Benjamin Owens and Vishal Santra and Sourish Kuttalam and Melvin Selvan and Ke-Ji Guo and Anita Malhotra (2021). Molecular phylogenetic analysis of the genus Gloydius (Squamata, Viperidae, Crotalinae), with description of two new alpine species from Qinghai-Tibet Plateau, China ZooKeys, 1061, 87–108 https://doi.org/10.3897/zookeys.1061.70420",2021,"Shi J-S, Liu J-C, Giri R, Owens JB, Santra V, Kuttalam S, Selvan M, Guo K-J, Malhotra A",ZooKeys,10.3897/zookeys.1061.70420
166,1152,两栖纲,独山掌突蟾,Paramegophrys dushanensis,独山掌突蟾,Leptobrachella dushanensis,无尾目,Megophryidae,角蟾科,Paramegophrys,掌突蟾属,中国贵州省独山县,贵州,107.6492,25.9617,1000,2022-20,山地森林和山涧溪流,"CIB DS20220409002 (holotype); MT DS20230310001, MT DS20230310002 (paratypes)",标本,"Shize Li and Wei Li and Yanlin Cheng and Jing Liu and Gang Wei and Bin Wang (2024). Description of a new Asian Leaf Litter Toad of the genus Leptobrachella Smith, 1925 (Anura, Megophryidae) from southern Guizhou Province, China Biodiversity Data Journal, 12 https://doi.org/10.3897/BDJ.12.e113427",2024,"Li, Shize, Li, Wei, Cheng, Yanlin, Liu, Jing, Wei, Gang, Wang, Bin",Biodiversity Data Journal,10.3897/BDJ.12.e113427
167,1160,两栖纲,武夷林蛙,Rana wuyiensis,武夷林蛙,Rana wuyiensis,无尾目,Ranidae,蛙科,Rana,蛙属,武夷山国家公园,福建,117.743,27.76,1341,2020-08-29,常绿阔叶林下的溪流及附近草地,"Holotype: CIB WY20200913003; Paratypes: CIB WYS20200829001, CIB WYS20200829002, CIB WY20200829003, CIB WY20200913002, CIB WY20200913001; Other material: six tadpoles (Table 1)",标本,"Yanqing Wu and Shengchao Shi and Huiguang Zhang and Weicai Chen and Bin Cai and Van Chung Hoang and Jun Wu and Bin Wang (2021). A new species of the genus Rana sensu lato Linnaeus, 1758 (Anura, Ranidae) from Wuyi Mountain, Fujian Province, China ZooKeys, 1065, 101–124 https://doi.org/10.3897/zookeys.1065.67005",2021,"Wu, Yanqing, Shi, Shengchao, Zhang, Huiguang, Chen, Weicai, Cai, Bin, Hoang, Van Chung, Wu, Jun, Wang, Bin",ZooKeys,10.3897/zookeys.1065.67005
168,1161,两栖纲,河口小姬蛙,Micryletta hekouensis,河口小姬蛙,Micryletta hekouensis,无尾目,Microhylidae,姬蛙科,Micryletta,小姬蛙属,中国云南省红河州河口县南溪镇南溪村,云南,103.9856,22.6381,350,2021-05-15,夜间栖息于地面草丛中;周围为原始阔叶林和竹林;附近有喀斯特岩石;数百米内无水体,"KIZ20210510 (holotype), KIZ20210511 (paratype)",标本,"Shuo Liu and Mian Hou and Mingzhong Mo and Dingqi Rao (2021). A new species of Micryletta Dubois, 1987 (Anura, Microhylidae) from Yunnan Province, China Herpetozoa, 34, 131–140 https://doi.org/10.3897/herpetozoa.34.e69755",2021,"Shuo Liu, Mian Hou, Mingzhong Mo, Dingqi Rao",Herpetozoa,10.3897/herpetozoa.34.e69755
169,1162,爬行纲,秦皇锦蛇,Elaphe xiphodonta,秦皇锦蛇,Elaphe xiphodonta,有鳞目,Colubridae,游蛇科,Elaphe,锦蛇属,陕西省宁陕县城关镇,陕西,108.76,33.58,1700,2020-09-04,"长安河沿岸坡度小于20°的向阳或半向阳砾石和灌丛;秦岭冷杉林,伴有人工云杉、秦岭柳、悬钩子、红桦和秦岭箭竹","SYS r002534 (holotype), IVPP OV 2721 (paratype)",标本,"Shuo Qi and Jing-Song Shi and Yan-Bo Ma and Yi-Fei Gao and Shu-Hai Bu and L. Lee Grismer and Pi-Peng Li and Ying-Yong Wang (2021). A sheep in wolf's clothing: Elaphe xiphodonta sp. nov. (Squamata, Colubridae) and its possible mimicry to Protobothrops jerdonii ZooKeys, 1048, 23–47 https://doi.org/10.3897/zookeys.1048.65650",2021,"Shuo Qi, Yan-Bo Ma, Yi-Fei Gao, Liang Sun, Shu-Hai Bu, Zheng Wang, Xue-Man Zheng, Chong-Jian Zhou, Li Ding, Fan Yang, Shi-Chao He, Zi-Chuan Wei, Jun Yan, Jun-Dong Deng, Zong-Chang Yang, Bo Tan, Zhao-Chi Zeng, Zhi-Tong Lyu, Jin-Wang, Jia-Jun Zhou, Wei-Liang Xie, Ye-Mao Hou, Peng-Fei Yin, Hao Ding, Sheng Zheng",ZooKeys,10.3897/zookeys.1048.65650
170,1167,两栖纲,辛氏疣螈,Tylototriton sini,辛氏瘰螈,Tylototriton sini,有尾目,Salamandridae,蝾螈科,Tylototriton,疣螈属,中国广东省信宜市云开山,广东,111.1952,22.2758,1500,2016-04-16,云开山山地森林,"SYS a008354 (holotype); SYS a008353, SYS a008355, SYS a004679 /CIB 116083 (paratypes)",标本,"Zhi-Tong Lyu and Jian Wang and Zhao-Chi Zeng and Jia-Jun Zhou and Shuo Qi and Han Wan and You-Yu Li and Ying-Yong Wang (2021). A new species of the genus Tylototriton (Caudata, Salamandridae) from Guangdong, southern China, with discussion on the subgenera and species groups within the genus Vertebrate Zoology, 71, 697-710 https://doi.org/10.3897/vz.71.e73563",2021,"Lyu, Zhi-Tong, Wang, Jian, Zeng, Zhao-Chi, Zhou, Jia-Jun, Qi, Shuo, Wan, Han, Li, You-Yu, Wang, Ying-Yong",Vertebrate Zoology,10.3897/vz.71.e73563
171,1168,两栖纲,金沙掌突蟾,Paramegophrys jinshaensis,金沙掌突蟾,Leptobrachella jinshaensis,无尾目,Megophryidae,角蟾科,Paramegophrys,掌突蟾属,中国贵州省金沙县冷水河自然保护区,贵州,105.9992,27.5369,770,2020-05-16,长满芦苇的溪流及石下,"Holotype: CIBJS20200516004; Paratypes: CIBJS20200516001, CIBJS20200516002, CIBJS20200516003, CIBJS20200516005",标本,"Yan-Lin Cheng and Sheng-Chao Shi and Jiaqi Li and Jing Liu and Shi-Ze Li and Bin Wang (2021). A new species of the Asian leaf litter toad genus Leptobrachella Smith, 1925 (Anura, Megophryidae) from northwest Guizhou Province, China ZooKeys, 1021, 81–107 https://doi.org/10.3897/zookeys.1021.60729",2021,"Cheng, Y.-L., Shi, S.-C., Li, J., Liu, J., Li, S.-Z., Wang, B.",ZooKeys,10.3897/zookeys.1021.60729
172,1169,爬行纲,镇康裸趾虎,Cyrtodactylus zhenkangensis,镇康裸趾虎,Cyrtodactylus zhenkangensis,有鳞目,Gekkonidae,壁虎科,Cyrtodactylus,裸趾虎属,云南省镇康县南伞镇,云南,98.8411,23.7756,1060,2020-09-11,"喀斯特地貌的石灰岩悬崖;周围生境为原始森林,附近有溪流","Holotype: KIZL2020049; Paratypes: KIZL2020048, KIZL2020050, KIZL2020046, KIZL2020047",标本,"Shuo Liu & Dingqi Rao (2021). A new species of Cyrtodactylus Gray, 1827 (Squamata, Gekkonidae) from Yunnan, China ZooKeys, 1021, 109–126 https://doi.org/10.3897/zookeys.1021.60402",2021,"Liu, Shuo, Rao, Dingqi",ZooKeys,10.3897/zookeys.1021.60402
173,1170,爬行纲,雪林钝头蛇,Pareas xuelinensis,雪林后棱蛇,Pareas xuelinensis,有鳞目,Pareidae,钝头蛇科,Pareas,钝头蛇属,中国云南省普洱市澜沧县雪林乡,云南,99.5431,23.0439,1840,2019-07-13,"夜间在小路边灌木丛中发现,周围为森林和农田,附近无河流或溪流","KIZ XL1 (holotype), KIZ XL2, KIZ XL3 (paratypes)",标本,"Shuo Liu & Dingqi Rao (2021). A new species of the genus Pareas (Squamata, Pareidae) from Yunnan, China ZooKeys, 1011, 121–138 https://doi.org/10.3897/zookeys.1011.59029",2021,"Liu, Shuo, Rao, Dingqi",ZooKeys,10.3897/zookeys.1011.59029
174,1177,爬行纲,九寨蝮,Gloydius lateralis,九寨蝮,Gloydius lateralis,有鳞目,Viperidae,蝰科,Gloydius,亚洲蝮属,中国四川省阿坝藏族羌族自治州九寨沟国家级自然保护区扎如沟,四川,103.93,33.26,2072,,路边炎热干燥的山谷,"CIB 119377 (JZ02) (holotype); IVPP OV 2727, CIB 119378, CIB 119379 (JZ01, JZ03, JZ04), CIB 87280 (paratypes)",标本,"Mei-Hua Zhang and Sheng-Chao Shi and Cheng Li and Peng Yan and Ping Wang and Li Ding and Jie Du and Anđelka Plenković-Moraj and Jian-Ping Jiang and Jing-Song Shi (2022). Exploring cryptic biodiversity in a world heritage site: a new pitviper (Squamata, Viperidae, Crotalinae) from Jiuzhaigou, Aba, Sichuan, China ZooKeys, 1114, 59–76 https://doi.org/10.3897/zookeys.1114.79709",2022,"Mei-Hua Zhang, Shi, Jiang, Shi",ZooKeys,10.3897/zookeys.1114.79709
175,1187,两栖纲,岭南浮蛙,Occidozyga lingnanica,岭南浮蛙,Occidozyga lingnanica,无尾目,Occidozygidae,浮蛙科,Occidozyga,浮蛙属,广东省深圳市梧桐山,广东,114.4927,22.5914,,2021-07-18,丘陵地区的天然或人工池塘和稻田,"Holotype: SYS a008846; Paratypes: SYS a008847, CIB 118529, SYS a005589–90, SYS a007372–7375, SYS a004650, SYS a007657–7658",标本,"Zhi-Tong Lyu and Jian Wang and Zhao-Chi Zeng and Lin Luo and Yan-Wu Zhang and Chun-Peng Guo and Jin-Long Ren and Shuo Qi and Yun-Ming Mo and Ying-Yong Wang (2022). Taxonomic clarifications on the floating frogs (Anura: Dicroglossidae: Occidozyga sensu lato) in southeastern China Vertebrate Zoology, 72, 495–512 https://doi.org/10.3897/vz.72.e80019",2022,"Zhi-Tong Lyu, Jian Wang, Zhi-Cheng Zeng, Li Luo, Yu-Wei Zhang, Cheng-Peng Guo, Jin-Liang Ren, Si Qi, Yun-Min Mo, Ying-Yong Wang",Vertebrate Zoology,10.3897/vz.72.e80019
176,1191,爬行纲,丹巴攀蜥,Diploderma danbaense,丹巴龙蜥,Diploderma danbaense,有鳞目,Agamidae,鬣蜥科,Diploderma,攀蜥属,四川省甘孜州丹巴县巴旺乡,四川,101.8747,30.9831,2020,2022-08-06,"大渡河上游干热河谷,树木稀少,多岩石","KIZ2022048 (holotype); KIZ2022049, KIZ2022050, KIZ2022051, KIZ2022056 (paratypes)",标本,"Shuo Liu and Mian Hou and Natalia B. Ananjeva and Dingqi Rao (2023). Four new species of the genus Diploderma Hallowell, 1861 (Squamata, Agamidae) from China ZooKeys, 1148, 167–207 https://doi.org/10.3897/zookeys.1148.97706",2023,"Liu, Shuo, Hou, Mian, Ananjeva, Natalia B., Rao, Dingqi",ZooKeys,10.3897/zookeys.1148.97706
177,1192,爬行纲,东朗攀蜥,Diploderma donglangense,东朗龙蜥,Diploderma donglangense,有鳞目,Agamidae,鬣蜥科,Diploderma,攀蜥属,四川省凉山州木里县东朗乡亚英村,四川,100.595,28.8136,2750,2022-07-31,"水洛河上游干热河谷,多刺灌丛和石堆","KIZ2022057 (holotype); KIZ2022058, KIZ2022059, KIZ2022060, KIZ2022061 (paratypes)",标本,"Shuo Liu and Mian Hou and Natalia B. Ananjeva and Dingqi Rao (2023). Four new species of the genus Diploderma Hallowell, 1861 (Squamata, Agamidae) from China ZooKeys, 1148, 167–207 https://doi.org/10.3897/zookeys.1148.97706",2023,"Liu, Shuo, Hou, Mian, Ananjeva, Natalia B., Rao, Dingqi",ZooKeys,10.3897/zookeys.1148.97706
178,1193,爬行纲,九龙攀蜥,Diploderma jiulongense,九龙龙蜥,Diploderma jiulongense,有鳞目,Agamidae,鬣蜥科,Diploderma,攀蜥属,四川省甘孜州九龙县烟袋镇,四川,101.7492,28.4775,1680,2022-08-08,"雅砻江河谷,有灌丛、草地,树木稀少,多岩石","KIZ2022086 (holotype); KIZ2022087, KIZ2022099, KIZ2022100, KIZ2022101 (paratypes)",标本,"Shuo Liu and Mian Hou and Natalia B. Ananjeva and Dingqi Rao (2023). Four new species of the genus Diploderma Hallowell, 1861 (Squamata, Agamidae) from China ZooKeys, 1148, 167–207 https://doi.org/10.3897/zookeys.1148.97706",2023,"Liu, Shuo, Hou, Mian, Ananjeva, Natalia B., Rao, Dingqi",ZooKeys,10.3897/zookeys.1148.97706
179,1194,爬行纲,塔城攀蜥,Diploderma tachengense,塔城龙蜥,Diploderma tachengense,有鳞目,Agamidae,鬣蜥科,Diploderma,攀蜥属,云南省迪庆州维西县塔城镇克那村,云南,99.3433,27.57,2180,2022-07-06,拉普河畔的次生针叶林,"KIZ2022028 (holotype); KIZ2022027, KIZ2022029, KIZ2022038, KIZ2022039 (paratypes)",标本,"Shuo Liu and Mian Hou and Natalia B. Ananjeva and Dingqi Rao (2023). Four new species of the genus Diploderma Hallowell, 1861 (Squamata, Agamidae) from China ZooKeys, 1148, 167–207 https://doi.org/10.3897/zookeys.1148.97706",2023,"Liu, Shuo, Hou, Mian, Ananjeva, Natalia B., Rao, Dingqi",ZooKeys,10.3897/zookeys.1148.97706
180,1195,两栖纲,河口棱皮树蛙,Theloderma hekouense,河口棱皮树蛙,Theloderma hekouense,无尾目,Rhacophoridae,树蛙科,Theloderma,棱皮树蛙属,中国云南省河口县,云南,103.7,22.9,2109,2020-05-28,灌木丛;在积水的树洞中繁殖;发现于人工设置的水瓶诱捕装置中,"Holotype: GXNU YU000496; Paratypes: GXNU YU000397, GXNU YU000398, GXNU YU000413, GXNU YU000495, GXNU YU000412",标本,"Lingyun Du and Jian Wang and Shuo Liu and Guohua Yu (2022). A new cryptic species in the Theloderma rhododiscus complex (Anura, Rhacophoridae) from China–Vietnam border regions ZooKeys, 1099, 123–138 https://doi.org/10.3897/zookeys.1099.80390",2022,"Du, Lingyun, Wang, Jian, Liu, Shuo, Yu, Guohua",ZooKeys,10.3897/zookeys.1099.80390
181,1196,爬行纲,,,,Diploderma sp. nov. 1,有鳞目,Agamidae,鬣蜥科,Diploderma,攀蜥属,丹巴县,四川,101.8667,30.8833,,2022-08,,,标本,"Shuo Liu and Mian Hou and Natalia B. Ananjeva and Dingqi Rao (2023). Four new species of the genus Diploderma Hallowell, 1861 (Squamata, Agamidae) from China ZooKeys, 1148, 167–207 https://doi.org/10.3897/zookeys.1148.97706",2023,"Liu, Shuo, Hou, Mian, Ananjeva, Natalia B., Rao, Dingqi",ZooKeys,10.3897/zookeys.1148.97706
182,1197,爬行纲,,,,Diploderma sp. nov. 2,有鳞目,Agamidae,鬣蜥科,Diploderma,攀蜥属,木里县,四川,101.2833,27.9,,2022-08,,,标本,"Shuo Liu and Mian Hou and Natalia B. Ananjeva and Dingqi Rao (2023). Four new species of the genus Diploderma Hallowell, 1861 (Squamata, Agamidae) from China ZooKeys, 1148, 167–207 https://doi.org/10.3897/zookeys.1148.97706",2023,"Liu, Shuo, Hou, Mian, Ananjeva, Natalia B., Rao, Dingqi",ZooKeys,10.3897/zookeys.1148.97706
183,1198,爬行纲,,,,Diploderma sp. nov. 3,有鳞目,Agamidae,鬣蜥科,Diploderma,攀蜥属,九龙县,四川,101.5,28.9,,2022-08,,,标本,"Shuo Liu and Mian Hou and Natalia B. Ananjeva and Dingqi Rao (2023). Four new species of the genus Diploderma Hallowell, 1861 (Squamata, Agamidae) from China ZooKeys, 1148, 167–207 https://doi.org/10.3897/zookeys.1148.97706",2023,"Liu, Shuo, Hou, Mian, Ananjeva, Natalia B., Rao, Dingqi",ZooKeys,10.3897/zookeys.1148.97706
184,1201,两栖纲,石门台掌突蟾,Paramegophrys shimentaina,石门台掌突蟾,Leptobrachella shimentaina,无尾目,Megophryidae,角蟾科,Paramegophrys,掌突蟾属,广东省英德市石门台自然保护区九州驿站;石门台自然保护区石角;石门台自然保护区横石塘保护站;韶关市罗坑自然保护区,广东,113.1098,24.3939,300,2019-04-23,喀斯特或花岗岩地貌中被阔叶林环绕的原始清澈溪流,"Holotype ♂: SYS a007684; Paratypes: SYS a007683/CIB116079, SYS a007685–7686, SYS a007687, SYS a008329, SYS a004711, SYS a004712",标本,"Jian Wang and Shuo Qi and Ke-Yuan Dai and Zhi-Tong Lyu and Zhao-Chi Zeng and Hong-Hui Chen and Yuan-Qiu Li and Yong-You Zhao and Yun-Ze Wang and Ying-Yong Wang (2022). A new Leptobrachella species (Anura, Megophryidae) from South China, with comments on the taxonomic status of L. chishuiensis and L. purpurus Life Science, 98(1) https://doi.org/10.3897/zse.98.73162",2022,"Jian Wang, Shuo Qi, Ke-Yuan Dai, Zhi-Tong Lyu, Zhao-Chi Zeng, Hong-Hui Chen, Yuan-Qiu Li, Yong-You Zhao, Yun-Ze Wang, Ying-Yong Wang",Zoosystematics and Evolution,10.3897/zse.98.73162
185,1202,爬行纲,,,,Diploderma sp. nov. 4,有鳞目,Agamidae,鬣蜥科,Diploderma,攀蜥属,维西县,云南,99.2833,27.1833,,2022-07,,,标本,"Shuo Liu and Mian Hou and Natalia B. Ananjeva and Dingqi Rao (2023). Four new species of the genus Diploderma Hallowell, 1861 (Squamata, Agamidae) from China ZooKeys, 1148, 167–207 https://doi.org/10.3897/zookeys.1148.97706",2023,"Liu, Shuo, Hou, Mian, Ananjeva, Natalia B., Rao, Dingqi",ZooKeys,10.3897/zookeys.1148.97706
186,1203,爬行纲,,,,Platysternon sp.,龟鳖目,Platysternidae,平胸龟科,Platysternon,平胸属,中国广西百色地区,广西,106.6167,23.9,,,,,照片/影像、野外观察,"Shiping Gong and Chatmongkon Suwannapoom and Minh Le and Truong Quang Nguyen and Yan Ge and Yufeng Wei and Yangchun Gao (2023). Genomic analyses reveal three phylogenetic species and their evolutionary histories in the big-headed turtle iScience, 26 https://doi.org/10.1016/j.isci.2023.107343",2023,,iScience,10.1016/j.isci
187,1210,两栖纲,苔斑臭蛙,Odorrana concelata,苔斑臭蛙,Odorrana concelata,无尾目,Ranidae,蛙科,Odorrana,臭蛙属,中国广东省清远市金潭镇龙林场村,广东,112.6769,24.0797,280,2022-04-20,海拔200–300米的亚热带常绿阔叶林和次生林中的苔藓岩石及潮湿林地,Holotype: GEP a055; Paratypes: GEP a050–054,标本,"Shi-Shi Lin and Yuan-Hang Li and Hong-Lin Su and Hui Yi and Zhong Pan and Yan-Jun Sun and Zhao-Chi Zeng and Jian Wang (2022). Discovery of a new limestone karst-restricted odorous frog from northern Guangdong, China (Anura, Ranidae, Odorrana) ZooKeys, 1120, 47–66 https://doi.org/10.3897/zookeys.1120.87067",2022,"Shi-Shi Lin, Yuan-Hang Li, Hong-Lin Su, Hui Yi, Zhong Pan, Yan-Jun Sun, Zhao-Chi Zeng, Jian Wang",ZooKeys,10.3897/zookeys.1120.86532
188,1211,两栖纲,,,,Leptobrachella sp. nov. 1,无尾目,Megophryidae,角蟾科,Leptobrachella,掌突蟾属,中国云南省临沧市永德县大雪山自然保护区五木龙干河保护站,云南,99.6455,24.1773,2601,2017-04-18,山地常绿阔叶林,"KIZ028277 (holotype), KIZ028275–76 (paratypes)",标本,"Jin-Min Chen and Kai Xu and Nikolay A. Poyarkov and Kai Wang and Zhi-Yong Yuan and Mian Hou and Chatmongkon Suwannapoom and Jian Wang and Jing Che (2020). How little is known about “the little brown frogs”: description of three new species of the genus Leptobrachella (Anura: Megophryidae) from Yunnan Province, China https://doi.org/10.24272/j.issn.2095-8137.2020.036",2020,"Jin-Min Chen, Kai Xu, Nikolay A. Poyarkov, Kai Wang, Zhi-Yong Yuan, Mian Hou, Chatmongkon Suwannapoom, Jian Wang, Jing Che",Zoological Research,10.24272/j.issn.2095-8137.2020.036
189,1212,两栖纲,,,,Leptobrachella sp. nov. 2,无尾目,Megophryidae,角蟾科,Leptobrachella,掌突蟾属,中国云南省西畴县小桥沟自然保护区,云南,104.7,23.4,,,山地常绿阔叶林,,标本,"Jin-Min Chen and Kai Xu and Nikolay A. Poyarkov and Kai Wang and Zhi-Yong Yuan and Mian Hou and Chatmongkon Suwannapoom and Jian Wang and Jing Che (2020). How little is known about “the little brown frogs”: description of three new species of the genus Leptobrachella (Anura: Megophryidae) from Yunnan Province, China https://doi.org/10.24272/j.issn.2095-8137.2020.036",2020,"Jin-Min Chen, Kai Xu, Nikolay A. Poyarkov, Kai Wang, Zhi-Yong Yuan, Mian Hou, Chatmongkon Suwannapoom, Jian Wang, Jing Che",Zoological Research,10.24272/j.issn.2095-8137.2020.036
190,1216,两栖纲,,,,Leptobrachella sp. nov. 3,无尾目,Megophryidae,角蟾科,Leptobrachella,掌突蟾属,云南省永德县大雪山自然保护区,云南,99.45,24.15,,,山地常绿阔叶林,,标本,"Jin-Min Chen and Kai Xu and Nikolay A. Poyarkov and Kai Wang and Zhi-Yong Yuan and Mian Hou and Chatmongkon Suwannapoom and Jian Wang and Jing Che (2020). How little is known about “the little brown frogs”: description of three new species of the genus Leptobrachella (Anura: Megophryidae) from Yunnan Province, China Life Science https://doi.org/10.24272/j.issn.2095-8137.2020.036",2020,"Jin-Min Chen, Kai Xu, Nikolay A. Poyarkov, Kai Wang, Zhi-Yong Yuan, Mian Hou, Chatmongkon Suwannapoom, Jian Wang, Jing Che",Zoological Research,10.24272/j.issn.2095-8137.2020.036
191,1232,爬行纲,中国树蜥,Calotes wangi,中国树蜥,Calotes wangi,有鳞目,Agamidae,鬣蜥科,Calotes,树蜥属,"大明山,武鸣区,南宁市",广西,108.3426,23.5265,326,2022-09,,"CIB119358 (holotype); CIB119359 (allotype); GXUCM-H201604082-4, H201604086-87, GXUCM-H2022091535-36 (paratype males); GXUCM-H201604085, H2022091538 (paratype females)",标本,"Yong Huang and Hongyu Li and Yilin Wang and Maojin Li and Mian Hou and Bo Cai (2023). Taxonomic review of the Calotes versicolor complex (Agamidae, Sauria, Squamata) in China, with description of a new species and subspecies 63 https://doi.org/10.3897/zookeys.1187.110704",2023,"Huang, Y., Li, H., Wang, Y., Li, M., Hou, M., Cai, B.",ZooKeys,10.3897/zookeys.1187.110704
192,1243,两栖纲,侗掌突蟾,Paramegophrys dong,侗掌突蟾,Leptobrachella dong,无尾目,Megophryidae,角蟾科,Paramegophrys,掌突蟾属,中国湖南省通道县;贵州省从江县;湖南省绥宁县,湖南、贵州,109.9527,26.2067,790,2017-04-02,常绿灌木覆盖的急流溪涧;常绿阔叶林环绕的缓流溪涧,"Holotype: CIB SSC1757; Paratypes: CIB SSC1754, CIB SSC1755, CIB SSC1758, CIB SSC1759, CIB SSC1760, CIB WB2020277, CIB LB20220305001, CIB LB20220305003, CIB LB20220306003, CIB LB20220306005, CIB LB20220305010, CIB LB20220306008, CIB LB20220306009, CIB LB20220311001, CIB LB20220311002",标本,"Jing Liu and Shengchao Shi and Shize Li and Mengfei Zhang and Sunjun Xiang and Gang Wei and Bin Wang (2023). A new Asian leaf litter toad of the genus Leptobrachella (Amphibia, Anura, Megophryidae) from central south China ZooKeys, 1149, 103–134 https://doi.org/10.3897/zookeys.1149.85895",2023,"Liu, Jing, Shi, Shengchao, Li, Shize, Zhang, Mengfei, Xiang, Sunjun, Wei, Gang, Wang, Bin",ZooKeys,10.3897/zookeys.1149.85895
193,1250,两栖纲,广东溪蟾,Bufo exiguus,广东溪蟾,Bufo exiguus,无尾目,Bufonidae,蟾蜍科,Bufo,蟾蜍属,南昆山,广东,113.8481,23.6419,564,2015-04-14,"流速缓慢的山地溪流,通常被常绿与落叶阔叶混交林环绕","SYS a005790 (holotype); CIB 19028, SYS a003605, SYS a005584, SYS a005715, SYS a005716, SYS a005791 (paratypes)",标本,"Shuo Qi and Zhi-Tong Lyu and Han-Ming Song and Shi-Chao Wei and Qi-Feng Zhong and Ying-Yong Wang (2023). A new species of stream-living toad (Anura: Bufonidae: Bufo) from Guangdong, China Vertebrate Zoology, 73, 677–689 https://doi.org/10.3897/vz.73.e98558",2023,"Shuo Qi, Zhi-Tong Lyu, Han-Ming Song, Shi-Chao Wei, Qi-Feng Zhong, Ying-Yong Wang",Vertebrate Zoology,10.3897/vz.73.e98558
194,1251,两栖纲,庞达角蟾,Xenophrys pangdaensis,庞达角蟾,Xenophrys pangdaensis,无尾目,Megophryidae,角蟾科,Xenophrys,异角蟾属,中国西藏自治区亚东县亚东镇庞达村,西藏,89.007,27.2875,2000,2021-08-28,热带森林中靠近或位于小溪边的蕨类植物上;两侧覆盖蕨类和其他植被的小沟谷,"Holotype: YBU21248; Paratypes: YBU21258, YBU21259, YBU21260, YBU21261, YBU21262, YBU21269",标本,"Guocheng Shu and Ke Li and Yayong Wu and Qin Liu and Zhongping He and Ling Li and He Zhang and Peng Guo (2023). A new species of Xenophrys (Amphibia, Anura, Megophryidae) from southern Tibet, China Life Science https://doi.org/10.3897/zookeys.1182.106828",2023,"Shu, Guocheng, Li, Ke, Wu, Yayong, Liu, Qin, He, Zhongping, Li, Ling, Zhang, He, Guo, Peng",ZooKeys,10.3897/zookeys.1182.106828
195,1260,爬行纲,沈氏脊蛇,Achalinus sheni,沈氏脊蛇,Achalinus sheni,有鳞目,Xenodermidae,闪皮蛇科,Achalinus,脊蛇属,涟源市七星街镇;南岳区寿木园,湖南,111.9175,27.9197,358,2015-10-20,亚热带常绿阔叶林;以柳杉属为主的人工针叶林,"ANU20230014 (holotype); ANU20230012, ANU20230013, ANU20230015, CIB 119043 (paratypes)",标本,"Shun Ma and Yu-Hao Xu and Shuo Qi and Ying-Yong Wang and Shan-Shan Tang and Song Huang and Jian-Ping Jiang (2023). Discovery of a new cryptic Achalinus Peters, 1869 (Serpentes, Xenodermidae) species from Hunan Province, China 9 https://doi.org/10.3897/zookeys.1181.109462",2023,"Ma, Shun; Xu, Yu-Hao; Qi, Shuo; Wang, Ying-Yong; Tang, Shan-Shan; Huang, Song; Jiang, Jian-Ping",ZooKeys,10.3897/zookeys.1181.109462
196,1261,两栖纲,洛扎齿突蟾,Scutiger luozhaensis,洛扎齿突蟾,Scutiger luozhaensis,无尾目,Megophryidae,角蟾科,Scutiger,齿突蟾属,中国西藏自治区洛扎县色镇嘎日村,西藏,90.7842,28.2413,4150,2021-07,溪流旁高山草甸;山地溪流、溪流附近的湿润灌丛或林地以及高山湿地池塘,Holotype: CIB 119115; Paratypes: CIB 119116–119123,标本,"Sheng-Chao Shi and Lu-Lu Sui and Shun Ma and Fei-Rong Ji and A-Yi Bu-Dian and Jian-Ping Jiang (2023). A new Asian lazy toad of the genus Scutiger Theobald, 1868 (Anura, Megophryidae) from southern Tibet, China https://doi.org/10.3897/zookeys.1187.107958",2023,"Shi S-C, Sui L-L, Ma S, Ji F-R, Bu-Dian A-Y, Jiang J-P",ZooKeys,10.3897/zookeys.1187.107958
197,1267,爬行纲,湖南脊蛇,Achalinus hunanensis,湖南脊蛇,Achalinus hunanensis,有鳞目,Xenodermidae,闪皮蛇科,Achalinus,脊蛇属,湖南省怀化市鹤城区和长沙市宁乡县瓦子寨,湖南,111.8833,28.0,1020,2022-06-16,亚热带常绿阔叶林中靠近山涧溪流、灌木丛生的环境,"CIB 119039 (holotype), CIB 119040 (paratype)",标本,"Shun Ma and Sheng-Chao Shi and Sun-Jun Xiang and Fu Shu and Jian-Ping Jiang (2023). A new species of Achalinus Peters, 1869 (Squamata, Xenodermidae) from Hunan Province, China Huaping Nature https://doi.org/10.3897/zookeys.1166.103055",2023,"Ma, Shun, Shi, Sheng-Chao, Xiang, Sun-Jun, Shu, Fu, Jiang, Jian-Ping",ZooKeys,10.3897/zookeys.1166.103055
198,1273,两栖纲,衡山角蟾,Boulenophrys hengshanensis,衡山角蟾,Boulenophrys hengshanensis,无尾目,Megophryidae,角蟾科,Boulenophrys,布角蟾属,湖南省衡阳市南岳区衡山,湖南,112.85,27.25,450,1997-06-17,海拔744–900米之间的林区道路;夜间调查时在海拔450米处观察到,"Holotype: HNNU 0706000A; Paratypes: HNNU 1997:6-17, CSUFT HS210602–603, 605–610, 612–616, 618–620",标本,"Tianyu Qian and Ke Hu and Xiaoyang Mo and Zhiwei Gao and Na Zhang and Daode Yang (2023). A new species of Boulenophrys from central Hunan Province, China (Anura: Megophryidae) Vertebrate Zoology, 73, 915–930 https://doi.org/10.3897/vz.73.e100889",2023,"Qian, T., Hu, K., Mo, X., Gao, Z., Zhang, N., Yang, D.",Vertebrate Zoology,10.3897/vz.73.e100889
199,1276,爬行纲,,,,Hemiphyllodactylus sp. nov. 1,有鳞目,Gekkonidae,壁虎科,Hemiphyllodactylus,半叶趾虎属,孟连傣族拉祜族佤族自治县,云南,99.5833,22.3333,,,喀斯特地区,,标本,"Hongxin Zhou and Xiuyan Li and Chaoying Yuan and Liangwei Cui and Shuo Liu and Dingqi Rao (2024). Integrative Taxonomy Revealed High Diversity of Hemiphyllodactylus Bleeker, 1860 (Squamata: Gekkonidae) and the Description of Three New Species from Yunnan Province, China Animals, 14, 3030 https://doi.org/10.3390/ani14203030",2024,"Hongxin Zhou, Xiuyan Li, Chaoying Yuan, Liangwei Cui, Shuo Liu, Dingqi Rao",Animals,10.3390/ani14203030
200,1277,爬行纲,,,,Hemiphyllodactylus sp. nov. 2,有鳞目,Gekkonidae,壁虎科,Hemiphyllodactylus,半叶趾虎属,景洪市,云南,100.8,22.0,,,喀斯特地区,,标本,"Hongxin Zhou and Xiuyan Li and Chaoying Yuan and Liangwei Cui and Shuo Liu and Dingqi Rao (2024). Integrative Taxonomy Revealed High Diversity of Hemiphyllodactylus Bleeker, 1860 (Squamata: Gekkonidae) and the Description of Three New Species from Yunnan Province, China Animals, 14, 3030 https://doi.org/10.3390/ani14203030",2024,"Hongxin Zhou, Xiuyan Li, Chaoying Yuan, Liangwei Cui, Shuo Liu, Dingqi Rao",Animals,10.3390/ani14203030
201,1278,爬行纲,,,,Hemiphyllodactylus sp. nov. 3,有鳞目,Gekkonidae,壁虎科,Hemiphyllodactylus,半叶趾虎属,云南省,云南,102.7183,25.0389,,,喀斯特地区,,标本,"Hongxin Zhou and Xiuyan Li and Chaoying Yuan and Liangwei Cui and Shuo Liu and Dingqi Rao (2024). Integrative Taxonomy Revealed High Diversity of Hemiphyllodactylus Bleeker, 1860 (Squamata: Gekkonidae) and the Description of Three New Species from Yunnan Province, China Animals, 14, 3030 https://doi.org/10.3390/ani14203030",2024,"Hongxin Zhou, Xiuyan Li, Chaoying Yuan, Liangwei Cui, Shuo Liu, Dingqi Rao",Animals,10.3390/ani14203030
202,1281,两栖纲,乌龙蝾螈,Cynops oolong,凤凰乌龙蝾螈,Hypselotriton oolong,有尾目,Salamandridae,蝾螈科,Cynops,蝾螈属,潮州市潮安区凤凰山,广东,116.65,23.85,1300,,湿地、季节性池塘、森林环绕的耕作谷地和小湖泊,"CIB 121430 (holotype); CIB 121429, SYS a009274 (paratypes)",标本,"Jian Wang and Zhao-Chi Zeng and Tian-Li Wei and Zhi-Tong Lyu (2024). Taxonomic determination of Hypselotriton populations distributed in eastern Guangdong, China (Caudata, Salamandridae), with description of a new species and a new subgenus Life Science, 100(3) https://doi.org/10.3897/zse.100.127268",2024,"Jian Wang, Zhao-Chi Zeng, Tian-Li Wei, Zhi-Tong Lyu",Zoosystematics and Evolution,10.3897/zse.100.127268
203,1288,爬行纲,南山脊蛇,Achalinus nanshanensis,南山脊蛇,Achalinus nanshanensis,有鳞目,Xenodermidae,闪皮蛇科,Achalinus,脊蛇属,"南山国家公园,城步苗族自治县,邵阳市;通道侗族自治县,怀化市",湖南,110.0,26.2,300-1665,,亚热带常绿阔叶林中靠近灌木和溪流处;溪流附近的竹林,"HNNU230901, HNNU230902, HNNU230903",标本,"Hui Li and Le-Qiang Zhu and Bei Xiao and Jie Huang and Shao-Wu Wu and Li-Xun Yang and Zhi-Qiang Zhang and Xiao-Yang Mo (2023). A new species of the genus Achalinus (Squamata, Xenodermatidae) from southwest Hunan Province, China Life Science https://doi.org/10.3897/zookeys.1189.112784",2023,"Li, Hui, Zhu, Le-Qiang, Xiao, Bei, Huang, Jie, Wu, Shao-Wu, Yang, Li-Xun, Zhang, Zhi-Qiang, Mo, Xiao-Yang",ZooKeys,10.3897/zookeys.1189.112784
204,1291,两栖纲,大明山竹叶蛙,Odorrana damingshanensis,大明山竹叶蛙,Odorrana damingshanensis,无尾目,Ranidae,蛙科,Odorrana,臭蛙属,中国广西南宁市武鸣区大明山国家级自然保护区,广西,108.4869,23.4637,1159,2022-04-25,"缓流岩石溪流附近(宽约2–3米,深10–30厘米),常绿林","Holotype: NNU 00690; Paratypes: NNU 00689, NNU 00691, NNU 00692, NNU 00693",标本,"Wei-Cai Chen and Yun-Ming Mo and Li Lin and Kun Qin (2023). A new species of Odorrana Fei, Ye & Huang, 1990 (Amphibia, Anura, Ranidae) from central Guangxi, China with a discussion of the taxonomy of Odorrana (Bamburana) Damingshan National Nature https://doi.org/10.3897/zookeys.1190.109886",2023,"Chen, Wei-Cai, Mo, Yun-Ming, Lin, Li, Qin, Kun",ZooKeys,10.3897/zookeys.1190.109886
205,1298,两栖纲,桂南掌突蟾,Paramegophrys guinanensis,桂南掌突蟾,Leptobrachella guinanensis,无尾目,Megophryidae,角蟾科,Paramegophrys,掌突蟾属,中国广西上思县十万大山国家级自然保护区,广西,107.903,21.917,512,2021-06-10,海拔400–600米的常绿森林中靠近溪流的岩石区域,"Holotype: NNU 00876; Paratypes: NNU 00560–561, NNU 00557–559, NNU 00569–571, NNU 00875, NNU 00877–880",标本,"Wei-Cai Chen and Peng Li and Wan-Xiao Peng and You-Jun Liu and Yong Huang (2023). The fourth species of Leptobrachella (Anura, Megophryidae) found at Shiwandashan National Nature Reserve, Guangxi, China Shiwandashan National Nature https://doi.org/10.3897/zookeys.1192.98352",2023,"Chen, Wei-Cai, Li, Peng, Peng, Wan-Xiao, Liu, You-Jun, Huang, Yong",ZooKeys,10.3897/zookeys.1192.98352
206,1303,,,,,Pseudapibtocalamus,,,,Pseudapibtocalamus,,,,,,,,,,照片/影像,"Dr. Einar Lönnberg (1900). LXXV.--Reptiles and Batrachians collected in German New Guinea by the late Dr. Erik Nyman , 574-575",1900,,,
207,1304,两栖纲,河口灌树蛙,Raorchestes hekouensis,河口灌树蛙,Raorchestes hekouensis,无尾目,Rhacophoridae,树蛙科,Raorchestes,灌树蛙属,中国云南省河口县良子村,云南,103.7333,22.8167,1200,2019-03-25,路边小溪边缘的灌木和草本植物中,"Holotype: GXNU YU000159; Paratypes: GXNU YU000160, GXNU YU000153, GXNU YU000154, GXNU YU000156, GXNU YU000536, GXNU YU000537, GXNU YU000538",标本,"Lingyun Du and Yuhan Xu and Shuo Liu and Guohua Yu (2024). A new species of Raorchestes (Anura, Rhacophoridae) from Yunnan Province, China Life Science https://doi.org/10.3897/zookeys.1192.106013",2024,"Du, Lingyun, Xu, Yuhan, Liu, Shuo, Yu, Guohua",ZooKeys,10.3897/zookeys.1192.106013
208,1305,两栖纲,独龙江树蛙,Rhacophorus dulongensis,独龙江树蛙,Rhacophorus dulongensis,无尾目,Rhacophoridae,树蛙科,Rhacophorus,树蛙属,中国云南省怒江州贡山县独龙江乡,云南,98.3248,27.7838,1620,2022-02-15,保存完好的山地常绿阔叶林中沿溪流的竹节内,"ANU010645 (holotype), ANU010646 (paratype)",标本,"Ping-Shin Lee and Ben Liu and Meng Ouyang and Ren-Da Ai and Xiao-Long Liu and Yan-Hong He and Ping-Qian Huang and Ying-Chun Li and R. S. Naveen and Zhi-Yong Yuan and Jin-Min Chen (2024). Hidden in the bamboo: A new parachuting frog (Rhacophoridae, Rhacophorus) from the borderlands of western China, with comments on the taxonomy of R. rhodopus Life Science, 100(3) https://doi.org/10.3897/zse.100.120224",2024,"Chen, Lee & Yuan",Zoosystematics and Evolution,10.3897/zse.100.120224
209,1308,两栖纲,琼树蛙,Rhacophorus qiongica,琼树蛙,Rhacophorus qiongica,无尾目,Rhacophoridae,树蛙科,Rhacophorus,树蛙属,中国海南陵水吊罗山,海南,109.87,18.7244,914,2021-07-20,"海拔600至850米的灌木和小乔木上;灌木下有临时水坑,附近有天池和溪流","Holotype: GXNU YU000691; Paratypes: GXNU YU000690, GXNU HN110501–HN110503, GXNU YU000693, GXNU YU000696",标本,"Shangjing Tang and Fanrong Xiao and Shuo Liu and Lijun Wang and Guohua Yu and Lina Du (2024). Underestimated species diversity within the Rhacophorus rhodopus and Rhacophorus bipunctatus complexes (Anura, Rhacophoridae), with a description of a new species from Hainan, China Life Science, 100(2) https://doi.org/10.3897/zse.100.118879",2024,"Shangjing Tang, Fanrong Xiao, Shuo Liu, Lijun Wang, Guohua Yu, Lina Du",Zoosystematics and Evolution,10.3897/zse.100.118879
210,1316,两栖纲,盈江角蟾,Xenophrys yingjiangensis,盈江角蟾,Xenophrys yingjiangensis,无尾目,Megophryidae,角蟾科,Xenophrys,异角蟾属,中国云南省盈江县铜壁关省级自然保护区,云南,97.639,24.563,1478,2023-08-12,海拔约800–1200米、被灌丛环绕的山地,"KIZ 053848 (holotype); KIZ 048503–KIZ 048505, KIZ 053828 (paratypes)",标本,"Yun-He Wu and Zhong-Bin Yu and Jin-Min Chen and Felista Kasyoka Kilunda and Ding-Can Zhang and Chang-Sheng Zuo and An-Ru Zuo and Zheng-Pan Duan and Jing Che (2024). A field survey on the genus Xenophrys (Amphibia, Megophryidae) confirms underestimated diversity in the Gaoligong Mountains, with the description of a new species Life Science, 100(3) https://doi.org/10.3897/zse.100.127635",2024,"Wu, Yun-He, Yu, Zhong-Bin, Chen, Jin-Min, Kilunda, Felista Kasyoka, Zhang, Ding-Can, Zuo, Chang-Sheng, Zuo, An-Ru, Duan, Zheng-Pan, Che, Jing",Zoosystematics and Evolution,10.3897/zse.100.127635
211,1321,两栖纲,盐源齿蟾,Oreolalax yanyuanensis,盐源齿蟾,Oreolalax yanyuanensis,无尾目,Megophryidae,角蟾科,Oreolalax,齿蟾属,中国四川省盐源县树河镇,四川,101.7896,27.4734,3108,,亚热带高山灌丛和沼泽,"CIBSH20230603020 (holotype); CIBSH20230603016–19, CIBSH20230603021, CIBSH20230603023–24 (paratypes); CIBSH20230603kd01–07 (tadpoles)",标本,"Yin Meng Hou and Pu Yang Zheng and Hao Qi Yu and Bin Wang and Xiao Hong Chen and Feng Xie (2020). A new toad of Oreolalax Myers & Leviton, 1962 (Anura, Megophryidae) from Sichuan Province, southwest China Life Science https://doi.org/10.3897/zookeys.1212.122222",2020,"Yin Meng Hou, Pu Yang Zheng, Hao Qi Yu, Bin Wang, Xiao Hong Chen, Feng Xie",ZooKeys,10.3897/zookeys.1212.122222
212,1325,两栖纲,白缘掌突蟾,Leptobrachella albomarginata,白缘掌突蟾,Leptobrachella albomarginata,无尾目,Megophryidae,角蟾科,Leptobrachella,掌突蟾属,中国云南省盈江县铜壁关省级自然保护区,云南,97.5872,24.5635,1634,2023-04-20,山地森林,KIZ 050905 (holotype); KIZ 056551 (paratype),标本,"Yun-He Wu and Zhong-Bin Yu and Shen-Pin Yang and Zheng-Pan Duan and An-Ru Zuo and Ding-Can Zhang and Felista Kasyoka Kilunda and Robert W. Murphy and Jing Che (2025). Morphological and molecular evidence for a new species of the genus Leptobrachella (Anura, Megophryidae) from Gaoligong Mountain Range, Yunnan, China Yunnan Gaoligongshan National Nature, 101(2) https://doi.org/10.3897/zse.101.135560",2025,"Wu, Yun-He, Yu, Zhong-Bin, Yang, Shen-Pin, Duan, Zheng-Pan, Zuo, An-Ru, Zhang, Ding-Can, Kilunda, Felista Kasyoka, Murphy, Robert W., Che, Jing",Zoosystematics and Evolution,10.3897/zse.101.135560
213,1326,两栖纲,云开掌突蟾,Paramegophrys yunkaiensis,云开掌突蟾,Leptobrachella yunkaiensis,无尾目,Megophryidae,角蟾科,Paramegophrys,掌突蟾属,大雾岭林场,广东,111.1952,22.2758,1600,2016-04-15,,"SYS a004665 (holotype); SYS a004664 / CIB107272, SYS a004666–4669, SYS a004663, SYS a004690 (paratypes)",标本,"Jian Wang and Jianhuan Yang and Yao Li and Zhitong Lyu and Zhaochi Zeng and Zuyao Liu and Youhua Ye and Yingyong Wang (2018). Morphology and molecular genetics reveal two new Leptobrachella species in southern China (Anura, Megophryidae) ZooKeys, 776, 105–137 https://doi.org/10.3897/zookeys.776.22925",2018,"Jian Wang, Li, Lyu, Wang",ZooKeys,10.3897/zookeys.776.22925
214,1327,两栖纲,五皇山掌突蟾,Paramegophrys wuhuangmontis,五皇山掌突蟾,Leptobrachella wuhuangmontis,无尾目,Megophryidae,角蟾科,Paramegophrys,掌突蟾属,五皇山,广西,109.45,22.15,,,,,照片/影像,"Jian Wang and Jianhuan Yang and Yao Li and Zhitong Lyu and Zhaochi Zeng and Zuyao Liu and Youhua Ye and Yingyong Wang (2018). Morphology and molecular genetics reveal two new Leptobrachella species in southern China (Anura, Megophryidae) ZooKeys, 776, 105–137 https://doi.org/10.3897/zookeys.776.22925",2018,"Jian Wang, Li, Lyu, Wang",ZooKeys,10.3897/zookeys.776.22925
215,1332,爬行纲,高山壁虎,Gekko alpinus,高山壁虎,Gekko alpinus,有鳞目,Gekkonidae,壁虎科,Gekko,壁虎属,中国四川省甘孜藏族自治州巴塘县竹巴笼乡;中国西藏自治区昌都市芒康县竹巴笼乡,四川、西藏,99.0229,29.6157,2400,2020-06,"金沙江干热河谷的灌丛或干燥岩壁,以及房屋墙壁上","CIB 121663 (holotype); CIB 121661, CIB 121658–60, CIB 121664, CIB 121662, CIB 121665, CIB QZ088 (paratypes)",标本,"Shun Ma and Sheng-Chao Shi and Cheng Shen and Li-Ming Chang and Jian-Ping Jiang (2024). Discovery of a new species of the subgenus Japonigekko (Squamata, Gekkonidae, Gekko) from the Hengduan Mountains, southwestern China: the best Japonigekko mountaineer 289 https://doi.org/10.3897/zookeys.1215.125043",2024,"Shun Ma, Sheng-Chao Shi, Cheng Shen, Li-Ming Chang, Jian-Ping Jiang",ZooKeys,10.3897/zookeys.1215.125043
216,1334,两栖纲,高望界疣螈,Tylototriton gaowangjienensis,高望界疣螈,Tylototriton gaowangjienensis,有尾目,Salamandridae,蝾螈科,Tylototriton,疣螈属,高望界国家级自然保护区,湖南,110.119,28.6777,600,2023-05-17,海拔500–700米的天然阔叶林或针阔混交林;繁殖生境包括路边季节性水塘、小溪水塘和稻田,Holotype: 2021051701; Allotype: 2021051702; Paratypes: 2021051703–2021051706,标本,"Jie Huang and Ying Xiang and Tao Wu and You-Xiang Zhang and Zi-Liang Zhang and Ben-Zhong Wang and Xiang-Ying Lan and Yu-Ping Huang and Hui-Juan Jiang and Wan-Sheng Jiang (2024). Description of a new species of the Asian newt genus Tylototriton (Amphibia, Urodela, Salamandridae) from Hunan Province, China Environmental Science https://doi.org/10.3897/herpetozoa.37.e135222",2024,"Jie Huang, Ying Xiang, Tao Wu, You-Xiang Zhang, Zi-Liang Zhang, Ben-Zhong Wang, Xiang-Ying Lan, Yu-Ping Huang, Hui-Juan Jiang, Wan-Sheng Jiang",Herpetozoa,10.3897/herpetozoa.37.e135222
217,1335,两栖纲,黄岗山蝾螈,Cynops huanggangensis,黄岗山蝾螈,Hypselotriton huanggangensis,有尾目,Salamandridae,蝾螈科,Cynops,蝾螈属,江西省上饶市铅山县黄岗山,江西,117.33,28.72,84,2023-07-22,无直射阳光的山地灌丛旁的小水坑,"HSA23097 (holotype); HSA23075–23076, HSA23098–23103 (paratypes)",标本,"Zhihao Jiang and Song Huang and Qiangyong Fan and Lin Cheng and Yanan Gong and Zhangbo Cui and Tierui Zhang and Wenjun Lan and Zhian Zou and Xuanzhi Huang and Jean Raffaëlli and Jinmin Chen (2024). A new species of the newt genus Hypselotriton (Amphibia, Urodela, Salamandridae) from Jiangxi Province, southeastern China Life Science https://doi.org/10.3897/zookeys.1208.126092",2024,"Jiang, Zhihao, Huang, Song, Fan, Qiangyong, Cheng, Lin, Gong, Yanan, Cui, Zhangbo, Zhang, Tierui, Lan, Wenjun, Zou, Zhian, Huang, Xuanzhi, Raffaëlli, Jean, Chen, Jinmin",ZooKeys,10.3897/zookeys.1208.126092
218,1337,两栖纲,黄腹倭蛙,Nanorana huangi,黄氏倭蛙,Nanorana huangi,无尾目,Dicroglossidae,叉舌蛙科,Nanorana,倭蛙属,云南省大理市喜洲镇花甸坝,云南,100.0292,25.8572,2900,,,CIB XZ2022274,标本,"Feirong JI and Shengchao SHI and Shun MA and Cheng SHEN and Liming CHANG and Jianping JIANG (2023). A New Species of the Genus Nanorana Günther, 1896 (Anura: Dicroglossidae) from Hengduan Mountains of China Asian Herpetological Research, 14(4), 300–318 https://doi.org/10.3724/ahr.2095-0357.2023.0025",2023,"Feirong JI, Shengchao SHI, Shun MA, Cheng SHEN, Liming CHANG, Jianping JIANG",Asian Herpetological Research,10.3724/ahr.2095-0357.2023.0025
219,1342,两栖纲,,,,Leptobrachella bijie,无尾目,Megophryidae,角蟾科,Leptobrachella,掌突蟾属,青山村照子山自然保护区,贵州,105.3872,27.6567,,2018-07-06,,,照片/影像,"Jian Wang and Yu-Long Li and Yao Li and Hong-Hui Chen and Ya-Jun Zeng and Jing-Min Shen and Ying-Yong Wang (2019). Morphology, molecular genetics, and acoustics reveal two new species of the genus Leptobrachella from northwestern Guizhou Province, China (Anura, Megophryidae) ZooKeys, 848, 119–154 https://doi.org/10.3897/zookeys.848.29181",2019,"Wang, Jian, Li, Yu-Long, Li, Yao, Chen, Hong-Hui, Zeng, Ya-Jun, Shen, Jing-Min, Wang, Ying-Yong",ZooKeys,10.3897/zookeys.848.29181
220,1343,两栖纲,,,,Leptobrachella purpuraventra,无尾目,Megophryidae,角蟾科,Leptobrachella,掌突蟾属,金甲寨村五井自然保护区,贵州,105.3246,27.1183,,2018-07-06,,,照片/影像,"Jian Wang and Yu-Long Li and Yao Li and Hong-Hui Chen and Ya-Jun Zeng and Jing-Min Shen and Ying-Yong Wang (2019). Morphology, molecular genetics, and acoustics reveal two new species of the genus Leptobrachella from northwestern Guizhou Province, China (Anura, Megophryidae) ZooKeys, 848, 119–154 https://doi.org/10.3897/zookeys.848.29181",2019,"Wang, Jian, Li, Yu-Long, Li, Yao, Chen, Hong-Hui, Zeng, Ya-Jun, Shen, Jing-Min, Wang, Ying-Yong",ZooKeys,10.3897/zookeys.848.29181
221,1348,爬行纲,黄家岭脊蛇,Achalinus huangjietangi,黄家岭脊蛇,Achalinus huangjietangi,有鳞目,Xenodermidae,闪皮蛇科,Achalinus,脊蛇属,安徽省祁门县黄家岭村;富溪村,安徽,117.54,29.8222,220,2014-05-10,石阶;山脚小径;路边,ANU20200001 (HSR18030); SNHM5412 (HSR18220); CIB116366 (HSR14023); ANU20200002 (HSR18059); ANU20200003 (HSR19141),标本,"Ruyi HUANG and Lifang PENG and Lei YU and Tianqi HUANG and Ke JIANG and Li DING and Jinkang CHANG and Diancheng YANG and Yuhao XU and Song HUANG (2021). A New Species of the Genus Achalinus from Huangshan, Anhui, China (Squamata: Xenodermidae) Asian Herpetological Research, 12(2), 178–187 https://doi.org/10.16373/j.cnki.ahr.200075",2021,"Ruyi HUANG, Lifang PENG, Lei YU, Tianqi HUANG, Ke JIANG, Li DING, Jinkang CHANG, Diancheng YANG, Yuhao XU, Song HUANG",Asian Herpetological Research,10.16373/j.cnki.ahr.200075
222,1357,两栖纲,勐腊灌树蛙,Raorchestes menglaensis,勐腊灌树蛙,Raorchestes menglaensis,无尾目,Rhacophoridae,树蛙科,Raorchestes,灌树蛙属,中国云南省勐腊县朱石河,云南,101.55,21.45,900,,,"Holotype: (YU) A845090; Referred specimens: CIB 116338, CIB 116347, and others from Zhushihe and Menglun, Mengla",标本,"Ke JIANG and Jinlong REN and Jian WANG and Junfeng GUO and Zeng WANG and Yonghong LIU and Dechun JIANG and Jiatang LI (2020). Taxonomic Revision of Raorchestes menglaensis (Kou, 1990) (Amphibia: Anura), with Descriptions of Two New Species from Yunnan, China Asian Herpetological Research, 11(4), 263–281 https://doi.org/10.16373/j.cnki.ahr.200018",2020,"Ke JIANG, Jinlong REN, Jian WANG, Junfeng GUO, Zeng WANG, Yonghong LIU, Dechun JIANG, Jiatang LI",Asian Herpetological Research,10.16373/j.cnki.ahr.200018
223,1363,爬行纲,宜昌壁虎,Gekko ichangensis,宜昌壁虎,Gekko ichangensis,有鳞目,Gekkonidae,壁虎科,Gekko,壁虎属,湖北省宜昌市长阳土家族自治县高家堰镇木桥溪村,湖北,111.15,30.55,,2024-05,低海拔次生林,"seven adult geckos (three females, four males)",标本,"Jing CAO and Phuping SUCHARITAKUL and Minhua TIE and Chatmongkon SUWANNAPOOM and Fang YAN and Siriwadee CHOMDEJ (2025). A New Species of the Genus Gekko Laurenti, 1768 (Squamata: Gekkonidae) from Hubei, China Asian Herpetological Research, 16(1), 110–121 https://doi.org/10.3724/ahr.2095-0357.2024.0046",2025,"Jing CAO, Phuping SUCHARITAKUL, Minhua TIE, Chatmongkon SUWANNAPOOM, Fang YAN, Siriwadee CHOMDEJ",Asian Herpetological Research,10.3724/ahr.2095-0357.2024.0046
224,1365,两栖纲,门巴舌突蛙,Liurana menba,门巴刘树蛙,Liurana menba,无尾目,Ceratobatrachidae,亚洲角蛙科,Liurana,舌突蛙属,中国西藏墨脱,西藏,95.3333,29.3,,2024-04,,No. 3,标本,"Haoqi YU and Yiheng LIN and Shengchao SHI and Bicheng ZHU and Bin WANG and Jianping JIANG and Feng XIE (2025). Liurana menba sp. nov., Another New Papilla-tongued Frog Species from Medog, China (Anura, Ceratobatrachidae) Asian Herpetological Research, 16(3), 272–280 https://doi.org/10.3724/ahr.2095-0357.2025.0014",2025,"Haoqi YU, Yiheng LIN, Shengchao SHI, Bicheng ZHU, Bin WANG, Jianping JIANG, Feng XIE",Asian Herpetological Research,10.3724/ahr.2095-0357.2025.0014
225,1366,爬行纲,大别山原矛头蝮,Protobothrops dabieshanensis,大别山原矛头蝮,Protobothrops dabieshanensis,有鳞目,Viperidae,蝰科,Protobothrops,原矛头蝮属,大别山鹞落坪自然保护区,安徽,116.05,31.05,,2011-07,灌草丛、土壤微生境;河岸湿地、农田、森林、灌草丛、花岗岩和片麻岩洞穴,Holotype (implied by context),标本,"Xin HUANG and Tao PAN and Demin HAN and Liang ZHANG and Yinxu HOU and Lei YU and Heming ZHENG and Baowei ZHANG (2012). A New Species of the Genus Protobothrops (Squamata: Viperidae: Crotalinae) from the Dabie Mountains, Anhui, China Asian Herpetological Research, 3(3), 213–218 https://doi.org/10.3724/SP.J.1245.2012.00213",2012,"Xin HUANG, Tao PAN, Demin HAN, Liang ZHANG, Yinxu HOU, Lei YU, Heming ZHENG, Baowei ZHANG",Asian Herpetological Research,10.3724/SP.J.1245.2012.00213
226,1367,爬行纲,怒江攀蜥,Diploderma slowinskii,斯氏攀蜥,Japalura slowinskii,有鳞目,Agamidae,鬣蜥科,Diploderma,攀蜥属,福贡县以南沿怒江的一个小村庄,云南,98.8863,26.8122,1138,,"怒江流域,六库与丙中洛镇之间,以及怒山低西坡和高黎贡山东坡","KIZ2000R0608 (JBS16231) (holotype); KIZ-JBS 04233, 04235, 04237, 16133-34, 16137, 16254, CAS214971-73, 214989-215003, 215053, CAS 214906, CAS 214951-52, 214954, CAS 228178 (paratypes)",标本,"Dingqi RAO and Jens V. VINDUM and Xiaohui MA and Mingxia FU and Jeffery A. WILKINSON (2017). A New Species of Japalura (Squamata, Agamidae) from the Nu River Valley in Southern Hengduan Mountains, Yunnan, China Asian Herpetological Research, 8(2), 86–95 https://doi.org/10.16373/j.cnki.ahr.160053",2017,"Dingqi RAO, Jens V. VINDUM, Xiaohui MA, Mingxia FU, Jeffery A. WILKINSON",Asian Herpetological Research,10.16373/j.cnki.ahr.160053
227,1372,两栖纲,灰蓝蝾螈,Cynops glaucus,蓝腹蝾螈,Cynops glaucus,有尾目,Salamandridae,蝾螈科,Cynops,蝾螈属,广东省梅州市五华县莲花山美光村,广东,115.8,23.67,742,2011-05-01,,"KIZ 09791 (holotype); KIZ 09790, KIZ 09792–09797, KIZ 09799–09800 (paratypes)",标本,"Zhiyong YUAN and Ke JIANG and Limin DING and Liang ZHANG and Jing CHE (2013). A New Newt of the Genus Cynops (Caudata: Salamandridae) from Guangdong, China Asian Herpetological Research, 4(2), 116–123 https://doi.org/10.3724/SP.J.1245.2013.00116",2013,"Zhiyong YUAN, Ke JIANG, Limin DING, Liang ZHANG, Jing CHE",Asian Herpetological Research,10.3724/SP.J.1245.2013.00116
228,1380,两栖纲,周氏靖角蟾,Jingophrys zhoui,周氏角蟾,Megophrys zhoui,无尾目,Megophryidae,角蟾科,Jingophrys,靖角蟾属,中国西藏自治区墨脱县仁青崩寺附近,西藏,95.3617,29.3048,2003,2017-10-26,亚热带森林中的小溪流,"CIBMT171053 (holotype); CIBMT171060, CIBMT171062 (paratypes)",标本,"Shengchao Shi and Meihua Zhang and Feng Xie and Jianping Jiang and Wulin Liu and Li Ding and Li Luan and Bin Wang (2020). Multiple data revealed two new species of the Asian horned toad Megophrys Kuhl & Van Hasselt, 1822 (Anura, Megophryidae) from the eastern corner of the Himalayas ZooKeys, 977, 101–161 https://doi.org/10.3897/zookeys.977.55693",2020,"Shi, S., Zhang, M., Xie, F., Jiang, J., Liu, W., Ding, L., Luan, L., Wang, B.",ZooKeys,10.3897/zookeys.977.55693
229,1381,两栖纲,叶氏靖角蟾,Jingophrys yeae,叶氏角蟾,Megophrys yeae,无尾目,Megophryidae,角蟾科,Jingophrys,靖角蟾属,中国西藏自治区墨脱县背崩村,西藏,95.1856,29.2429,870,2017-06-15,热带森林中溪流附近或上方的草本植物叶片上,"CIB201706MT02 (holotype); CIB201706MT01, CIB022017061102, CIB022017061103, CIB022017061104, CIB201706MT03, CIBMT171064, CIBMT171065, CIBMT171066 (paratypes)",标本,"Shengchao Shi and Meihua Zhang and Feng Xie and Jianping Jiang and Wulin Liu and Li Ding and Li Luan and Bin Wang (2020). Multiple data revealed two new species of the Asian horned toad Megophrys Kuhl & Van Hasselt, 1822 (Anura, Megophryidae) from the eastern corner of the Himalayas ZooKeys, 977, 101–161 https://doi.org/10.3897/zookeys.977.55693",2020,"Shi, S., Zhang, M., Xie, F., Jiang, J., Liu, W., Ding, L., Luan, L., Wang, B.",ZooKeys,10.3897/zookeys.977.55693
230,1386,爬行纲,素贞环蛇,Bungarus suzhenae,素贞环蛇,Bungarus suzhenae,有鳞目,Elapidae,眼镜蛇科,Bungarus,环蛇属,中国云南省盈江县;缅甸克钦邦,云南,97.5845,24.6626,922,,季雨林中的稻田和溪流,"Holotype: CIB 116088; Paratypes: CIB 116089, CIB 116090, CIB 116091",标本,"Ze-Ning Chen and Sheng-Chao Shi and Gernot Vogel and Li Ding and Jing-Song Shi (2021). Multiple lines of evidence reveal a new species of Krait (Squamata, Elapidae, Bungarus) from Southwestern China and Northern Myanmar ZooKeys, 1025, 35–71 https://doi.org/10.3897/zookeys.1025.62305",2021,"Chen, Ze-Ning, Shi, Sheng-Chao, Vogel, Gernot, Ding, Li, Shi, Jing-Song",ZooKeys,10.3897/zookeys.1025.62305
231,1388,两栖纲,茂兰疣螈,Tylototriton maolanensis,茂兰疣螈,Tylototriton maolanensis,有尾目,Salamandridae,蝾螈科,Tylototriton,疣螈属,贵州省荔波县茂兰国家级自然保护区,贵州,107.95,25.4,,,,See Tables 1 and S1,标本,"Shize LI and Gang WEI and Yanlin CHENG and Baowei ZHANG and Bin WANG (2020). Description of a New Species of the Asian Newt Genus Tylototriton sensu lato (Amphibia: Urodela: Salamandridae) from Southwest China Asian Herpetological Research, 11(4), 282–296 https://doi.org/10.16373/j.cnki.ahr.200026",2020,"Shize LI, Gang WEI, Yanlin CHENG, Baowei ZHANG, Bin WANG",Asian Herpetological Research,10.16373/j.cnki.ahr.200026
232,1390,爬行纲,螭吻颈槽蛇,Rhabdophis chiwen,赤纹颈槽蛇,Rhabdophis chiwen,有鳞目,Colubridae,游蛇科,Rhabdophis,颈槽蛇属,鸡冠山和兴沟村,四川,103.384,30.8002,,,,"Holotype: CIB116092; Paratypes: CIB116093, CIB116094, CIB116095, CIBDL1807132, CIBDL1807133, CIBDL1807134, CIBDL1807135, CIBDL1807137, CIBDL1807138, CIBDL1807139, CIBDL18071311",标本,"Yige PIAO and Zening CHEN and Yanqing WU and Shengchao SHI and Hirohiko TAKEUCHI and Teppei JONO and Masaya FUKUDA and Akira MORI and Yezhong TANG and Qin CHEN and Li DING (2020). A New Species of the Genus Rhabdophis Fitzinger, 1843 (Squamata: Colubridae) in Southwestern Sichuan, China Asian Herpetological Research, 11(2), 95–107 https://doi.org/10.16373/j.cnki.ahr.190068",2020,"Yige PIAO, Zening CHEN, Yanqing WU, Shengchao SHI, Hirohiko TAKEUCHI, Teppei JONO, Masaya FUKUDA, Akira MORI, Yezhong TANG, Qin CHEN, Li DING",Asian Herpetological Research,10.16373/j.cnki.ahr.190068
233,1398,两栖纲,雷山角蟾,Boulenophrys leishanensis,雷山角蟾,Megophrys leishanensis,无尾目,Megophryidae,角蟾科,Boulenophrys,布角蟾属,"雷公山,雷山县",贵州,108.1906,26.3589,1571,2016-06-10,山溪,Holotype: CIBLS20160610002; Paratypes: nine adult males and two adult females; Tadpoles: CIBLS20171101001–CIBLS20171101006,标本,"Shize LI and Ning XU and Jing LIU and Jianping JIANG and Gang WEI and Bin WANG (2018). A New Species of the Asian Toad Genus Megophrys sensu lato (Amphibia: Anura: Megophryidae) from Guizhou Province, China Asian Herpetological Research, 9(4), 224–239 https://doi.org/10.16373/j.cnki.ahr.180072",2018,"Shize LI, Ning XU, Jing LIU, Jianping JIANG, Gang WEI, Bin WANG",Asian Herpetological Research,10.16373/j.cnki.ahr.180072
234,1399,爬行纲,,,,Ablepharus sp. nov.,有鳞目,Scincidae,石龙子科,Ablepharus,泛蜥属,中国西藏自治区札达县托林镇,西藏,79.8069,31.6749,4139,2024-08-26,,"YBU 241521 (holotype); YBU241505, YBU241522–241523 (paratypes)",标本,"Peng GUO and Kai WANG and Songwen TAN and Yayong WU and Jing CHE (2025). A New Species of Ablepharus (Sauria: Scincidae) from Western Xizang, China Asian Herpetological Research, 16(3), 261–271 https://doi.org/10.3724/ahr.2095-0357.2025.0011",2025,"Peng GUO, Kai WANG, Songwen TAN, Yayong WU, Jing CHE",Asian Herpetological Research,10.3724/ahr.2095-0357.2025.0011
235,1402,爬行纲,滇南棱蜥,Tropidophorus kouzhitongi,滇南棱蜥,Tropidophorus kouzhitongi,有鳞目,Scincidae,石龙子科,Tropidophorus,棱蜥属,中国云南省西双版纳,云南,100.8,22.0,,,"云南省南部,靠近老挝边境","KIZ 55360, KIZ 037799, KIZ 55361",标本,"Kai WANG and Ling LI and V. DEEPAK and Somphouthone PHIMMACHAK and Stéphane GROSJEAN and Nicolas VIDAL and Zhongxiong FU and Fenfei WANG and Guojin SHEN and Bryan L. STUART and Jing CHE (2025). Designation of the Lectotype for Tropidophorus laotus (Reptilia: Scincidae) and Description of A New Closely Related Species from Southern Yunnan Province, China Asian Herpetological Research, 16(1), 95–109 https://doi.org/10.3724/ahr.2095-0357.2024.0057",2025,"Kai WANG, Ling LI, V. DEEPAK, Somphouthone PHIMMACHAK, Stéphane GROSJEAN, Nicolas VIDAL, Zhongxiong FU, Fenfei WANG, Guojin SHEN, Bryan L. STUART, Jing CHE",,10.3724/ahr.2095-0357.2024.0057
236,1406,两栖纲,北仑姬蛙,Microhyla beilunensis,北仑小雨蛙,Microhyla beilunensis,无尾目,Microhylidae,姬蛙科,Microhyla,姬蛙属,中国浙江省宁波市北仑区柴桥镇,浙江,121.85,29.95,,,,41 adult specimens from Beilun population; five samples used in molecular analyses (vouchers not individually listed in text),标本、分子证据,"Meihua ZHANG and Liang FEI and Changyuan YE and Yufan WANG and Bin Wang and Jianping JIANG (2018). A New Species of Genus Microhyla (Amphibia: Anura: Microhylidae) from Zhejiang Province, China Asian Herpetological Research, 9(3), 135–148 https://doi.org/10.16373/j.cnki.ahr.180032",2018,"Meihua ZHANG, Liang FEI, Changyuan YE, Yufan WANG, Bin Wang, Jianping JIANG",Asian Herpetological Research,10.16373/j.cnki.ahr.180032
237,1413,两栖纲,高栏岛角蟾,Boulenophrys gaolanensis,高栏岛角蟾,Boulenophrys gaolanensis,无尾目,Megophryidae,角蟾科,Boulenophrys,布角蟾属,珠海市金湾区高栏岛,广东,113.2726,21.9012,177,2024-03-30,,"Holotype: SYS a009225; Paratypes: SYS a009235–9237, SYS a009238 / CIB 119030",标本,"Hanming SONG and Haotian WANG and Shuo QI and Ning WANG and Yingyong WANG (2024). A New Species of the Genus Boulenophrys (Anura: Megophryidae: Megophryinae) from Zhuhai, Guangdong, China Asian Herpetological Research, 15(4), 251–264 https://doi.org/10.3724/ahr.2095-0357.2024.0026",2024,"Hanming SONG, Haotian WANG, Shuo QI, Ning WANG, Yingyong WANG",Asian Herpetological Research,10.3724/ahr.2095-0357.2024.0026
238,1414,两栖纲,莲峰角蟾,Boulenophrys elongata,莲峰角蟾,Boulenophrys elongata,无尾目,Megophryidae,角蟾科,Boulenophrys,布角蟾属,莲花山,广东,115.2361,23.066,990,2023-06-28,丘陵地区,"Holotype: GEP a155; Paratypes: GEP a150, GEP a156",标本,"Zhaochi ZENG and Jian WANG and Honghui CHEN and Weiwen XIAO and Binbin ZHAN and Yuanhang LI and Shishi LIN (2024). A New Species of the Genus Boulenophrys (Anura, Megophryidae) from Eastern Guangdong, China Asian Herpetological Research, 15(1), 12–21 https://doi.org/10.3724/ahr.2095-0357.2023.0038",2024,"Zhaochi ZENG, Jian WANG, Honghui CHEN, Weiwen XIAO, Binbin ZHAN, Yuanhang LI, Shishi LIN",Asian Herpetological Research,10.3724/ahr.2095-0357.2023.0038
239,1415,爬行纲,,,,Ovophis sp. nov.,有鳞目,Viperidae,蝰科,Ovophis,烙铁头蛇属,元阳观音山省级自然保护区,云南,102.85,23.15,,,,,标本,"Shuo Liu and Mian Hou and Mingzhong Mo and Mei Li and Biao Li and Xiong Luo and Dingqi Rao and Song Li (2024). A new species of the genus Ovophis Burger in Hoge & Romano-Hoge, 1981 (Serpentes, Viperidae) from southern Yunnan, China Yuanyang Guanyinshan Provincial Nature https://doi.org/10.3897/zookeys.1230.142967",2024,"Liu S, Hou M, Mo M, Li M, Li B, Luo X, Rao D, Li S",ZooKeys,10.3897/zookeys.1230.142967
240,1419,爬行纲,华西腹链蛇,Hebius maximus,华西腹链蛇,Hebius maximus,有鳞目,Colubridae,游蛇科,Hebius,东亚腹链蛇属,中国四川小洋溪(= 四川省乐山市马边彝族自治县小洋溪);四川省屏山县老君山;四川省峨眉山市峨眉山,四川,103.55,28.85,,,山地;黄昏时在溪流旁道路从玉米田中出现;近水体的陆生微生境,"FMNH 18796 (holotype); FMNH 18797, USNM 71570, USNM 84362 (paratypes); CIB 118635, CIB 8451–8452, CIB 8455, CIB 8464, CIB 8467, CIB 8470–8471",标本,"Mao-Liang Li and Jin-Long Ren and Jun-Jie Huang and Zhi-Tong Lyu and Shuo Qi and Ke Jiang and Ying-Yong Wang and Jia-Tang Li (2022). On the validity of Hebius sauteri maximus (Malnate, 1962) (Squamata, Natricidae), with the redescription of H. maximus comb. nov. and H. sauteri (Boulenger, 1909) Life Science https://doi.org/10.3897/herpetozoa.35.e94920",2022,"Mao-Liang Li, Jin-Long Ren, Jun-Jie Huang, Zhi-Tong Lyu, Shuo Qi, Ke Jiang, Ying-Yong Wang, Jia-Tang Li",Herpetozoa,10.3897/herpetozoa.35.e94920
241,1425,两栖纲,花甸小狭口蛙,Glyphoglossus huadianensis,华甸掌突蟾,Glyphoglossus huadianensis,无尾目,Microhylidae,姬蛙科,Glyphoglossus,小狭口蛙属,云南省大理白族自治州苍山花甸坝,云南,100.2679,25.6064,,2010-05-02,,"KIZA00254 (holotype); KIZ 2014005754, KIZ 2014005781–KIZ 2014005785, KIAZ00252, KIZA00253, KIZA00255–KIZA00258 (paratypes)",标本,"Dongru ZHANG and Shuo LIU and Lixia ZHANG and Hong HUI and Heng XIAO and Dingqi RAO (2021). A New Species of Glyphoglossus Günther, 1869 (Anura: Microhylidae) from Western Yunnan, China Asian Herpetological Research, 12(4), 371–380 https://doi.org/10.16373/j.cnki.ahr.200106",2021,"Dongru ZHANG, Shuo LIU, Lixia ZHANG, Hong HUI, Heng XIAO, Dingqi RAO",Asian Herpetological Research,10.16373/j.cnki.ahr.200106
242,1427,爬行纲,香格里拉温泉蛇,Thermophis shangrila,香格里拉温泉蛇,Thermophis shangrila,有鳞目,Colubridae,游蛇科,Thermophis,温泉蛇属,云南省北部香格里拉一处温泉附近,云南,99.4833,27.4667,3362,,温泉附近森林边缘的草地,HUM20120001 (holotype); HUM20120002–3 (paratypes),标本,"Lifang PENG and Changhu LU and Song HUANG and Peng GUO and Yaping ZHANG (2014). A New Species of the Genus Thermophis (Serpentes: Colubridae) from Shangri-La, Northern Yunnan, China, with a Proposal for an Eclectic Rule for Species Delimitation Asian Herpetological Research, 5(4), 228–239 https://doi.org/10.3724/SP.J.1245.2014.00228",2014,"Lifang PENG, Changhu LU, Song HUANG, Peng GUO, Yaping ZHANG","A New Species of the Genus Thermophis (Serpentes: Colubridae) from Shangri-La, Northern Yunnan, China, with a Proposal for an Eclectic Rule for Species Delimitation",10.3724/SP.J.1245.2014.00228
243,1430,爬行纲,,,盈江竹叶青,Trimeresurus yingjiangensis,有鳞目,Viperidae,蝰科,Trimeresurus,竹叶青蛇属,云南省盈江县卡场镇黑河村;云南省盈江县铜壁关乡和平村;云南省盈江县,云南,97.878,24.782,1112,2017-07-19,,"DL2017070101 (holotype); ZLtspynglg201801 (allotype); DL201070102, DL201070103, OV2671 (paratypes)",标本,"Zening CHEN and Liang ZHANG and Jingsong SHI and Yezhong TANG and Yuhong GUO and Zhaobin SONG and Li DING (2019). A New Species of the Genus Trimeresurus from Southwest China (Squamata: Viperidae) Asian Herpetological Research, 10(1), 13–23 https://doi.org/10.16373/j.cnki.ahr.180062",2019,"Zening CHEN, Liang ZHANG, Jingsong SHI, Yezhong TANG, Yuhong GUO, Zhaobin SONG, Li DING",Asian Herpetological Research,10.16373/j.cnki.ahr.180062
244,1432,两栖纲,桑植湍蛙,Amolops sangzhiensis,桑植湍蛙,Amolops sangzhiensis,无尾目,Ranidae,蛙科,Amolops,湍蛙属,"斗蓬山,桑植县",湖南,109.758,29.674,1600,2022-09-19,山溪,"CSUFT 907 (holotype); CSUFT 901, 927, 930, 905, 933, 912, 916 (paratypes)",标本,"Tianyu QIAN and Jianjun XIANG and Jianping JIANG and Daode YANG and Jian GUI (2023). A New Species of the Amolops mantzorum Group (Anura: Ranidae: Amolops) from Northwestern Hunan Province, China Asian Herpetological Research, 14(1), 54–64 https://doi.org/10.16373/j.cnki.ahr.220063",2023,"Tianyu QIAN, Jianjun XIANG, Jianping JIANG, Daode YANG, Jian GUI",Asian Herpetological Research,10.16373/j.cnki.ahr.220063
245,1441,爬行纲,喜山原矛头蝮,Protobothrops himalayanus,喜山原矛头蝮,Protobothrops himalayanus,有鳞目,Viperidae,蝰科,Protobothrops,原矛头蝮属,中国西藏自治区吉隆县吉隆沟,西藏,85.3536,28.38,2708,2012-06-14,喜马拉雅山南坡,KIZ 012736 (holotype); JL 20120614-001; ZSI 25990,标本,"Hujun PAN and Basundhara CHETTRI and Daode YANG and Ke JIANG and Kai WANG and Liang ZHANG and Gernot VOGEL (2013). A New Species of the Genus Protobothrops (Squamata: Viperidae) from Southern Tibet, China and Sikkim, India Asian Herpetological Research, 4(2), 109–115 https://doi.org/10.3724/SP.J.1245.2013.00109",2013,"Hujun PAN, Basundhara CHETTRI, Daode YANG, Ke JIANG, Kai WANG, Liang ZHANG, Gernot VOGEL",Asian Herpetological Research,10.3724/SP.J.1245.2013.00109
246,1442,爬行纲,卡若蝮,Gloydius variegatus,卡若蝮,Gloydius variegatus,有鳞目,Viperidae,蝰科,Gloydius,亚洲蝮属,中国西藏自治区昌都市卡若区(卡若),西藏,97.2264,31.0397,3299,,澜沧江(湄公河)上游干热河谷,two specimens (one adult male and one adult female),标本,"Jinlong REN and Junjie HUANG and Wei WU and Ke JIANG and Jiatang LI (2025). One Mountain, Two Tigers: A New Species of Gloydius (Serpentes: Viperidae) from the Upper Lancang Valley in Xizang, China, with Comments on the Diagnostic Characters and Evolution of the G. strauchi (Bedriaga, 1912) Species Complex Asian Herpetological Research, 16(1), 1-19 https://doi.org/10.3724/ahr.2095-0357.2024.0059",2025,"Jinlong REN, Junjie HUANG, Wei WU, Ke JIANG, Jiatang LI",Asian Herpetological Research,10.3724/ahr.2095-0357.2024.0059
247,1448,爬行纲,张氏后棱蛇,Opisthotropis hungtai,张氏后棱蛇,Opisthotropis hungtai,有鳞目,Colubridae,游蛇科,Opisthotropis,后棱蛇属,黑石顶自然保护区,广东,111.85,23.55,300,2014-09-02,被保存完好的茂密落叶林环绕的土路边泥质排水沟,SYS r000946 (Holotype),标本,"Jian Wang and Zhi-Tong Lyu and Zhao-Chi Zeng and Chao-Yu Lin and Jian-Huan Yang and Truong Quang Nguyen and Minh D. Le and Thomas Ziegler and Ying-Yong Wang (2020). Re-examination of the Chinese record of Opisthotropis maculosa (Squamata, Natricidae), resulting in the first national record of O. haihaensis and description of a new species ZooKeys, 913, 141–159 https://doi.org/10.3897/zookeys.913.48622",2020,"Wang J, Lyu Z-T, Zeng Z-C, Lin C-Y, Yang J-H, Nguyen TQ, Le MD, Ziegler T, Wang Y-Y",ZooKeys,10.3897/zookeys.913.48622
248,1455,两栖纲,安徽疣螈,Yaotriton anhuiensis,安徽瘰螈,Tylototriton anhuiensis,有尾目,Salamandridae,蝾螈科,Yaotriton,瑶螈属,"安徽省岳西县,大别山南部",安徽,116.35,30.85,,,,,照片/影像,"Lifu QIAN and Xiaonan SUN and Jiaqi LI and Weibo GUO and Tao PAN and Xing KANG and Hui WANG and Jianping JIANG and Jun WU and Baowei ZHANG (2017). A New Species of the Genus Tylototriton (Amphibia: Urodela: Salamandridae) from the Southern Dabie Mountains in Anhui Province Asian Herpetological Research, 8(3), 151–164 https://doi.org/10.16373/j.cnki.ahr.170013",2017,"Lifu QIAN, Xiaonan SUN, Jiaqi LI, Weibo GUO, Tao PAN, Xing KANG, Hui WANG, Jianping JIANG, Jun WU, Baowei ZHANG",Asian Herpetological Research,10.16373/j.cnki.ahr.170013
249,1456,爬行纲,稻城攀蜥,Diploderma daochengense,稻城龙蜥,Diploderma daochengense,有鳞目,Agamidae,鬣蜥科,Diploderma,攀蜥属,雅砻江中游河谷和理渠河河谷,四川,101.5,30.0,,,,,标本,"Bo CAI and Meihua ZHANG and Jing LI and Simeng DU and Feng XIE and Mian HOU and Huaming ZHOU and Jianping JIANG (2022). Three New Species of Diploderma Hallowell, 1861 (Reptilia: Squamata: Agamidae) from the Shaluli Mountains in Western Sichuan, China Asian Herpetological Research, 13(4), 205–223 https://doi.org/10.16373/j.cnki.ahr.220040",2022,"Bo Cai, Meihua Zhang, Jing Li, Simeng Du, Feng Xie, Mian Hou, Huaming Zhou, Jianping Jiang",Asian Herpetological Research,10.16373/j.cnki.ahr.220040
250,1457,爬行纲,新龙攀蜥,Diploderma xinlongense,新龙龙蜥,Diploderma xinlongense,有鳞目,Agamidae,鬣蜥科,Diploderma,攀蜥属,水洛河和木里河河谷,四川,100.9,28.2,,,,,标本,"Bo CAI and Meihua ZHANG and Jing LI and Simeng DU and Feng XIE and Mian HOU and Huaming ZHOU and Jianping JIANG (2022). Three New Species of Diploderma Hallowell, 1861 (Reptilia: Squamata: Agamidae) from the Shaluli Mountains in Western Sichuan, China Asian Herpetological Research, 13(4), 205–223 https://doi.org/10.16373/j.cnki.ahr.220040",2022,"Bo Cai, Meihua Zhang, Jing Li, Simeng Du, Feng Xie, Mian Hou, Huaming Zhou, Jianping Jiang",Asian Herpetological Research,10.16373/j.cnki.ahr.220040
251,1458,爬行纲,康定攀蜥,Diploderma kangdingense,康定龙蜥,Diploderma kangdingense,有鳞目,Agamidae,鬣蜥科,Diploderma,攀蜥属,雅砻江中上游河谷,四川,101.5,30.0,,,,,标本,"Bo CAI and Meihua ZHANG and Jing LI and Simeng DU and Feng XIE and Mian HOU and Huaming ZHOU and Jianping JIANG (2022). Three New Species of Diploderma Hallowell, 1861 (Reptilia: Squamata: Agamidae) from the Shaluli Mountains in Western Sichuan, China Asian Herpetological Research, 13(4), 205–223 https://doi.org/10.16373/j.cnki.ahr.220040",2022,"Bo Cai, Meihua Zhang, Jing Li, Simeng Du, Feng Xie, Mian Hou, Huaming Zhou, Jianping Jiang",Asian Herpetological Research,10.16373/j.cnki.ahr.220040
252,1459,两栖纲,云开棘蛙,Quasipaa yunkaiensis,云开棘蛙,Quasipaa yunkaiensis,无尾目,Dicroglossidae,叉舌蛙科,Quasipaa,棘胸蛙属,广东信宜市云开山国家级自然保护区,广东,111.35,22.35,,,,Nine specimens (including four tadpoles),标本,"Shuo QI and Zhitong LYU and Hanming SONG and Haotian WANG and Zhuoyu LI and Youyu LI and Yingyong WANG (2025). A New Species of the Genus Quasipaa (Anura: Dicroglossidae) from Guangdong, China Asian Herpetological Research, 16(4), 319–330 https://doi.org/10.3724/ahr.2095-0357.2025.0031",2025,"Shuo QI, Zhitong LYU, Hanming SONG, Haotian WANG, Zhuoyu LI, Youyu LI, Yingyong WANG",Asian Herpetological Research,10.3724/ahr.2095-0357.2025.0031
253,1462,两栖纲,,,,Echinotriton sp. nov.,有尾目,Salamandridae,蝾螈科,Echinotriton,棘螈属,中国南部山区,广西,110.0,25.0,,,山区,,标本,"MIAN HOU and YUNKE WU and KELIN YANG and SHENG ZHENG and ZHIYONG YUAN and PIPENG LI (2014). A missing geographic link in the distribution of the genus Echinotriton (Caudata: Salamandridae) with description of a new species from southern China Zootaxa, 3895(1), 089–102 https://doi.org/10.11646/zootaxa.3895.1.5",2014,"Mian Hou, Yunke Wu, Kelin Yang, Sheng Zheng, Zhiyong Yuan, Pipeng Li",Zootaxa,10.11646/zootaxa.3895.1.5
254,1470,两栖纲,平顶短腿蟾,Brachytarsophrys platyparietus,宽头短腿蟾,Brachytarsophrys platyparietus,无尾目,Megophryidae,角蟾科,Brachytarsophrys,短腿蟾属,云南北部,云南,102.5,26.5,,,,,照片/影像,"Yao Li and Dan-Dan Zhang and Zhi-Tong Lyu and Jian Wang and Yu-Long Li and Zu-Yao Liu and Hong-Hui Chen and Ding-Qi Rao and Zhi-Fang Jin and Chang-You Zhang and Ying-Yong Wang (2020). Review of the genus Brachytarsophrys (Anura: Megophryidae), with revalidation of Brachytarsophrys platyparietus and description of a new species from China Zoological Research https://doi.org/10.24272/j.issn.2095-8137.2020.033",2020,"Yao Li, Dan-Dan Zhang, Zhi-Tong Lyu, Jian Wang, Yu-Long Li, Zu-Yao Liu, Hong-Hui Chen, Ding-Qi Rao, Zhi-Fang Jin, Chang-You Zhang, Ying-Yong Wang",Zoological Research,10.24272/j.issn.2095-8137.2020.033
255,1473,两栖纲,东方短腿蟾,Brachytarsophrys orientalis,东方短腿蟾,Brachytarsophrys orientalis,无尾目,Megophryidae,角蟾科,Brachytarsophrys,短腿蟾属,江西九连山国家级自然保护区,江西,114.55,24.65,,,,,标本,"Yao Li and Dan-Dan Zhang and Zhi-Tong Lyu and Jian Wang and Yu-Long Li and Zu-Yao Liu and Hong-Hui Chen and Ding-Qi Rao and Zhi-Fang Jin and Chang-You Zhang and Ying-Yong Wang (2020). Review of the genus Brachytarsophrys (Anura: Megophryidae), with revalidation of Brachytarsophrys platyparietus and description of a new species from China Zoological Research https://doi.org/10.24272/j.issn.2095-8137.2020.033",2020,"Yao Li, Dan-Dan Zhang, Zhi-Tong Lyu, Jian Wang, Yu-Long Li, Zu-Yao Liu, Hong-Hui Chen, Ding-Qi Rao, Zhi-Fang Jin, Chang-You Zhang, Ying-Yong Wang",Zoological Research,10.24272/j.issn.2095-8137.2020.033
256,1480,爬行纲,,,海南华珊瑚蛇,Sinomicrurus houi,有鳞目,Elapidae,眼镜蛇科,Sinomicrurus,中华珊瑚蛇属,"天池,尖峰岭国家级自然保护区;吊罗山国家级自然保护区",海南,108.7667,18.65,805,,天池湖边排水沟旁小径的林缘,"HUM20170001 (holotype); Re5410, CIB108251, HUM20170004 (paratypes)",标本,"Lifang PENG and Lijun WANG and Li DING and Yiwu ZHU and Jian LUO and Diancheng YANG and Ruyi HUANG and Shunqing LU and Song HUANG (2018). A New Species of the Genus Sinomicrurus Slowinski, Boundy and Lawson, 2001 (Squamata: Elapidae) from Hainan Province, China Asian Herpetological Research, 9(2), 65–73 https://doi.org/10.16373/j.cnki.ahr.170090",2018,"Lifang PENG, Lijun WANG, Li DING, Yiwu ZHU, Jian LUO, Diancheng YANG, Ruyi HUANG, Shunqing LU, Song HUANG",Asian Herpetological Research,10.16373/j.cnki.ahr.170090
257,1482,两栖纲,北江蝾螈,Cynops jiaoren,北江蝾螈,Cynops jiaoren,有尾目,Salamandridae,蝾螈科,Cynops,蝾螈属,广东省清远市英德市石门台自然保护区百鸟塘,广东,113.1382,24.4302,960,2021-04-25,,"SYS a008791 (holotype); CIB 118534, SYS a008786–8789 (paratypes)",标本,"Zhitong LYU and Shuo QI and Siyu ZHANG and Keyuan DAI and Yingyong WANG (2023). Two New Species of Fire-Bellied Newts (Caudata, Salamandridae, Cynops) from Southeastern China Asian Herpetological Research, 14(1), 41–53 https://doi.org/10.16373/j.cnki.ahr.220059",2023,"Zhitong LYU, Shuo QI, Siyu ZHANG, Keyuan DAI, Yingyong WANG",,10.16373/j.cnki.ahr.220059
258,1489,两栖纲,,,韩国爪鲵,Onychodactylus koreanus,有尾目,Hynobiidae,小鲵科,Onychodactylus,爪鲵属,,,,,,,,,标本,"NIKOLAY A. POYARKOV, JR. & JING CHE & MI-SOOK MIN & MASAKI KURO-O & FANG YAN & CHENG LI & KOJI IIZUKA & DAVID R. VIEITES (2012). Review of the systematics, morphology and distribution of Asian Clawed Salamanders, genus Onychodactylus (Amphibia, Caudata: Hynobiidae), with the description of four new species Zootaxa, 3465, 1–106",2012,"Nikolay A. Poyarkov, Jr., Jing Che, Mi-Sook Min, Masaki Kuro-o, Fang Yan, Cheng Li, Koji Iizuka, David R. Vieites",Zootaxa,
259,1491,爬行纲,景东腹链蛇,Hebius jingdongensis,景东腹链蛇,Hebius jingdongensis,有鳞目,Colubridae,游蛇科,Hebius,东亚腹链蛇属,哀牢山生态站,云南,101.01,24.52,2400,2017-07-27,,"CIB 119044 (holotype); CIB 8394, CIB 8395 (paratypes)",标本,"Shun MA and Shengchao SHI and Budian AYI and Jianping JIANG (2023). A New Species of the Genus Hebius Thompson, 1913 (Serpentes: Natricidae) from Yunnan, China Asian Herpetological Research, 14(3), 212–226 https://doi.org/10.3724/ahr.2095-0357.2023.0008",2023,"Shun MA, Shengchao SHI, Budian AYI, Jianping JIANG",Asian Herpetological Research,10.3724/ahr.2095-0357.2023.0008
260,1492,爬行纲,,,河口弯趾虎,Cyrtodactylus hekouensis,有鳞目,Gekkonidae,壁虎科,Cyrtodactylus,裸趾虎属,中国云南省红河哈尼族彝族自治州河口县大围山国家级自然保护区,云南,103.9435,22.6735,160,,喀斯特石灰岩森林,"SWFU002507 (holotype); SWFU001578, SWFU002879, SWFU002880, SWFU002881 (paratypes)",标本,"Yinpeng ZHANG and Xiaolong LIU and Justin BERNSTEIN and Jian WANG and Zhiyong YUAN (2021). A New Species of Cyrtodactylus (Squamata: Gekkonidae) from the Karst Forests of Daweishan National Nature Reserve, Yunnan, China Asian Herpetological Research, 12(3), 261–270 https://doi.org/10.16373/j.cnki.ahr.200090",2021,"Yinpeng ZHANG, Xiaolong LIU, Justin BERNSTEIN, Jian WANG, Zhiyong YUAN",Asian Herpetological Research,10.16373/j.cnki.ahr.200090
261,1494,两栖纲,十万大山琴蛙,Nidirana shiwandashanensis,十万大山琴蛙,Nidirana shiwandashanensis,无尾目,Ranidae,蛙科,Nidirana,琴蛙属,中国广西上思县十万大山国家级自然保护区,广西,107.85,21.95,500,2021-05-10,常绿森林,"Holotype: NNU00238; Paratypes: NNU00239, NNU00605 (males), NNU00606 (female)",标本,"Weicai CHEN and Wanxiao PENG and Peng LI and Youjun LIU (2022). A New Species of Nidirana (Anura, Ranidae) from Southern Guangxi, China Asian Herpetological Research, 13(2), 109–116 https://doi.org/10.16373/j.cnki.ahr.210065",2022,"Weicai CHEN, Wanxiao PENG, Peng LI, Youjun LIU",Asian Herpetological Research,10.16373/j.cnki.ahr.210065
262,1504,爬行纲,思茅半叶趾虎,Hemiphyllodactylus simaoensis,思茅半叶趾虎,Hemiphyllodactylus tonywhitteni,有鳞目,Gekkonidae,壁虎科,Hemiphyllodactylus,半叶趾虎属,中国云南省普洱市思茅区森林覆盖的喀斯特山丘,云南,100.803,22.735,1129,2018-08-17,森林覆盖的喀斯特山丘,"KIZ 062064 (holotype); KIZ 062063, KIZ 062066–KIZ 062068, KIZ 062065, KIZ 062069–KIZ 062070, KIZ 062072, KIZ 062073, KIZ 062077, KIZ 062079, KIZ 062087, KIZ 062074–KIZ 062076, KIZ 062080–KIZ 062084, KIZ 062088 (paratypes)",标本,"Ade Prasetyo Agung and Ada Chornelia and L. Lee Grismer and Jesse L. Grismer and Evan S. H. Quah and Jian-Mei Lu and Kyle W. Tomlinson and Alice C. Hughes (2022). Description of two new species of Hemiphyllodactylus (Reptilia: Gekkonidae) from karst landscapes in Yunnan, China, highlights complex conservation needs Article Open Access https://doi.org/10.24272/j.issn.2095-8137.2022.105",2022,"Quah, Jian-Mei Lu, Kyle W. Tomlinson, Alice C. Hughes",,10.24272/j.issn.2095-8137.2022.105
263,1505,两栖纲,田林纤树蛙,Gracixalus tianlinensis,天林纤树蛙,Gracixalus tianlinensis,无尾目,Rhacophoridae,树蛙科,Gracixalus,纤树蛙属,中国广西壮族自治区田林县岑王老山国家级自然保护区,广西,106.3947,24.4883,1858,2017-06-08,与山地竹林相伴的山地常绿阔叶林,"NHMG1706002 (holotype); NHMG1705009-11, 1706001-2, 1706006-8 (paratypes, males); NHMG1705008, 1706003-5 (paratypes, females); NHMG1705015, NHMG1705016 (paratypes)",标本,"Weicai CHEN and Yongjian BEI and Xiaowen LIAO and Shichu ZHOU and Yunming MO (2018). A New Species of Gracixalus (Anura: Rhacophoridae) from West Guangxi, China Asian Herpetological Research, 9(2), 74–84 https://doi.org/10.16373/j.cnki.ahr.170085",2018,"Weicai CHEN, Yongjian BEI, Xiaowen LIAO, Shichu ZHOU, Yunming MO",Asian Herpetological Research,10.16373/j.cnki.ahr.170085
264,1506,两栖纲,平龙树蛙,Zhangixalus pinglongensis,平龙树蛙,Rhacophorus pinglongensis,无尾目,Rhacophoridae,树蛙科,Zhangixalus,张树蛙属,十万大山国家级自然保护区,广西,107.043,22.457,530,2009-03-23,中海拔山地常绿阔叶林,"NHMG200903002 (holotype); NHMG200903001, NHMG200903003-004, NHMG201002003-008, NHMG201002010, 201002011, 201002013 (paratypes)",标本,"Yunming MO and Weicai CHEN and Xiaowen LIAO and Shichu ZHOU (2016). A New Species of the Genus Rhacophorus (Anura: Rhacophoridae) from Southern China Asian Herpetological Research, 7(3), 139–150 https://doi.org/10.16373/j.cnki.ahr.150070",2016,"Yunming MO, Weicai CHEN, Xiaowen LIAO, Shichu ZHOU",Asian Herpetological Research,10.16373/j.cnki.ahr.150070
265,1515,爬行纲,刘氏壁虎,Gekko liui,刘氏壁虎,Gekko liui,有鳞目,Gekkonidae,壁虎科,Gekko,壁虎属,海南省万宁市大洲岛,海南,110.45,18.85,,,,six specimens,标本,"Runbang ZHOU and Hongxin ZHOU and Hesheng WANG and Jialing LI and Dongru ZHANG and Xiuyan LI and Ziqi SHEN and Shuo LIU and Dingqi RAO (2025). Taxonomic Review of Gecko (Japonigekko) Species in Hainan Province and Description of a New Species Asian Herpetological Research, 16(2), 247–259 https://doi.org/10.3724/ahr.2095-0357.2024.0055",2025,"Runbang ZHOU, Hongxin ZHOU, Hesheng WANG, Jialing LI, Dongru ZHANG, Xiuyan LI, Ziqi SHEN, Shuo LIU, Dingqi RAO",Asian Herpetological Research,10.3724/ahr.2095-0357.2024.0055
266,1516,两栖纲,安徽树蛙,Zhangixalus zhoukaiyae,周开亚树蛙,Rhacophorus zhoukaiyae,无尾目,Rhacophoridae,树蛙科,Zhangixalus,张树蛙属,中国安徽省金寨县前坪,安徽,115.7252,31.2953,781,2015-04-20,中海拔山地常绿森林,"AHU-RhaDb-150420-01 (holotype); AHU-RhaDb-150418-01, AHU-RhaDb-150418-04, AHU-RhaDb-150418-02, AHU-RhaDb-150418-03, AHU-RhaDb-150419, AHU-RhaDb-150420-02, AHU-RhaDb-150420-03 (paratypes)",标本,"Tao PAN and Yanan ZHANG and Hui WANG and Jun WU and Xing KANG and Lifu QIAN and Kai LI and Yu ZHANG and Jinyun CHEN and Dingqi RAO and Jianping JIANG and Baowei ZHANG (2017). A New Species of the Genus Rhacophorus (Anura: Rhacophoridae) from Dabie Mountains in East China Asian Herpetological Research, 8(1), 1-13 https://doi.org/10.16373/j.cnki.ahr.160064",2017,"Tao PAN, Yanan ZHANG, Hui WANG, Jun WU, Xing KANG, Lifu QIAN, Kai LI, Yu ZHANG, Jinyun CHEN, Dingqi RAO, Jianping JIANG, Baowei ZHANG",Asian Herpetological Research,10.16373/j.cnki.ahr.160064
267,1527,爬行纲,,,,Diploderma sp. nov.,有鳞目,Agamidae,鬣蜥科,Diploderma,攀蜥属,四川省金沙江上游河谷,四川,101.5,27.5,,,,,标本,"Kai Wang and Jinlong Ren and Jiawei Wu and Ke Jiang and Jieqiong Jin and Shaobing Hou and Puyang Zheng and Feng Xie and Cameron D. Siler and Jing Che (2020). Systematic revision of mountain dragons (Reptilia: Agamidae: Diploderma) in China, with descriptions of six new species and discussion on their conservation J Zool Syst Evol Res, 67, 222–263 https://doi.org/10.1111/jzs.12414",2020,"Kai Wang, Jinlong Ren, Jiawei Wu, Ke Jiang, Jieqiong Jin, Shaobing Hou, Puyang Zheng, Feng Xie, Cameron D. Siler, Jing Che",Journal of Zoological Systematics and Evolutionary Research,10.1111/jzs.12414
268,1537,爬行纲,,,,Diploderma sp. nov. 5,有鳞目,Agamidae,鬣蜥科,Diploderma,攀蜥属,四川省雅砻江河谷,四川,101.5,30.0,,,,,标本,"Kai Wang and Jinlong Ren and Jiawei Wu and Ke Jiang and Jieqiong Jin and Shaobing Hou and Puyang Zheng and Feng Xie and Cameron D. Siler and Jing Che (2020). Systematic revision of mountain dragons (Reptilia: Agamidae: Diploderma) in China, with descriptions of six new species and discussion on their conservation J Zool Syst Evol Res, 67, 222–263 https://doi.org/10.1111/jzs.12414",2020,"Wang, Kai, Ren, Jinlong, Wu, Jiawei, Jiang, Ke, Jin, Jieqiong, Hou, Shaobing, Zheng, Puyang, Xie, Feng, Siler, Cameron D., Che, Jing",Journal of Zoological Systematics and Evolutionary Research,10.1111/jzs.12414
269,1538,爬行纲,,,,Diploderma sp. nov. 6,有鳞目,Agamidae,鬣蜥科,Diploderma,攀蜥属,云南省雅砻江河谷,云南,101.5,27.5,,,,,标本,"Kai Wang and Jinlong Ren and Jiawei Wu and Ke Jiang and Jieqiong Jin and Shaobing Hou and Puyang Zheng and Feng Xie and Cameron D. Siler and Jing Che (2020). Systematic revision of mountain dragons (Reptilia: Agamidae: Diploderma) in China, with descriptions of six new species and discussion on their conservation J Zool Syst Evol Res, 67, 222–263 https://doi.org/10.1111/jzs.12414",2020,"Wang, Kai, Ren, Jinlong, Wu, Jiawei, Jiang, Ke, Jin, Jieqiong, Hou, Shaobing, Zheng, Puyang, Xie, Feng, Siler, Cameron D., Che, Jing",Journal of Zoological Systematics and Evolutionary Research,10.1111/jzs.12414
270,1539,爬行纲,大别山钝头蛇,Pareas dabieshanensis,大别山钝头蛇,Pareas dabieshanensis,有鳞目,Pareidae,钝头蛇科,Pareas,钝头蛇属,大别山,安徽、湖北、河南,115.5,31.2,,,,,标本,"Cai-wen Zhang and Shi-hang Xu and Tao Luo and Chong Liu and Lei Yu and Jiang Zhou and Tao Pan and Bao-wei Zhang (2025). Taxonomic and distributional revision of Pareas boulengeri (Reptilia, Squamata, Pareidae), including two new species from eastern and central China Life Science, 101(4) https://doi.org/10.3897/zse.101.156697",2025,"Zhang, Cai-wen, Xu, Shi-hang, Luo, Tao, Liu, Chong, Yu, Lei, Zhou, Jiang, Pan, Tao, Zhang, Bao-wei",Zoosystematics and Evolution,10.3897/zse.101.156697
271,1540,爬行纲,华东钝头蛇,Pareas orientalis,华东钝头蛇,Pareas orientalis,有鳞目,Pareidae,钝头蛇科,Pareas,钝头蛇属,中国东部,安徽、江苏、江西、浙江,118.0,32.0,,,,,标本,"Cai-wen Zhang and Shi-hang Xu and Tao Luo and Chong Liu and Lei Yu and Jiang Zhou and Tao Pan and Bao-wei Zhang (2025). Taxonomic and distributional revision of Pareas boulengeri (Reptilia, Squamata, Pareidae), including two new species from eastern and central China Life Science, 101(4) https://doi.org/10.3897/zse.101.156697",2025,"Zhang, Cai-wen, Xu, Shi-hang, Luo, Tao, Liu, Chong, Yu, Lei, Zhou, Jiang, Pan, Tao, Zhang, Bao-wei",Zoosystematics and Evolution,10.3897/zse.101.156697
272,1543,爬行纲,若尔盖蝮,Gloydius angusticeps,若尔盖蝮,Gloydius angusticeps,有鳞目,Viperidae,蝰科,Gloydius,亚洲蝮属,四川省阿坝藏族羌族自治州若尔盖县下曼村,四川,102.5,33.74,3569,2017-08-15,湿地附近的开阔草甸和向阳砾石地,IVPP OV2634 (JS1708G5C),标本,"Jingsong Shi and Diancheng Yang and Wuyuan Zhang and Lifang Peng and Nikolai L. Orlov and Fan Jiang and Li Ding and Mian Hou and Xinlei Huang and Song Huang and Pipeng Li (2018). A NEW SPECIES OF THE Gloydius strauchi COMPLEX (CROTALINAE: VIPERIDAE: SERPENTES) FROM QINGHAI, SICHUAN, AND GANSU, CHINA Russian Journal of Herpetology, 25(2), 126-138",2018,"Jingsong Shi, Diancheng Yang, Wuyuan Zhang, Lifang Peng, Nikolai L. Orlov, Fan Jiang, Li Ding, Mian Hou, Xinlei Huang, Song Huang, Pipeng Li","A NEW SPECIES OF THE Gloydius strauchi COMPLEX (CROTALINAE: VIPERIDAE: SERPENTES) FROM QINGHAI, SICHUAN, AND GANSU, CHINA",
273,1546,爬行纲,四川温泉蛇,Thermophis zhaoermii,赵尔宓温泉蛇,Thermophis zhaoermii,有鳞目,Colubridae,游蛇科,Thermophis,温泉蛇属,理塘,四川,100.28,30.0,,,温泉,CUN-S-18 (Litang),标本,"Miao He, Jin‐Chao Feng, Shao‐Ying Liu, Peng Guo & Er‐Mi Zhao (2009). The phylogenetic position of Thermophis (Serpentes: Colubridae), an endemic snake from the Qinghai‐Xizang Plateau, China Journal of Natural History, 43(7-8), 479-488 https://doi.org/10.1080/00222930802389825",2009,"Guo, P., Zhang, F., Huang, Y. Q., Liu, J., Hou, M., He, S. P.",Journal of Natural History,10.1080/00222930802389825
274,1548,爬行纲,沃氏腹链蛇,Hebius vogeli,沃氏腹链蛇,Hebius vogeli,有鳞目,Colubridae,游蛇科,Hebius,东亚腹链蛇属,越南富寿省三岛国家公园;越南宁平省潭菊坊;中国广西大新,广西,105.798,20.545,200,1997-03-17,,"AMNH 147155 (holotype); MNHN 1997.3305, DTU 410 (paratypes); KIZ 750001",标本,"Tan Van NGUYEN and Maoliang LI and Junjie HUANG and Buying HAN and Duc Trong NGUYEN and Nikolay A. POYARKOV and Patrick DAVID and Jinlong REN (2025). Taxonomic Reassessment of Hebius optatus (Hu & Zhao, 1966) (Squamata: Natricidae), with the Description of a New Species from Vietnam and China Asian Herpetological Research, 16(4), 377–391 https://doi.org/10.3724/ahr.2095-0357.2025.0026",2025,"Tan Van NGUYEN, Maoliang LI, Junjie HUANG, Buying HAN, Duc Trong NGUYEN, Nikolay A. POYARKOV, Patrick DAVID, Jinlong REN",Asian Herpetological Research,10.3724/ahr.2095-0357.2025.0026
275,1549,爬行纲,丽纹腹链蛇,Hebius optatum,丽纹腹链蛇,Hebius optatus,有鳞目,Colubridae,游蛇科,Hebius,东亚腹链蛇属,因山,,,,,,,CIB 3624 (holotype); ZMC 7501090,标本,"Tan Van NGUYEN and Maoliang LI and Junjie HUANG and Buying HAN and Duc Trong NGUYEN and Nikolay A. POYARKOV and Patrick DAVID and Jinlong REN (2025). Taxonomic Reassessment of Hebius optatus (Hu & Zhao, 1966) (Squamata: Natricidae), with the Description of a New Species from Vietnam and China Asian Herpetological Research, 16(4), 377–391 https://doi.org/10.3724/ahr.2095-0357.2025.0026",2025,"Tan Van NGUYEN, Maoliang LI, Junjie HUANG, Buying HAN, Duc Trong NGUYEN, Nikolay A. POYARKOV, Patrick DAVID, Jinlong REN",Asian Herpetological Research,10.3724/ahr.2095-0357.2025.0026
276,1552,爬行纲,博窝攀蜥(博窝龙蜥),Diploderma bowoense,博窝龙蜥,Diploderma bowoense,有鳞目,Agamidae,鬣蜥科,Diploderma,攀蜥属,中国四川省木里县博窝村,四川,100.95,28.55,,2019-06-25,,KIZ 044757,标本,"KAI WANG and WEI GAO and JIAWEI WU and WENJIE DONG and XIAOGANG FENG and WENJING SHEN and JIEQIONG JIN and XIUDONG SHI and YIN QI and CAMERON D. SILER and JING CHE (2021). Two New Species of Diploderma Hallowell, 1861 (Reptilia: Squamata: Agamidae) from the Hengduan Mountain Region in China and Rediscovery of D. brevicaudum Zootaxa, 4941(1), 001–032 https://doi.org/10.11646/zootaxa.4941.1.1",2021,,Zootaxa,10.11646/zootaxa.4941.1.1
277,1554,爬行纲,赤链蛇,Lycodon rufozonatus,赤链蛇,Dinodon rufozonatus var. formosana,有鳞目,Colubridae,游蛇科,Lycodon,链蛇属,"福尔摩沙,今台湾",台湾,120.9605,23.6978,,,,SMF 18045,标本,"Tan Van Nguyen and Nikolay A. Poyarkov and Gernot Vogel (2025). Taxonomic reassessment of the Lycodon rufozonatus species complex (Serpentes, Colubridae), with re-evaluation of Dinodon rufozonatum walli, and description of a new species from north-central Vietnam ZooKeys https://doi.org/10.3897/zookeys.1251.157817",2025,"Tan Van Nguyen, Nikolay A. Poyarkov, Gernot Vogel",ZooKeys,10.3897/zookeys.1251.157817
278,1555,两栖纲,重庆瘰螈,Paramesotriton chongqingensis,重庆瘰螈,Paramesotriton chongqingensis,有尾目,Salamandridae,蝾螈科,Paramesotriton,瘰螈属,中国重庆市彭水苗族土家族自治县棣棠乡,重庆,108.35,29.35,700,2023-05-18,海拔700–1000米的溪流生境,"CMNH 1575, CMNH 1658, CMNH 1659, CMNH 1660, CMNH 1661, CMNH 1662",标本,"Qi Ma and Shi-Ze Li and Xiao Yang and Li-Peng Wan and Cheng-Cheng Ma and Sheng-Chao Shi and Zhi-Jian Wang (2025). Morphological and molecular evidence reveal a new species of the genus Paramesotriton (Caudata, Salamandridae) from Chongqing, China Food Science, 101(4) https://doi.org/10.3897/zse.101.168621",2025,"Qi Ma, Shi-Ze Li, Xiao Yang, Li-Peng Wan, Cheng-Cheng Ma, Sheng-Chao Shi, Zhi-Jian Wang",,10.3897/zse.101.168621
279,1566,两栖纲,崇安湍蛙,Amolops chunganensis,崇安湍蛙,Amolops chunganensis,无尾目,Ranidae,蛙科,Amolops,湍蛙属,中国福建省西北部崇安县城关(=武夷山市),福建,117.75,27.75,1372,,山地溪流,AMNH 30479 (holotype),标本,"Ke Jiang and Jin-Long Ren and Zhi-Tong Lyu and Dan Wang and Zeng Wang and Ke Lv and Jia-Wei Wu and Jia-Tang Li (2021). Taxonomic revision of Amolops chunganensis (Pope, 1929) (Amphibia: Anura) and description of a new species from southwestern China, with discussion on Amolops monticola group and assignment of species groups of the genus Amolops https://doi.org/10.24272/j.issn.2095-8137.2021.107",2021,"Ke Jiang, Jin-Long Ren, Zhi-Tong Lyu, Dan Wang, Zeng Wang, Ke Lv, Jia-Wei Wu, Jia-Tang Li",Zoological Research,10.24272/j.issn.2095-8137.2021.107
280,1578,两栖纲,,,,Rohanixalus sp.2,无尾目,Rhacophoridae,树蛙科,Rohanixalus,罗树蛙属,南滚河,云南,99.2121,23.2795,1934.56,2018-06-20,,"SWU 001965 (holotype); SWU 001967, SWU 001969, SWU 001970, SWU 001968, SWU 004605 (paratypes)",标本,"Biju, Garg, Gokulakrishnan, Chandrakasan, Thammachoti, Ren, Gopika, Bisht, Hamidy and Shouche (2020). Taxonomic revision of genus Rohanixalus (Anura: Rhacophoridae) in China with description of one new species https://doi.org/10.24272/j.issn.2095-8137.2023.179",2020,"Bernstein, Chatmongkon Suwannapoom, Siriwadee Chomdej, Jing Che, Zhi-Yong Yuan",Zoological Research,10.24272/j.issn.2095-8137.2023.179
281,1585,两栖纲,中华湍蛙,Amolops sinensis,中华湍蛙,Amolops sinensis,无尾目,Ranidae,蛙科,Amolops,湍蛙属,广东石门台自然保护区前进,广东,113.11,24.49,510,2018-06-22,自然保护区内溪流,"SYS a007107 (holotype); SYS a007105, a007106, a007108, a007109, a004165/CIB 110004, a005710, a005712 (paratypes); SYS a004722 (juvenile)",标本,"Zhi-Tong Lyu and Lin-Sheng Huang and Jian Wang and Yuan-Qiu Li and Hong-Hui Chen and Shuo Qi and Ying-Yong Wang (2019). Description of two cryptic species of the Amolops ricketti group (Anura, Ranidae) from southeastern China ZooKeys, 812, 133–156 https://doi.org/10.3897/zookeys.812.29956",2019,"Zhi-Tong Lyu, Hong-Hui Chen, Yuan-Qiu Li, Jian Wang",ZooKeys,10.3897/zookeys.812.29956
282,1587,两栖纲,勐海灌树蛙,Raorchestes hillisi,勐海灌树蛙,Raorchestes hillisi,无尾目,Rhacophoridae,树蛙科,Raorchestes,灌树蛙属,中国云南省勐海县,云南,100.45,21.95,,,,,标本,"Ke JIANG and Jinlong REN and Jian WANG and Junfeng GUO and Zeng WANG and Yonghong LIU and Dechun JIANG and Jiatang LI (2020). Taxonomic Revision of Raorchestes menglaensis (Kou, 1990) (Amphibia: Anura), with Descriptions of Two New Species from Yunnan, China Asian Herpetological Research, 11(4), 263–281 https://doi.org/10.16373/j.cnki.ahr.200018",2020,"Ke JIANG, Jinlong REN, Jian WANG, Junfeng GUO, Zeng WANG, Yonghong LIU, Dechun JIANG, Jiatang LI",Asian Herpetological Research,10.16373/j.cnki.ahr.200018
283,1588,两栖纲,黄连山灌树蛙,Raorchestes huanglianshan,黄连山灌树蛙,Raorchestes huanglianshan,无尾目,Rhacophoridae,树蛙科,Raorchestes,灌树蛙属,中国云南省绿春县黄连山,云南,102.35,22.85,,,,"Includes specimen 060821286Rao from Lvchun, Yunnan (Li et al., 2009)",标本,"Ke JIANG and Jinlong REN and Jian WANG and Junfeng GUO and Zeng WANG and Yonghong LIU and Dechun JIANG and Jiatang LI (2020). Taxonomic Revision of Raorchestes menglaensis (Kou, 1990) (Amphibia: Anura), with Descriptions of Two New Species from Yunnan, China Asian Herpetological Research, 11(4), 263–281 https://doi.org/10.16373/j.cnki.ahr.200018",2020,"Ke JIANG, Jinlong REN, Jian WANG, Junfeng GUO, Zeng WANG, Yonghong LIU, Dechun JIANG, Jiatang LI",Asian Herpetological Research,10.16373/j.cnki.ahr.200018
284,1594,两栖纲,云南纤树蛙,Gracixalus yunnanensis,云南纤树蛙,Gracixalus yunnanensis,无尾目,Rhacophoridae,树蛙科,Gracixalus,纤树蛙属,中国云南省澜沧县雪林乡,云南,99.5317,23.0109,1864,2014-06-07,,"KIZ 20160222 (holotype); KIZ 20160223, KIZ 20160216 (paratypes)",标本,"Guohua Yu and Hong Hui and Jian Wang and Dingqi Rao and Zhengjun Wu and Junxing Yang (2019). A new species of Gracixalus (Anura, Rhacophoridae) from Yunnan, China ZooKeys, 851, 91–111 https://doi.org/10.3897/zookeys.851.32157",2019,"Yu, G., Hui, H., Wang, J., Rao, D., Wu, Z., Yang, J.",ZooKeys,10.3897/zookeys.851.32157
285,1595,两栖纲,瑶琴蛙,Nidirana yaoica,瑶山琴蛙,Nidirana yaoica,无尾目,Ranidae,蛙科,Nidirana,琴蛙属,大瑶山,广西,110.15,24.15,,,,SYS a007009,标本,"Zhi-Tong Lyu and Yun-Ming Mo and Han Wan and Yu-Long Li and Hong Pang and Ying-Yong Wang (2019). Description of a new species of Music frogs (Anura, Ranidae, Nidirana) from Mt Dayao, southern China ZooKeys, 858, 109–126 https://doi.org/10.3897/zookeys.858.34363",2019,"Lyu, Zhi-Tong, Mo, Yun-Ming, Wan, Han, Li, Yu-Long, Pang, Hong, Wang, Ying-Yong",ZooKeys,10.3897/zookeys.858.34363
286,1602,爬行纲,广东睑虎,Goniurosaurus gollum,广东睑虎,Goniurosaurus gollum,有鳞目,Eublepharidae,睑虎科,Goniurosaurus,睑虎属,中国广东省肇庆市怀集县,广东,112.1833,23.9333,,2020-05-21,"荒凉的石灰岩洞穴,距洞口至少50米;无植被,洞顶悬挂钟乳石","SYS r002420 (holotype), SYS r002421 (paratype), SYS r002422 (paratype)",标本,"Shuo Qi and Jian Wang and L. Lee Grismer and Hong-Hui Chen and Zhi-Tong Lyu and Ying-Yong Wang (2020). The Stoor Hobbit of Guangdong: Goniurosaurus gollum sp. nov., a cave-dwelling Leopard Gecko (Squamata, Eublepharidae) from South China ZooKeys, 991, 137–153 https://doi.org/10.3897/zookeys.991.54935",2020,"Shuo Qi, Jian Wang, L. Lee Grismer, Zhi-Tong Lyu, Ying-Yong Wang",ZooKeys,10.3897/zookeys.991.54935
287,1617,两栖纲,,,,Amolops amoropalamus,无尾目,Ranidae,蛙科,Amolops,湍蛙属,,,,,,,溪流栖息,OMNH Am 8067 (holotype); OMNH Am 8068,标本,"Masafumi Matsui (1986). Three New Species of Amolops from Borneo (Amphibia, Anura, Ranidae) Copeia, 1986(3), 623-630 https://doi.org/1444943",1986,Masafumi Matsui,Copeia,
288,1621,爬行纲,黎明攀蜥,Diploderma limingense,黎明龙蜥,Diploderma limingense,有鳞目,Agamidae,鬣蜥科,Diploderma,攀蜥属,中国云南省丽江市玉龙县黎明乡黎明村,云南,99.6783,27.0333,2300,2022-04-21,针阔混交林,"KIZ2022014 (holotype); KIZ2022013, KIZ2022015, KIZ2022017 (paratypes)",标本,"Shuo Liu, Mian Hou, Dingqi Rao and Natalia B. Ananjeva (2022). Three new species of Diploderma Hallowell, 1861 (Squamata, Agamidae) from the Hengduan Mountain Region, south-western China ZooKeys, 1131, 1–30 https://doi.org/10.3897/zookeys.1131.86644",2022,"Liu, Shuo, Hou, Mian, Rao, Dingqi, Ananjeva, Natalia B.",ZooKeys,10.3897/zookeys.1131.86644
289,1622,爬行纲,硕曲攀蜥,Diploderma shuoquense,硕曲龙蜥,Diploderma shuoquense,有鳞目,Agamidae,鬣蜥科,Diploderma,攀蜥属,中国四川省甘孜州乡城县青德镇硕曲河谷,四川,99.8297,28.8139,2700,2022-04-23,具多刺灌木和石堆的干热河谷,KIZ2022004 (holotype); KIZ2022005–KIZ2022007 (paratypes),标本,"Shuo Liu, Mian Hou, Dingqi Rao and Natalia B. Ananjeva (2022). Three new species of Diploderma Hallowell, 1861 (Squamata, Agamidae) from the Hengduan Mountain Region, south-western China ZooKeys, 1131, 1–30 https://doi.org/10.3897/zookeys.1131.86644",2022,"Liu, Shuo, Hou, Mian, Rao, Dingqi, Ananjeva, Natalia B.",ZooKeys,10.3897/zookeys.1131.86644
290,1623,爬行纲,永胜攀蜥,Diploderma yongshengense,永胜龙蜥,Diploderma yongshengense,有鳞目,Agamidae,鬣蜥科,Diploderma,攀蜥属,中国云南省丽江市永胜县松坪乡金沙江河谷,云南,100.4711,27.0339,1700,2022-04-24,具少量树木和众多岩石的干热河谷,"KIZ2022009 (holotype); KIZ2022008, KIZ2022010–KIZ2022011 (paratypes)",标本,"Shuo Liu, Mian Hou, Dingqi Rao and Natalia B. Ananjeva (2022). Three new species of Diploderma Hallowell, 1861 (Squamata, Agamidae) from the Hengduan Mountain Region, south-western China ZooKeys, 1131, 1–30 https://doi.org/10.3897/zookeys.1131.86644",2022,"Liu, Shuo, Hou, Mian, Rao, Dingqi, Ananjeva, Natalia B.",ZooKeys,10.3897/zookeys.1131.86644
291,1637,爬行纲,菜花原矛头蝮,Protobothrops jerdonii,莽山烙铁头,Protobothrops jerdonii,有鳞目,Viperidae,蝰科,Protobothrops,原矛头蝮属,,,,,,,,,照片/影像,"Shuo Qi and Jing-Song Shi and Yan-Bo Ma and Yi-Fei Gao and Shu-Hai Bu and L. Lee Grismer and Pi-Peng Li and Ying-Yong Wang (2021). A sheep in wolf's clothing: Elaphe xiphodonta sp. nov. (Squamata, Colubridae) and its possible mimicry to Protobothrops jerdonii ZooKeys, 1048, 23–47 https://doi.org/10.3897/zookeys.1048.65650",2021,"Shuo Qi, Yan-Bo Ma, Yi-Fei Gao, Xue-Man Zheng",ZooKeys,10.3897/zookeys.1048.65650
292,1663,两栖纲,观雾小鲵,Hynobius fuca,观雾小鲵,Hynobius fuca,有尾目,Hynobiidae,小鲵科,Hynobius,小鲵属,台湾台北县北插天山,台湾,121.4333,24.7833,1310,,,,标本,JUNE-SHIANG LAI AND KUANG-YANG LUE (2004). TWO NEW HYNOBIUS (CAUDATA: HYNOBIIDAE) SALAMANDERS FROM TAIWAN,2004,,Herpetologica,
293,1664,两栖纲,南湖小鲵,Hynobius glacialis,南湖小鲵,Hynobius glacialis,有尾目,Hynobiidae,小鲵科,Hynobius,小鲵属,台湾中央山脉,台湾,121.15,23.75,,,,,标本,JUNE-SHIANG LAI AND KUANG-YANG LUE (2004). TWO NEW HYNOBIUS (CAUDATA: HYNOBIIDAE) SALAMANDERS FROM TAIWAN,2004,,Herpetologica,
294,1668,两栖纲,黄连山掌突蟾,Paramegophrys aspera,黄连山掌突蟾,Leptobrachella aspera,无尾目,Megophryidae,角蟾科,Paramegophrys,掌突蟾属,黄连山自然保护区,云南,102.29,22.89,1930,2019-05-31,阔叶林环绕的山路排水沟旁,SYS a007743 (holotype); SYS a007744–7746/CIB116080 (paratypes),标本,"Jian Wang and Zhi-Tong Lyu and Shuo Qi and Zhao-Chi Zeng and Wen-Xiang Zhang and Long-Shan Lu and Ying-Yong Wang (2020). Two new Leptobrachella species (Anura, Megophryidae) from the Yunnan-Guizhou Plateau, southwestern China ZooKeys, 995, 97–125 https://doi.org/10.3897/zookeys.955.55939",2020,"Wang, Jian, Lyu, Zhi-Tong, Qi, Shuo, Zeng, Zhao-Chi, Zhang, Wen-Xiang, Lu, Long-Shan, Wang, Ying-Yong",ZooKeys,10.3897/zookeys.955.55939
295,1669,两栖纲,水城掌突蟾,Paramegophrys dorsospina,水城掌突蟾,Leptobrachella dorsospina,无尾目,Megophryidae,角蟾科,Paramegophrys,掌突蟾属,玉舍森林公园,贵州,104.8,26.47,2100,2016-06-21,保存完好的山地常绿阔叶林中清澈岩石山溪旁的落叶表面,"SYS a004974 (holotype); SYS a004977, SYS a004961/CIB116081, SYS a004962, SYS a004973, SYS a004975, SYS a004976 (paratypes)",标本,"Jian Wang and Zhi-Tong Lyu and Shuo Qi and Zhao-Chi Zeng and Wen-Xiang Zhang and Long-Shan Lu and Ying-Yong Wang (2020). Two new Leptobrachella species (Anura, Megophryidae) from the Yunnan-Guizhou Plateau, southwestern China ZooKeys, 995, 97–125 https://doi.org/10.3897/zookeys.955.55939",2020,"Wang, Jian, Lyu, Zhi-Tong, Qi, Shuo, Zeng, Zhao-Chi, Zhang, Wen-Xiang, Lu, Long-Shan, Wang, Ying-Yong",ZooKeys,10.3897/zookeys.955.55939
296,1671,两栖纲,武鸣掌突蟾,Paramegophrys wumingensis,武鸣掌突蟾,Leptobrachella wumingensis,无尾目,Megophryidae,角蟾科,Paramegophrys,掌突蟾属,"大明山国家级自然保护区,武鸣区,南宁市",广西,108.45,23.55,,,山地森林落叶层,NNU 01058 (holotype); nine specimens total,标本,"Wei-Cai Chen and Wan-Xiao Peng and Peng Li and Gui-Dong Yu (2023). A new species of the genus Leptobrachella Smith 1925 (Amphibia, Anura, Megophryidae) from Guangxi, China Damingshan National Nature https://doi.org/10.3897/zookeys.1178.106038",2023,"Chen, Wei-Cai, Peng, Wan-Xiao, Li, Peng, Yu, Gui-Dong",ZooKeys,10.3897/zookeys.1178.106038
297,1675,爬行纲,,,变色攀蜥,Calotes versicolor,有鳞目,Agamidae,鬣蜥科,Calotes,树蜥属,从伊朗东南部至中国南部和印度尼西亚;在中国:云南、广东、广西、海南、湖南、福建、香港、澳门,云南、广东、广西、海南、湖南、福建,100.0,15.0,,,,,照片/影像,"Yong Huang and Hongyu Li and Yilin Wang and Maojin Li and Mian Hou and Bo Cai (2023). Taxonomic review of the Calotes versicolor complex (Agamidae, Sauria, Squamata) in China, with description of a new species and subspecies Histoire Nature https://doi.org/10.3897/zookeys.1187.110704",2023,"Yong Huang, Hongyu Li, Yilin Wang, Maojin Li, Mian Hou, Bo Cai",ZooKeys,10.3897/zookeys.1187.110704
298,1683,,,,,Euspondylus oreades,,Gymnophthalmidae,裸眼蜥科,Euspondylus,脊尾蜥属,,,,,,,秘鲁安第斯山脉山地森林,CORBIDI 07219 (holotype),标本,"Germán Chávez and Karen Siu-Ting and Vilma Duran and Pablo J Venegas (2011). Two new species of Andean gymnophthalmid lizards of the genus Euspondylus (Reptilia, Squamata) from central and southern Peru ZooKeys, 109, 1–17 https://doi.org/10.3897/zookeys.109.1304",2011,"Chávez, G., Siu-Ting, K., Duran, V., Venegas, P.J.",ZooKeys,10.3897/zookeys.109.1304
299,1692,爬行纲,翡翠攀蜥,Diploderma iadinum,翡翠攀蜥,Japalura iadina,有鳞目,Agamidae,鬣蜥科,Diploderma,攀蜥属,中国西藏东部昌都地区八宿县怒江大桥附近怒江上游河谷,西藏,97.2279,30.1003,2739,2013-07-03,,KIZ 014038 (holotype); KIZ 014039–014045 (paratypes),标本,"Kai WANG and Ke JIANG and Da-Hu ZOU and Fang YAN and Cameron D. SILER and Jing CHE (2016). Two new species of Japalura (Squamata: Agamidae) from the Hengduan Mountain Range, China Zoological Research, 37(1), 41-56 https://doi.org/10.13918/j.issn.2095-8137.2016.1.41",2016,"Kai WANG, Ke JIANG, Da-Hu ZOU, Fang YAN, Cameron D. SILER, Jing CHE",Zoological Research,10.13918/j.issn.2095-8137.2016.1.41
300,1699,爬行纲,,Cyrtodactylus nangunhe,南滚河裸趾虎,Cyrtodactylus nangunhe,有鳞目,Gekkonidae,壁虎科,Cyrtodactylus,裸趾虎属,云南南滚河国家级自然保护区,云南,99.25,23.25,,,森林,KIZ 2024083 (holotype); KIZ 2024084 (paratype),标本,"Shuo Liu and Zhimin Li and Wenguang Duan and Mian Hou and Dingqi Rao (2024). A new species of Cyrtodactylus Gray, 1827 (Squamata, Gekkonidae) from Yunnan Nangunhe National Nature Reserve, China Yunnan Nangunhe National Nature https://doi.org/10.3897/zookeys.1223.137184",2024,"Liu S, Li Z, Duan W, Hou M, Rao D",ZooKeys,10.3897/zookeys.1223.115678
301,1706,两栖纲,古道湍蛙,Amolops gudao,古道湍蛙,Amolops gudao,无尾目,Ranidae,蛙科,Amolops,湍蛙属,中国云南省保山市隆阳区百花岭村,云南,98.7888,25.3012,1793,,,"Holotype: KIZ 053662; Paratypes: KIZ 053663, KIZ 053664, KIZ 053665",标本,"Yun-He Wu and Zhong-Bin Yu and Felista Kasyoka Kilunda and Chen-Qi Lu and Jia-Hua Li and Yun-Peng Li and Yi-Juan Shi and Jing Che (2023). A new species of the genus Amolops (Anura, Ranidae) from the Gaoligong Mountains, China Life Science https://doi.org/10.3897/zookeys.1227.131357",2023,"Wu Y-H, Yu Z-B, Kilunda FK, Lu C-Q, Li J-H, Li Y-P, Shi Y-J, Che J",ZooKeys,10.3897/zookeys.1227.131357
302,1708,两栖纲,鱼池琴蛙,Nidirana shyhhuangi,徐黄侧褶蛙,Nidirana shyhhuangi,无尾目,Ranidae,蛙科,Nidirana,琴蛙属,台湾南投县两处地点,台湾,120.6833,23.9167,,,"分布范围极其有限,仅见于两处小型地点,栖息地质量持续下降",NTNUB (type series stored in the Department of Biology at National Taiwan Normal University),标本,"Chun-Fu Lin and Chunwen Chang and Masafumi Matsui and Chin-Chia Shen and Atsushi Tominaga and Si-Min Lin (2025). Description of a new music frog (Anura, Ranidae, Nidirana) critically endangered in Taiwan Life Science https://doi.org/10.3897/zookeys.1229.139344",2025,"Chun-Fu Lin, Wen-Hao Chou, Atsushi Tominaga, Mitsuru Kuramoto",ZooKeys,10.3897/zookeys.1229.139344
303,1709,爬行纲,双江口攀蜥,Diploderma bifluviale,双江口攀蜥,Diploderma bifluviale,有鳞目,Agamidae,鬣蜥科,Diploderma,攀蜥属,"大渡河上游双江口附近,马尔康市和金川县",四川,102.0,31.8,2187,2018-08,暖干河谷的半干旱灌丛,"20180822, CIB-CB23JC02, CIB-CB23JC03, CIB-CB23JC04, CIB-CB23JC05, CIB-CB23JC06, CIB-CB23JC07, CIB-CB23JC08, CIB-CB23JC19, CIB-CB23JC20, YBU23081/GP10410",标本,"Fengjing Liu and Yayong Wu and Jindong Zhang and Guang Yang and Shuo Liu and Xue Chen and Jiang Chang and Qiang Xie and Bo Cai (2023). A new species of Diploderma Hallowell, 1861 (Squamata, Agamidae) discovered in the upper Dadu River valley of the Hengduan Mountains, Sichuan, China Life Science https://doi.org/10.3897/zookeys.1251.153705",2023,"Liu, Fengjing, Wu, Yayong, Zhang, Jindong, Yang, Guang, Liu, Shuo, Chen, Xue, Chang, Jiang, Xie, Qiang, Cai, Bo",ZooKeys,10.3897/zookeys.1251.153705
304,1716,两栖纲,大老岭角蟾,Boulenophrys dalaolingensis,大老岭角蟾,Boulenophrys dalaolingensis,无尾目,Megophryidae,角蟾科,Boulenophrys,布角蟾属,湖北省宜昌市夷陵区大老岭自然保护区,湖北,110.9249,31.063,1629,2024-05-12,山地森林,"Holotype: NNUYC240510; Paratypes: NNUYC240501, NNUYC240503, NNUYC240505, NNUYC240507, NNUYC240508, NNUYC240509 (males), NNUYC240502, NNUYC240504, NNUYC240506 (females)",标本,"Ruiqi Wang and Lu Chen and Jinliang Chen and Haochen Huang and Gangzhi Peng and Honglin Peng and Xinzhang Gao and Bangqing Chen and Naiyi Liu (2025). A new horned toad of Boulenophrys (Anura, Megophryidae) was discovered in Hubei Province, China Hubei Broad Nature https://doi.org/10.3897/zookeys.1253.154757",2025,"Wang, Ruiqi, Chen, Lu, Liu, Gangzhi",ZooKeys,10.3897/zookeys.1253.154757
305,1717,爬行纲,基诺两头蛇,Calamaria synergis,基诺两头蛇,Calamaria synergis,有鳞目,Colubridae,游蛇科,Calamaria,两头蛇属,云南省西双版纳傣族自治州景洪市基诺山,云南,101.0141,22.0092,1050,2023-08-07,热带常绿林,ANU ZR24046 (holotype); ANU ZR25021 (paratype),标本,"Tierui Zhang and Yuhao Xu and Tan Van Nguyen and Nikolay A. Poyarkov and Gernot Vogel and Xinge Wang and Song Huang (2023). A new species of the genus Calamaria H. Boie in F. Boie, 1827 (Squamata, Calamariidae) from Xishuangbanna, Yunnan Province, China Life Science https://doi.org/10.3897/zookeys.1253.161412",2023,"Zhang, Tierui, Xu, Yuhao, Nguyen, Tan Van, Poyarkov, Nikolay A., Vogel, Gunther, Wang, Xin, Huang, Song",ZooKeys,10.3897/zookeys.1253.161412
306,1719,两栖纲,,,,Nanorana sp. nov. (Clade A),无尾目,Dicroglossidae,叉舌蛙科,Nanorana,倭蛙属,云南省文山州文山市薄竹镇,云南,104.15,23.45,,2015-04-16,,KIZ2015051,标本,"Shuo Liu and Chao Bu and Mian Hou and Jing Chen and Yanfei Feng and Lue Ma and JiShan Wang and Dingqi Rao (2025). Two new species of Nanorana Günther, 1896 (Anura, Dicroglossidae) from Yunnan, China Yunnan Wenshan National Nature https://doi.org/10.3897/zookeys.1276.179415",2025,"Liu, Shuo, Bu, Chao, Hou, Mian, Chen, Jing, Feng, Yanfei, Ma, Lue, Wang, JiShan, Rao, Dingqi",ZooKeys,10.3897/zookeys.1276.179415
307,1720,爬行纲,细纹滑蜥,Scincella tenuistriata,细纹滑蜥,Scincella tenuistriata,有鳞目,Scincidae,石龙子科,Scincella,滑蜥属,中国贵州省毕节市七星关区,贵州,105.2833,27.3,,,,QHU R2025008,标本,"Yuhao Xu and Zhonghao Gong and Tan Van Nguyen and Jundong Deng and Andrey M. Bragin and Shiyang Weng and Tierui Zhang and Nikolay A. Poyarkov and Lifang Peng (2025). A new species of the genus Scincella Mittleman, 1950 (Squamata, Scincidae) from Guizhou Province, southwest China Russia Tropical Science https://doi.org/10.3897/zookeys.1258.161382",2025,"Xu Y, Gong Z, Nguyen TV, Deng J, Bragin AM, Weng S, Zhang T, Poyarkov NA, Peng L",ZooKeys,10.3897/zookeys.1258.161382
308,1721,两栖纲,,,,Nanorana sp. nov. (Clade B),无尾目,Dicroglossidae,叉舌蛙科,Nanorana,倭蛙属,,云南,,,,,,"CIB20070708007, CIBXM3163, CIB20070709003",标本,"Shuo Liu and Chao Bu and Mian Hou and Jing Chen and Yanfei Feng and Lue Ma and JiShan Wang and Dingqi Rao (2025). Two new species of Nanorana Günther, 1896 (Anura, Dicroglossidae) from Yunnan, China Yunnan Wenshan National Nature https://doi.org/10.3897/zookeys.1276.179415",2025,"Liu, Shuo, Bu, Chao, Hou, Mian, Chen, Jing, Feng, Yanfei, Ma, Lue, Wang, JiShan, Rao, Dingqi",ZooKeys,10.3897/zookeys.1276.179415
309,1722,爬行纲,,,,Goniurosaurus kadoorieorum,有鳞目,Eublepharidae,睑虎科,Goniurosaurus,睑虎属,中国广西壮族自治区;确切地点保密,广西,108.5,23.0,,2014-05-18,喀斯特地区,"Holotype: KFBG 14032; Paratypes: KFBG 14031, KFBG 14033, KFBG 14034, KFBG 14035",标本,"JIAN-HUAN YANG & BOSCO PUI-LOK CHAN (2015). Two new species of the genus Goniurosaurus (Squamata: Sauria: Eublepharidae) from southern China Zootaxa, 3980(1), 067–080 https://doi.org/10.11646/zootaxa.3980.1.4",2015,"Jian-Huan Yang, Bosco Pui-Lok Chan",Zootaxa,10.11646/zootaxa.3980.1.4
310,1723,爬行纲,广西睑虎,Goniurosaurus kwangsiensis,广西睑虎,Goniurosaurus kwangsiensis,有鳞目,Eublepharidae,睑虎科,Goniurosaurus,睑虎属,中国广西壮族自治区;确切地点保密,广西,108.5,23.0,,,喀斯特地区,,照片/影像,"JIAN-HUAN YANG & BOSCO PUI-LOK CHAN (2015). Two new species of the genus Goniurosaurus (Squamata: Sauria: Eublepharidae) from southern China Zootaxa, 3980(1), 067–080 https://doi.org/10.11646/zootaxa.3980.1.4",2015,"Jian-Huan Yang, Bosco Pui-Lok Chan",Zootaxa,10.11646/zootaxa.3980.1.4
311,1724,两栖纲,红蹼树蛙,Rhacophorus rhodopus,红蹼树蛙,Rhacophorus rhodopus,无尾目,Rhacophoridae,树蛙科,Rhacophorus,树蛙属,中国云南勐养,云南,100.7867,22.1289,,,,"GXNU YU000493, GXNU YU000485",标本,"Shangjing Tang and Fanrong Xiao and Shuo Liu and Lijun Wang and Guohua Yu and Lina Du (2024). Underestimated species diversity within the Rhacophorus rhodopus and Rhacophorus bipunctatus complexes (Anura, Rhacophoridae), with a description of a new species from Hainan, China Life Science, 100(2) https://doi.org/10.3897/zse.100.118879",2024,"Shangjing Tang, Fanrong Xiao, Shuo Liu, Lijun Wang, Guohua Yu, Lina Du",Zoosystematics and Evolution,10.3897/zse.100.118879
312,1781,爬行纲,百色钝头蛇,Pareas baiseensis,百色后棱蛇,Pareas baiseensis,有鳞目,Pareidae,钝头蛇科,Pareas,钝头蛇属,中国广西壮族自治区百色市右江区大楞乡,广西,106.3954,23.7352,781,2022-11-25,,"ANU20220011 (holotype); ANU20220012, ANU20220013, ANU20220014 (paratypes)",标本,"Yanan Gong and Jiaxiang Wu and Song Huang and Yuhao Xu and Diancheng Yang and Yongjin Liu and Shengming Liang and Pingshin Lee (2023). A New Species of Pareas (Squamata, Pareidae) from Guangxi Province, China Animals, 13, 2233 https://doi.org/10.3390/ani13132233",2023,"Yanan Gong, Jiaxiang Wu, Song Huang, Yuhao Xu, Diancheng Yang, Yongjin Liu, Shengming Liang, Pingshin Lee",Animals,10.3390/ani13132233
313,1782,两栖纲,文山短腿蟾,Brachytarsophrys wenshanensis,文山短腿蟾,Brachytarsophrys wenshanensis,无尾目,Megophryidae,角蟾科,Brachytarsophrys,短腿蟾属,云南省文山壮族苗族自治州西畴县小桥沟片区文山国家级自然保护区,云南,104.7886,23.3687,1470.64,2023-03,,Holotype: SWU 0004072; Paratype: SWU 0002976,标本,"Yanhong HE and Renda AI and Junkai HUANG and Xianqi LI and Xiaolong LIU and Junlin LAN and Jinmin CHEN and Zhiyong YUAN (2024). Morphological and Molecular Data Revealed One New Species of the Short-legged Toads Brachytarsophrys Tian and Hu, 1983 (Anura, Megophryidae) from Yunnan, China Asian Herpetological Research, 15(1), 22–30 https://doi.org/10.3724/ahr.2095-0357.2023.0042",2024,"Yanhong HE, Renda AI, Junkai HUANG, Xianqi LI, Xiaolong LIU, Junlin LAN, Jinmin CHEN, Zhiyong YUAN",Asian Herpetological Research,10.3724/ahr.2095-0357.2023.0042
314,1783,两栖纲,,,,Leptolalax,无尾目,Megophryidae,角蟾科,Paramegophrys,掌突蟾属,,湖南,,,,,,,照片/影像,"YINMENG HOU, MENGFEI ZHANG, FEI HU, SIYUAN LI, SHENGCHAO SHI, JUN CHEN, XIAOYANG MO & BIN WANG (2018). A new species of the genus Leptolalax (Anura, Megophryidae) from Hunan, China Zootaxa, 4444, 247–266 https://doi.org/10.11646/zootaxa.4483.3.11",2018,"YINMENG HOU, MENGFEI ZHANG, FEI HU, SIYUAN LI, SHENGCHAO SHI, JUN CHEN, XIAOYANG MO, BIN WANG",Zootaxa,10.11646/zootaxa.4483.3.11
315,1810,爬行纲,,,新种针鲜蛇,Pareas sp. nov.,有鳞目,Pareidae,钝头蛇科,Pareas,钝头蛇属,云南省贡山县独龙江乡,云南,98.35,27.75,,,,KIZ specimen (deposited at Kunming Natural History Museum of Zoology),标本,"Shuo Liu and Mingjing Yang and Jingqiu Rao and Yuhong Guo and Dingqi Rao (2023). A New Species of Pareas Wagler, 1830 (Squamata, Pareidae) from Northwestern Yunnan, China Taxonomy, 3, 169–182 https://doi.org/10.3390/taxonomy3020013",2023,"Shuo Liu, Mingjing Yang, Jingqiu Rao, Yuhong Guo, Dingqi Rao",Taxonomy,10.3390/taxonomy3020013
316,1814,爬行纲,铜壁关腹链蛇,Herpetoreas abros,铜壁关腹链蛇,Herpetoreas abros,有鳞目,Colubridae,游蛇科,Herpetoreas,喜山腹链蛇属,中国云南省德宏傣族景颇族自治州盈江县昔马镇,云南,97.675,24.7881,1550,2024-10-16,,KIZ 2024150,标本,"Shuo Liu and Mian Hou and Hongxin Zhou and Changsheng Zuo and Fawang Yin and Dingqi Rao (2024). A New Species of Herpetoreas Günther, 1860 (Serpentes: Natricidae) from Yunnan, China Diversity, 16, 768 https://doi.org/10.3390/d16120768",2024,"Shuo Liu, Mian Hou, Hongxin Zhou, Changsheng Zuo, Fawang Yin, Dingqi Rao",Diversity,10.3390/d16120768
317,1822,两栖纲,重庆琴蛙,Nidirana chongqingensis,重庆琴蛙,Nidirana chongqingensis,无尾目,Ranidae,蛙科,Nidirana,琴蛙属,重庆市黔江区马喇镇高炉村,重庆,108.9022,29.242,1419,,,"SWU0001408 (holotype), SWU0001435 (paratype), SWU0001439 (paratype)",标本,"Qi Ma and Zhijian Wang (2023). A new species of Nidirana Dubois, 1992 (Anura, Ranidae) from Chongqing Municipality, China Biodiversity Data Journal, 11 https://doi.org/10.3897/BDJ.11.e101986",2023,"Ma Q, Wang Z",Biodiversity Data Journal,10.3897/BDJ.11.e101986
318,1825,两栖纲,大围山树蛙,Zhangixalus daweishanensis,大围山树蛙,Zhangixalus daweishanensis,无尾目,Rhacophoridae,树蛙科,Zhangixalus,张树蛙属,云南省屏边县大围山,云南,103.75,22.95,,2021-05-03,,"GXNU YU000392–396, KIZL040278–279",标本,"Yuanqiang Pan and Shuo Liu and Ju Chen and Guohua Yu (2025). Underestimated species diversity in Zhangixalus (Anura, Rhacophoridae) with a description of two cryptic species from southern China Life Science, 101(2) https://doi.org/10.3897/zse.101.144060",2025,"Yuanqiang Pan, Shuo Liu, Ju Chen, Guohua Yu",Zoosystematics and Evolution,10.3897/zse.101.144060
319,1826,两栖纲,黑点树蛙,Zhangixalus nigropunctatus,黑点树蛙,Zhangixalus nigropunctatus,无尾目,Rhacophoridae,树蛙科,Zhangixalus,张树蛙属,湖南省城步县,湖南,110.3167,26.3833,,,,,照片/影像,"Yuanqiang Pan and Shuo Liu and Ju Chen and Guohua Yu (2025). Underestimated species diversity in Zhangixalus (Anura, Rhacophoridae) with a description of two cryptic species from southern China Life Science, 101(2) https://doi.org/10.3897/zse.101.144060",2025,"Yuanqiang Pan, Shuo Liu, Ju Chen, Guohua Yu",Zoosystematics and Evolution,10.3897/zse.101.144060
320,1829,两栖纲,云雾角蟾,Boulenophrys nebulosa,云雾角蟾,Boulenophrys nebulosa,无尾目,Megophryidae,角蟾科,Boulenophrys,布角蟾属,庐山,江西,115.9597,29.5427,970,2021-04-28,海拔600米以上的山地森林,"Holotype: JXNU 21042833; Paratypes: JXNU 21042832, JXNU 21042834, JXNU 21042810, JXNU 21061501, JXNU 21061502, JXNU 21061504",标本,"Deming Shen and Haiying Zhou and Chaoyang Wang and Jun Xu and Shi Xu and Yifeng Zhong and Zhenyu Wang and Hao Cai and Yahui Wu and Meicai Wei and Yankuo Li (2025). A new species of Boulenophrys (Anura, Megophryidae) from northern Jiangxi, China Life Science, 101(4) https://doi.org/10.3897/zse.101.166556",2025,"Deming Shen, Haiying Zhou, Chaoyang Wang, Jun Xu, Shi Xu, Yifeng Zhong, Zhenyu Wang, Hao Cai, Yahui Wu, Meicai Wei, Yankuo Li",Zoosystematics and Evolution,10.3897/zse.101.166556
321,1830,两栖纲,龙里瘰螈,Paramesotriton longliensis,龙里瘰螈,Paramesotriton longliensis,有尾目,Salamandridae,蝾螈科,Paramesotriton,瘰螈属,贵州省龙里县水场乡,贵州,107.0,26.4493,1142,,,"Holotype: No.0705015; Allotype: No.0705019; Paratypes: No.0705001, No.0705002, No.0705004, No.0705008, No.0705009, No.0705010, No.0705011, No.0705013, No.07050114, No.0705003, No.0705005, No.0705006, No.0705007, No.0705012, No.0705016, No.0705017, No.0705018, No.0705020",标本,"李松、田应洲、谷晓明、熊荣川 (2008). 瘰螈属一新种——龙里瘰螈(有尾目:蝾螈科) 动物学研究, 29(3), 313-317 https://doi.org/10.3724/SP.J.1141.2008.03313",2008,"Li Song, Tian Ying-zhou, Gu Xiao-ming, Xiong Rong-chuan",Acta Herpetologica Sinica,10.3724/SP.J.1141.2008.03313
322,1835,两栖纲,车八岭竹叶蛙,Odorrana confusa,混淆臭蛙,Odorrana confusa,无尾目,Ranidae,蛙科,Odorrana,臭蛙属,中国雷山县,贵州,108.25,26.55,,,,HNNU 003 LS,标本,"Hanming SONG and Siyu ZHANG and Shuo QI and Zhitong LYU and Zhaochi ZENG and Yongheng ZHU and Minghai HUANG and Fuchen LUAN and Zufei SHU and Yuening GONG and Zhifa LIU and Yingyong WANG (2023). Redefinition of the Odorrana versabilis Group, with a New Species from China (Anura, Ranidae, Odorrana) Asian Herpetological Research, 14(4), 283–299 https://doi.org/10.3724/ahr.2095-0357.2023.0019",2023,"Hanming SONG, Siyu ZHANG, Shuo QI, Zhitong LYU, Zhaochi ZENG, Yongheng ZHU, Minghai HUANG, Fuchen LUAN, Zufei SHU, Yuening GONG, Zhifa LIU, Yingyong WANG",Asian Herpetological Research,10.3724/ahr.2095-0357.2023.0019
323,1842,两栖纲,灰岩臭蛙,Odorrana calciphila,石灰臭蛙,Odorrana calciphila,无尾目,Ranidae,蛙科,Odorrana,臭蛙属,中国广东北部喀斯特地区,广东,113.0,24.5,,,"夜行性喀斯特栖居者,见于完全黑暗的喀斯特洞穴和潮湿的地表石灰岩上",,,"Han-Ming Song and Shuo Qi and Hao-Tian Wang and Yue-Ning Gong and Yang Liu and Ying-Yong Wang (2025). Definition and taxonomic revision of the karst-associated Odorrana lipuensis group (Anura, Ranidae), with a new species from Guangdong, China Life Science, 101(3), 1-10 https://doi.org/10.3897/zse.101.142746",2025,"Han-Ming Song, Shuo Qi, Hao-Tian Wang, Yue-Ning Gong, Yang Liu, Ying-Yong Wang",ZooKeys,10.3897/zse.101.142746
324,1847,爬行纲,龟山壁虎,Gekko guishanicus,龜山壁虎,Gekko guishanicus,有鳞目,Gekkonidae,壁虎科,Gekko,壁虎属,台湾东北部宜兰县头城镇龟山岛,台湾,121.9495,24.8376,,1997-20,火山岛龟山岛西侧龟尾一带的废弃房屋区,"Holotype: TMRL0461; Paratypes: TMRL0473, TMRL0474, TMRL0441, TMRL0450",标本,"林俊聰 & 姚秋如 (2016). 臺灣宜蘭縣龜山島壁虎屬 (Gekko) (有鱗目:蜥蜴亞目: 壁虎科) 一新種 A New Species of the Genus Gekko (Squamata: Sauria: Gekkonidae) from Guishan Isle, Yilan County, Taiwan 國立臺灣博物館學刊, 69(2), 1-14 https://doi.org/10.6532/JNTM.2016.69(2).01",2016,"Jun-Tsong Lin, Chiou-Ju Yao",Journal of National Taiwan Museum,10.6532/JNTM.2016.69(2).01
325,1856,爬行纲,沙坝链蛇,Lycodon chapaensis,沙坝链蛇,Lycodon chapaensis,有鳞目,Colubridae,游蛇科,Lycodon,链蛇属,中国云南省德钦县,云南,98.9167,28.4833,,,,KIZ 038335,标本,"Kai Wang and Zhong-Bin Yu and Gernot Vogel and Jing Che (2020). Contribution to the taxonomy of the genus Lycodon H. Boie in Fitzinger, 1827 (Reptilia: Squamata: Colubridae) in China, with description of two new species and resurrection and elevation of Dinodon septentrionale chapaense Angel, Bourret, 1933 Zoological Research https://doi.org/10.24272/j.issn.2095-8137.2020.286",2020,"Kai Wang, Zhong-Bin Yu, Gernot Vogel, Jing Che",Zoological Research,10.24272/j.issn.2095-8137.2020.286
326,1870,两栖纲,墨脱树蛙,Rhacophorus medogensis,墨脱树蛙,Rhacophorus medogensis,无尾目,Rhacophoridae,树蛙科,Rhacophorus,树蛙属,中国西藏自治区墨脱县地东村,西藏,95.1293,29.2205,771,2024-05,,"Holotype: SWU 0008699; Paratypes: SWU 0008599, SWU 0008600, SWU 0008601, SWU 0008602, SWU 0008603, SWU 0008604, SWU 0008701",标本,"Shiyang Weng and Xiaolong Liu and Jianchuan Li and Guohua Yu and Junkai Huang (2025). A new species of Rhacophorus (Anura, Rhacophoridae) from Xizang, China, with a revision of the distribution of R. bipunctatus Integrative Science, 101(2) https://doi.org/10.3897/zse.101.142297",2025,"Shiyang Weng, Xiaolong Liu, Jianchuan Li, Guohua Yu, Junkai Huang",Zoosystematics and Evolution,10.3897/zse.101.142297
327,1874,两栖纲,铜壁关角蟾,Xenophrys tongbiguanensis,铜壁关角蟾,Xenophrys tongbiguanensis,无尾目,Megophryidae,角蟾科,Boulenophrys,布角蟾属,中国云南省盈江县铜壁关省级自然保护区,云南,97.6428,24.5625,1500,2024-08-13,,"KIZ 058786 (holotype); KIZ 058785, KIZ 058786, KIZ 058838, KIZ 058840 (paratypes)",标本,"Yun-He Wu and An-Ru Zuo and Shen-Pin Yang and Ding-Can Zhang and Zheng-Pan Duan and Felista Kasyoka Kilunda and Zhong-Bin Yu and Jing Che (2025). Morphological and molecular data reveal one new species of the genus Xenophrys Günther, 1864 (Anura, Megophryidae) from Yunnan, China Life Science, 101(4) https://doi.org/10.3897/zse.101.158027",2025,"Wu, Yun-He, Zuo, An-Ru, Yang, Shen-Pin, Zhang, Ding-Can, Duan, Zheng-Pan, Kilunda, Felista Kasyoka, Yu, Zhong-Bin, Che, Jing",Zoosystematics and Evolution,10.3897/zse.101.158027
328,1880,爬行纲,景颇拟树蜥,Pseudocalotes jingpo,景颇拟树蜥,Pseudocalotes jingpo,有鳞目,Agamidae,鬣蜥科,Pseudocalotes,拟树蜥属,中国云南省德宏傣族景颇族自治州盈江县,云南,97.9333,24.7,,,,"QHU2023033; QHU2024001, LFR2023033; QHU2024002, LFR2023040; QHU2024003, LFR2023041; QHU2024004, LFR2023042",标本,"Yuhao Xu and Yanan Gong and Mian Hou and Shiyang Weng and Shuo Liu and Jundong Deng and Junkang Hu and Lifang Peng (2024). A New Species of the Genus Pseudocalotes (Squamata: Agamidae) from Southwest Yunnan, China Animals, 14, 826 https://doi.org/10.3390/ani14060826",2024,"Yuhao Xu, Yanan Gong, Mian Hou, Shiyang Weng, Shuo Liu, Jundong Deng, Junkang Hu, Lifang Peng",Animals,10.3390/ani14060826
329,1881,爬行纲,宁陕脊蛇,Achalinus ningshanensis,宁陕脊蛇指名亚种,Achalinus ningshanensis ningshanensis,有鳞目,Xenodermidae,闪皮蛇科,Achalinus,脊蛇属,中国陕西省宁陕县,陕西,108.3167,33.45,,,,ANU 20220001,标本,"Yuhao Xu and Shun Ma and Bo Cai and Diancheng Yang and Tianyou Zhang and Tianxuan Gu and Fengcheng Zhu and Song Huang and Lifang Peng (2024). Taxonomic Revision of Ningshan Odd-Scaled Snake, Achalinus ningshanensis (Serpentes, Xenodermidae), with Description of a New Subspecies from Western China Animals, 14, 3425 https://doi.org/10.3390/ani14233425",2024,"Yang, Diancheng, Huang, Song, Jiang, Jianping, Burbrink, Frank T., Huang, Shengnan",Animals,10.3390/ani14233425
330,1883,爬行纲,伯仲钝头蛇,Pareas geminatus,伯仲钝头蛇,Pareas geminatus,有鳞目,Pareidae,钝头蛇科,Genus Pareas,钝头蛇属,江城县,云南,101.8667,22.5833,1005 ~ 1393,2019-05,山坡,,标本,"王馨、雷蕾、丁利、陈泽柠、戴蓉 (2023). 云南江城县爬行动物多样性与保护现状 动物学杂志, 58(3), 366-380 https://doi.org/10.13859/j.cjz.202303006",2023,王馨、雷磊、丁利、陈泽宁、戴荣,动物学杂志,10.13859/j.cjz.202303006
331,1884,爬行纲,滇南竹叶青蛇,Trimeresurus guoi,滇南竹叶青蛇,Trimeresurus goui,有鳞目,Viperidae,蝰科,Trimeresurus,竹叶青蛇属,江城县,云南,101.8667,22.5833,774 ~ 1382,2019-05,山坡,,标本,"王馨、雷蕾、丁利、陈泽柠、戴蓉 (2023). 云南江城县爬行动物多样性与保护现状 动物学杂志, 58(3), 366-380 https://doi.org/10.13859/j.cjz.202303006",2023,王馨、雷磊、丁利、陈泽宁、戴荣,动物学杂志,10.13859/j.cjz.202303006
332,1891,两栖纲,浏阳瑶螈,Yaotriton liuyangensis,浏阳瘰螈,Tylototriton liuyangensis,有尾目,Salamandridae,蝾螈科,Yaotriton,瑶螈属,浏阳大围山省级自然保护区,湖南,114.05,28.45,,,,,标本,"Daode YANG and Jianping JIANG and Youhui SHEN and Dongbo FEI (2014). A New Species of the Genus Tylototriton (Urodela: Salamandridae) from Northeastern Hunan Province, China Asian Herpetological Research, 5(1), 1-11 https://doi.org/10.3724/SP.J.1245.2014.00001",2014,"Daode YANG, Jianping JIANG, Youhui SHEN, Dongbo FEI",Asian Herpetological Research,10.3724/SP.J.1245.2014.00001
333,1899,两栖纲,盈江棱鼻树蛙,Nasutixalus yingjiangensis,盈江棱鼻树蛙,Nasutixalus yingjiangensis,无尾目,Rhacophoridae,树蛙科,Nasutixalus,棱鼻树蛙属,中国云南省盈江县铜壁关乡,云南,97.6204,24.6227,1610,2017-04-20,山地常绿阔叶林,"SYS a005802 (holotype); SYS a005803, SYS a005804 (paratypes)",标本,"JIAN-HUAN YANG & BOSCO PUI-LOK CHAN (2018). A new phytotelm-breeding treefrog of the genus Nasutixalus (Rhacophoridae) from western Yunnan of China Zootaxa, 4388(2), 191–206 https://doi.org/10.11646/zootaxa.4388.2.3",2018,"Jian-Huan Yang, Bosco Pui-Lok Chan",Zootaxa,10.11646/zootaxa.4388.2.3
334,1916,两栖纲,团结湍蛙,Amolops tuanjieensis,团结湍蛙,Amolops tuanjieensis,无尾目,Ranidae,蛙科,Amolops,湍蛙属,团结乡,云南,99.3367,23.5483,,2019-04-18,沿溪流地面1米以下的树叶和小枝上,"Holotype: GXNU YU110005; Paratypes: GXNU YU110003, GXNU YU110007, GXNU YU110034, GXNU YU110006",标本,"DEAR EDITOR (2019). A new species of the genus Amolops (Anura: Ranidae) from Yunnan, China National Natural Science, 2 https://doi.org/10.24272/j.issn.2095-8137.2020.018",2019,Guo-Hua Yu,Zoological Research,10.24272/j.issn.2095-8137.2020.018
335,1917,两栖纲,桑植角蟾,Boulenophrys sangzhiensis,桑植角蟾,Megophrys sangzhiensis,无尾目,Megophryidae,角蟾科,Boulenophrys,布角蟾属,湖南省桑植县天平山,湖南,110.25,29.55,,,,CIB 200078,标本,"江建平、叶昌媛、费梁 (2008). 中国湖南角蟾科一新种——桑植角蟾 动物学研究, 29(2), 219-222",2008,,,
336,1930,爬行纲,平鳞钝头蛇,Pareas boulengeri,布氏后棱蛇,Pareas boulengeri,有鳞目,Pareidae,钝头蛇科,Pareas,钝头蛇属,中国贵州地区,贵州,107.0,27.0,,,,,照片/影像,"Cai-wen Zhang and Shi-hang Xu and Tao Luo and Chong Liu and Lei Yu and Jiang Zhou and Tao Pan and Bao-wei Zhang (2025). Taxonomic and distributional revision of Pareas boulengeri (Reptilia, Squamata, Pareidae), including two new species from eastern and central China Life Science, 101(4) https://doi.org/10.3897/zse.101.156697",2025,"Zhang, Cai-wen, Xu, Shi-hang, Luo, Tao, Liu, Chong, Yu, Lei, Zhou, Jiang, Pan, Tao, Zhang, Bao-wei",Zoosystematics and Evolution,10.3897/zse.101.156697
337,1937,两栖纲,阳春角蟾,Boulenophrys yangchunensis,阳春布角蟾,Boulenophrys yangchunensis,无尾目,Megophryidae,角蟾科,Boulenophrys,布角蟾属,广东阳春鹅凰嶂省级自然保护区,广东,111.4216,21.8519,1060,2023-08-11,"低海拔丘陵和山地,其间被低海拔农田平原和大型城市区域隔断","GEP a168–170, CIB 121751, SYS a009518",标本,"Yi-Yang Zhao and Shi-Shi Lin and Yuan-Hang Li and Zhi-Tong Lyu and Ke Zheng and Zhao-Chi Zeng and Amaël Borzée and Jian Wang (2025). A new species of Chinese horned toad (Anura, Megophryidae, Boulenophrys) from western Guangdong Province, China, with recommendations for extinction risk assessments for several related congeners Guangdong Yangchun Ehuangzhang Provincial Nature, 065-066 https://doi.org/10.3897/herpetozoa.38.e171400",2025,"Yi-Yang Zhao, Shi-Shi Lin, Yuan-Hang Li, Zhi-Tong Lyu, Ke Zheng, Zhao-Chi Zeng, Amaël Borzée, Jian Wang",Herpetozoa,10.3897/herpetozoa.38.e171400
338,1955,爬行纲,望舒睑虎,Goniurosaurus wangshu,望舒睑虎,Goniurosaurus wangshu,有鳞目,Eublepharidae,睑虎科,Goniurosaurus,睑虎属,中国广东省北部,广东,113.5,24.5,200,,"海拔200–300米、植被茂密的喀斯特地貌;攀爬于石灰岩悬崖上,捕食蝗虫(蝗总科)、蜗牛(腹足纲)和蚯蚓(后孔寡毛目)等小型无脊椎动物",ECNU-V0085 (holotype); ECNU-V0084 (paratype),标本,"XIAO-YU ZHU (朱笑愚) and SHI-YANG WU (吴诗阳) and YI-JIAO LIU (刘一娇) and YUN BAI (白芸) and CRISTIAN ROMÁN-PALACIOS and ZHENG LI (李峥) & ZHU-QING HE (何祝清) (2022). Goniurosaurus wangshu sp. nov., a new species of Tiger Gecko from Guangdong, China (Squamata: Eublepharidae) Zootaxa, 5188(6), 544–558 https://doi.org/10.11646/zootaxa.5188.6.3",2022,"Xiao-Yu Zhu, Shi-Yang Wu, Yi-Jiao Liu, Yun Bai, Cristian Román-Palacios, Zheng Li, Zhu-Qing He",Zootaxa,10.11646/zootaxa.5188.6.3
339,1962,爬行纲,开远颈槽蛇,Rhabdophis kaiyuanensis,开远颈槽蛇,Rhabdophis kaiyuanensis,有鳞目,Colubridae,游蛇科,Rhabdophis,颈槽蛇属,云南省开远市羊街乡,云南,103.35,23.75,1600,2014-07,,"Holotype: YBU 14271; Paratypes: YBU 14062, 14270, 14273 (adult females), YBU 14272 (adult male)",标本,"Qin Liu and Bing Lyu and Xinhong Xie and Yangmei Zeng and Peng Guo (2023). Genomic evidence sheds new light on phylogeny of Rhabdophis nuchalis (sensu lato) complex (Serpentes: Natricidae) Molecular Phylogenetics and Evolution, 189 https://doi.org/107893",2023,"Qin Liu, Bing Lyu, Xinhong Xie, Yangmei Zeng, Peng Guo",Molecular Phylogenetics and Evolution,10.1016/j.ympev.2023.107893
340,1969,两栖纲,花臭蛙,Odorrana schmackeri,臭蛙,Odorrana schmackeri,无尾目,Ranidae,蛙科,Odorrana,臭蛙属,中国安徽省南部,安徽,117.5,30.0,,2018-07,,88 frogs examined,标本,"Ying Liu, Ji-Yong Fang, Na Zheng and Hai-Long Wu (2023). Seuratascaris schmackeri sp. nov. (Nematoda: Ascarididae) from the Chinese Frog Odorrana schmackeri Boettger, 1892 (Amphibia: Anura) Based on Morphological and Molecular Evidence Basic Medical Science, 55(4), 1621-1626 https://doi.org/10.17582/journal.pjz/20220525160559",2023,,,10.17582/journal.pjz/20220525160559
341,1970,爬行纲,侏攀蜥,Diploderma drukdaypo,卓龙,Japalura drukdaypo,有鳞目,Agamidae,鬣蜥科,Diploderma,攀蜥属,中国西藏自治区昌都市察雅县,西藏,97.3808,30.7294,3310,,,KIZ 027616 (holotype); KIZ specimens from Karuo (2015) and Chaya (2016),标本,"KAI WANG, KE JIANG, JINLONG REN, DAHU ZOU, JIAWEI WU, JING CHE & CAMERON D. SILER (2019). A new species of Dwarf Japalura sensu lato (Reptilia: Squamata: Agamidae) from the upper Mekong River in Eastern Tibet, China, with notes on morphological variation, distribution, and conservation of two congeners along the same river Zootaxa, 4544(4), 505–522 https://doi.org/10.11646/zootaxa.4544.4.3",2019,"Kai Wang, Ke Jiang, Jinlong Ren, Dahu Zou, Jiawei Wu, Jing Che, Cameron D. Siler",Zootaxa,10.11646/zootaxa.4544.4.3
342,1976,爬行纲,德化脊蛇,Achalinus dehuaensis,德化脊蛇,Achalinus dehuaensis,有鳞目,Xenodermidae,闪皮蛇科,Achalinus,脊蛇属,福建省德化县南埕镇,福建,118.3,25.45,,,,Yibin University (YBU),标本,"KE LI and YA-YONG WU and RUI-YING XU and FEI ZHU and JIN-LONG REN and PENG GUO & BING-JUN DONG (2021). A new species of the Achalinus rufescens complex (Xenodermidae: Achalinus) from Fujian Province, China Zootaxa, 5026(2), 239–254 https://doi.org/10.11646/zootaxa.5026.2.5",2021,"Ke Li, Ya-Yong Wu, Rui-Ying Xu, Fei Zhu, Jin-Long Ren, Peng Guo, Bing-Jun Dong",Zootaxa,10.11646/zootaxa.5026.2.5
343,1981,两栖纲,丰顺角蟾,Boulenophrys fengshunensis,丰顺角蟾,Boulenophrys fengshunensis,无尾目,Megophryidae,角蟾科,Boulenophrys,布角蟾属,中国揭东区,广东,116.35,23.55,,,,SYS a008576,标本,"JIAN WANG and ZHAO-CHI ZENG and ZHI-TONG LYU and SHUO QI and ZU-YAO LIU and HONG-HUI CHEN and YU-HONG LU and HUI-WEN XIAO and CAN-RONG LIN and KAI CHEN & YING-YONG WANG (2022). Description of three new Boulenophrys species from eastern Guangdong, China, emphasizing the urgency of ecological conservation in this region (Anura, Megophryidae) Zootaxa, 5099(1), 091–119 https://doi.org/10.11646/zootaxa.5099.1.4",2022,"Wang, Ying-Yong",Zootaxa,10.11646/zootaxa.5099.1.4
344,1987,两栖纲,陈氏肥螈,Pachytriton cheni,陈氏肥螈,Pachytriton cheni,有尾目,Salamandridae,蝾螈科,Pachytriton,肥螈属,"清凉峰自然保护区,歙县,黄山市",安徽,118.8691,30.0845,950,2023-08-24,浅水但流速快的山涧溪流;山涧中水深且底部多石的静水池塘,"ANU 20230001 (holotype); ANU 20230002, ANU 20230003, ANU 20230004 (paratypes)",标本,"Zhirong HE and Jiaqi LI and Siyu WU and Shanqing WANG and Na ZHAO and Li Ma and Jianping JIANG and Xiaobing WU and Supen WANG (2024). A New Species of Pachytriton from Anhui, China (Amphibia: Caudata: Salamandridae) bioRxiv preprint https://doi.org/10.1101/2024.05.08.592934",2024,"Zhirong He, Jiaqi Li, Siyu Wu, Shanqing Wang, Na Zhao, Li Ma, Jianping Jiang, Xiaobing Wu, Supen Wang",,10.1101/2024.05.08.592934
345,1992,两栖纲,姬林蛙,Rana minuscula,姬林蛙,Rana minuscula,无尾目,Ranidae,蛙科,Rana,蛙属,浙江省龙泉市屏南镇均和村,浙江,119.1278,27.8828,723,2016-12-28,均和村小鲵新种模式产地生境,"Holotype SWU 0012284; Paratypes: SWU 0012282–0012283, SWU 0012285–0012298, SWU 0012299, SWU 0014001–SWU 0014007",标本,"Baoquan LIU and Yufan WANG and Junkai HUANG and Xiaolong LIU and Zhiyong YUAN and Jing CHE (2024). Description of a New Species of Rana (Anura: Ranidae) from Zhejiang, China Based on Morphological and Molecular Data Asian Herpetological Research, 15(4), 232–240 https://doi.org/10.3724/ahr.2095-0357.2024.0022",2024,"Baoquan LIU, Yufan WANG, Junkai HUANG, Xiaolong LIU, Zhiyong YUAN, Jing CHE",Asian Herpetological Research,10.3724/ahr.2095-0357.2024.0022
346,1993,两栖纲,,,大围山瘰螈,Tylototriton daweishanensis,有尾目,Salamandridae,蝾螈科,Tylototriton,疣螈属,大围山,云南,103.75,22.95,,,,"RDQ 201203001, RDQ 201307301, RDQ 201307302, RDQ 000020, RDQ 201203002",标本、分子证据,"Kanto NISHIKAWA and Ding-Qi RAO and Masafumi MATSUI and Koshiro ETO (2015). Taxonomic relationship between Tylototriton daweishanensis Zhao, Rao, Liu, Li and Yuan, 2012 and T. yangi Hou, Li and Lu, 2012 (Amphibia: Urodela: Salamandridae) Current Herpetology, 34(1), 67–74 https://doi.org/10.5358/hsj.34.67",2015,"Nishikawa, K., Matsui, M., and Rao, D.",Current Herpetology,10.5358/hsj.34.67
347,1994,两栖纲,滇南疣螈,Tylototriton yangi,杨氏瘰螈,Tylototriton yangi,有尾目,Salamandridae,蝾螈科,Tylototriton,疣螈属,个旧市,云南,103.15,23.35,,,,"NMNS 3114, KUHE 42282, KUHE 42283",标本,"Kanto NISHIKAWA and Ding-Qi RAO and Masafumi MATSUI and Koshiro ETO (2015). Taxonomic relationship between Tylototriton daweishanensis Zhao, Rao, Liu, Li and Yuan, 2012 and T. yangi Hou, Li and Lu, 2012 (Amphibia: Urodela: Salamandridae) Current Herpetology, 34(1), 67–74 https://doi.org/10.5358/hsj.34.67",2015,"Nishikawa, K., Matsui, M., and Rao, D.",Current Herpetology,10.5358/hsj.34.67
348,2022,两栖纲,林芝湍蛙,Amolops nyingchiensis,林芝湍蛙,Amolops nyingchiensis,无尾目,Ranidae,蛙科,Amolops,湍蛙属,格当,西藏,95.665,29.4387,1887,2015-05-02,岩石急流溪涧和小河,"KIZ 016432 (holotype); KIZ 016418 (allotype); KIZ 016415, KIZ 016433, KIZ 016416-17, KIZ016419-24, KIZ 016435, KIZ 012633-35, KIZ 012632, KIZ 012646 (paratypes); CIB 0140506-10 (subadults)",标本,"Ke JIANG and Kai WANG and Fang YAN and Jiang XIE and Da-Hu ZOU and Wu-Lin LIU and Jian-Ping JIANG and Cheng LI and Jing CHE (2016). A new species of the genus Amolops (Amphibia: Ranidae) from southeastern Tibet, China Zoological Research, 37(1), 31-40 https://doi.org/10.13918/j.issn.2095-8137.2016.1.31",2016,"Ke JIANG, Kai WANG, Fang YAN, Jiang XIE, Da-Hu ZOU, Wu-Lin LIU, Jian-Ping JIANG, Cheng LI, Jing CHE",Zoological Research,10.13918/j.issn.2095-8137.2016.1.31
349,2029,爬行纲,昌宁半叶趾虎,Hemiphyllodactylus changningensis,昌宁半叶趾虎,Hemiphyllodactylus changningensis,有鳞目,Gekkonidae,壁虎科,Hemiphyllodactylus,半叶趾虎属,中国云南省昌宁县附近,云南,99.6087,24.8204,1682,,山区,"Holotype: NJNUh00315; Paratypes: NJNUh00328, NJNUh00331, NJNUh00334, NJNUh00321, NJNUh00323, NJNUh00325–00326, NJNUh00335, NJNUh00349",标本,"WEIBO GUO and KAIYA ZHOU and JIE YAN & PENG LI (2015). A new species of Hemiphyllodactylus Bleeker, 1860 (Squamata: Gekkonidae) from western Yunnan, China Zootaxa, 3974(3), 377–390 https://doi.org/10.11646/zootaxa.3974.3.5",2015,"Weibo Guo, Kaiya Zhou, Jie Yan, Peng Li",Zootaxa,10.11646/zootaxa.3974.3.5
350,2044,爬行纲,大别山脊蛇,Achalinus dabieshanensis,大别山脊蛇,Achalinus dabieshanensis,有鳞目,Xenodermidae,闪皮蛇科,Achalinus,脊蛇属,中国安徽省大别山鹞落坪自然保护区,安徽,116.05,31.05,,,,"AHU2016EE0615, AHU2018-EE-0710",标本,"Caiwen Zhang and Kai Liu and Ruyi Huang and Tingli Hu and Lei Yu and Ruolei Sun and Yucai Zhang and Jing Wen and Baowei Zhang (2023). A New Species of the Genus Achalinus (Squamata: Xenodermidae) from the Dabie Mountains, Anhui, China Animals, 13, 708 https://doi.org/10.3390/ani13040708",2023,"Caiwen Zhang, Kai Liu, Ruyi Huang, Tingli Hu, Lei Yu, Ruolei Sun, Yucai Zhang, Jing Wen, Baowei Zhang",Animals,10.3390/ani13040708
351,2063,两栖纲,杨氏鱼螈,Ichthyophis yangi,杨氏鱼螈,Ichthyophis yangi,蚓螈目,Ichthyophiidae,鱼螈科,Ichthyophis,鱼螈属,云南省金平县马鞍底村,云南,103.494,22.781,1000,2023-11,具落叶层和土壤的湿润林地,"Holotype KIZ2024R1448; Paratypes KIZ2024R1445, KIZ2024R1446–1447, KIZ2023048",标本,"Dingqi RAO and Hongxin ZHOU and Mingzhong MO and Zhiyong YU and Xiuyan LI and Shuo LIU (2024). The Second Species of Caecilian in China Asian Herpetological Research, 15(4), 279–288 https://doi.org/10.3724/ahr.2095-0357.2024.0043",2024,"Dingqi RAO, Xiuyan LI, Hongxin ZHOU, Mingzong MO",Zoological Research,10.3724/ahr.2095-0357.2024.0043
352,2067,两栖纲,太田溪树蛙,Buergeria otai,大绿树蛙,Buergeria otai,无尾目,Rhacophoridae,树蛙科,Buergeria,溪树蛙属,台湾,台湾,120.9605,23.6978,,,,,照片/影像,"Ying-Han Wang and Yu-Wei Hsiao and Ko-Huan Lee and Hui-Yun Tseng and Yen-Po Lin and Shohei Komaki and Si-Min Lin (2018). Correction: Acoustic differentiation and behavioral response reveals cryptic species within Buergeria treefrogs (Anura, Rhacophoridae) from Taiwan PLoS ONE, 13(2) https://doi.org/10.1371/journal.pone.0193040",2018,"Wang, Ying-Han, Hsiao, Yu-Wei, Lee, Ko-Huan, Tseng, Hui-Yun, Lin, Yen-Po, Komaki, Shohei, Lin, Si-Min",PLoS ONE,10.1371/journal.pone.0193040
353,2068,两栖纲,南迦巴瓦舌突蛙,Liurana namchabarwa,南迦巴瓦舌突蛙,Liurana namchabarwa,无尾目,Ceratobatrachidae,亚洲角蛙科,Liurana,舌突蛙属,尼比里,西藏,95.1548,29.378,2570,2022-06,,"CIB119800 (holotype); CIB119801, CIB119802 (paratypes)",标本,"Haoqi YU and Yiheng LIN and Yuxi WANG and Puyang ZHENG and Shengchao SHI and Bin WANG and Jianping JIANG and Zhaobin SONG and Feng XIE (2024). A New Species of the Genus Liurana (Anura: Ceratobatrachidae) from Medog, China Asian Herpetological Research, 15(3), 131–139 https://doi.org/10.3724/ahr.2095-0357.2024.0008",2024,"Haoqi YU, Yiheng LIN, Yuxi WANG, Puyang ZHENG, Shengchao SHI, Bin WANG, Jianping JIANG, Zhaobin SONG, Feng XIE",Asian Herpetological Research,10.3724/ahr.2095-0357.2024.0008
354,2087,两栖纲,张氏肥螈,Pachytriton changi,张氏肥螈,Pachytriton changi,有尾目,Salamandridae,蝾螈科,Pachytriton,肥螈属,中国,甘肃,104.1954,35.8617,,2007-05-22,,KUHE 39832 (holotype); KUHE 39763 (paratype),标本,"Nishikawa, Kanto and Matsui, Masafumi and Jiang, Jian-Ping (2012). A New Species of Pachytriton from China (Amphibia: Urodela: Salamandridae) Current Herpetology, 31(1), 21-27 https://doi.org/10.5358/hsj.31.21",2012,"Kanto Nishikawa, Masafumi Matsui, Jian-Ping Jiang",Current Herpetology,10.5358/hsj.31.21
355,2094,爬行纲,聂拉木坭蛇,Trachischium nyalamense,聂拉木坭蛇,Trachischium nyalamense,有鳞目,Colubridae,游蛇科,Trachischium,坭蛇属,中国西藏自治区聂拉木县樟木镇,西藏,85.89,27.97,2000,2012-06-16,常绿阔叶林,KIZ 012569,标本,"Guo, Peng and Liu, Qin and Jin, Jie Qiong and Shu, Fu and Wu, Ya Yong and Che, Jing (2024). Multilocus Molecular Phylogeny and Morphological Comparisons Provide New Insights into Systematics of the Genus Trachischium Günther, 1858 (Serpentes: Natricidae) Current Herpetology, 43(1), 7-21 https://doi.org/10.5358/hsj.43.7",2024,"Guo, Peng, Liu, Qin, Jin, Jie Qiong, Shu, Fu, Wu, Ya Yong, Che, Jing",Current Herpetology,10.5358/hsj.43.7
356,2101,两栖纲,陇川大头蛙,Limnonectes longchuanensis,龙川棘胸蛙,Limnonectes longchuanensis,无尾目,Dicroglossidae,叉舌蛙科,Limnonectes,大头蛙属,中国云南省龙川县;缅甸克钦邦、钦邦和实皆省,云南,97.5,24.5,,,,"KIZ048424 (Holotype); CAS235239, CAS235132, CAS210183, CAS219994, KIZ048425, KIZ048426, KIZ048427, KIZ048428, KIZ048429, CAS232281, CAS233014, CAS235133, CAS210197, CAS221717 (Paratypes/Paratopotypes)",标本,"CHATMONGKON SUWANNAPOOM & ZHI-YONG YUAN & JIN-MIN CHEN & MIAN HOU & HAI-PENG ZHAO & LI-JUN WANG & TRUONG SON NGUYEN & TRUONG Q. NGUYEN & ROBERT W. MURPHY & JAQUELINE SULLIVAN & DAVID S. MCLEOD & JING CHE (2016). Taxonomic revision of the Chinese Limnonectes (Anura, Dicroglossidae) with the description of a new species from China and Myanmar Zootaxa, 4093(2), 181–200 https://doi.org/10.11646/zootaxa.4093.2.2",2016,"Chatmongkon Suwannapoom, Zhi-Yong Yuan, Jin-Min Chen, Mian Hou, Hai-Peng Zhao, Li-Jun Wang, Truong Son Nguyen, Truong Q. Nguyen, Robert W. Murphy, Jacqueline Sullivan, David S.",Zootaxa,10.11646/zootaxa.4093.2.2
357,2105,两栖纲,独龙江臭蛙,Odorrana dulongensis,独龙湍蛙,Odorrana dulongensis,无尾目,Ranidae,蛙科,Odorrana,臭蛙属,中国云南省怒江州贡山县独龙江乡,云南,98.271,27.677,1206,2019-07-13,高黎贡山国家级自然保护区,"KIZ 035029 (holotype); KIZ 035027–28, KIZ 035030 (paratypes)",标本,"XIAOLONG LIU and YANHONG HE and YUFAN WANG and WOUTER BEUKEMA and SHAOBIN HOU and YINGCUN LI and JING CHE and ZHIYONG YUAN (2021). A new frog species of the genus Odorrana (Anura: Ranidae) from Yunnan, China Zootaxa, 4908(2), 263–275 https://doi.org/10.11646/zootaxa.4908.2.7",2021,"Xiaolong Liu, Yanhong He, Yufan Wang, Wouter Beukema, Shaobin Hou, Yingcun Li, Jing Che, Zhiyong Yuan",Zootaxa,10.11646/zootaxa.4908.2.7
358,2121,爬行纲,康苏沙蜥,Phrynocephalus kangsuensis,康苏沙蜥,Phrynocephalus kangsuensis,有鳞目,Agamidae,鬣蜥科,Phrynocephalus,沙蜥属,乌恰县,新疆,75.25,39.7167,,,,,标本,"Qianru Liang and Lei Shi (2024). Species divergence in valleys: the phylogeny of Phrynocephalus forsythii complex and description of a new species PeerJ, 12 https://doi.org/10.7717/peerj.17175",2024,"Qianru Liang, Lei Shi",PeerJ,10.7717/peerj.17175
359,2122,爬行纲,南疆沙蜥,Phrynocephalus forsythii,福氏沙蜥,Phrynocephalus forsythii,有鳞目,Agamidae,鬣蜥科,Phrynocephalus,沙蜥属,,,,,,,高山山谷及盆地平原,,照片/影像,"Qianru Liang and Lei Shi (2024). Species divergence in valleys: the phylogeny of Phrynocephalus forsythii complex and description of a new species PeerJ, 12 https://doi.org/10.7717/peerj.17175",2024,"Qianru Liang, Lei Shi",PeerJ,10.7717/peerj.17175
360,2128,两栖纲,白刺湍蛙,Amolops albispinus,白刺湍蛙,Amolops albispinus,无尾目,Ranidae,蛙科,Amolops,湍蛙属,梧桐山,广东,114.2007,22.5819,260,2012-01-13,,"Holotype: SYS a003454; Paratypes: SYS a003364, SYS a001509, SYS a003271, SYS a003272, SYS a003452, SYS a003473, SYS a004511, SYS a001508, SYS a001513, SYS a001514, SYS a001526, SYS a003270, SYS a003453",标本,"YIK-HEI SUNG, PING HU, JIAN WANG, HAI-JUN LIU & YING-YONG WANG (2016). A new species of Amolops (Anura: Ranidae) from southern China Zootaxa, 4170(3), 525–538 https://doi.org/10.11646/zootaxa.4170.3.6",2016,"Yik-Hei Sung, Ping Hu, Jian Wang, Hai-Jun Liu, Ying-Yong Wang",Zootaxa,10.11646/zootaxa.4170.3.6
361,2135,两栖纲,碧眼原指树蛙,Kurixalus berylliniris,翡翠树蛙,Kurixalus berylliniris,无尾目,Rhacophoridae,树蛙科,Kurixalus,原指树蛙属,台湾台东县利嘉林道,台湾,121.0098,22.8241,1250,2005-08-02,,"ASIZAM 0053 (holotype); NCHUZOOL 11311-13, NCHUZOOL 11431, ASIZAM 0054, NCHUZOOL 11442, NCHUZOOL 11448 (paratypes)",标本,"Shu-Ping Wu and Chuan-Chin Huang and Chi-Li Tsai and Te-En Lin and Jhih-Jia Jhang and Sheng-Hai Wu (2016). Systematic revision of the Taiwanese genus Kurixalus members with a description of two new endemic species (Anura, Rhacophoridae) ZooKeys, 557, 121–153 https://doi.org/10.3897/zookeys.557.6131",2016,"Wu, Shu-Ping, Huang, Chuan-Chin, Tsai, Chi-Li, Lin, Te-En, Jhang, Jhih-Jia, Wu, Sheng-Hai",ZooKeys,10.3897/zookeys.557.6131
362,2136,两栖纲,王氏原指树蛙,Kurixalus wangi,王氏树蛙,Kurixalus wangi,无尾目,Rhacophoridae,树蛙科,Kurixalus,原指树蛙属,台湾寿卡,台湾,120.75,22.45,,,,,标本,"Shu-Ping Wu and Chuan-Chin Huang and Chi-Li Tsai and Te-En Lin and Jhih-Jia Jhang and Sheng-Hai Wu (2016). Systematic revision of the Taiwanese genus Kurixalus members with a description of two new endemic species (Anura, Rhacophoridae) ZooKeys, 557, 121–153 https://doi.org/10.3897/zookeys.557.6131",2016,"Wu, Shu-Ping, Huang, Chuan-Chin, Tsai, Chi-Li, Lin, Te-En, Jhang, Jhih-Jia, Wu, Sheng-Hai",ZooKeys,10.3897/zookeys.557.6131
363,2151,爬行纲,版纳壁虎(版纳伞虎),Gekko bannaense,版纳蹼趾虎,Ptychozoon bannaense,有鳞目,Gekkonidae,壁虎科,Gekko,壁虎属,云南省西双版纳傣族自治州勐养镇曼贺科村,云南,,35.65,680,2015-05-31,,"SYS r001242 (holotype), SYS r001237 (paratype)",标本,"YING-YONG WANG and JIAN WANG and ZU-YAO LIU (2016). Description of a new species of the genus Ptychozoon (Squamata: Gekkonidae), representing a new national record of this genus from southern Yunnan Province, China Zootaxa, 4084(3), 406–420 https://doi.org/10.11646/zootaxa.4084.3.6",2016,"Ying-Yong Wang, Jian Wang, Zu-Yao Liu",Zootaxa,10.11646/zootaxa.4084.3.6
364,2152,爬行纲,深圳后棱蛇,Opisthotropis shenzhenensis,深圳后棱蛇,Opisthotropis shenzhenensis,有鳞目,Colubridae,游蛇科,Opisthotropis,后棱蛇属,梧桐山,广东,114.2007,22.5819,260,,,SYS r001018 (holotype); SYS r000635 (paratype),标本,"YING-YONG WANG and QIANG GUO and ZU-YAO LIU and ZHI-TONG LYU and JIAN WANG and LIN LUO and YAN-JUN SUN and YAN-WU ZHANG (2017). Revisions of two poorly known species of Opisthotropis Günther, 1872 (Squamata: Colubridae: Natricinae) with description of a new species from China Zootaxa, 4247(4), 391–412 https://doi.org/10.11646/zootaxa.4247.4.3",2017,"Ying-Yong Wang, Qiang Guo, Zu-Yao Liu, Zhi-Tong Lyu, Jian Wang, Lin Luo, Yan-Jun Sun, Yan-Wu Zhang",Zootaxa,10.11646/zootaxa.4247.4.3
365,2158,两栖纲,费氏刘树蛙,Liuixalus feii,费氏小树蛙,Liuixalus feii,无尾目,Rhacophoridae,树蛙科,Liuixalus,刘树蛙属,广东封开县黑石顶自然保护区,广东,111.8876,23.4529,550,2009-05-29,原始森林林下地面,"SYS a002389 (holotype); SYS a000454, SYS a002158, SYS a002388, SYS a002390, SYS a003049–3050 (paratypes)",标本,"JIAN-HUAN YANG, DING-QI RAO & YING-YONG WANG (2015). A new species of the genus Liuixalus (Anura: Rhacophoridae) from southern China Zootaxa, 3990(2), 247–258 https://doi.org/10.11646/zootaxa.3990.2.5",2015,"Jian-Huan Yang, Ding-Qi Rao, Ying-Yong Wang",Zootaxa,10.11646/zootaxa.3990.2.5
366,2190,爬行纲,赵氏后棱蛇,Opisthotropis zhaoermii,赵尔宓后棱蛇,Opisthotropis zhaoermii,有鳞目,Colubridae,游蛇科,Opisthotropis,后棱蛇属,中国湖南省西部,湖南,110.0,28.0,,,低至中等海拔森林地区的溪流或瀑布,"CIB109999 (holotype), CIB109998 (paratype)",标本,"Jin-Long Ren and Kai Wang and Ke Jiang and Peng Guo and Jia-Tang Li (2017). A new species of the Southeast Asian genus Opisthotropis (Serpentes: Colubridae: Natricinae) from western Hunan, China ZOOLOGICAL RESEARCH, 38(5), 251-263 https://doi.org/10.24272/j.issn.2095-8137.2017.068",2017,"Jin-Long Ren, Kai Wang, Ke Jiang, Peng Guo, Jia-Tang Li",Zoological Research,10.24272/j.issn.2095-8137.2017.068
367,2191,爬行纲,察隅攀蜥(察隅龙蜥),Diploderma yangi,杨氏龙蜥,Diploderma yangi,有鳞目,Agamidae,鬣蜥科,Diploderma,攀蜥属,西藏察隅县察瓦龙乡,西藏,97.55,28.75,,2019-06-25,横断山区干热河谷生态系统,SWFU 005410–005419,标本,"KAI WANG & YINPENG ZHANG & XIANQI LI (2022). A New Species of Diploderma (Reptilia: Squamata: Agamidae) from the upper Salween River in Eastern Tibet, China Zootaxa, 5099(2), 201–220 https://doi.org/10.11646/zootaxa.5099.2.3",2022,"Kai Wang, Yinpeng Zhang, Xianqi Li",Zootaxa,10.11646/zootaxa.5099.2.3
368,2198,两栖纲,,,八沙掌突蟾,Leptobrachella bashaensis,无尾目,Megophryidae,角蟾科,Leptobrachella,掌突蟾属,贵州省从江县八沙自然保护区,贵州,108.7356,25.8534,900,2017-10,山地常绿次生林,"GIB196403 (holotype); GIB196401–02, GIB196404, GIB196406–07 (paratypes)",标本,"Jing-Cai Lyu and Liang-Liang Dai and Ping-Fan Wei and Yan-Hong He and Zhi-Yong Yuan and Wen-Li Shi and Sheng-Lun Zhou and Si-Yu Ran and Zhong-Fan Kuang and Xuan Guo and Gang Wei and Guo Yuan (2020). A new species of the genus Leptobrachella Smith, 1925 (Anura, Megophryidae) from Guizhou, China ZooKeys, 1008, 139–157 https://doi.org/10.3897/zookeys.1008.56412",2020,"Lyu, Jing-Cai, Dai, Liang-Liang, Wei, Ping-Fan, He, Yan-Hong, Yuan, Zhi-Yong, Shi, Wen-Li, Zhou, Sheng-Lun, Ran, Si-Yu, Kuang, Zhong-Fan, Guo, Xuan, Wei, Gang, Yuan, Guo",ZooKeys,10.3897/zookeys.1008.56412
369,2216,两栖纲,大方湍蛙,Amolops dafangensis,大方湍蛙,Amolops dafangensis,无尾目,Ranidae,蛙科,Amolops,湍蛙属,大方县,贵州,105.928,27.4008,1300,2023-06-01,,"MT DF20230601002 (holotype); MT DF20230601003, MT DF20230601001, MT DF20230601004, MT DF20230601005 (paratypes)",标本,"Shi-Ze Li and Jing Liu and Xiao-Cong Ke and Gang Cheng and Bin Wang (2023). A new species of Amolops (Amphibia, Anura, Ranidae) from Guizhou Province, China Food Science https://doi.org/10.3897/zookeys.1189.115621",2023,"Li, Shi-Ze, Liu, Jing, Ke, Xiao-Cong, Cheng, Gang, Wang, Bin",ZooKeys,10.3897/zookeys.1189.115621
370,2218,两栖纲,雷山臭蛙,Odorrana leishanensis,雷山臭蛙,Odorrana leishanensis,无尾目,Ranidae,蛙科,Odorrana,臭蛙属,"雷公山自然保护区,雷山县",贵州,108.1967,26.3833,1830,2023-07-17,海拔约200–2000米的山溪;河床附近的岩石或树枝上,"Holotype: MT LS20230729013; Paratypes: MT LS20230711020, MT LS20230717001, MT LS20230805001, MT LS20230806010, MT LS20230806018, MT LS20230811024",标本,"Shi-Ze Li and Ji-Jun Chen and Hai-Jun Su and Jing Liu and Xiu-Jun Tang and Bin Wang (2024). A new odorous frog species of Odorrana (Amphibia, Anura, Ranidae) from Guizhou Province, China Food Science https://doi.org/10.3897/zookeys.1192.114315",2024,"Shi-Ze Li, Jing Liu, Chaobo Feng, Shize Li",ZooKeys,10.3897/zookeys.1192.114315
371,2219,两栖纲,,,杨氏臭蛙,Odorrana yangi,无尾目,Ranidae,蛙科,Odorrana,臭蛙属,中国云南省文山壮族苗族自治州富宁县天蓬镇木坝村,云南,105.5675,23.3689,710,2025-04-05,,"KIZ2025143 (holotype); KIZ2025123, KIZ2025124, KIZ2025144–KIZ2025148 (paratypes)",标本,"Shuo Liu and Chao Bu and Yanfei Feng and Mian Hou and Dingqi Rao and Song Li (2025). A new species of the genus Odorrana Fei, Ye & Huang, 1990 (Anura, Ranidae) from southeastern Yunnan, China Yunnan Wenshan National Nature https://doi.org/10.3897/zookeys.1275.186067",2025,"Liu, Shuo, Bu, Chao, Feng, Yanfei, Hou, Mian, Rao, Dingqi, Li, Song",ZooKeys,10.3897/zookeys.1275.186067
372,2222,爬行纲,观音山钝头蛇,Pareas guanyinshanensis,观音山后棱蛇,Pareas guanyinshanensis,有鳞目,Pareidae,钝头蛇科,Pareas,钝头蛇属,中国云南省元阳县,云南,102.8264,23.2456,,,,"KIZ 2023038, KIZ 2023040",标本,"Shuo Liu and Mingzhong Mo and Mei Li and Biao Li and Xiong Luo and Dingqi Rao and Song Li (2024). Description of a New Species of the Pareas hamptoni Complex from Yunnan, China, with Confirmation of P. hamptoni Sensu Stricto in China (Squamata, Pareidae) Animals, 14, 421 https://doi.org/10.3390/ani14030421",2024,"Shuo Liu, Mingzhong Mo, Mei Li, Biao Li, Xiong Luo, Dingqi Rao, Song Li",Animals,10.3390/ani14030421
373,2224,两栖纲,,,老君山倭蛙,Nanorana laojunshanensis,无尾目,Dicroglossidae,叉舌蛙科,Nanorana,倭蛙属,中国云南省丽江市老君山,云南,99.75,26.75,,,,,标本,"Shangjing Tang and Shuo Liu and Guohua Yu (2023). A New Species of Nanorana (Anura: Dicroglossidae) from Northwestern Yunnan, China, with Comments on the Taxonomy of Nanorana arunachalensis and Allopaa Animals, 13, 3427 https://doi.org/10.3390/ani13213427",2023,"Shangjing Tang, Shuo Liu, Guohua Yu",Animals,10.3390/ani13213427
374,2225,两栖纲,从江角蟾,Boulenophrys congjiangensis,从江角蟾,Panophrys congjiangensis,无尾目,Megophryidae,角蟾科,Boulenophrys,布角蟾属,"月亮山自然保护区,从江县",贵州,108.75,25.65,,,常绿阔叶林中的山溪,"GZNU20200706003, GZNU20200706004, GZNU20200706005, GZNU20200706000",标本,"Tao Luo and Yali Wang and Siwei Wang and Xueli Lu and Weifeng Wang and Huaiqing Deng and Jiang Zhou (2021). A species of the genus Panophrys (Anura, Megophryidae) from southeastern Guizhou Province, China ZooKeys, 1047, 27–60 https://doi.org/10.3897/zookeys.1047.61097",2021,"Luo, Tao, Wang, Yali, Wang, Siwei, Lu, Xueli, Wang, Weifeng, Deng, Huaiqing, Zhou, Jiang",ZooKeys,10.3897/zookeys.1047.61097
375,2229,两栖纲,安龙角蟾,Boulenophrys anlongensis,安龙角蟾,Megophrys anlongensis,无尾目,Megophryidae,角蟾科,Boulenophrys,布角蟾属,中国贵州省安龙县,贵州,105.4833,25.1,,,,"CIBAL20190531021, CIBAL20190531019, CIBAL20190531017, CIBAL20190531020, CIBAL20190531018, CIBAL20190531022, CIBAL20190811015, CIBAL20190811014",标本,"Shi-Ze Li and Ning-Ning Lu and Jing Liu and Bin Wang (2020). Description of a new Megophrys Kuhl & Van Hasselt, 1822 (Anura, Megophryidae) from Guizhou Province, China ZooKeys, 986, 101–126 https://doi.org/10.3897/zookeys.986.57119",2020,"Shi-Ze Li, Xu, Li, Liu, Wei, Wang",ZooKeys,10.3897/zookeys.986.57119
